ISO-10303-21;
HEADER;
FILE_DESCRIPTION (( 'STEP AP214' ),
    '1' );
FILE_NAME ('SB-Card_Extension.STEP',
    '2026-05-29T07:51:58',
    ( '' ),
    ( '' ),
    'SwSTEP 2.0',
    'SolidWorks 2026',
    '' );
FILE_SCHEMA (( 'AUTOMOTIVE_DESIGN' ));
ENDSEC;

DATA;
#1 = FACE_OUTER_BOUND ( 'NONE', #1548, .T. ) ;
#2 = ORIENTED_EDGE ( 'NONE', *, *, #613, .F. ) ;
#3 = DIRECTION ( 'NONE',  ( 1.000000000000000000, 0.000000000000000000, 0.000000000000000000 ) ) ;
#4 = CARTESIAN_POINT ( 'NONE',  ( -36.00000000000000711, 10.00000000000000000, 31.89999999999999858 ) ) ;
#5 = CARTESIAN_POINT ( 'NONE',  ( 31.90000000000000568, 0.000000000000000000, -31.89999999999999147 ) ) ;
#6 = VERTEX_POINT ( 'NONE', #1665 ) ;
#7 = ADVANCED_FACE ( 'NONE', ( #457 ), #1268, .F. ) ;
#8 = CIRCLE ( 'NONE', #1109, 1.649999999999998579 ) ;
#9 = ORIENTED_EDGE ( 'NONE', *, *, #1589, .T. ) ;
#10 = AXIS2_PLACEMENT_3D ( 'NONE', #5, #810, #1454 ) ;
#11 = CYLINDRICAL_SURFACE ( 'NONE', #271, 4.099999999999999645 ) ;
#12 = FACE_OUTER_BOUND ( 'NONE', #1076, .T. ) ;
#13 = CARTESIAN_POINT ( 'NONE',  ( 36.00000000000002132, 0.000000000000000000, 31.89999999999999147 ) ) ;
#14 = VERTEX_POINT ( 'NONE', #1315 ) ;
#15 = DIRECTION ( 'NONE',  ( -1.000000000000000000, -0.000000000000000000, -3.491481338843133750E-15 ) ) ;
#16 = VECTOR ( 'NONE', #574, 1000.000000000000000 ) ;
#17 = ADVANCED_FACE ( 'NONE', ( #512 ), #242, .F. ) ;
#18 = VECTOR ( 'NONE', #1339, 1000.000000000000000 ) ;
#19 = VERTEX_POINT ( 'NONE', #13 ) ;
#20 = PLANE ( 'NONE',  #189 ) ;
#21 = CARTESIAN_POINT ( 'NONE',  ( -11.00000000000010836, 8.000000000000000000, 31.19999999999996021 ) ) ;
#22 = CARTESIAN_POINT ( 'NONE',  ( 31.90000000000000568, 10.00000000000000000, -31.89999999999999147 ) ) ;
#23 = VERTEX_POINT ( 'NONE', #919 ) ;
#24 = DIRECTION ( 'NONE',  ( -0.000000000000000000, 1.000000000000000000, -0.000000000000000000 ) ) ;
#25 = ADVANCED_FACE ( 'NONE', ( #1718 ), #1499, .F. ) ;
#26 = EDGE_LOOP ( 'NONE', ( #56, #217, #99, #519 ) ) ;
#27 = DIRECTION ( 'NONE',  ( 1.000000000000000000, 0.000000000000000000, 3.491481338843133750E-15 ) ) ;
#28 = CARTESIAN_POINT ( 'NONE',  ( 32.20000000000000284, 7.000000000000004441, 11.00000000000000000 ) ) ;
#29 = EDGE_CURVE ( 'NONE', #191, #229, #1445, .T. ) ;
#30 = DIRECTION ( 'NONE',  ( 1.000000000000000000, 0.000000000000000000, -1.632680918566408568E-15 ) ) ;
#31 = VERTEX_POINT ( 'NONE', #780 ) ;
#32 = DIRECTION ( 'NONE',  ( 0.000000000000000000, -0.000000000000000000, 1.000000000000000000 ) ) ;
#33 = ORIENTED_EDGE ( 'NONE', *, *, #401, .T. ) ;
#34 = VERTEX_POINT ( 'NONE', #1474 ) ;
#35 = DIRECTION ( 'NONE',  ( -0.000000000000000000, -0.000000000000000000, 1.000000000000000000 ) ) ;
#36 = CARTESIAN_POINT ( 'NONE',  ( -11.00000000000000000, 0.000000000000000000, -3.840629472727446691E-14 ) ) ;
#37 = LINE ( 'NONE', #1354, #770 ) ;
#38 = AXIS2_PLACEMENT_3D ( 'NONE', #1207, #1319, #114 ) ;
#39 = ORIENTED_EDGE ( 'NONE', *, *, #632, .T. ) ;
#40 = EDGE_CURVE ( 'NONE', #1402, #34, #927, .T. ) ;
#41 = DIRECTION ( 'NONE',  ( -0.000000000000000000, 1.000000000000000000, -0.000000000000000000 ) ) ;
#42 = ORIENTED_EDGE ( 'NONE', *, *, #287, .T. ) ;
#43 = CARTESIAN_POINT ( 'NONE',  ( -11.00000000000009415, 8.000000000000000000, 27.50000000000000000 ) ) ;
#44 = CARTESIAN_POINT ( 'NONE',  ( 10.99999999999988631, 7.000000000000004441, 32.20000000000003126 ) ) ;
#45 = AXIS2_PLACEMENT_3D ( 'NONE', #1152, #885, #1461 ) ;
#46 = CARTESIAN_POINT ( 'NONE',  ( -27.50000000000000000, 1.500000000000000000, -27.50000000000000000 ) ) ;
#47 = ORIENTED_EDGE ( 'NONE', *, *, #1643, .T. ) ;
#48 = AXIS2_PLACEMENT_3D ( 'NONE', #633, #506, #113 ) ;
#49 = DIRECTION ( 'NONE',  ( 0.000000000000000000, 1.000000000000000000, 0.000000000000000000 ) ) ;
#50 = EDGE_CURVE ( 'NONE', #872, #879, #1083, .T. ) ;
#51 = ORIENTED_EDGE ( 'NONE', *, *, #416, .F. ) ;
#52 = EDGE_LOOP ( 'NONE', ( #225, #1683, #42, #716 ) ) ;
#53 = CARTESIAN_POINT ( 'NONE',  ( -36.00000000000000711, 0.000000000000000000, 27.49999999999999645 ) ) ;
#54 = CARTESIAN_POINT ( 'NONE',  ( 10.99999999999988987, 7.000000000000004441, 31.20000000000003837 ) ) ;
#55 = PLANE ( 'NONE',  #66 ) ;
#56 = ORIENTED_EDGE ( 'NONE', *, *, #1456, .F. ) ;
#57 = LINE ( 'NONE', #463, #1119 ) ;
#58 = EDGE_LOOP ( 'NONE', ( #583, #1508, #183, #1710 ) ) ;
#59 = EDGE_CURVE ( 'NONE', #561, #174, #788, .T. ) ;
#60 = EDGE_LOOP ( 'NONE', ( #1519, #1577, #284, #153 ) ) ;
#61 = CARTESIAN_POINT ( 'NONE',  ( 31.90000000000000568, 8.000000000000000000, -31.89999999999999147 ) ) ;
#62 = CARTESIAN_POINT ( 'NONE',  ( 27.50000000000000000, 8.000000000000000000, 27.50000000000000000 ) ) ;
#63 = CYLINDRICAL_SURFACE ( 'NONE', #1496, 71.30248928736450864 ) ;
#64 = ORIENTED_EDGE ( 'NONE', *, *, #1277, .T. ) ;
#65 = DIRECTION ( 'NONE',  ( 0.000000000000000000, 0.000000000000000000, -1.000000000000000000 ) ) ;
#66 = AXIS2_PLACEMENT_3D ( 'NONE', #1564, #75, #1141 ) ;
#67 = ORIENTED_EDGE ( 'NONE', *, *, #845, .T. ) ;
#68 = CIRCLE ( 'NONE', #547, 71.30248928736450864 ) ;
#69 = VECTOR ( 'NONE', #1486, 1000.000000000000000 ) ;
#70 = EDGE_CURVE ( 'NONE', #955, #1434, #1218, .T. ) ;
#71 = VECTOR ( 'NONE', #97, 1000.000000000000000 ) ;
#72 = CIRCLE ( 'NONE', #610, 0.9999999999999974465 ) ;
#73 = CARTESIAN_POINT ( 'NONE',  ( -31.89999999999999858, 8.000000000000000000, 30.25000000000000000 ) ) ;
#74 = SURFACE_SIDE_STYLE ('',( #1416 ) ) ;
#75 = DIRECTION ( 'NONE',  ( 0.000000000000000000, -0.000000000000000000, 1.000000000000000000 ) ) ;
#76 = ORIENTED_EDGE ( 'NONE', *, *, #1256, .F. ) ;
#77 = DIRECTION ( 'NONE',  ( 0.000000000000000000, -1.000000000000000000, 0.000000000000000000 ) ) ;
#78 = VECTOR ( 'NONE', #601, 1000.000000000000000 ) ;
#79 = VERTEX_POINT ( 'NONE', #110 ) ;
#80 = PRODUCT_DEFINITION ( 'UNKNOWN', '', #668, #929 ) ;
#81 = DIRECTION ( 'NONE',  ( -0.000000000000000000, -0.000000000000000000, 1.000000000000000000 ) ) ;
#82 = FACE_OUTER_BOUND ( 'NONE', #1421, .T. ) ;
#83 = ORIENTED_EDGE ( 'NONE', *, *, #1694, .T. ) ;
#84 = DIRECTION ( 'NONE',  ( 1.000000000000000000, 0.000000000000000000, 0.000000000000000000 ) ) ;
#85 = EDGE_CURVE ( 'NONE', #1307, #1305, #1576, .T. ) ;
#86 = ORIENTED_EDGE ( 'NONE', *, *, #1520, .T. ) ;
#87 = DIRECTION ( 'NONE',  ( -1.000000000000000000, 0.000000000000000000, -3.491481338843133355E-15 ) ) ;
#88 = DIRECTION ( 'NONE',  ( 0.000000000000000000, 0.000000000000000000, -1.000000000000000000 ) ) ;
#89 = CARTESIAN_POINT ( 'NONE',  ( 0.000000000000000000, 70.00000000000000000, -11.00000000000000000 ) ) ;
#90 = ORIENTED_EDGE ( 'NONE', *, *, #566, .F. ) ;
#91 = CARTESIAN_POINT ( 'NONE',  ( -36.00000000000000711, 8.000000000000000000, 36.00000000000000000 ) ) ;
#92 = AXIS2_PLACEMENT_3D ( 'NONE', #1063, #1614, #778 ) ;
#93 = ORIENTED_EDGE ( 'NONE', *, *, #1684, .F. ) ;
#94 = ADVANCED_FACE ( 'NONE', ( #795 ), #1323, .F. ) ;
#95 = CIRCLE ( 'NONE', #965, 3.550000000000025580 ) ;
#96 = DIRECTION ( 'NONE',  ( -0.000000000000000000, -1.000000000000000000, -0.000000000000000000 ) ) ;
#97 = DIRECTION ( 'NONE',  ( -0.000000000000000000, -0.000000000000000000, 1.000000000000000000 ) ) ;
#98 = CARTESIAN_POINT ( 'NONE',  ( 10.99999999999988987, 7.000000000000004441, 31.20000000000003837 ) ) ;
#99 = ORIENTED_EDGE ( 'NONE', *, *, #783, .T. ) ;
#100 = DIRECTION ( 'NONE',  ( 0.000000000000000000, 0.7071067811865487940, 0.7071067811865463515 ) ) ;
#101 = VERTEX_POINT ( 'NONE', #1727 ) ;
#102 = EDGE_CURVE ( 'NONE', #1702, #850, #996, .T. ) ;
#103 = AXIS2_PLACEMENT_3D ( 'NONE', #695, #1111, #713 ) ;
#104 = AXIS2_PLACEMENT_3D ( 'NONE', #798, #1440, #1302 ) ;
#105 = CARTESIAN_POINT ( 'NONE',  ( 11.00000000000000000, 0.000000000000000000, 3.840629472727446691E-14 ) ) ;
#106 = DIRECTION ( 'NONE',  ( -1.000000000000000000, 0.000000000000000000, 0.000000000000000000 ) ) ;
#107 = EDGE_LOOP ( 'NONE', ( #39, #162 ) ) ;
#108 = LINE ( 'NONE', #1595, #1731 ) ;
#109 = FACE_OUTER_BOUND ( 'NONE', #1389, .T. ) ;
#110 = CARTESIAN_POINT ( 'NONE',  ( -11.00000000000011191, 7.000000000000004441, 32.19999999999996021 ) ) ;
#111 = ORIENTED_EDGE ( 'NONE', *, *, #1350, .T. ) ;
#112 = EDGE_CURVE ( 'NONE', #174, #811, #674, .T. ) ;
#113 = DIRECTION ( 'NONE',  ( 0.000000000000000000, 0.000000000000000000, -1.000000000000000000 ) ) ;
#114 = DIRECTION ( 'NONE',  ( 0.000000000000000000, 0.000000000000000000, 1.000000000000000000 ) ) ;
#115 = ORIENTED_EDGE ( 'NONE', *, *, #1223, .F. ) ;
#116 = LINE ( 'NONE', #391, #18 ) ;
#117 = CARTESIAN_POINT ( 'NONE',  ( -27.50000000000000000, 1.499999999999999556, 27.50000000000000000 ) ) ;
#118 = FACE_OUTER_BOUND ( 'NONE', #259, .T. ) ;
#119 = EDGE_LOOP ( 'NONE', ( #950, #961, #357, #589 ) ) ;
#120 =( NAMED_UNIT ( * ) PLANE_ANGLE_UNIT ( ) SI_UNIT ( $, .RADIAN. ) );
#121 = ADVANCED_FACE ( 'NONE', ( #118 ), #1605, .F. ) ;
#122 = DIRECTION ( 'NONE',  ( -0.000000000000000000, 1.000000000000000000, -0.000000000000000000 ) ) ;
#123 = VERTEX_POINT ( 'NONE', #1615 ) ;
#124 = CARTESIAN_POINT ( 'NONE',  ( 11.00000000000009415, 4.214021413566193530, -27.50000000000000000 ) ) ;
#125 = DIRECTION ( 'NONE',  ( 1.000000000000000000, 1.734723475976811433E-15, 0.000000000000000000 ) ) ;
#126 = CARTESIAN_POINT ( 'NONE',  ( 27.50000000000000000, 8.000000000000000000, 27.50000000000000000 ) ) ;
#127 = ORIENTED_EDGE ( 'NONE', *, *, #1371, .F. ) ;
#128 = CONICAL_SURFACE ( 'NONE', #1644, 3.550000000000032241, 0.7853981633974483900 ) ;
#129 = VECTOR ( 'NONE', #943, 1000.000000000000000 ) ;
#130 = VECTOR ( 'NONE', #723, 1000.000000000000000 ) ;
#131 = EDGE_CURVE ( 'NONE', #1521, #1186, #656, .T. ) ;
#132 = DIRECTION ( 'NONE',  ( -1.000000000000000000, 0.000000000000000000, -3.491481338843133355E-15 ) ) ;
#133 = EDGE_LOOP ( 'NONE', ( #1396, #438 ) ) ;
#134 = LINE ( 'NONE', #1043, #1618 ) ;
#135 = LINE ( 'NONE', #117, #544 ) ;
#136 = CARTESIAN_POINT ( 'NONE',  ( 0.000000000000000000, 0.000000000000000000, 11.00000000000000000 ) ) ;
#137 = ORIENTED_EDGE ( 'NONE', *, *, #1711, .F. ) ;
#138 = EDGE_CURVE ( 'NONE', #1344, #578, #431, .T. ) ;
#139 = CIRCLE ( 'NONE', #1567, 0.9999999999999974465 ) ;
#140 = EDGE_CURVE ( 'NONE', #805, #1372, #1138, .T. ) ;
#141 = ORIENTED_EDGE ( 'NONE', *, *, #289, .F. ) ;
#142 = LINE ( 'NONE', #1087, #1592 ) ;
#143 = LINE ( 'NONE', #848, #16 ) ;
#144 = DIRECTION ( 'NONE',  ( -1.000000000000000000, -0.000000000000000000, -3.491481338843133750E-15 ) ) ;
#145 = EDGE_LOOP ( 'NONE', ( #1535, #863, #1194, #1142 ) ) ;
#146 = CARTESIAN_POINT ( 'NONE',  ( -31.89999999999999858, 8.099999999999994316, 31.89999999999999858 ) ) ;
#147 = EDGE_CURVE ( 'NONE', #6, #1060, #277, .T. ) ;
#148 = CIRCLE ( 'NONE', #377, 4.099999999999999645 ) ;
#149 = ORIENTED_EDGE ( 'NONE', *, *, #747, .F. ) ;
#150 = VECTOR ( 'NONE', #535, 999.9999999999998863 ) ;
#151 = DIRECTION ( 'NONE',  ( -3.469446951953622866E-15, 0.000000000000000000, 1.000000000000000000 ) ) ;
#152 = DIRECTION ( 'NONE',  ( -1.000000000000000000, -0.000000000000000000, -3.491481338843133750E-15 ) ) ;
#153 = ORIENTED_EDGE ( 'NONE', *, *, #704, .T. ) ;
#154 = CARTESIAN_POINT ( 'NONE',  ( -31.90000000000000568, 10.00000000000000000, -28.34999999999998721 ) ) ;
#155 = VECTOR ( 'NONE', #602, 1000.000000000000000 ) ;
#156 = ADVANCED_FACE ( 'NONE', ( #1089 ), #552, .T. ) ;
#157 = ADVANCED_FACE ( 'NONE', ( #817 ), #1637, .T. ) ;
#158 = ORIENTED_EDGE ( 'NONE', *, *, #737, .F. ) ;
#159 = DIRECTION ( 'NONE',  ( 1.000000000000000000, 0.000000000000000000, 0.000000000000000000 ) ) ;
#160 = CARTESIAN_POINT ( 'NONE',  ( -31.90000000000000568, 8.000000000000000000, -33.54999999999998295 ) ) ;
#161 = CARTESIAN_POINT ( 'NONE',  ( -27.50000000000000000, 8.000000000000000000, 11.00000000000000000 ) ) ;
#162 = ORIENTED_EDGE ( 'NONE', *, *, #138, .T. ) ;
#163 = CYLINDRICAL_SURFACE ( 'NONE', #746, 1.649999999999998579 ) ;
#164 = VERTEX_POINT ( 'NONE', #1507 ) ;
#165 = ADVANCED_FACE ( 'NONE', ( #1125 ), #1104, .F. ) ;
#166 = VERTEX_POINT ( 'NONE', #954 ) ;
#167 = DIRECTION ( 'NONE',  ( -0.000000000000000000, 0.000000000000000000, 1.000000000000000000 ) ) ;
#168 = CARTESIAN_POINT ( 'NONE',  ( -31.90000000000000568, 8.099999999999994316, -31.89999999999998437 ) ) ;
#169 = FACE_OUTER_BOUND ( 'NONE', #924, .T. ) ;
#170 = ORIENTED_EDGE ( 'NONE', *, *, #112, .F. ) ;
#171 = DIRECTION ( 'NONE',  ( 1.000000000000000000, 0.000000000000000000, 0.000000000000000000 ) ) ;
#172 = VERTEX_POINT ( 'NONE', #312 ) ;
#173 = CIRCLE ( 'NONE', #1466, 1.000000000000000888 ) ;
#174 = VERTEX_POINT ( 'NONE', #444 ) ;
#175 = DIRECTION ( 'NONE',  ( -0.000000000000000000, -1.000000000000000000, -0.000000000000000000 ) ) ;
#176 = DIRECTION ( 'NONE',  ( -1.000000000000000000, -0.000000000000000000, 1.261617073437677259E-16 ) ) ;
#177 = EDGE_CURVE ( 'NONE', #1542, #489, #68, .T. ) ;
#178 = CARTESIAN_POINT ( 'NONE',  ( -31.89999999999999858, 10.00000000000000000, 28.35000000000000142 ) ) ;
#179 = VECTOR ( 'NONE', #1227, 1000.000000000000000 ) ;
#180 = VERTEX_POINT ( 'NONE', #1487 ) ;
#181 = CARTESIAN_POINT ( 'NONE',  ( 0.000000000000000000, 10.00000000000000000, 0.000000000000000000 ) ) ;
#182 = ORIENTED_EDGE ( 'NONE', *, *, #1259, .F. ) ;
#183 = ORIENTED_EDGE ( 'NONE', *, *, #1079, .T. ) ;
#184 = CARTESIAN_POINT ( 'NONE',  ( -31.90000000000000568, 8.000000000000000000, -30.24999999999998579 ) ) ;
#185 = CYLINDRICAL_SURFACE ( 'NONE', #1729, 1.649999999999998579 ) ;
#186 = VECTOR ( 'NONE', #35, 1000.000000000000000 ) ;
#187 = CARTESIAN_POINT ( 'NONE',  ( -11.00000000000000000, 8.000000000000000000, -3.840629472727446691E-14 ) ) ;
#188 = ORIENTED_EDGE ( 'NONE', *, *, #834, .T. ) ;
#189 = AXIS2_PLACEMENT_3D ( 'NONE', #968, #167, #1504 ) ;
#190 = DIRECTION ( 'NONE',  ( 0.000000000000000000, 0.000000000000000000, 1.000000000000000000 ) ) ;
#191 = VERTEX_POINT ( 'NONE', #1243 ) ;
#192 = EDGE_CURVE ( 'NONE', #1329, #214, #37, .T. ) ;
#193 = VERTEX_POINT ( 'NONE', #586 ) ;
#194 = PLANE ( 'NONE',  #1286 ) ;
#195 = CARTESIAN_POINT ( 'NONE',  ( 31.90000000000000568, 10.00000000000000000, -31.89999999999999147 ) ) ;
#196 = CARTESIAN_POINT ( 'NONE',  ( 31.90000000000001990, 10.00000000000000000, -35.99999999999999289 ) ) ;
#197 = ORIENTED_EDGE ( 'NONE', *, *, #790, .T. ) ;
#198 = DIRECTION ( 'NONE',  ( -0.000000000000000000, -1.000000000000000000, -0.000000000000000000 ) ) ;
#199 = VERTEX_POINT ( 'NONE', #426 ) ;
#200 = EDGE_CURVE ( 'NONE', #333, #1565, #1366, .T. ) ;
#201 = FACE_OUTER_BOUND ( 'NONE', #119, .T. ) ;
#202 = DIRECTION ( 'NONE',  ( 0.000000000000000000, 0.000000000000000000, 1.000000000000000000 ) ) ;
#203 = EDGE_LOOP ( 'NONE', ( #471, #920, #1492, #423 ) ) ;
#204 = DIRECTION ( 'NONE',  ( 0.000000000000000000, -1.000000000000000000, -0.000000000000000000 ) ) ;
#205 = AXIS2_PLACEMENT_3D ( 'NONE', #1469, #1058, #1713 ) ;
#206 = ORIENTED_EDGE ( 'NONE', *, *, #1394, .T. ) ;
#207 = AXIS2_PLACEMENT_3D ( 'NONE', #945, #524, #402 ) ;
#208 = EDGE_CURVE ( 'NONE', #166, #19, #283, .T. ) ;
#209 = EDGE_CURVE ( 'NONE', #1634, #101, #840, .T. ) ;
#210 = AXIS2_PLACEMENT_3D ( 'NONE', #895, #1004, #84 ) ;
#211 = CARTESIAN_POINT ( 'NONE',  ( 0.000000000000000000, 8.000000000000000000, 0.000000000000000000 ) ) ;
#212 = DIRECTION ( 'NONE',  ( -0.000000000000000000, -0.000000000000000000, 1.000000000000000000 ) ) ;
#213 = FACE_OUTER_BOUND ( 'NONE', #462, .T. ) ;
#214 = VERTEX_POINT ( 'NONE', #294 ) ;
#215 = FACE_BOUND ( 'NONE', #1497, .T. ) ;
#216 = VECTOR ( 'NONE', #1287, 1000.000000000000000 ) ;
#217 = ORIENTED_EDGE ( 'NONE', *, *, #1066, .F. ) ;
#218 = EDGE_CURVE ( 'NONE', #229, #180, #95, .T. ) ;
#219 = CARTESIAN_POINT ( 'NONE',  ( 31.90000000000000568, 10.00000000000000000, -31.89999999999999147 ) ) ;
#220 = CARTESIAN_POINT ( 'NONE',  ( 10.99999999999990408, 4.214021413566165997, 27.50000000000000000 ) ) ;
#221 = EDGE_CURVE ( 'NONE', #1398, #814, #1097, .T. ) ;
#222 = CARTESIAN_POINT ( 'NONE',  ( -27.50000000000000000, 8.000000000000000000, -27.50000000000000000 ) ) ;
#223 = VERTEX_POINT ( 'NONE', #1524 ) ;
#224 = PLANE ( 'NONE',  #828 ) ;
#225 = ORIENTED_EDGE ( 'NONE', *, *, #1490, .T. ) ;
#226 = DIRECTION ( 'NONE',  ( -0.000000000000000000, -1.000000000000000000, -0.000000000000000000 ) ) ;
#227 = DIRECTION ( 'NONE',  ( -0.000000000000000000, 0.000000000000000000, 1.000000000000000000 ) ) ;
#228 = CARTESIAN_POINT ( 'NONE',  ( -6.938893903907221278E-15, 10.00000000000000000, -35.99999999999998579 ) ) ;
#229 = VERTEX_POINT ( 'NONE', #1375 ) ;
#230 = EDGE_CURVE ( 'NONE', #101, #199, #829, .T. ) ;
#231 = DIRECTION ( 'NONE',  ( -0.000000000000000000, 0.000000000000000000, 1.000000000000000000 ) ) ;
#232 = CIRCLE ( 'NONE', #404, 0.9999999999999974465 ) ;
#233 = ORIENTED_EDGE ( 'NONE', *, *, #102, .F. ) ;
#234 = AXIS2_PLACEMENT_3D ( 'NONE', #1198, #800, #389 ) ;
#235 = VECTOR ( 'NONE', #268, 1000.000000000000000 ) ;
#236 = PRODUCT_CONTEXT ( 'NONE', #407, 'mechanical' ) ;
#237 = AXIS2_PLACEMENT_3D ( 'NONE', #168, #1381, #952 ) ;
#238 = LINE ( 'NONE', #531, #768 ) ;
#239 = ORIENTED_EDGE ( 'NONE', *, *, #321, .F. ) ;
#240 = DIRECTION ( 'NONE',  ( -1.000000000000000000, -0.000000000000000000, -3.491481338843133750E-15 ) ) ;
#241 = DIRECTION ( 'NONE',  ( 1.000000000000000000, -0.000000000000000000, -0.000000000000000000 ) ) ;
#242 = CYLINDRICAL_SURFACE ( 'NONE', #515, 1.649999999999991696 ) ;
#243 = ORIENTED_EDGE ( 'NONE', *, *, #1561, .F. ) ;
#244 = ADVANCED_FACE ( 'NONE', ( #169 ), #697, .F. ) ;
#245 = DIRECTION ( 'NONE',  ( -0.000000000000000000, 0.000000000000000000, 1.000000000000000000 ) ) ;
#246 = DIRECTION ( 'NONE',  ( -0.000000000000000000, -1.000000000000000000, -0.000000000000000000 ) ) ;
#247 = ORIENTED_EDGE ( 'NONE', *, *, #1714, .T. ) ;
#248 = DIRECTION ( 'NONE',  ( 0.000000000000000000, 0.000000000000000000, 1.000000000000000000 ) ) ;
#249 = DIRECTION ( 'NONE',  ( -0.000000000000000000, -1.000000000000000000, -0.000000000000000000 ) ) ;
#250 = DIRECTION ( 'NONE',  ( 1.000000000000000000, -0.000000000000000000, -0.000000000000000000 ) ) ;
#251 = ORIENTED_EDGE ( 'NONE', *, *, #701, .T. ) ;
#252 = EDGE_CURVE ( 'NONE', #955, #706, #1516, .T. ) ;
#253 = FACE_OUTER_BOUND ( 'NONE', #877, .T. ) ;
#254 = DIRECTION ( 'NONE',  ( 0.000000000000000000, 0.000000000000000000, -1.000000000000000000 ) ) ;
#255 = ORIENTED_EDGE ( 'NONE', *, *, #579, .F. ) ;
#256 = CARTESIAN_POINT ( 'NONE',  ( -27.50000000000000000, 1.500000000000000000, 27.50000000000000000 ) ) ;
#257 = CARTESIAN_POINT ( 'NONE',  ( 27.50000000000000000, 8.000000000000000000, 27.50000000000000000 ) ) ;
#258 = CARTESIAN_POINT ( 'NONE',  ( 27.50000000000000000, 8.000000000000000000, 27.50000000000000000 ) ) ;
#259 = EDGE_LOOP ( 'NONE', ( #1598, #598, #127, #1247 ) ) ;
#260 = PRODUCT ( 'SB-Card_Extension', 'SB-Card_Extension', '', ( #236 ) ) ;
#261 = AXIS2_PLACEMENT_3D ( 'NONE', #523, #1444, #1575 ) ;
#262 = AXIS2_PLACEMENT_3D ( 'NONE', #1392, #1263, #1547 ) ;
#263 = DIRECTION ( 'NONE',  ( 0.000000000000000000, 0.000000000000000000, 1.000000000000000000 ) ) ;
#264 = EDGE_CURVE ( 'NONE', #369, #1220, #1235, .T. ) ;
#265 = EDGE_LOOP ( 'NONE', ( #295, #505, #1626, #1544, #532 ) ) ;
#266 = DIRECTION ( 'NONE',  ( -3.503386530222125631E-15, 0.000000000000000000, 1.000000000000000000 ) ) ;
#267 = DIRECTION ( 'NONE',  ( 0.000000000000000000, -1.000000000000000000, 0.000000000000000000 ) ) ;
#268 = DIRECTION ( 'NONE',  ( -0.000000000000000000, -0.000000000000000000, 1.000000000000000000 ) ) ;
#269 = VERTEX_POINT ( 'NONE', #859 ) ;
#270 = CIRCLE ( 'NONE', #667, 1.649999999999998579 ) ;
#271 = AXIS2_PLACEMENT_3D ( 'NONE', #1485, #1493, #1647 ) ;
#272 = DIRECTION ( 'NONE',  ( 0.000000000000000000, 0.000000000000000000, 1.000000000000000000 ) ) ;
#273 = ORIENTED_EDGE ( 'NONE', *, *, #1328, .F. ) ;
#274 = LINE ( 'NONE', #808, #1703 ) ;
#275 = DIRECTION ( 'NONE',  ( 1.632680918566408568E-15, -0.000000000000000000, 1.000000000000000000 ) ) ;
#276 = EDGE_CURVE ( 'NONE', #734, #269, #1578, .T. ) ;
#277 = LINE ( 'NONE', #1348, #1439 ) ;
#278 = VERTEX_POINT ( 'NONE', #1667 ) ;
#279 = UNCERTAINTY_MEASURE_WITH_UNIT (LENGTH_MEASURE( 1.000000000000000082E-05 ), #1171, 'distance_accuracy_value', 'NONE');
#280 = ORIENTED_EDGE ( 'NONE', *, *, #650, .F. ) ;
#281 = PLANE ( 'NONE',  #612 ) ;
#282 = FACE_OUTER_BOUND ( 'NONE', #796, .T. ) ;
#283 = LINE ( 'NONE', #690, #179 ) ;
#284 = ORIENTED_EDGE ( 'NONE', *, *, #1533, .T. ) ;
#285 = ADVANCED_FACE ( 'NONE', ( #1541 ), #883, .F. ) ;
#286 = FACE_OUTER_BOUND ( 'NONE', #26, .T. ) ;
#287 = EDGE_CURVE ( 'NONE', #278, #164, #1534, .T. ) ;
#288 = VECTOR ( 'NONE', #575, 1000.000000000000000 ) ;
#289 = EDGE_CURVE ( 'NONE', #1028, #1521, #1433, .T. ) ;
#290 = VERTEX_POINT ( 'NONE', #196 ) ;
#291 = CLOSED_SHELL ( 'NONE', ( #1197, #1085, #949, #1342, #529, #244, #930, #17, #396, #1012, #1740, #1169, #374, #761, #908, #456, #1674, #537, #900, #1117, #964, #285, #1664, #812, #1645, #1020, #1512, #599, #94, #591, #362, #953, #1500, #344, #1405, #836, #607, #121, #1289, #1698, #7, #165, #1467, #156, #1160, #684, #1022, #25, #299, #728, #308, #1463, #664, #157 ) ) ;
#292 = DIRECTION ( 'NONE',  ( 0.000000000000000000, 0.000000000000000000, 1.000000000000000000 ) ) ;
#293 = DIRECTION ( 'NONE',  ( -1.000000000000000000, -0.000000000000000000, -3.491481338843133750E-15 ) ) ;
#294 = CARTESIAN_POINT ( 'NONE',  ( -27.50000000000000000, 4.214021413566179319, -11.00000000000000000 ) ) ;
#295 = ORIENTED_EDGE ( 'NONE', *, *, #177, .T. ) ;
#296 = DIRECTION ( 'NONE',  ( 1.000000000000000000, -0.000000000000000000, 3.491481338843133355E-15 ) ) ;
#297 = AXIS2_PLACEMENT_3D ( 'NONE', #181, #49, #32 ) ;
#298 = VECTOR ( 'NONE', #1292, 1000.000000000000000 ) ;
#299 = ADVANCED_FACE ( 'NONE', ( #213 ), #1050, .F. ) ;
#300 = AXIS2_PLACEMENT_3D ( 'NONE', #399, #231, #3 ) ;
#301 = VECTOR ( 'NONE', #1424, 1000.000000000000000 ) ;
#302 = ORIENTED_EDGE ( 'NONE', *, *, #1382, .F. ) ;
#303 = FACE_OUTER_BOUND ( 'NONE', #983, .T. ) ;
#304 = LINE ( 'NONE', #160, #861 ) ;
#305 = CARTESIAN_POINT ( 'NONE',  ( -27.50000000000000000, 0.000000000000000000, -27.50000000000000000 ) ) ;
#306 = VERTEX_POINT ( 'NONE', #222 ) ;
#307 = DIRECTION ( 'NONE',  ( -0.000000000000000000, 1.000000000000000000, -0.000000000000000000 ) ) ;
#308 = ADVANCED_FACE ( 'NONE', ( #347 ), #1699, .T. ) ;
#309 = ORIENTED_EDGE ( 'NONE', *, *, #1231, .F. ) ;
#310 = CARTESIAN_POINT ( 'NONE',  ( -31.89999999999999858, 10.00000000000000000, 35.44999999999999574 ) ) ;
#311 = DIRECTION ( 'NONE',  ( 0.000000000000000000, 0.000000000000000000, 1.000000000000000000 ) ) ;
#312 = CARTESIAN_POINT ( 'NONE',  ( -31.19999999999999929, 8.000000000000000000, -11.00000000000000000 ) ) ;
#313 = ORIENTED_EDGE ( 'NONE', *, *, #1000, .F. ) ;
#314 = PLANE ( 'NONE',  #297 ) ;
#315 = ORIENTED_EDGE ( 'NONE', *, *, #782, .F. ) ;
#316 = AXIS2_PLACEMENT_3D ( 'NONE', #1332, #534, #647 ) ;
#317 = EDGE_LOOP ( 'NONE', ( #1297, #324, #137, #1345, #1503 ) ) ;
#318 = AXIS2_PLACEMENT_3D ( 'NONE', #869, #332, #766 ) ;
#319 = DIRECTION ( 'NONE',  ( 0.000000000000000000, 0.000000000000000000, 1.000000000000000000 ) ) ;
#320 = DIRECTION ( 'NONE',  ( -3.503386530222125631E-15, 0.000000000000000000, 1.000000000000000000 ) ) ;
#321 = EDGE_CURVE ( 'NONE', #1036, #706, #1409, .T. ) ;
#322 = DIRECTION ( 'NONE',  ( -0.000000000000000000, -0.000000000000000000, 1.000000000000000000 ) ) ;
#323 = VECTOR ( 'NONE', #1204, 1000.000000000000000 ) ;
#324 = ORIENTED_EDGE ( 'NONE', *, *, #221, .T. ) ;
#325 = CARTESIAN_POINT ( 'NONE',  ( 31.90000000000001279, 8.000000000000000000, 33.54999999999999005 ) ) ;
#326 = ORIENTED_EDGE ( 'NONE', *, *, #1394, .F. ) ;
#327 = CIRCLE ( 'NONE', #1360, 1.649999999999998579 ) ;
#328 = DIRECTION ( 'NONE',  ( -1.000000000000000000, 0.000000000000000000, -3.491481338843133355E-15 ) ) ;
#329 = CARTESIAN_POINT ( 'NONE',  ( -31.19999999999999929, 7.000000000000004441, -11.00000000000000000 ) ) ;
#330 = DIRECTION ( 'NONE',  ( 0.000000000000000000, 0.000000000000000000, -1.000000000000000000 ) ) ;
#331 = VECTOR ( 'NONE', #77, 1000.000000000000000 ) ;
#332 = DIRECTION ( 'NONE',  ( -0.000000000000000000, 1.000000000000000000, -0.000000000000000000 ) ) ;
#333 = VERTEX_POINT ( 'NONE', #1417 ) ;
#334 = EDGE_CURVE ( 'NONE', #278, #1384, #938, .T. ) ;
#335 = FACE_OUTER_BOUND ( 'NONE', #430, .T. ) ;
#336 = ORIENTED_EDGE ( 'NONE', *, *, #218, .F. ) ;
#337 = DIRECTION ( 'NONE',  ( -0.000000000000000000, 1.000000000000000000, -0.000000000000000000 ) ) ;
#338 = CARTESIAN_POINT ( 'NONE',  ( 31.90000000000000568, 8.099999999999962341, -31.89999999999999147 ) ) ;
#339 = DIRECTION ( 'NONE',  ( -1.000000000000000000, -0.000000000000000000, -3.491481338843133750E-15 ) ) ;
#340 = ORIENTED_EDGE ( 'NONE', *, *, #209, .F. ) ;
#341 = DIRECTION ( 'NONE',  ( -3.491481338843133355E-15, 0.000000000000000000, 1.000000000000000000 ) ) ;
#342 = EDGE_CURVE ( 'NONE', #722, #1412, #1133, .T. ) ;
#343 = ORIENTED_EDGE ( 'NONE', *, *, #1039, .T. ) ;
#344 = ADVANCED_FACE ( 'NONE', ( #82 ), #620, .F. ) ;
#345 = LINE ( 'NONE', #467, #130 ) ;
#346 = DIRECTION ( 'NONE',  ( -0.000000000000000000, 1.000000000000000000, -0.000000000000000000 ) ) ;
#347 = FACE_OUTER_BOUND ( 'NONE', #1098, .T. ) ;
#348 = ORIENTED_EDGE ( 'NONE', *, *, #1629, .T. ) ;
#349 = DIRECTION ( 'NONE',  ( -0.000000000000000000, -1.000000000000000000, -0.000000000000000000 ) ) ;
#350 = AXIS2_PLACEMENT_3D ( 'NONE', #1311, #106, #382 ) ;
#351 = EDGE_LOOP ( 'NONE', ( #435, #445, #9, #1094 ) ) ;
#352 = EDGE_CURVE ( 'NONE', #1115, #645, #1471, .T. ) ;
#353 = VECTOR ( 'NONE', #588, 1000.000000000000000 ) ;
#354 = CARTESIAN_POINT ( 'NONE',  ( 36.00000000000002132, 8.000000000000000000, -31.89999999999999858 ) ) ;
#355 = DIRECTION ( 'NONE',  ( -0.000000000000000000, -0.000000000000000000, 1.000000000000000000 ) ) ;
#356 = FACE_OUTER_BOUND ( 'NONE', #628, .T. ) ;
#357 = ORIENTED_EDGE ( 'NONE', *, *, #1256, .T. ) ;
#358 = CARTESIAN_POINT ( 'NONE',  ( -27.50000000000000000, 1.500000000000000000, -27.50000000000000000 ) ) ;
#359 = VECTOR ( 'NONE', #1584, 1000.000000000000000 ) ;
#360 = AXIS2_PLACEMENT_3D ( 'NONE', #61, #1140, #874 ) ;
#361 = VERTEX_POINT ( 'NONE', #733 ) ;
#362 = ADVANCED_FACE ( 'NONE', ( #627 ), #63, .F. ) ;
#363 = STYLED_ITEM ( 'NONE', ( #626 ), #896 ) ;
#364 = CARTESIAN_POINT ( 'NONE',  ( -31.90000000000000568, 0.000000000000000000, -30.24999999999998579 ) ) ;
#365 = SURFACE_STYLE_USAGE ( .BOTH. , #74 ) ;
#366 = DIRECTION ( 'NONE',  ( -0.000000000000000000, 1.000000000000000000, -0.000000000000000000 ) ) ;
#367 = ORIENTED_EDGE ( 'NONE', *, *, #70, .T. ) ;
#368 = CARTESIAN_POINT ( 'NONE',  ( -31.90000000000000568, 10.00000000000000000, -31.89999999999998437 ) ) ;
#369 = VERTEX_POINT ( 'NONE', #1035 ) ;
#370 = FACE_OUTER_BOUND ( 'NONE', #884, .T. ) ;
#371 = VERTEX_POINT ( 'NONE', #485 ) ;
#372 = LINE ( 'NONE', #777, #1506 ) ;
#373 = CARTESIAN_POINT ( 'NONE',  ( 31.90000000000000568, 8.000000000000000000, -30.24999999999999645 ) ) ;
#374 = ADVANCED_FACE ( 'NONE', ( #595 ), #55, .T. ) ;
#375 = DIRECTION ( 'NONE',  ( 0.000000000000000000, 1.000000000000000000, 0.000000000000000000 ) ) ;
#376 = ORIENTED_EDGE ( 'NONE', *, *, #29, .T. ) ;
#377 = AXIS2_PLACEMENT_3D ( 'NONE', #1450, #784, #635 ) ;
#378 = AXIS2_PLACEMENT_3D ( 'NONE', #393, #1211, #542 ) ;
#379 = DIRECTION ( 'NONE',  ( 0.000000000000000000, 0.000000000000000000, -1.000000000000000000 ) ) ;
#380 = CONICAL_SURFACE ( 'NONE', #825, 3.549999999999997602, 0.7853981633974466137 ) ;
#381 = VECTOR ( 'NONE', #1009, 1000.000000000000000 ) ;
#382 = DIRECTION ( 'NONE',  ( 0.000000000000000000, 0.000000000000000000, 1.000000000000000000 ) ) ;
#383 = ORIENTED_EDGE ( 'NONE', *, *, #481, .F. ) ;
#384 = DIRECTION ( 'NONE',  ( 0.000000000000000000, 0.000000000000000000, 1.000000000000000000 ) ) ;
#385 = DIRECTION ( 'NONE',  ( -3.491481338843133355E-15, 0.000000000000000000, 1.000000000000000000 ) ) ;
#386 = DIRECTION ( 'NONE',  ( -0.000000000000000000, 0.000000000000000000, 1.000000000000000000 ) ) ;
#387 = ORIENTED_EDGE ( 'NONE', *, *, #221, .F. ) ;
#388 = EDGE_CURVE ( 'NONE', #1110, #290, #405, .T. ) ;
#389 = DIRECTION ( 'NONE',  ( 0.000000000000000000, 0.000000000000000000, 1.000000000000000000 ) ) ;
#390 = ORIENTED_EDGE ( 'NONE', *, *, #1720, .F. ) ;
#391 = CARTESIAN_POINT ( 'NONE',  ( 31.90000000000001279, 8.000000000000000000, 30.24999999999998934 ) ) ;
#392 = CYLINDRICAL_SURFACE ( 'NONE', #1692, 4.099999999999999645 ) ;
#393 = CARTESIAN_POINT ( 'NONE',  ( -31.89999999999999858, 0.000000000000000000, 31.89999999999999858 ) ) ;
#394 = ORIENTED_EDGE ( 'NONE', *, *, #650, .T. ) ;
#395 = EDGE_CURVE ( 'NONE', #290, #454, #614, .T. ) ;
#396 = ADVANCED_FACE ( 'NONE', ( #356 ), #893, .F. ) ;
#397 = CARTESIAN_POINT ( 'NONE',  ( 27.50000000000000000, 8.000000000000000000, -27.50000000000000000 ) ) ;
#398 = ORIENTED_EDGE ( 'NONE', *, *, #1093, .F. ) ;
#399 = CARTESIAN_POINT ( 'NONE',  ( 0.000000000000000000, 70.00000000000000000, -11.00000000000000000 ) ) ;
#400 = CARTESIAN_POINT ( 'NONE',  ( -36.00000000000001421, 1.500000000000000000, -27.49999999999998224 ) ) ;
#401 = EDGE_CURVE ( 'NONE', #1186, #912, #518, .T. ) ;
#402 = DIRECTION ( 'NONE',  ( -3.503386530222125631E-15, 0.000000000000000000, 1.000000000000000000 ) ) ;
#403 = VERTEX_POINT ( 'NONE', #659 ) ;
#404 = AXIS2_PLACEMENT_3D ( 'NONE', #1709, #504, #125 ) ;
#405 = CIRCLE ( 'NONE', #1609, 4.099999999999999645 ) ;
#406 = EDGE_CURVE ( 'NONE', #855, #561, #1722, .T. ) ;
#407 = APPLICATION_CONTEXT ( 'automotive_design' ) ;
#408 = LINE ( 'NONE', #1706, #711 ) ;
#409 = ORIENTED_EDGE ( 'NONE', *, *, #986, .F. ) ;
#410 = CARTESIAN_POINT ( 'NONE',  ( -31.64379651867618648, 6.103872414211633846, -11.00000000000000000 ) ) ;
#411 = FACE_OUTER_BOUND ( 'NONE', #1606, .T. ) ;
#412 = DIRECTION ( 'NONE',  ( -0.000000000000000000, -1.000000000000000000, -0.000000000000000000 ) ) ;
#413 = ORIENTED_EDGE ( 'NONE', *, *, #140, .F. ) ;
#414 = AXIS2_PLACEMENT_3D ( 'NONE', #903, #934, #1452 ) ;
#415 = CIRCLE ( 'NONE', #528, 1.000000000000000888 ) ;
#416 = EDGE_CURVE ( 'NONE', #1214, #1030, #669, .T. ) ;
#417 = ORIENTED_EDGE ( 'NONE', *, *, #1430, .T. ) ;
#418 = CARTESIAN_POINT ( 'NONE',  ( 10.99999999999988987, 7.000000000000004441, 31.20000000000003837 ) ) ;
#419 = CARTESIAN_POINT ( 'NONE',  ( -31.89999999999999858, 10.00000000000000000, 31.89999999999999858 ) ) ;
#420 = DIRECTION ( 'NONE',  ( -3.469446951953622866E-15, 0.000000000000000000, 1.000000000000000000 ) ) ;
#421 = EDGE_LOOP ( 'NONE', ( #823, #376, #832, #313 ) ) ;
#422 = CARTESIAN_POINT ( 'NONE',  ( 27.50000000000000000, 8.000000000000000000, 11.00000000000000000 ) ) ;
#423 = ORIENTED_EDGE ( 'NONE', *, *, #192, .F. ) ;
#424 = DIRECTION ( 'NONE',  ( -0.000000000000000000, 1.000000000000000000, -0.000000000000000000 ) ) ;
#425 = LINE ( 'NONE', #959, #1672 ) ;
#426 = CARTESIAN_POINT ( 'NONE',  ( -27.50000000000000000, 4.214021413566179319, 11.00000000000000000 ) ) ;
#427 = ORIENTED_EDGE ( 'NONE', *, *, #737, .T. ) ;
#428 = FACE_BOUND ( 'NONE', #1363, .T. ) ;
#429 = CIRCLE ( 'NONE', #1438, 4.099999999999999645 ) ;
#430 = EDGE_LOOP ( 'NONE', ( #543, #447, #1266, #367, #67, #1320, #1479, #1166 ) ) ;
#431 = CIRCLE ( 'NONE', #378, 1.649999999999998579 ) ;
#432 = LINE ( 'NONE', #1373, #720 ) ;
#433 = CARTESIAN_POINT ( 'NONE',  ( 31.90000000000001279, 10.00000000000000000, 35.45000000000002416 ) ) ;
#434 = DIRECTION ( 'NONE',  ( 1.000000000000000000, 0.000000000000000000, 0.000000000000000000 ) ) ;
#435 = ORIENTED_EDGE ( 'NONE', *, *, #1436, .F. ) ;
#436 = CARTESIAN_POINT ( 'NONE',  ( 10.99999999999988809, 6.103872414211619635, 31.64379651867620069 ) ) ;
#437 = EDGE_CURVE ( 'NONE', #879, #872, #1721, .T. ) ;
#438 = ORIENTED_EDGE ( 'NONE', *, *, #1328, .T. ) ;
#439 = VECTOR ( 'NONE', #831, 1000.000000000000000 ) ;
#440 = AXIS2_PLACEMENT_3D ( 'NONE', #418, #979, #151 ) ;
#441 = ORIENTED_EDGE ( 'NONE', *, *, #1583, .T. ) ;
#442 = FACE_OUTER_BOUND ( 'NONE', #1582, .T. ) ;
#443 = CARTESIAN_POINT ( 'NONE',  ( -11.00000000000000000, 70.00000000000000000, -3.840629472727446691E-14 ) ) ;
#444 = CARTESIAN_POINT ( 'NONE',  ( 27.50000000000000000, 8.000000000000000000, 27.50000000000000000 ) ) ;
#445 = ORIENTED_EDGE ( 'NONE', *, *, #1423, .T. ) ;
#446 = CARTESIAN_POINT ( 'NONE',  ( -31.89999999999999858, 8.000000000000000000, 31.89999999999999858 ) ) ;
#447 = ORIENTED_EDGE ( 'NONE', *, *, #321, .T. ) ;
#448 = CIRCLE ( 'NONE', #1656, 1.649999999999995248 ) ;
#449 = EDGE_CURVE ( 'NONE', #1412, #166, #148, .T. ) ;
#450 = ORIENTED_EDGE ( 'NONE', *, *, #1325, .F. ) ;
#451 = CARTESIAN_POINT ( 'NONE',  ( -36.00000000000001421, 1.500000000000000000, -27.49999999999998224 ) ) ;
#452 = FACE_OUTER_BOUND ( 'NONE', #317, .T. ) ;
#453 = DIRECTION ( 'NONE',  ( 0.000000000000000000, -1.000000000000000000, 0.000000000000000000 ) ) ;
#454 = VERTEX_POINT ( 'NONE', #1188 ) ;
#455 = CARTESIAN_POINT ( 'NONE',  ( 31.90000000000001279, 8.099999999999969447, 30.24999999999998934 ) ) ;
#456 = ADVANCED_FACE ( 'NONE', ( #1048 ), #1174, .T. ) ;
#457 = FACE_OUTER_BOUND ( 'NONE', #58, .T. ) ;
#458 = VECTOR ( 'NONE', #1114, 1000.000000000000000 ) ;
#459 = DIRECTION ( 'NONE',  ( -0.000000000000000000, -0.000000000000000000, 1.000000000000000000 ) ) ;
#460 = CARTESIAN_POINT ( 'NONE',  ( 31.90000000000001279, 8.000000000000000000, 31.89999999999999147 ) ) ;
#461 = VECTOR ( 'NONE', #1193, 1000.000000000000000 ) ;
#462 = EDGE_LOOP ( 'NONE', ( #158, #315, #417, #649 ) ) ;
#463 = CARTESIAN_POINT ( 'NONE',  ( 10.99999999999988987, 8.000000000000000000, 31.20000000000003837 ) ) ;
#464 = VERTEX_POINT ( 'NONE', #923 ) ;
#465 = AXIS2_PLACEMENT_3D ( 'NONE', #1523, #816, #688 ) ;
#466 = CIRCLE ( 'NONE', #609, 1.649999999999998579 ) ;
#467 = CARTESIAN_POINT ( 'NONE',  ( 36.00000000000002132, 0.000000000000000000, -35.99999999999999289 ) ) ;
#468 = CARTESIAN_POINT ( 'NONE',  ( 36.00000000000002132, 8.000000000000000000, -35.99999999999999289 ) ) ;
#469 = EDGE_CURVE ( 'NONE', #290, #1115, #408, .T. ) ;
#470 = CARTESIAN_POINT ( 'NONE',  ( 31.19999999999999929, 7.000000000000004441, -11.00000000000000000 ) ) ;
#471 = ORIENTED_EDGE ( 'NONE', *, *, #843, .F. ) ;
#472 = CARTESIAN_POINT ( 'NONE',  ( -31.90000000000000568, 8.099999999999994316, -33.54999999999998295 ) ) ;
#473 = EDGE_CURVE ( 'NONE', #166, #1110, #238, .T. ) ;
#474 = ORIENTED_EDGE ( 'NONE', *, *, #1629, .F. ) ;
#475 = CARTESIAN_POINT ( 'NONE',  ( 32.20000000000000284, 7.000000000000004441, -11.00000000000000000 ) ) ;
#476 = LINE ( 'NONE', #594, #1143 ) ;
#477 = CARTESIAN_POINT ( 'NONE',  ( 31.90000000000001990, 8.000000000000000000, 35.99999999999999289 ) ) ;
#478 = ORIENTED_EDGE ( 'NONE', *, *, #59, .T. ) ;
#479 = DIRECTION ( 'NONE',  ( 1.000000000000000000, -0.000000000000000000, 0.000000000000000000 ) ) ;
#480 = ORIENTED_EDGE ( 'NONE', *, *, #1711, .T. ) ;
#481 = EDGE_CURVE ( 'NONE', #1018, #894, #8, .T. ) ;
#482 = DIRECTION ( 'NONE',  ( 1.000000000000000000, 0.000000000000000000, 0.000000000000000000 ) ) ;
#483 = AXIS2_PLACEMENT_3D ( 'NONE', #541, #655, #638 ) ;
#484 = CARTESIAN_POINT ( 'NONE',  ( -31.90000000000000568, 0.000000000000000000, -33.54999999999998295 ) ) ;
#485 = CARTESIAN_POINT ( 'NONE',  ( -11.00000000000011013, 6.103872414211619635, 31.64379651867612608 ) ) ;
#486 = ORIENTED_EDGE ( 'NONE', *, *, #1457, .T. ) ;
#487 = DIRECTION ( 'NONE',  ( 1.000000000000000000, 0.000000000000000000, -9.637352644315590312E-17 ) ) ;
#488 = AXIS2_PLACEMENT_3D ( 'NONE', #1425, #246, #501 ) ;
#489 = VERTEX_POINT ( 'NONE', #1581 ) ;
#490 = EDGE_CURVE ( 'NONE', #850, #1702, #995, .T. ) ;
#491 = CARTESIAN_POINT ( 'NONE',  ( 27.50000000000000000, 4.214021413566179319, -11.00000000000000000 ) ) ;
#492 = LINE ( 'NONE', #1033, #381 ) ;
#493 = DIRECTION ( 'NONE',  ( 0.000000000000000000, 0.000000000000000000, -1.000000000000000000 ) ) ;
#494 = ORIENTED_EDGE ( 'NONE', *, *, #526, .F. ) ;
#495 = CARTESIAN_POINT ( 'NONE',  ( 0.000000000000000000, 0.000000000000000000, 0.000000000000000000 ) ) ;
#496 = CIRCLE ( 'NONE', #103, 1.649999999999998579 ) ;
#497 = AXIS2_PLACEMENT_3D ( 'NONE', #1067, #226, #643 ) ;
#498 = ORIENTED_EDGE ( 'NONE', *, *, #1589, .F. ) ;
#499 = EDGE_CURVE ( 'NONE', #1030, #1036, #429, .T. ) ;
#500 = LINE ( 'NONE', #1172, #71 ) ;
#501 = DIRECTION ( 'NONE',  ( 0.000000000000000000, 0.000000000000000000, -1.000000000000000000 ) ) ;
#502 = ORIENTED_EDGE ( 'NONE', *, *, #782, .T. ) ;
#503 = LINE ( 'NONE', #1724, #1032 ) ;
#504 = DIRECTION ( 'NONE',  ( 0.000000000000000000, -0.000000000000000000, -1.000000000000000000 ) ) ;
#505 = ORIENTED_EDGE ( 'NONE', *, *, #1704, .T. ) ;
#506 = DIRECTION ( 'NONE',  ( 0.000000000000000000, -1.000000000000000000, -0.000000000000000000 ) ) ;
#507 = EDGE_CURVE ( 'NONE', #855, #1086, #1355, .T. ) ;
#508 = DIRECTION ( 'NONE',  ( 0.000000000000000000, 0.000000000000000000, -1.000000000000000000 ) ) ;
#509 = ORIENTED_EDGE ( 'NONE', *, *, #1139, .T. ) ;
#510 = CARTESIAN_POINT ( 'NONE',  ( -31.89999999999999858, 10.00000000000000000, 31.89999999999999858 ) ) ;
#511 = LINE ( 'NONE', #373, #764 ) ;
#512 = FACE_OUTER_BOUND ( 'NONE', #1663, .T. ) ;
#513 = ORIENTED_EDGE ( 'NONE', *, *, #1031, .T. ) ;
#514 = VECTOR ( 'NONE', #366, 1000.000000000000000 ) ;
#515 = AXIS2_PLACEMENT_3D ( 'NONE', #911, #1343, #1185 ) ;
#516 = DIRECTION ( 'NONE',  ( 1.000000000000000000, 0.000000000000000000, 0.000000000000000000 ) ) ;
#517 =( GEOMETRIC_REPRESENTATION_CONTEXT ( 3 ) GLOBAL_UNCERTAINTY_ASSIGNED_CONTEXT ( ( #1489 ) ) GLOBAL_UNIT_ASSIGNED_CONTEXT ( ( #1563, #757, #740 ) ) REPRESENTATION_CONTEXT ( 'NONE', 'WORKASPACE' ) );
#518 = LINE ( 'NONE', #1610, #738 ) ;
#519 = ORIENTED_EDGE ( 'NONE', *, *, #1230, .F. ) ;
#520 = AXIS2_PLACEMENT_3D ( 'NONE', #495, #204, #1549 ) ;
#521 = EDGE_CURVE ( 'NONE', #641, #23, #1734, .T. ) ;
#522 = DIRECTION ( 'NONE',  ( -0.000000000000000000, -1.000000000000000000, -0.000000000000000000 ) ) ;
#523 = CARTESIAN_POINT ( 'NONE',  ( -31.89999999999999858, 0.000000000000000000, 31.89999999999999858 ) ) ;
#524 = DIRECTION ( 'NONE',  ( -1.000000000000000000, -0.000000000000000000, -3.491481338843133750E-15 ) ) ;
#525 = ORIENTED_EDGE ( 'NONE', *, *, #1520, .F. ) ;
#526 = EDGE_CURVE ( 'NONE', #1488, #191, #658, .T. ) ;
#527 = CONICAL_SURFACE ( 'NONE', #864, 3.549999999999997602, 0.7853981633974466137 ) ;
#528 = AXIS2_PLACEMENT_3D ( 'NONE', #1431, #245, #898 ) ;
#529 = ADVANCED_FACE ( 'NONE', ( #370 ), #940, .F. ) ;
#530 = FACE_OUTER_BOUND ( 'NONE', #653, .T. ) ;
#531 = CARTESIAN_POINT ( 'NONE',  ( 36.00000000000002132, 10.00000000000000000, 0.000000000000000000 ) ) ;
#532 = ORIENTED_EDGE ( 'NONE', *, *, #1309, .F. ) ;
#533 = CARTESIAN_POINT ( 'NONE',  ( 27.50000000000001421, 1.500000000000000000, -36.00000000000000000 ) ) ;
#534 = DIRECTION ( 'NONE',  ( -0.000000000000000000, 0.000000000000000000, 1.000000000000000000 ) ) ;
#535 = DIRECTION ( 'NONE',  ( 8.659560562354918067E-17, 0.7071067811865489050, -0.7071067811865462405 ) ) ;
#536 = ORIENTED_EDGE ( 'NONE', *, *, #1726, .T. ) ;
#537 = ADVANCED_FACE ( 'NONE', ( #1 ), #906, .F. ) ;
#538 = LINE ( 'NONE', #1075, #1552 ) ;
#539 = ORIENTED_EDGE ( 'NONE', *, *, #230, .F. ) ;
#540 = DIRECTION ( 'NONE',  ( -3.491481338843133355E-15, 0.000000000000000000, 1.000000000000000000 ) ) ;
#541 = CARTESIAN_POINT ( 'NONE',  ( 0.000000000000000000, 70.00000000000000000, -11.00000000000000000 ) ) ;
#542 = DIRECTION ( 'NONE',  ( 0.000000000000000000, 0.000000000000000000, 1.000000000000000000 ) ) ;
#543 = ORIENTED_EDGE ( 'NONE', *, *, #977, .T. ) ;
#544 = VECTOR ( 'NONE', #1717, 1000.000000000000000 ) ;
#545 = VECTOR ( 'NONE', #1601, 1000.000000000000000 ) ;
#546 = EDGE_CURVE ( 'NONE', #306, #123, #538, .T. ) ;
#547 = AXIS2_PLACEMENT_3D ( 'NONE', #705, #990, #434 ) ;
#548 = ORIENTED_EDGE ( 'NONE', *, *, #481, .T. ) ;
#549 = FACE_OUTER_BOUND ( 'NONE', #1153, .T. ) ;
#550 = CIRCLE ( 'NONE', #237, 1.649999999999998579 ) ;
#551 = LINE ( 'NONE', #1505, #69 ) ;
#552 = PLANE ( 'NONE',  #1579 ) ;
#553 = ORIENTED_EDGE ( 'NONE', *, *, #521, .F. ) ;
#554 = DIRECTION ( 'NONE',  ( 0.000000000000000000, 0.000000000000000000, 1.000000000000000000 ) ) ;
#555 = CIRCLE ( 'NONE', #300, 71.30248928736450864 ) ;
#556 = EDGE_CURVE ( 'NONE', #818, #1398, #914, .T. ) ;
#557 = ORIENTED_EDGE ( 'NONE', *, *, #1456, .T. ) ;
#558 = DIRECTION ( 'NONE',  ( 0.000000000000000000, 0.7071067811865474617, 0.7071067811865475727 ) ) ;
#559 = DIRECTION ( 'NONE',  ( -1.000000000000000000, 0.000000000000000000, 1.927470528863118309E-16 ) ) ;
#560 = DIRECTION ( 'NONE',  ( -0.000000000000000000, -1.000000000000000000, -0.000000000000000000 ) ) ;
#561 = VERTEX_POINT ( 'NONE', #1347 ) ;
#562 = LINE ( 'NONE', #1246, #353 ) ;
#563 = ORIENTED_EDGE ( 'NONE', *, *, #401, .F. ) ;
#564 = CARTESIAN_POINT ( 'NONE',  ( 31.90000000000001990, 10.00000000000000000, 35.99999999999999289 ) ) ;
#565 = PLANE ( 'NONE',  #1003 ) ;
#566 = EDGE_CURVE ( 'NONE', #14, #123, #135, .T. ) ;
#567 = DIRECTION ( 'NONE',  ( 0.000000000000000000, 0.000000000000000000, -1.000000000000000000 ) ) ;
#568 = ORIENTED_EDGE ( 'NONE', *, *, #1404, .F. ) ;
#569 = CARTESIAN_POINT ( 'NONE',  ( -10.99999999999988987, 8.000000000000000000, -31.20000000000003837 ) ) ;
#570 = EDGE_LOOP ( 'NONE', ( #383, #427, #413, #1633 ) ) ;
#571 = AXIS2_PLACEMENT_3D ( 'NONE', #98, #775, #1336 ) ;
#572 = ORIENTED_EDGE ( 'NONE', *, *, #352, .T. ) ;
#573 = LINE ( 'NONE', #1635, #129 ) ;
#574 = DIRECTION ( 'NONE',  ( 0.000000000000000000, 0.7071067811865487940, 0.7071067811865463515 ) ) ;
#575 = DIRECTION ( 'NONE',  ( -3.491481338843133355E-15, 0.000000000000000000, 1.000000000000000000 ) ) ;
#576 = ORIENTED_EDGE ( 'NONE', *, *, #873, .F. ) ;
#577 = CARTESIAN_POINT ( 'NONE',  ( 11.00000000000010836, 7.000000000000004441, -31.19999999999996021 ) ) ;
#578 = VERTEX_POINT ( 'NONE', #944 ) ;
#579 = EDGE_CURVE ( 'NONE', #1488, #872, #511, .T. ) ;
#580 = VECTOR ( 'NONE', #171, 1000.000000000000000 ) ;
#581 = CIRCLE ( 'NONE', #1170, 1.649999999999998579 ) ;
#582 = AXIS2_PLACEMENT_3D ( 'NONE', #1468, #1569, #516 ) ;
#583 = ORIENTED_EDGE ( 'NONE', *, *, #941, .T. ) ;
#584 = CARTESIAN_POINT ( 'NONE',  ( -27.50000000000000000, 1.500000000000000000, -27.50000000000000000 ) ) ;
#585 = PLANE ( 'NONE',  #1084 ) ;
#586 = CARTESIAN_POINT ( 'NONE',  ( 31.90000000000001279, 0.000000000000000000, 33.54999999999999005 ) ) ;
#587 = EDGE_LOOP ( 'NONE', ( #726, #494, #1168, #336 ) ) ;
#588 = DIRECTION ( 'NONE',  ( 1.000000000000000000, 0.000000000000000000, 0.000000000000000000 ) ) ;
#589 = ORIENTED_EDGE ( 'NONE', *, *, #342, .T. ) ;
#590 = COLOUR_RGB ( '',0.7921568627450980005, 0.8196078431372548767, 0.9333333333333333481 ) ;
#591 = ADVANCED_FACE ( 'NONE', ( #109 ), #1052, .F. ) ;
#592 = VERTEX_POINT ( 'NONE', #794 ) ;
#593 = CARTESIAN_POINT ( 'NONE',  ( -36.00000000000001421, 0.000000000000000000, -27.49999999999998224 ) ) ;
#594 = CARTESIAN_POINT ( 'NONE',  ( -31.19999999999999929, 8.000000000000000000, -11.00000000000000000 ) ) ;
#595 = FACE_OUTER_BOUND ( 'NONE', #1126, .T. ) ;
#596 = ORIENTED_EDGE ( 'NONE', *, *, #1617, .T. ) ;
#597 = FACE_OUTER_BOUND ( 'NONE', #60, .T. ) ;
#598 = ORIENTED_EDGE ( 'NONE', *, *, #1571, .T. ) ;
#599 = ADVANCED_FACE ( 'NONE', ( #1210 ), #935, .T. ) ;
#600 = AXIS2_PLACEMENT_3D ( 'NONE', #1041, #132, #1304 ) ;
#601 = DIRECTION ( 'NONE',  ( 0.000000000000000000, 0.000000000000000000, -1.000000000000000000 ) ) ;
#602 = DIRECTION ( 'NONE',  ( 1.000000000000000000, 0.000000000000000000, 0.000000000000000000 ) ) ;
#603 = DIRECTION ( 'NONE',  ( 0.000000000000000000, 1.000000000000000000, 0.000000000000000000 ) ) ;
#604 = ORIENTED_EDGE ( 'NONE', *, *, #147, .T. ) ;
#605 = LINE ( 'NONE', #1029, #1007 ) ;
#606 = ORIENTED_EDGE ( 'NONE', *, *, #1607, .T. ) ;
#607 = ADVANCED_FACE ( 'NONE', ( #1585 ), #1078, .T. ) ;
#608 = CIRCLE ( 'NONE', #1588, 71.30248928736450864 ) ;
#609 = AXIS2_PLACEMENT_3D ( 'NONE', #146, #307, #718 ) ;
#610 = AXIS2_PLACEMENT_3D ( 'NONE', #577, #1653, #1543 ) ;
#611 = CARTESIAN_POINT ( 'NONE',  ( 36.00000000000002132, 8.000000000000000000, 35.99999999999999289 ) ) ;
#612 = AXIS2_PLACEMENT_3D ( 'NONE', #1380, #1364, #1613 ) ;
#613 = EDGE_CURVE ( 'NONE', #34, #1634, #232, .T. ) ;
#614 = LINE ( 'NONE', #228, #1162 ) ;
#615 = VERTEX_POINT ( 'NONE', #1044 ) ;
#616 = CARTESIAN_POINT ( 'NONE',  ( -27.50000000000000000, 1.500000000000000000, -27.50000000000000000 ) ) ;
#617 = ORIENTED_EDGE ( 'NONE', *, *, #790, .F. ) ;
#618 = LINE ( 'NONE', #756, #1258 ) ;
#619 = FILL_AREA_STYLE_COLOUR ( '', #590 ) ;
#620 = CYLINDRICAL_SURFACE ( 'NONE', #629, 1.000000000000000888 ) ;
#621 = ORIENTED_EDGE ( 'NONE', *, *, #1317, .T. ) ;
#622 = EDGE_CURVE ( 'NONE', #1305, #333, #1725, .T. ) ;
#623 = CARTESIAN_POINT ( 'NONE',  ( -31.89999999999999858, 10.00000000000000000, 31.89999999999999858 ) ) ;
#624 = ORIENTED_EDGE ( 'NONE', *, *, #526, .T. ) ;
#625 = PLANE ( 'NONE',  #48 ) ;
#626 = PRESENTATION_STYLE_ASSIGNMENT (( #365 ) ) ;
#627 = FACE_OUTER_BOUND ( 'NONE', #681, .T. ) ;
#628 = EDGE_LOOP ( 'NONE', ( #548, #1719, #1707, #182 ) ) ;
#629 = AXIS2_PLACEMENT_3D ( 'NONE', #470, #1296, #1165 ) ;
#630 = CARTESIAN_POINT ( 'NONE',  ( -11.00000000000000000, 8.000000000000000000, -3.840629472727446691E-14 ) ) ;
#631 = ORIENTED_EDGE ( 'NONE', *, *, #437, .F. ) ;
#632 = EDGE_CURVE ( 'NONE', #578, #1344, #852, .T. ) ;
#633 = CARTESIAN_POINT ( 'NONE',  ( 0.000000000000000000, 0.000000000000000000, 0.000000000000000000 ) ) ;
#634 = FACE_OUTER_BOUND ( 'NONE', #265, .T. ) ;
#635 = DIRECTION ( 'NONE',  ( 0.000000000000000000, 0.000000000000000000, 1.000000000000000000 ) ) ;
#636 = ORIENTED_EDGE ( 'NONE', *, *, #1371, .T. ) ;
#637 = CARTESIAN_POINT ( 'NONE',  ( -27.50000000000000000, 8.000000000000000000, 27.50000000000000000 ) ) ;
#638 = DIRECTION ( 'NONE',  ( 1.000000000000000000, 0.000000000000000000, 0.000000000000000000 ) ) ;
#639 = CIRCLE ( 'NONE', #45, 1.000000000000000888 ) ;
#640 = VECTOR ( 'NONE', #1047, 1000.000000000000000 ) ;
#641 = VERTEX_POINT ( 'NONE', #1322 ) ;
#642 = EDGE_CURVE ( 'NONE', #371, #79, #709, .T. ) ;
#643 = DIRECTION ( 'NONE',  ( 0.000000000000000000, 0.000000000000000000, 1.000000000000000000 ) ) ;
#644 = CARTESIAN_POINT ( 'NONE',  ( 31.90000000000000568, 8.099999999999962341, -31.89999999999999147 ) ) ;
#645 = VERTEX_POINT ( 'NONE', #1453 ) ;
#646 = DIRECTION ( 'NONE',  ( -0.000000000000000000, 1.000000000000000000, -0.000000000000000000 ) ) ;
#647 = DIRECTION ( 'NONE',  ( 1.000000000000000000, 0.000000000000000000, 0.000000000000000000 ) ) ;
#648 = DIRECTION ( 'NONE',  ( 0.000000000000000000, -1.000000000000000000, 0.000000000000000000 ) ) ;
#649 = ORIENTED_EDGE ( 'NONE', *, *, #1714, .F. ) ;
#650 = EDGE_CURVE ( 'NONE', #1434, #403, #994, .T. ) ;
#651 = APPLICATION_PROTOCOL_DEFINITION ( 'draft international standard', 'automotive_design', 1998, #407 ) ;
#652 = DIRECTION ( 'NONE',  ( 0.000000000000000000, 1.000000000000000000, 0.000000000000000000 ) ) ;
#653 = EDGE_LOOP ( 'NONE', ( #1573, #1587, #1260, #1300 ) ) ;
#654 = CARTESIAN_POINT ( 'NONE',  ( -27.50000000000001421, 0.000000000000000000, -35.99999999999999289 ) ) ;
#655 = DIRECTION ( 'NONE',  ( -0.000000000000000000, -0.000000000000000000, 1.000000000000000000 ) ) ;
#656 = LINE ( 'NONE', #1597, #461 ) ;
#657 = ORIENTED_EDGE ( 'NONE', *, *, #701, .F. ) ;
#658 = CIRCLE ( 'NONE', #1638, 1.649999999999995248 ) ;
#659 = CARTESIAN_POINT ( 'NONE',  ( -31.89999999999999858, 0.000000000000000000, -35.99999999999997868 ) ) ;
#660 = ORIENTED_EDGE ( 'NONE', *, *, #1267, .T. ) ;
#661 = CIRCLE ( 'NONE', #1335, 0.9999999999999974465 ) ;
#662 = CARTESIAN_POINT ( 'NONE',  ( 27.50000000000000000, 8.000000000000000000, 27.50000000000000000 ) ) ;
#663 = PLANE ( 'NONE',  #933 ) ;
#664 = ADVANCED_FACE ( 'NONE', ( #809 ), #392, .T. ) ;
#665 = DIRECTION ( 'NONE',  ( -3.491481338843133355E-15, 0.000000000000000000, 1.000000000000000000 ) ) ;
#666 = ORIENTED_EDGE ( 'NONE', *, *, #490, .F. ) ;
#667 = AXIS2_PLACEMENT_3D ( 'NONE', #1480, #424, #292 ) ;
#668 = PRODUCT_DEFINITION_FORMATION_WITH_SPECIFIED_SOURCE ( 'ANY', '', #260, .NOT_KNOWN. ) ;
#669 = LINE ( 'NONE', #1441, #545 ) ;
#670 = ORIENTED_EDGE ( 'NONE', *, *, #1275, .T. ) ;
#671 = MECHANICAL_DESIGN_GEOMETRIC_PRESENTATION_REPRESENTATION (  '', ( #363 ), #517 ) ;
#672 = CARTESIAN_POINT ( 'NONE',  ( 31.90000000000001279, 0.000000000000000000, 31.89999999999999147 ) ) ;
#673 = LINE ( 'NONE', #400, #1385 ) ;
#674 = LINE ( 'NONE', #126, #323 ) ;
#675 = ORIENTED_EDGE ( 'NONE', *, *, #1309, .T. ) ;
#676 = EDGE_CURVE ( 'NONE', #34, #199, #1245, .T. ) ;
#677 = ORIENTED_EDGE ( 'NONE', *, *, #1213, .F. ) ;
#678 = CYLINDRICAL_SURFACE ( 'NONE', #440, 0.9999999999999974465 ) ;
#679 = CARTESIAN_POINT ( 'NONE',  ( 27.50000000000000000, 8.000000000000000000, 11.00000000000000000 ) ) ;
#680 = CARTESIAN_POINT ( 'NONE',  ( 31.90000000000000568, 10.00000000000000000, -35.45000000000001705 ) ) ;
#681 = EDGE_LOOP ( 'NONE', ( #743, #978, #1182, #1212 ) ) ;
#682 = CYLINDRICAL_SURFACE ( 'NONE', #1145, 1.649999999999998579 ) ;
#683 = VECTOR ( 'NONE', #1401, 1000.000000000000000 ) ;
#684 = ADVANCED_FACE ( 'NONE', ( #411 ), #663, .T. ) ;
#685 = EDGE_LOOP ( 'NONE', ( #1334, #302, #280, #897 ) ) ;
#686 = DIRECTION ( 'NONE',  ( -0.000000000000000000, 0.000000000000000000, 1.000000000000000000 ) ) ;
#687 = VECTOR ( 'NONE', #559, 1000.000000000000000 ) ;
#688 = DIRECTION ( 'NONE',  ( 0.000000000000000000, 0.000000000000000000, -1.000000000000000000 ) ) ;
#689 = AXIS2_PLACEMENT_3D ( 'NONE', #62, #88, #1697 ) ;
#690 = CARTESIAN_POINT ( 'NONE',  ( 36.00000000000002132, 8.000000000000000000, 31.89999999999999147 ) ) ;
#691 = ORIENTED_EDGE ( 'NONE', *, *, #1408, .T. ) ;
#692 = DIRECTION ( 'NONE',  ( -0.000000000000000000, -0.000000000000000000, 1.000000000000000000 ) ) ;
#693 = CIRCLE ( 'NONE', #497, 3.550000000000032241 ) ;
#694 = ORIENTED_EDGE ( 'NONE', *, *, #102, .T. ) ;
#695 = CARTESIAN_POINT ( 'NONE',  ( 31.90000000000001279, 0.000000000000000000, 31.89999999999999147 ) ) ;
#696 = LINE ( 'NONE', #826, #773 ) ;
#697 = CYLINDRICAL_SURFACE ( 'NONE', #1670, 1.000000000000000888 ) ;
#698 = EDGE_LOOP ( 'NONE', ( #1281, #1654, #870, #64, #553, #326, #513, #904, #474, #170, #1690, #1657, #1517, #387, #1225, #762, #340, #1054, #1324, #729 ) ) ;
#699 = DIRECTION ( 'NONE',  ( -0.000000000000000000, -1.000000000000000000, -0.000000000000000000 ) ) ;
#700 = ORIENTED_EDGE ( 'NONE', *, *, #799, .F. ) ;
#701 = EDGE_CURVE ( 'NONE', #1264, #755, #173, .T. ) ;
#702 = ORIENTED_EDGE ( 'NONE', *, *, #1643, .F. ) ;
#703 = FACE_OUTER_BOUND ( 'NONE', #902, .T. ) ;
#704 = EDGE_CURVE ( 'NONE', #615, #1565, #673, .T. ) ;
#705 = CARTESIAN_POINT ( 'NONE',  ( 0.000000000000000000, 70.00000000000000000, -11.00000000000000000 ) ) ;
#706 = VERTEX_POINT ( 'NONE', #4 ) ;
#707 = CARTESIAN_POINT ( 'NONE',  ( -10.99999999999990230, 8.000000000000000000, -27.50000000000000000 ) ) ;
#708 = ORIENTED_EDGE ( 'NONE', *, *, #676, .F. ) ;
#709 = CIRCLE ( 'NONE', #92, 0.9999999999999974465 ) ;
#710 = EDGE_CURVE ( 'NONE', #164, #464, #608, .T. ) ;
#711 = VECTOR ( 'NONE', #791, 1000.000000000000000 ) ;
#712 = ORIENTED_EDGE ( 'NONE', *, *, #1655, .T. ) ;
#713 = DIRECTION ( 'NONE',  ( 0.000000000000000000, 0.000000000000000000, 1.000000000000000000 ) ) ;
#714 = CYLINDRICAL_SURFACE ( 'NONE', #465, 1.649999999999998579 ) ;
#715 = DIRECTION ( 'NONE',  ( 1.000000000000000000, 0.000000000000000000, 0.000000000000000000 ) ) ;
#716 = ORIENTED_EDGE ( 'NONE', *, *, #710, .T. ) ;
#717 = EDGE_CURVE ( 'NONE', #1236, #850, #304, .T. ) ;
#718 = DIRECTION ( 'NONE',  ( 0.000000000000000000, 0.000000000000000000, 1.000000000000000000 ) ) ;
#719 = VERTEX_POINT ( 'NONE', #1103 ) ;
#720 = VECTOR ( 'NONE', #1226, 1000.000000000000000 ) ;
#721 = VECTOR ( 'NONE', #1025, 1000.000000000000000 ) ;
#722 = VERTEX_POINT ( 'NONE', #1353 ) ;
#723 = DIRECTION ( 'NONE',  ( -1.000000000000000000, 0.000000000000000000, 1.927470528863118309E-16 ) ) ;
#724 = CARTESIAN_POINT ( 'NONE',  ( 0.000000000000000000, 8.000000000000000000, -11.00000000000000000 ) ) ;
#725 = CARTESIAN_POINT ( 'NONE',  ( -0.000000000000000000, 8.000000000000000000, 11.00000000000000000 ) ) ;
#726 = ORIENTED_EDGE ( 'NONE', *, *, #29, .F. ) ;
#727 = CARTESIAN_POINT ( 'NONE',  ( 27.50000000000000000, 0.000000000000000000, 27.50000000000000000 ) ) ;
#728 = ADVANCED_FACE ( 'NONE', ( #703 ), #380, .F. ) ;
#729 = ORIENTED_EDGE ( 'NONE', *, *, #1607, .F. ) ;
#730 = ORIENTED_EDGE ( 'NONE', *, *, #1599, .T. ) ;
#731 = LINE ( 'NONE', #1406, #78 ) ;
#732 = FILL_AREA_STYLE ('',( #619 ) ) ;
#733 = CARTESIAN_POINT ( 'NONE',  ( 27.50000000000000000, 1.500000000000000000, -27.50000000000000000 ) ) ;
#734 = VERTEX_POINT ( 'NONE', #44 ) ;
#735 = DIRECTION ( 'NONE',  ( -0.000000000000000000, 1.000000000000000000, -0.000000000000000000 ) ) ;
#736 = ORIENTED_EDGE ( 'NONE', *, *, #1640, .T. ) ;
#737 = EDGE_CURVE ( 'NONE', #1018, #1372, #551, .T. ) ;
#738 = VECTOR ( 'NONE', #508, 1000.000000000000000 ) ;
#739 = PLANE ( 'NONE',  #1621 ) ;
#740 =( NAMED_UNIT ( * ) SI_UNIT ( $, .STERADIAN. ) SOLID_ANGLE_UNIT ( ) );
#741 = CARTESIAN_POINT ( 'NONE',  ( 11.00000000000000000, 70.00000000000000000, 3.840629472727446691E-14 ) ) ;
#742 = AXIS2_PLACEMENT_3D ( 'NONE', #1333, #375, #1586 ) ;
#743 = ORIENTED_EDGE ( 'NONE', *, *, #1684, .T. ) ;
#744 = CARTESIAN_POINT ( 'NONE',  ( -31.89999999999999858, 10.00000000000000000, 35.99999999999999289 ) ) ;
#745 = ORIENTED_EDGE ( 'NONE', *, *, #352, .F. ) ;
#746 = AXIS2_PLACEMENT_3D ( 'NONE', #446, #699, #984 ) ;
#747 = EDGE_CURVE ( 'NONE', #1307, #123, #425, .T. ) ;
#748 = CONICAL_SURFACE ( 'NONE', #1337, 3.549999999999997602, 0.7853981633974466137 ) ;
#749 = CARTESIAN_POINT ( 'NONE',  ( -11.00000000000000000, 70.00000000000000000, -3.840629472727446691E-14 ) ) ;
#750 = DIRECTION ( 'NONE',  ( -3.469446951953622866E-15, 0.000000000000000000, 1.000000000000000000 ) ) ;
#751 = CIRCLE ( 'NONE', #104, 0.9999999999999974465 ) ;
#752 = DIRECTION ( 'NONE',  ( -1.000000000000000000, 0.000000000000000000, -3.491481338843133355E-15 ) ) ;
#753 = ORIENTED_EDGE ( 'NONE', *, *, #579, .T. ) ;
#754 = DIRECTION ( 'NONE',  ( 2.040851148208005632E-15, 0.000000000000000000, 1.000000000000000000 ) ) ;
#755 = VERTEX_POINT ( 'NONE', #28 ) ;
#756 = CARTESIAN_POINT ( 'NONE',  ( -27.50000000000000000, 8.000000000000000000, 27.50000000000000000 ) ) ;
#757 =( NAMED_UNIT ( * ) PLANE_ANGLE_UNIT ( ) SI_UNIT ( $, .RADIAN. ) );
#758 = DIRECTION ( 'NONE',  ( -0.000000000000000000, -1.000000000000000000, -0.000000000000000000 ) ) ;
#759 = ORIENTED_EDGE ( 'NONE', *, *, #1106, .T. ) ;
#760 = LINE ( 'NONE', #630, #1502 ) ;
#761 = ADVANCED_FACE ( 'NONE', ( #12 ), #585, .T. ) ;
#762 = ORIENTED_EDGE ( 'NONE', *, *, #1599, .F. ) ;
#763 = DIRECTION ( 'NONE',  ( 0.000000000000000000, -1.000000000000000000, 0.000000000000000000 ) ) ;
#764 = VECTOR ( 'NONE', #1481, 1000.000000000000000 ) ;
#765 = DIRECTION ( 'NONE',  ( 1.000000000000000000, 0.000000000000000000, 0.000000000000000000 ) ) ;
#766 = DIRECTION ( 'NONE',  ( 0.000000000000000000, 0.000000000000000000, 1.000000000000000000 ) ) ;
#767 = ORIENTED_EDGE ( 'NONE', *, *, #1436, .T. ) ;
#768 = VECTOR ( 'NONE', #1327, 1000.000000000000000 ) ;
#769 = DIRECTION ( 'NONE',  ( -0.000000000000000000, 1.000000000000000000, -0.000000000000000000 ) ) ;
#770 = VECTOR ( 'NONE', #971, 1000.000000000000000 ) ;
#771 = ORIENTED_EDGE ( 'NONE', *, *, #888, .T. ) ;
#772 = EDGE_CURVE ( 'NONE', #1272, #1307, #1628, .T. ) ;
#773 = VECTOR ( 'NONE', #1636, 1000.000000000000000 ) ;
#774 = SHAPE_DEFINITION_REPRESENTATION ( #1671, #1217 ) ;
#775 = DIRECTION ( 'NONE',  ( -1.000000000000000000, -0.000000000000000000, -3.491481338843133750E-15 ) ) ;
#776 = ORIENTED_EDGE ( 'NONE', *, *, #1213, .T. ) ;
#777 = CARTESIAN_POINT ( 'NONE',  ( -31.89999999999999858, 10.00000000000000000, 35.44999999999999574 ) ) ;
#778 = DIRECTION ( 'NONE',  ( -3.469446951953622866E-15, 0.000000000000000000, 1.000000000000000000 ) ) ;
#779 = VECTOR ( 'NONE', #487, 1000.000000000000000 ) ;
#780 = CARTESIAN_POINT ( 'NONE',  ( 31.19999999999999929, 8.000000000000000000, -11.00000000000000000 ) ) ;
#781 = ORIENTED_EDGE ( 'NONE', *, *, #85, .T. ) ;
#782 = EDGE_CURVE ( 'NONE', #894, #1018, #327, .T. ) ;
#783 = EDGE_CURVE ( 'NONE', #1379, #967, #143, .T. ) ;
#784 = DIRECTION ( 'NONE',  ( 0.000000000000000000, 1.000000000000000000, 0.000000000000000000 ) ) ;
#785 = ORIENTED_EDGE ( 'NONE', *, *, #395, .F. ) ;
#786 = FACE_OUTER_BOUND ( 'NONE', #52, .T. ) ;
#787 = DIRECTION ( 'NONE',  ( 0.000000000000000000, -1.000000000000000000, 0.000000000000000000 ) ) ;
#788 = LINE ( 'NONE', #258, #1222 ) ;
#789 = ORIENTED_EDGE ( 'NONE', *, *, #783, .F. ) ;
#790 = EDGE_CURVE ( 'NONE', #734, #79, #1374, .T. ) ;
#791 = DIRECTION ( 'NONE',  ( 0.000000000000000000, -1.000000000000000000, 0.000000000000000000 ) ) ;
#792 = ORIENTED_EDGE ( 'NONE', *, *, #1350, .F. ) ;
#793 = CARTESIAN_POINT ( 'NONE',  ( 31.90000000000001279, 10.00000000000000000, 28.34999999999995879 ) ) ;
#794 = CARTESIAN_POINT ( 'NONE',  ( -31.90000000000000568, 10.00000000000000000, -35.44999999999998153 ) ) ;
#795 = FACE_OUTER_BOUND ( 'NONE', #1208, .T. ) ;
#796 = EDGE_LOOP ( 'NONE', ( #1239, #1556, #1594, #233 ) ) ;
#797 = VECTOR ( 'NONE', #715, 1000.000000000000000 ) ;
#798 = CARTESIAN_POINT ( 'NONE',  ( -11.00000000000010836, 7.000000000000004441, 31.19999999999996021 ) ) ;
#799 = EDGE_CURVE ( 'NONE', #1236, #1379, #550, .T. ) ;
#800 = DIRECTION ( 'NONE',  ( -1.000000000000000000, 0.000000000000000000, 0.000000000000000000 ) ) ;
#801 = ORIENTED_EDGE ( 'NONE', *, *, #437, .T. ) ;
#802 = CARTESIAN_POINT ( 'NONE',  ( -31.90000000000000568, 10.00000000000000000, -31.89999999999998437 ) ) ;
#803 = CARTESIAN_POINT ( 'NONE',  ( 0.000000000000000000, 0.000000000000000000, -11.00000000000000000 ) ) ;
#804 = DIRECTION ( 'NONE',  ( -0.000000000000000000, -1.000000000000000000, 0.000000000000000000 ) ) ;
#805 = VERTEX_POINT ( 'NONE', #433 ) ;
#806 = CIRCLE ( 'NONE', #1678, 71.30248928736450864 ) ;
#807 = ORIENTED_EDGE ( 'NONE', *, *, #799, .T. ) ;
#808 = CARTESIAN_POINT ( 'NONE',  ( 27.50000000000000000, 8.000000000000000000, -27.50000000000000000 ) ) ;
#809 = FACE_OUTER_BOUND ( 'NONE', #685, .T. ) ;
#810 = DIRECTION ( 'NONE',  ( 0.000000000000000000, 1.000000000000000000, 0.000000000000000000 ) ) ;
#811 = VERTEX_POINT ( 'NONE', #679 ) ;
#812 = ADVANCED_FACE ( 'NONE', ( #282 ), #714, .F. ) ;
#813 = FACE_OUTER_BOUND ( 'NONE', #1253, .T. ) ;
#814 = VERTEX_POINT ( 'NONE', #21 ) ;
#815 = LINE ( 'NONE', #1215, #1120 ) ;
#816 = DIRECTION ( 'NONE',  ( -0.000000000000000000, -1.000000000000000000, -0.000000000000000000 ) ) ;
#817 = FACE_OUTER_BOUND ( 'NONE', #1073, .T. ) ;
#818 = VERTEX_POINT ( 'NONE', #969 ) ;
#819 = CARTESIAN_POINT ( 'NONE',  ( -36.00000000000000711, 0.000000000000000000, 31.89999999999999858 ) ) ;
#820 = EDGE_CURVE ( 'NONE', #1305, #403, #1096, .T. ) ;
#821 = VECTOR ( 'NONE', #1001, 1000.000000000000000 ) ;
#822 = AXIS2_PLACEMENT_3D ( 'NONE', #1623, #152, #420 ) ;
#823 = ORIENTED_EDGE ( 'NONE', *, *, #888, .F. ) ;
#824 = CARTESIAN_POINT ( 'NONE',  ( -36.00000000000000711, 0.000000000000000000, -31.89999999999997726 ) ) ;
#825 = AXIS2_PLACEMENT_3D ( 'NONE', #419, #1241, #311 ) ;
#826 = CARTESIAN_POINT ( 'NONE',  ( 27.50000000000000000, 1.500000000000000000, 27.50000000000000000 ) ) ;
#827 = AXIS2_PLACEMENT_3D ( 'NONE', #1432, #227, #765 ) ;
#828 = AXIS2_PLACEMENT_3D ( 'NONE', #91, #479, #65 ) ;
#829 = LINE ( 'NONE', #161, #458 ) ;
#830 = ORIENTED_EDGE ( 'NONE', *, *, #1490, .F. ) ;
#831 = DIRECTION ( 'NONE',  ( 0.000000000000000000, 1.000000000000000000, 0.000000000000000000 ) ) ;
#832 = ORIENTED_EDGE ( 'NONE', *, *, #1551, .F. ) ;
#833 = VECTOR ( 'NONE', #540, 1000.000000000000000 ) ;
#834 = EDGE_CURVE ( 'NONE', #361, #1272, #696, .T. ) ;
#835 = AXIS2_PLACEMENT_3D ( 'NONE', #329, #81, #482 ) ;
#836 = ADVANCED_FACE ( 'NONE', ( #452 ), #565, .F. ) ;
#837 = ORIENTED_EDGE ( 'NONE', *, *, #264, .F. ) ;
#838 = CYLINDRICAL_SURFACE ( 'NONE', #835, 0.9999999999999974465 ) ;
#839 = CARTESIAN_POINT ( 'NONE',  ( 36.00000000000002132, 0.000000000000000000, -35.99999999999999289 ) ) ;
#840 = LINE ( 'NONE', #725, #797 ) ;
#841 = ORIENTED_EDGE ( 'NONE', *, *, #209, .T. ) ;
#842 = FACE_BOUND ( 'NONE', #133, .T. ) ;
#843 = EDGE_CURVE ( 'NONE', #172, #1329, #1648, .T. ) ;
#844 = ORIENTED_EDGE ( 'NONE', *, *, #50, .F. ) ;
#845 = EDGE_CURVE ( 'NONE', #1434, #1565, #999, .T. ) ;
#846 = ORIENTED_EDGE ( 'NONE', *, *, #1242, .T. ) ;
#847 = FACE_OUTER_BOUND ( 'NONE', #1284, .T. ) ;
#848 = CARTESIAN_POINT ( 'NONE',  ( -31.90000000000000568, 10.00000000000000000, -28.34999999999998721 ) ) ;
#849 = CARTESIAN_POINT ( 'NONE',  ( -36.00000000000000711, 10.00000000000000000, 0.000000000000000000 ) ) ;
#850 = VERTEX_POINT ( 'NONE', #484 ) ;
#851 = LINE ( 'NONE', #1491, #1420 ) ;
#852 = CIRCLE ( 'NONE', #261, 1.649999999999998579 ) ;
#853 = VECTOR ( 'NONE', #1383, 1000.000000000000000 ) ;
#854 = VECTOR ( 'NONE', #648, 1000.000000000000000 ) ;
#855 = VERTEX_POINT ( 'NONE', #220 ) ;
#856 = DIRECTION ( 'NONE',  ( 0.000000000000000000, 0.000000000000000000, 1.000000000000000000 ) ) ;
#857 = DIRECTION ( 'NONE',  ( 0.000000000000000000, 0.000000000000000000, -1.000000000000000000 ) ) ;
#858 = EDGE_CURVE ( 'NONE', #172, #1634, #476, .T. ) ;
#859 = CARTESIAN_POINT ( 'NONE',  ( 10.99999999999988987, 8.000000000000000000, 31.20000000000003837 ) ) ;
#860 = ORIENTED_EDGE ( 'NONE', *, *, #1251, .T. ) ;
#861 = VECTOR ( 'NONE', #1365, 1000.000000000000000 ) ;
#862 = CARTESIAN_POINT ( 'NONE',  ( -11.00000000000009592, 8.000000000000000000, 27.50000000000000000 ) ) ;
#863 = ORIENTED_EDGE ( 'NONE', *, *, #342, .F. ) ;
#864 = AXIS2_PLACEMENT_3D ( 'NONE', #368, #769, #1306 ) ;
#865 = VECTOR ( 'NONE', #763, 1000.000000000000000 ) ;
#866 = ORIENTED_EDGE ( 'NONE', *, *, #962, .T. ) ;
#867 = FACE_OUTER_BOUND ( 'NONE', #698, .T. ) ;
#868 = CARTESIAN_POINT ( 'NONE',  ( -10.99999999999990230, 8.000000000000000000, -27.50000000000000000 ) ) ;
#869 = CARTESIAN_POINT ( 'NONE',  ( 31.90000000000001279, 10.00000000000000000, 31.89999999999999147 ) ) ;
#870 = ORIENTED_EDGE ( 'NONE', *, *, #147, .F. ) ;
#871 = PLANE ( 'NONE',  #1195 ) ;
#872 = VERTEX_POINT ( 'NONE', #1279 ) ;
#873 = EDGE_CURVE ( 'NONE', #1086, #734, #139, .T. ) ;
#874 = DIRECTION ( 'NONE',  ( 0.000000000000000000, 0.000000000000000000, -1.000000000000000000 ) ) ;
#875 = LINE ( 'NONE', #1554, #1124 ) ;
#876 = CARTESIAN_POINT ( 'NONE',  ( -36.00000000000000711, 1.500000000000000000, 27.49999999999999645 ) ) ;
#877 = EDGE_LOOP ( 'NONE', ( #76, #1639, #1108, #987, #33, #702, #572, #677, #536 ) ) ;
#878 = FACE_OUTER_BOUND ( 'NONE', #1146, .T. ) ;
#879 = VERTEX_POINT ( 'NONE', #1288 ) ;
#880 = EDGE_CURVE ( 'NONE', #31, #1475, #875, .T. ) ;
#881 = CARTESIAN_POINT ( 'NONE',  ( -31.19999999999999929, 8.000000000000000000, 11.00000000000000000 ) ) ;
#882 = DIRECTION ( 'NONE',  ( 0.000000000000000000, 0.000000000000000000, 1.000000000000000000 ) ) ;
#883 = CYLINDRICAL_SURFACE ( 'NONE', #1081, 1.650000000000002132 ) ;
#884 = EDGE_LOOP ( 'NONE', ( #1723, #197, #480, #309 ) ) ;
#885 = DIRECTION ( 'NONE',  ( -0.000000000000000000, 0.000000000000000000, 1.000000000000000000 ) ) ;
#886 = ORIENTED_EDGE ( 'NONE', *, *, #941, .F. ) ;
#887 = CIRCLE ( 'NONE', #210, 1.000000000000000888 ) ;
#888 = EDGE_CURVE ( 'NONE', #191, #1488, #448, .T. ) ;
#889 = VECTOR ( 'NONE', #558, 1000.000000000000000 ) ;
#890 = FACE_OUTER_BOUND ( 'NONE', #1410, .T. ) ;
#891 = CARTESIAN_POINT ( 'NONE',  ( -36.00000000000000711, 0.000000000000000000, 36.00000000000000000 ) ) ;
#892 = VECTOR ( 'NONE', #1545, 1000.000000000000000 ) ;
#893 = CYLINDRICAL_SURFACE ( 'NONE', #488, 1.650000000000002132 ) ;
#894 = VERTEX_POINT ( 'NONE', #1262 ) ;
#895 = CARTESIAN_POINT ( 'NONE',  ( 31.19999999999999929, 7.000000000000004441, -11.00000000000000000 ) ) ;
#896 = MANIFOLD_SOLID_BREP ( 'Stock-RFID_Box_Card_Extension-1', #291 ) ;
#897 = ORIENTED_EDGE ( 'NONE', *, *, #70, .F. ) ;
#898 = DIRECTION ( 'NONE',  ( 1.000000000000000000, 0.000000000000000000, 0.000000000000000000 ) ) ;
#899 = PLANE ( 'NONE',  #827 ) ;
#900 = ADVANCED_FACE ( 'NONE', ( #1688 ), #1155, .F. ) ;
#901 = DIRECTION ( 'NONE',  ( -0.000000000000000000, -0.000000000000000000, 1.000000000000000000 ) ) ;
#902 = EDGE_LOOP ( 'NONE', ( #837, #985, #111, #273 ) ) ;
#903 = CARTESIAN_POINT ( 'NONE',  ( -31.19999999999999929, 7.000000000000004441, -11.00000000000000000 ) ) ;
#904 = ORIENTED_EDGE ( 'NONE', *, *, #880, .T. ) ;
#905 = FACE_BOUND ( 'NONE', #107, .T. ) ;
#906 = PLANE ( 'NONE',  #350 ) ;
#907 = ORIENTED_EDGE ( 'NONE', *, *, #276, .T. ) ;
#908 = ADVANCED_FACE ( 'NONE', ( #1026 ), #1164, .T. ) ;
#909 = CARTESIAN_POINT ( 'NONE',  ( -27.50000000000000000, 8.000000000000000000, -11.00000000000000000 ) ) ;
#910 = CARTESIAN_POINT ( 'NONE',  ( -27.50000000000000000, 0.000000000000000000, -27.50000000000000000 ) ) ;
#911 = CARTESIAN_POINT ( 'NONE',  ( 31.90000000000000568, 8.000000000000000000, -31.89999999999999147 ) ) ;
#912 = VERTEX_POINT ( 'NONE', #1407 ) ;
#913 = VECTOR ( 'NONE', #212, 1000.000000000000000 ) ;
#914 = LINE ( 'NONE', #257, #1526 ) ;
#915 = EDGE_LOOP ( 'NONE', ( #1378, #767, #1249, #498 ) ) ;
#916 = CARTESIAN_POINT ( 'NONE',  ( 11.00000000000000000, 70.00000000000000000, 3.840629472727446691E-14 ) ) ;
#917 = CIRCLE ( 'NONE', #976, 4.099999999999999645 ) ;
#918 = DIRECTION ( 'NONE',  ( -0.000000000000000000, 0.000000000000000000, 1.000000000000000000 ) ) ;
#919 = CARTESIAN_POINT ( 'NONE',  ( 11.00000000000009415, 8.000000000000000000, -27.50000000000000000 ) ) ;
#920 = ORIENTED_EDGE ( 'NONE', *, *, #1317, .F. ) ;
#921 = EDGE_CURVE ( 'NONE', #1100, #306, #492, .T. ) ;
#922 = DIRECTION ( 'NONE',  ( -1.000000000000000000, 0.000000000000000000, 9.637352644315591545E-17 ) ) ;
#923 = CARTESIAN_POINT ( 'NONE',  ( -10.99999999999990408, 4.214021413566165997, -27.50000000000000000 ) ) ;
#924 = EDGE_LOOP ( 'NONE', ( #1437, #1121, #860, #1128 ) ) ;
#925 = CARTESIAN_POINT ( 'NONE',  ( -31.89999999999999858, 0.000000000000000000, 33.54999999999999716 ) ) ;
#926 = CARTESIAN_POINT ( 'NONE',  ( -31.90000000000000568, 8.000000000000000000, -31.89999999999997726 ) ) ;
#927 = LINE ( 'NONE', #1738, #235 ) ;
#928 = EDGE_LOOP ( 'NONE', ( #807, #736, #666, #1624 ) ) ;
#929 = PRODUCT_DEFINITION_CONTEXT ( 'detailed design', #981, 'design' ) ;
#930 = ADVANCED_FACE ( 'NONE', ( #1391 ), #185, .F. ) ;
#931 = DIRECTION ( 'NONE',  ( -1.000000000000000000, 0.000000000000000000, 0.000000000000000000 ) ) ;
#932 = ORIENTED_EDGE ( 'NONE', *, *, #622, .F. ) ;
#933 = AXIS2_PLACEMENT_3D ( 'NONE', #1184, #1203, #1071 ) ;
#934 = DIRECTION ( 'NONE',  ( 0.000000000000000000, -0.000000000000000000, -1.000000000000000000 ) ) ;
#935 = PLANE ( 'NONE',  #1161 ) ;
#936 = CARTESIAN_POINT ( 'NONE',  ( 31.90000000000000568, 10.00000000000000000, -31.89999999999999147 ) ) ;
#937 = ORIENTED_EDGE ( 'NONE', *, *, #490, .T. ) ;
#938 = CIRCLE ( 'NONE', #1219, 71.30248928736450864 ) ;
#939 = PRODUCT_RELATED_PRODUCT_CATEGORY ( 'part', '', ( #260 ) ) ;
#940 = CYLINDRICAL_SURFACE ( 'NONE', #571, 0.9999999999999974465 ) ;
#941 = EDGE_CURVE ( 'NONE', #1100, #464, #1681, .T. ) ;
#942 = ORIENTED_EDGE ( 'NONE', *, *, #395, .T. ) ;
#943 = DIRECTION ( 'NONE',  ( -0.000000000000000000, -1.000000000000000000, -0.000000000000000000 ) ) ;
#944 = CARTESIAN_POINT ( 'NONE',  ( -31.89999999999999858, 0.000000000000000000, 30.25000000000000000 ) ) ;
#945 = CARTESIAN_POINT ( 'NONE',  ( 11.00000000000000000, 70.00000000000000000, 3.840629472727446691E-14 ) ) ;
#946 = ORIENTED_EDGE ( 'NONE', *, *, #642, .T. ) ;
#947 = AXIS2_PLACEMENT_3D ( 'NONE', #802, #1708, #384 ) ;
#948 = CIRCLE ( 'NONE', #1062, 3.550000000000025580 ) ;
#949 = ADVANCED_FACE ( 'NONE', ( #1400 ), #1224, .F. ) ;
#950 = ORIENTED_EDGE ( 'NONE', *, *, #1206, .F. ) ;
#951 = FACE_OUTER_BOUND ( 'NONE', #145, .T. ) ;
#952 = DIRECTION ( 'NONE',  ( 0.000000000000000000, 0.000000000000000000, 1.000000000000000000 ) ) ;
#953 = ADVANCED_FACE ( 'NONE', ( #634 ), #899, .T. ) ;
#954 = CARTESIAN_POINT ( 'NONE',  ( 36.00000000000002132, 10.00000000000000000, 31.89999999999999147 ) ) ;
#955 = VERTEX_POINT ( 'NONE', #1303 ) ;
#956 = FACE_BOUND ( 'NONE', #1370, .T. ) ;
#957 = ORIENTED_EDGE ( 'NONE', *, *, #40, .T. ) ;
#958 = DIRECTION ( 'NONE',  ( -0.000000000000000000, -1.000000000000000000, -0.000000000000000000 ) ) ;
#959 = CARTESIAN_POINT ( 'NONE',  ( -27.50000000000000000, 1.500000000000000000, -27.50000000000000000 ) ) ;
#960 = CARTESIAN_POINT ( 'NONE',  ( 31.90000000000001990, 8.000000000000000000, -31.89999999999999147 ) ) ;
#961 = ORIENTED_EDGE ( 'NONE', *, *, #416, .T. ) ;
#962 = EDGE_CURVE ( 'NONE', #489, #1264, #500, .T. ) ;
#963 = CARTESIAN_POINT ( 'NONE',  ( -36.00000000000000711, 1.499999999999999556, 27.50000000000000355 ) ) ;
#964 = ADVANCED_FACE ( 'NONE', ( #1705 ), #163, .F. ) ;
#965 = AXIS2_PLACEMENT_3D ( 'NONE', #22, #560, #1495 ) ;
#966 = VECTOR ( 'NONE', #804, 1000.000000000000000 ) ;
#967 = VERTEX_POINT ( 'NONE', #154 ) ;
#968 = CARTESIAN_POINT ( 'NONE',  ( 0.000000000000000000, 0.000000000000000000, 11.00000000000000000 ) ) ;
#969 = CARTESIAN_POINT ( 'NONE',  ( -27.50000000000000000, 8.000000000000000000, 27.50000000000000000 ) ) ;
#970 = AXIS2_PLACEMENT_3D ( 'NONE', #1299, #1395, #1427 ) ;
#971 = DIRECTION ( 'NONE',  ( 0.000000000000000000, -1.000000000000000000, 0.000000000000000000 ) ) ;
#972 = ORIENTED_EDGE ( 'NONE', *, *, #140, .T. ) ;
#973 = LINE ( 'NONE', #992, #1501 ) ;
#974 = ORIENTED_EDGE ( 'NONE', *, *, #1074, .F. ) ;
#975 = VECTOR ( 'NONE', #1716, 1000.000000000000000 ) ;
#976 = AXIS2_PLACEMENT_3D ( 'NONE', #1196, #1600, #379 ) ;
#977 = EDGE_CURVE ( 'NONE', #1521, #1036, #973, .T. ) ;
#978 = ORIENTED_EDGE ( 'NONE', *, *, #1414, .T. ) ;
#979 = DIRECTION ( 'NONE',  ( -1.000000000000000000, -0.000000000000000000, -3.491481338843133750E-15 ) ) ;
#980 = CARTESIAN_POINT ( 'NONE',  ( -27.50000000000000000, 8.000000000000000000, 27.50000000000000000 ) ) ;
#981 = APPLICATION_CONTEXT ( 'automotive_design' ) ;
#982 = DIRECTION ( 'NONE',  ( 1.000000000000000000, 0.000000000000000000, 0.000000000000000000 ) ) ;
#983 = EDGE_LOOP ( 'NONE', ( #2, #1426, #621, #1244 ) ) ;
#984 = DIRECTION ( 'NONE',  ( 0.000000000000000000, 0.000000000000000000, -1.000000000000000000 ) ) ;
#985 = ORIENTED_EDGE ( 'NONE', *, *, #1423, .F. ) ;
#986 = EDGE_CURVE ( 'NONE', #369, #719, #466, .T. ) ;
#987 = ORIENTED_EDGE ( 'NONE', *, *, #131, .T. ) ;
#988 = DIRECTION ( 'NONE',  ( 0.000000000000000000, 1.000000000000000000, 0.000000000000000000 ) ) ;
#989 = DIRECTION ( 'NONE',  ( -1.000000000000000000, 0.000000000000000000, -3.491481338843133355E-15 ) ) ;
#990 = DIRECTION ( 'NONE',  ( -0.000000000000000000, 0.000000000000000000, 1.000000000000000000 ) ) ;
#991 = ORIENTED_EDGE ( 'NONE', *, *, #85, .F. ) ;
#992 = CARTESIAN_POINT ( 'NONE',  ( -36.00000000000000711, 0.000000000000000000, 36.00000000000000000 ) ) ;
#993 = ORIENTED_EDGE ( 'NONE', *, *, #1382, .T. ) ;
#994 = CIRCLE ( 'NONE', #1023, 4.099999999999999645 ) ;
#995 = CIRCLE ( 'NONE', #38, 1.649999999999998579 ) ;
#996 = CIRCLE ( 'NONE', #742, 1.649999999999998579 ) ;
#997 = CARTESIAN_POINT ( 'NONE',  ( -11.00000000000000000, 0.000000000000000000, -3.840629472727446691E-14 ) ) ;
#998 = CARTESIAN_POINT ( 'NONE',  ( -0.000000000000000000, 8.000000000000000000, 11.00000000000000000 ) ) ;
#999 = LINE ( 'NONE', #891, #913 ) ;
#1000 = EDGE_CURVE ( 'NONE', #1488, #180, #1254, .T. ) ;
#1001 = DIRECTION ( 'NONE',  ( 0.000000000000000000, -1.000000000000000000, 0.000000000000000000 ) ) ;
#1002 = ORIENTED_EDGE ( 'NONE', *, *, #50, .T. ) ;
#1003 = AXIS2_PLACEMENT_3D ( 'NONE', #36, #989, #1112 ) ;
#1004 = DIRECTION ( 'NONE',  ( -0.000000000000000000, 0.000000000000000000, 1.000000000000000000 ) ) ;
#1005 = VECTOR ( 'NONE', #1270, 1000.000000000000000 ) ;
#1006 = EDGE_LOOP ( 'NONE', ( #801, #1002 ) ) ;
#1007 = VECTOR ( 'NONE', #341, 1000.000000000000000 ) ;
#1008 = DIRECTION ( 'NONE',  ( 0.000000000000000000, -0.000000000000000000, 1.000000000000000000 ) ) ;
#1009 = DIRECTION ( 'NONE',  ( -1.000000000000000000, 0.000000000000000000, 0.000000000000000000 ) ) ;
#1010 = DIRECTION ( 'NONE',  ( -0.000000000000000000, -1.000000000000000000, -0.000000000000000000 ) ) ;
#1011 = ORIENTED_EDGE ( 'NONE', *, *, #1129, .F. ) ;
#1012 = ADVANCED_FACE ( 'NONE', ( #1518 ), #682, .F. ) ;
#1013 = LINE ( 'NONE', #616, #331 ) ;
#1014 = ORIENTED_EDGE ( 'NONE', *, *, #200, .T. ) ;
#1015 = LINE ( 'NONE', #1261, #301 ) ;
#1016 = CARTESIAN_POINT ( 'NONE',  ( -31.90000000000000568, 8.000000000000000000, -31.89999999999998437 ) ) ;
#1017 = DIRECTION ( 'NONE',  ( 0.000000000000000000, -1.000000000000000000, 0.000000000000000000 ) ) ;
#1018 = VERTEX_POINT ( 'NONE', #455 ) ;
#1019 = CARTESIAN_POINT ( 'NONE',  ( 31.90000000000001279, 0.000000000000000000, 30.24999999999998934 ) ) ;
#1020 = ADVANCED_FACE ( 'NONE', ( #956, #428, #1116, #842, #813 ), #314, .T. ) ;
#1021 = ORIENTED_EDGE ( 'NONE', *, *, #613, .T. ) ;
#1022 = ADVANCED_FACE ( 'NONE', ( #286 ), #1056, .F. ) ;
#1023 = AXIS2_PLACEMENT_3D ( 'NONE', #1314, #249, #1177 ) ;
#1024 = VECTOR ( 'NONE', #1660, 1000.000000000000000 ) ;
#1025 = DIRECTION ( 'NONE',  ( 1.261617073437678492E-16, 0.000000000000000000, 1.000000000000000000 ) ) ;
#1026 = FACE_OUTER_BOUND ( 'NONE', #1739, .T. ) ;
#1027 = CARTESIAN_POINT ( 'NONE',  ( 31.90000000000001990, 10.00000000000000000, -31.89999999999999147 ) ) ;
#1028 = VERTEX_POINT ( 'NONE', #963 ) ;
#1029 = CARTESIAN_POINT ( 'NONE',  ( 11.00000000000000000, 8.000000000000000000, 3.840629472727446691E-14 ) ) ;
#1030 = VERTEX_POINT ( 'NONE', #1221 ) ;
#1031 = EDGE_CURVE ( 'NONE', #1178, #31, #562, .T. ) ;
#1032 = VECTOR ( 'NONE', #1190, 1000.000000000000000 ) ;
#1033 = CARTESIAN_POINT ( 'NONE',  ( 27.50000000000000000, 8.000000000000000000, -27.50000000000000000 ) ) ;
#1034 = VECTOR ( 'NONE', #1531, 1000.000000000000000 ) ;
#1035 = CARTESIAN_POINT ( 'NONE',  ( -31.89999999999999858, 8.099999999999994316, 30.25000000000000000 ) ) ;
#1036 = VERTEX_POINT ( 'NONE', #819 ) ;
#1037 = LINE ( 'NONE', #325, #1113 ) ;
#1038 = ORIENTED_EDGE ( 'NONE', *, *, #507, .T. ) ;
#1039 = EDGE_CURVE ( 'NONE', #1046, #811, #1229, .T. ) ;
#1040 = DIRECTION ( 'NONE',  ( 0.000000000000000000, 0.000000000000000000, 1.000000000000000000 ) ) ;
#1041 = CARTESIAN_POINT ( 'NONE',  ( 11.00000000000000000, 70.00000000000000000, 3.840629472727446691E-14 ) ) ;
#1042 = ORIENTED_EDGE ( 'NONE', *, *, #1408, .F. ) ;
#1043 = CARTESIAN_POINT ( 'NONE',  ( 27.50000000000000000, 8.000000000000000000, -11.00000000000000000 ) ) ;
#1044 = CARTESIAN_POINT ( 'NONE',  ( -36.00000000000001421, 1.500000000000000000, -27.49999999999998224 ) ) ;
#1045 = CARTESIAN_POINT ( 'NONE',  ( -36.00000000000000711, 8.000000000000000000, -31.89999999999997726 ) ) ;
#1046 = VERTEX_POINT ( 'NONE', #1091 ) ;
#1047 = DIRECTION ( 'NONE',  ( -0.000000000000000000, -0.000000000000000000, 1.000000000000000000 ) ) ;
#1048 = FACE_OUTER_BOUND ( 'NONE', #1715, .T. ) ;
#1049 = ORIENTED_EDGE ( 'NONE', *, *, #1093, .T. ) ;
#1050 = CONICAL_SURFACE ( 'NONE', #318, 3.550000000000032241, 0.7853981633974483900 ) ;
#1051 = CARTESIAN_POINT ( 'NONE',  ( 36.00000000000002132, 0.000000000000000000, 35.99999999999999289 ) ) ;
#1052 = CYLINDRICAL_SURFACE ( 'NONE', #483, 71.30248928736450864 ) ;
#1053 = DIRECTION ( 'NONE',  ( 1.000000000000000000, 0.000000000000000000, 0.000000000000000000 ) ) ;
#1054 = ORIENTED_EDGE ( 'NONE', *, *, #858, .F. ) ;
#1055 = VECTOR ( 'NONE', #1099, 999.9999999999998863 ) ;
#1056 = CONICAL_SURFACE ( 'NONE', #1362, 3.549999999999997602, 0.7853981633974466137 ) ;
#1057 = DIRECTION ( 'NONE',  ( 0.000000000000000000, 0.000000000000000000, 1.000000000000000000 ) ) ;
#1058 = DIRECTION ( 'NONE',  ( 0.000000000000000000, 1.000000000000000000, 0.000000000000000000 ) ) ;
#1059 = CIRCLE ( 'NONE', #414, 0.9999999999999974465 ) ;
#1060 = VERTEX_POINT ( 'NONE', #569 ) ;
#1061 = DIRECTION ( 'NONE',  ( 0.000000000000000000, 0.000000000000000000, 1.000000000000000000 ) ) ;
#1062 = AXIS2_PLACEMENT_3D ( 'NONE', #219, #1122, #319 ) ;
#1063 = CARTESIAN_POINT ( 'NONE',  ( -11.00000000000010836, 7.000000000000004441, 31.19999999999996021 ) ) ;
#1064 = DIRECTION ( 'NONE',  ( -0.000000000000000000, 1.000000000000000000, -0.000000000000000000 ) ) ;
#1065 = ORIENTED_EDGE ( 'NONE', *, *, #230, .T. ) ;
#1066 = EDGE_CURVE ( 'NONE', #1379, #1236, #1590, .T. ) ;
#1067 = CARTESIAN_POINT ( 'NONE',  ( 31.90000000000001279, 10.00000000000000000, 31.89999999999999147 ) ) ;
#1068 = CARTESIAN_POINT ( 'NONE',  ( 31.90000000000001279, 8.099999999999969447, 31.89999999999999147 ) ) ;
#1069 = EDGE_LOOP ( 'NONE', ( #1205, #1686, #759, #604 ) ) ;
#1070 = CARTESIAN_POINT ( 'NONE',  ( 11.00000000000000000, 8.000000000000000000, 3.840629472727446691E-14 ) ) ;
#1071 = DIRECTION ( 'NONE',  ( 0.000000000000000000, -0.000000000000000000, -1.000000000000000000 ) ) ;
#1072 = CARTESIAN_POINT ( 'NONE',  ( -27.50000000000001421, 1.500000000000000000, -35.99999999999999289 ) ) ;
#1073 = EDGE_LOOP ( 'NONE', ( #1274, #1393, #745, #1568 ) ) ;
#1074 = EDGE_CURVE ( 'NONE', #855, #223, #851, .T. ) ;
#1075 = CARTESIAN_POINT ( 'NONE',  ( -27.50000000000000000, 8.000000000000000000, -27.50000000000000000 ) ) ;
#1076 = EDGE_LOOP ( 'NONE', ( #1418, #1082, #1352, #606, #1446, #525, #539, #730 ) ) ;
#1077 = LINE ( 'NONE', #1620, #186 ) ;
#1078 = PLANE ( 'NONE',  #1301 ) ;
#1079 = EDGE_CURVE ( 'NONE', #164, #1060, #661, .T. ) ;
#1080 = CARTESIAN_POINT ( 'NONE',  ( 31.90000000000001279, 10.00000000000000000, 31.89999999999999147 ) ) ;
#1081 = AXIS2_PLACEMENT_3D ( 'NONE', #460, #758, #1271 ) ;
#1082 = ORIENTED_EDGE ( 'NONE', *, *, #566, .T. ) ;
#1083 = CIRCLE ( 'NONE', #10, 1.649999999999995248 ) ;
#1084 = AXIS2_PLACEMENT_3D ( 'NONE', #980, #1088, #857 ) ;
#1085 = ADVANCED_FACE ( 'NONE', ( #1237 ), #128, .F. ) ;
#1086 = VERTEX_POINT ( 'NONE', #436 ) ;
#1087 = CARTESIAN_POINT ( 'NONE',  ( 31.90000000000000568, 8.000000000000000000, -33.54999999999998295 ) ) ;
#1088 = DIRECTION ( 'NONE',  ( 1.000000000000000000, -0.000000000000000000, 0.000000000000000000 ) ) ;
#1089 = FACE_OUTER_BOUND ( 'NONE', #1460, .T. ) ;
#1090 = ORIENTED_EDGE ( 'NONE', *, *, #449, .T. ) ;
#1091 = CARTESIAN_POINT ( 'NONE',  ( 27.50000000000000000, 4.214021413566179319, 11.00000000000000000 ) ) ;
#1092 = CIRCLE ( 'NONE', #1538, 3.549999999999997602 ) ;
#1093 = EDGE_CURVE ( 'NONE', #123, #361, #1510, .T. ) ;
#1094 = ORIENTED_EDGE ( 'NONE', *, *, #138, .F. ) ;
#1095 = CARTESIAN_POINT ( 'NONE',  ( 31.90000000000001279, 10.00000000000000000, 35.45000000000002416 ) ) ;
#1096 = LINE ( 'NONE', #839, #687 ) ;
#1097 = LINE ( 'NONE', #187, #288 ) ;
#1098 = EDGE_LOOP ( 'NONE', ( #1159, #239, #1728, #51 ) ) ;
#1099 = DIRECTION ( 'NONE',  ( 0.000000000000000000, 0.7071067811865489050, 0.7071067811865462405 ) ) ;
#1100 = VERTEX_POINT ( 'NONE', #707 ) ;
#1101 = ORIENTED_EDGE ( 'NONE', *, *, #546, .T. ) ;
#1102 = LINE ( 'NONE', #1514, #1422 ) ;
#1103 = CARTESIAN_POINT ( 'NONE',  ( -31.89999999999999858, 8.099999999999994316, 33.54999999999999716 ) ) ;
#1104 = CYLINDRICAL_SURFACE ( 'NONE', #822, 0.9999999999999974465 ) ;
#1105 = ORIENTED_EDGE ( 'NONE', *, *, #1448, .T. ) ;
#1106 = EDGE_CURVE ( 'NONE', #278, #6, #72, .T. ) ;
#1107 = DIRECTION ( 'NONE',  ( -3.469446951953622866E-15, 3.469446951953622866E-15, 1.000000000000000000 ) ) ;
#1108 = ORIENTED_EDGE ( 'NONE', *, *, #977, .F. ) ;
#1109 = AXIS2_PLACEMENT_3D ( 'NONE', #1068, #122, #272 ) ;
#1110 = VERTEX_POINT ( 'NONE', #1282 ) ;
#1111 = DIRECTION ( 'NONE',  ( 0.000000000000000000, 1.000000000000000000, 0.000000000000000000 ) ) ;
#1112 = DIRECTION ( 'NONE',  ( -3.491481338843133355E-15, 0.000000000000000000, 1.000000000000000000 ) ) ;
#1113 = VECTOR ( 'NONE', #198, 1000.000000000000000 ) ;
#1114 = DIRECTION ( 'NONE',  ( 0.000000000000000000, -1.000000000000000000, 0.000000000000000000 ) ) ;
#1115 = VERTEX_POINT ( 'NONE', #1536 ) ;
#1116 = FACE_BOUND ( 'NONE', #1238, .T. ) ;
#1117 = ADVANCED_FACE ( 'NONE', ( #335 ), #224, .F. ) ;
#1118 = ORIENTED_EDGE ( 'NONE', *, *, #1039, .F. ) ;
#1119 = VECTOR ( 'NONE', #1677, 1000.000000000000000 ) ;
#1120 = VECTOR ( 'NONE', #27, 1000.000000000000000 ) ;
#1121 = ORIENTED_EDGE ( 'NONE', *, *, #1404, .T. ) ;
#1122 = DIRECTION ( 'NONE',  ( -0.000000000000000000, -1.000000000000000000, -0.000000000000000000 ) ) ;
#1123 = CARTESIAN_POINT ( 'NONE',  ( -27.50000000000001421, 1.500000000000000000, -35.99999999999999289 ) ) ;
#1124 = VECTOR ( 'NONE', #1132, 1000.000000000000000 ) ;
#1125 = FACE_OUTER_BOUND ( 'NONE', #1069, .T. ) ;
#1126 = EDGE_LOOP ( 'NONE', ( #1101, #1049, #1136, #1349, #83, #830, #886, #1316 ) ) ;
#1127 = CARTESIAN_POINT ( 'NONE',  ( -10.99999999999988987, 7.000000000000004441, -31.20000000000003837 ) ) ;
#1128 = ORIENTED_EDGE ( 'NONE', *, *, #880, .F. ) ;
#1129 = EDGE_CURVE ( 'NONE', #223, #1398, #1403, .T. ) ;
#1130 = VERTEX_POINT ( 'NONE', #1019 ) ;
#1131 = DIRECTION ( 'NONE',  ( -1.000000000000000000, 0.000000000000000000, -3.491481338843133355E-15 ) ) ;
#1132 = DIRECTION ( 'NONE',  ( -0.000000000000000000, -0.000000000000000000, 1.000000000000000000 ) ) ;
#1133 = LINE ( 'NONE', #477, #514 ) ;
#1134 = ORIENTED_EDGE ( 'NONE', *, *, #1230, .T. ) ;
#1135 = CARTESIAN_POINT ( 'NONE',  ( 27.50000000000000000, 8.000000000000000000, -11.00000000000000000 ) ) ;
#1136 = ORIENTED_EDGE ( 'NONE', *, *, #1457, .F. ) ;
#1137 = AXIS2_PLACEMENT_3D ( 'NONE', #1156, #1010, #493 ) ;
#1138 = CIRCLE ( 'NONE', #1192, 3.550000000000032241 ) ;
#1139 = EDGE_CURVE ( 'NONE', #454, #955, #1283, .T. ) ;
#1140 = DIRECTION ( 'NONE',  ( -0.000000000000000000, -1.000000000000000000, -0.000000000000000000 ) ) ;
#1141 = DIRECTION ( 'NONE',  ( 1.000000000000000000, 0.000000000000000000, -0.000000000000000000 ) ) ;
#1142 = ORIENTED_EDGE ( 'NONE', *, *, #208, .F. ) ;
#1143 = VECTOR ( 'NONE', #355, 1000.000000000000000 ) ;
#1144 = DIRECTION ( 'NONE',  ( 0.000000000000000000, 0.000000000000000000, 1.000000000000000000 ) ) ;
#1145 = AXIS2_PLACEMENT_3D ( 'NONE', #1632, #1527, #1357 ) ;
#1146 = EDGE_LOOP ( 'NONE', ( #409, #1676, #390, #792 ) ) ;
#1147 = VECTOR ( 'NONE', #1399, 1000.000000000000000 ) ;
#1148 = DIRECTION ( 'NONE',  ( -9.637352644315591545E-17, 0.000000000000000000, -1.000000000000000000 ) ) ;
#1149 = EDGE_CURVE ( 'NONE', #1060, #1100, #760, .T. ) ;
#1150 = CARTESIAN_POINT ( 'NONE',  ( -36.00000000000000711, 8.000000000000000000, 31.89999999999999858 ) ) ;
#1151 = ORIENTED_EDGE ( 'NONE', *, *, #406, .F. ) ;
#1152 = CARTESIAN_POINT ( 'NONE',  ( 31.19999999999999929, 7.000000000000004441, 11.00000000000000000 ) ) ;
#1153 = EDGE_LOOP ( 'NONE', ( #343, #348, #1537, #657, #1484 ) ) ;
#1154 = LINE ( 'NONE', #998, #892 ) ;
#1155 = PLANE ( 'NONE',  #1361 ) ;
#1156 = CARTESIAN_POINT ( 'NONE',  ( 31.90000000000001990, 0.000000000000000000, -31.89999999999999147 ) ) ;
#1157 = ORIENTED_EDGE ( 'NONE', *, *, #1704, .F. ) ;
#1158 = CARTESIAN_POINT ( 'NONE',  ( 36.00000000000002132, 0.000000000000000000, 35.99999999999999289 ) ) ;
#1159 = ORIENTED_EDGE ( 'NONE', *, *, #1617, .F. ) ;
#1160 = ADVANCED_FACE ( 'NONE', ( #597 ), #871, .T. ) ;
#1161 = AXIS2_PLACEMENT_3D ( 'NONE', #803, #918, #1462 ) ;
#1162 = VECTOR ( 'NONE', #1555, 1000.000000000000000 ) ;
#1163 = FACE_BOUND ( 'NONE', #1006, .T. ) ;
#1164 = PLANE ( 'NONE',  #689 ) ;
#1165 = DIRECTION ( 'NONE',  ( 1.000000000000000000, 0.000000000000000000, 0.000000000000000000 ) ) ;
#1166 = ORIENTED_EDGE ( 'NONE', *, *, #289, .T. ) ;
#1167 = DIRECTION ( 'NONE',  ( 1.000000000000000000, 0.000000000000000000, -2.040851148208005632E-15 ) ) ;
#1168 = ORIENTED_EDGE ( 'NONE', *, *, #1000, .T. ) ;
#1169 = ADVANCED_FACE ( 'NONE', ( #215, #1701 ), #1419, .T. ) ;
#1170 = AXIS2_PLACEMENT_3D ( 'NONE', #672, #1313, #248 ) ;
#1171 =( LENGTH_UNIT ( ) NAMED_UNIT ( * ) SI_UNIT ( .MILLI., .METRE. ) );
#1172 = CARTESIAN_POINT ( 'NONE',  ( 31.64379651867616516, 6.103872414211619635, -11.00000000000000000 ) ) ;
#1173 = VECTOR ( 'NONE', #337, 1000.000000000000000 ) ;
#1174 = PLANE ( 'NONE',  #234 ) ;
#1175 = ORIENTED_EDGE ( 'NONE', *, *, #1298, .F. ) ;
#1176 = DIRECTION ( 'NONE',  ( -0.000000000000000000, -1.000000000000000000, -0.000000000000000000 ) ) ;
#1177 = DIRECTION ( 'NONE',  ( 0.000000000000000000, 0.000000000000000000, -1.000000000000000000 ) ) ;
#1178 = VERTEX_POINT ( 'NONE', #1135 ) ;
#1179 = EDGE_CURVE ( 'NONE', #1525, #31, #887, .T. ) ;
#1180 = CARTESIAN_POINT ( 'NONE',  ( 11.00000000000009592, 8.000000000000000000, -27.50000000000000000 ) ) ;
#1181 = DIRECTION ( 'NONE',  ( -0.000000000000000000, -1.000000000000000000, -0.000000000000000000 ) ) ;
#1182 = ORIENTED_EDGE ( 'NONE', *, *, #962, .F. ) ;
#1183 = LINE ( 'NONE', #662, #975 ) ;
#1184 = CARTESIAN_POINT ( 'NONE',  ( 0.000000000000000000, 1.500000000000000000, 0.000000000000000000 ) ) ;
#1185 = DIRECTION ( 'NONE',  ( 0.000000000000000000, 0.000000000000000000, -1.000000000000000000 ) ) ;
#1186 = VERTEX_POINT ( 'NONE', #727 ) ;
#1187 = EDGE_CURVE ( 'NONE', #894, #193, #1037, .T. ) ;
#1188 = CARTESIAN_POINT ( 'NONE',  ( -31.90000000000000568, 10.00000000000000000, -35.99999999999997868 ) ) ;
#1189 = ORIENTED_EDGE ( 'NONE', *, *, #1187, .F. ) ;
#1190 = DIRECTION ( 'NONE',  ( -1.000000000000000000, -0.000000000000000000, -3.491481338843133750E-15 ) ) ;
#1191 = CARTESIAN_POINT ( 'NONE',  ( 11.00000000000000000, 0.000000000000000000, 3.840629472727446691E-14 ) ) ;
#1192 = AXIS2_PLACEMENT_3D ( 'NONE', #1080, #412, #1482 ) ;
#1193 = DIRECTION ( 'NONE',  ( 1.000000000000000000, -0.000000000000000000, -0.000000000000000000 ) ) ;
#1194 = ORIENTED_EDGE ( 'NONE', *, *, #1726, .F. ) ;
#1195 = AXIS2_PLACEMENT_3D ( 'NONE', #358, #754, #1167 ) ;
#1196 = CARTESIAN_POINT ( 'NONE',  ( 31.90000000000001990, 0.000000000000000000, 31.89999999999999147 ) ) ;
#1197 = ADVANCED_FACE ( 'NONE', ( #878 ), #748, .F. ) ;
#1198 = CARTESIAN_POINT ( 'NONE',  ( 27.50000000000000000, 8.000000000000000000, 27.50000000000000000 ) ) ;
#1199 = CIRCLE ( 'NONE', #1397, 71.30248928736450864 ) ;
#1200 = ORIENTED_EDGE ( 'NONE', *, *, #131, .F. ) ;
#1201 = CARTESIAN_POINT ( 'NONE',  ( 31.64379651867616516, 6.103872414211619635, 11.00000000000000000 ) ) ;
#1202 = CIRCLE ( 'NONE', #1732, 3.549999999999997602 ) ;
#1203 = DIRECTION ( 'NONE',  ( 0.000000000000000000, -1.000000000000000000, 0.000000000000000000 ) ) ;
#1204 = DIRECTION ( 'NONE',  ( 0.000000000000000000, 0.000000000000000000, -1.000000000000000000 ) ) ;
#1205 = ORIENTED_EDGE ( 'NONE', *, *, #1079, .F. ) ;
#1206 = EDGE_CURVE ( 'NONE', #1214, #1412, #1557, .T. ) ;
#1207 = CARTESIAN_POINT ( 'NONE',  ( -31.90000000000000568, 0.000000000000000000, -31.89999999999998437 ) ) ;
#1208 = EDGE_LOOP ( 'NONE', ( #1065, #708, #1021, #841 ) ) ;
#1209 = CARTESIAN_POINT ( 'NONE',  ( -27.50000000000001421, 1.500000000000000000, -35.99999999999999289 ) ) ;
#1210 = FACE_OUTER_BOUND ( 'NONE', #203, .T. ) ;
#1211 = DIRECTION ( 'NONE',  ( 0.000000000000000000, 1.000000000000000000, 0.000000000000000000 ) ) ;
#1212 = ORIENTED_EDGE ( 'NONE', *, *, #177, .F. ) ;
#1213 = EDGE_CURVE ( 'NONE', #19, #645, #1273, .T. ) ;
#1214 = VERTEX_POINT ( 'NONE', #744 ) ;
#1215 = CARTESIAN_POINT ( 'NONE',  ( 11.00000000000000000, 4.214021413566193530, -27.50000000000000000 ) ) ;
#1216 = DIRECTION ( 'NONE',  ( -1.000000000000000000, 0.000000000000000000, -3.491481338843133355E-15 ) ) ;
#1217 = ADVANCED_BREP_SHAPE_REPRESENTATION ( 'SB-Card_Extension', ( #896, #582 ), #1368 ) ;
#1218 = LINE ( 'NONE', #1045, #966 ) ;
#1219 = AXIS2_PLACEMENT_3D ( 'NONE', #741, #752, #1290 ) ;
#1220 = VERTEX_POINT ( 'NONE', #1691 ) ;
#1221 = CARTESIAN_POINT ( 'NONE',  ( -31.89999999999999858, 0.000000000000000000, 36.00000000000000000 ) ) ;
#1222 = VECTOR ( 'NONE', #250, 1000.000000000000000 ) ;
#1223 = EDGE_CURVE ( 'NONE', #561, #269, #605, .T. ) ;
#1224 = CONICAL_SURFACE ( 'NONE', #1449, 3.550000000000025580, 0.7853981633974465026 ) ;
#1225 = ORIENTED_EDGE ( 'NONE', *, *, #556, .F. ) ;
#1226 = DIRECTION ( 'NONE',  ( 8.659560562354919300E-17, 0.7071067811865487940, -0.7071067811865463515 ) ) ;
#1227 = DIRECTION ( 'NONE',  ( 0.000000000000000000, -1.000000000000000000, 0.000000000000000000 ) ) ;
#1228 = ORIENTED_EDGE ( 'NONE', *, *, #469, .T. ) ;
#1229 = LINE ( 'NONE', #422, #439 ) ;
#1230 = EDGE_CURVE ( 'NONE', #592, #967, #1092, .T. ) ;
#1231 = EDGE_CURVE ( 'NONE', #269, #814, #57, .T. ) ;
#1232 = ORIENTED_EDGE ( 'NONE', *, *, #1583, .F. ) ;
#1233 = LINE ( 'NONE', #1095, #889 ) ;
#1234 = DIRECTION ( 'NONE',  ( 1.632680918566408568E-15, -0.000000000000000000, 1.000000000000000000 ) ) ;
#1235 = LINE ( 'NONE', #178, #1024 ) ;
#1236 = VERTEX_POINT ( 'NONE', #472 ) ;
#1237 = FACE_OUTER_BOUND ( 'NONE', #570, .T. ) ;
#1238 = EDGE_LOOP ( 'NONE', ( #972, #247 ) ) ;
#1239 = ORIENTED_EDGE ( 'NONE', *, *, #1640, .F. ) ;
#1240 = CARTESIAN_POINT ( 'NONE',  ( 0.000000000000000000, 70.00000000000000000, 11.00000000000000000 ) ) ;
#1241 = DIRECTION ( 'NONE',  ( -0.000000000000000000, 1.000000000000000000, -0.000000000000000000 ) ) ;
#1242 = EDGE_CURVE ( 'NONE', #123, #333, #1013, .T. ) ;
#1243 = CARTESIAN_POINT ( 'NONE',  ( 31.90000000000000568, 8.099999999999962341, -33.54999999999998295 ) ) ;
#1244 = ORIENTED_EDGE ( 'NONE', *, *, #858, .T. ) ;
#1245 = CIRCLE ( 'NONE', #316, 71.30248928736450864 ) ;
#1246 = CARTESIAN_POINT ( 'NONE',  ( 0.000000000000000000, 8.000000000000000000, -11.00000000000000000 ) ) ;
#1247 = ORIENTED_EDGE ( 'NONE', *, *, #507, .F. ) ;
#1248 = VECTOR ( 'NONE', #1252, 1000.000000000000000 ) ;
#1249 = ORIENTED_EDGE ( 'NONE', *, *, #632, .F. ) ;
#1250 = CARTESIAN_POINT ( 'NONE',  ( 31.90000000000000568, 8.099999999999962341, -30.24999999999999645 ) ) ;
#1251 = EDGE_CURVE ( 'NONE', #755, #1475, #639, .T. ) ;
#1252 = DIRECTION ( 'NONE',  ( -1.000000000000000000, 0.000000000000000000, 2.040851148208005632E-15 ) ) ;
#1253 = EDGE_LOOP ( 'NONE', ( #1291, #596, #1511, #1090, #1293, #1356, #942, #509 ) ) ;
#1254 = LINE ( 'NONE', #1662, #1055 ) ;
#1255 = ORIENTED_EDGE ( 'NONE', *, *, #747, .T. ) ;
#1256 = EDGE_CURVE ( 'NONE', #1030, #722, #1736, .T. ) ;
#1257 = VECTOR ( 'NONE', #1176, 1000.000000000000000 ) ;
#1258 = VECTOR ( 'NONE', #459, 1000.000000000000000 ) ;
#1259 = EDGE_CURVE ( 'NONE', #1018, #1130, #116, .T. ) ;
#1260 = ORIENTED_EDGE ( 'NONE', *, *, #334, .T. ) ;
#1261 = CARTESIAN_POINT ( 'NONE',  ( -27.50000000000000000, 8.000000000000000000, 27.50000000000000000 ) ) ;
#1262 = CARTESIAN_POINT ( 'NONE',  ( 31.90000000000001279, 8.099999999999969447, 33.54999999999999005 ) ) ;
#1263 = DIRECTION ( 'NONE',  ( -1.000000000000000000, 0.000000000000000000, -3.491481338843133355E-15 ) ) ;
#1264 = VERTEX_POINT ( 'NONE', #1201 ) ;
#1265 = CARTESIAN_POINT ( 'NONE',  ( -31.90000000000000568, 10.00000000000000000, -31.89999999999998437 ) ) ;
#1266 = ORIENTED_EDGE ( 'NONE', *, *, #252, .F. ) ;
#1267 = EDGE_CURVE ( 'NONE', #967, #592, #1591, .T. ) ;
#1268 = PLANE ( 'NONE',  #1276 ) ;
#1269 = CYLINDRICAL_SURFACE ( 'NONE', #360, 1.649999999999991696 ) ;
#1270 = DIRECTION ( 'NONE',  ( 0.000000000000000000, -1.000000000000000000, 0.000000000000000000 ) ) ;
#1271 = DIRECTION ( 'NONE',  ( 0.000000000000000000, 0.000000000000000000, -1.000000000000000000 ) ) ;
#1272 = VERTEX_POINT ( 'NONE', #533 ) ;
#1273 = LINE ( 'NONE', #1158, #1478 ) ;
#1274 = ORIENTED_EDGE ( 'NONE', *, *, #388, .F. ) ;
#1275 = EDGE_CURVE ( 'NONE', #1130, #193, #581, .T. ) ;
#1276 = AXIS2_PLACEMENT_3D ( 'NONE', #997, #328, #665 ) ;
#1277 = EDGE_CURVE ( 'NONE', #6, #23, #1331, .T. ) ;
#1278 = CARTESIAN_POINT ( 'NONE',  ( 27.50000000000000000, 4.214021413566179319, -11.00000000000000000 ) ) ;
#1279 = CARTESIAN_POINT ( 'NONE',  ( 31.90000000000000568, 0.000000000000000000, -30.24999999999999645 ) ) ;
#1280 = CARTESIAN_POINT ( 'NONE',  ( -31.89999999999999858, 8.000000000000000000, 31.89999999999999858 ) ) ;
#1281 = ORIENTED_EDGE ( 'NONE', *, *, #921, .F. ) ;
#1282 = CARTESIAN_POINT ( 'NONE',  ( 36.00000000000002132, 10.00000000000000000, -31.89999999999999147 ) ) ;
#1283 = CIRCLE ( 'NONE', #970, 4.099999999999999645 ) ;
#1284 = EDGE_LOOP ( 'NONE', ( #149, #1429, #1451, #398 ) ) ;
#1285 = CIRCLE ( 'NONE', #1649, 3.549999999999997602 ) ;
#1286 = AXIS2_PLACEMENT_3D ( 'NONE', #211, #1553, #1008 ) ;
#1287 = DIRECTION ( 'NONE',  ( -0.000000000000000000, -1.000000000000000000, -0.000000000000000000 ) ) ;
#1288 = CARTESIAN_POINT ( 'NONE',  ( 31.90000000000000568, 0.000000000000000000, -33.54999999999998295 ) ) ;
#1289 = ADVANCED_FACE ( 'NONE', ( #786 ), #1472, .F. ) ;
#1290 = DIRECTION ( 'NONE',  ( -3.503386530222125631E-15, 0.000000000000000000, 1.000000000000000000 ) ) ;
#1291 = ORIENTED_EDGE ( 'NONE', *, *, #252, .T. ) ;
#1292 = DIRECTION ( 'NONE',  ( 0.000000000000000000, 1.000000000000000000, 0.000000000000000000 ) ) ;
#1293 = ORIENTED_EDGE ( 'NONE', *, *, #473, .T. ) ;
#1294 = LINE ( 'NONE', #73, #216 ) ;
#1295 = DIRECTION ( 'NONE',  ( 1.000000000000000000, 0.000000000000000000, -1.927470528863118309E-16 ) ) ;
#1296 = DIRECTION ( 'NONE',  ( -0.000000000000000000, -0.000000000000000000, 1.000000000000000000 ) ) ;
#1297 = ORIENTED_EDGE ( 'NONE', *, *, #1129, .T. ) ;
#1298 = EDGE_CURVE ( 'NONE', #1028, #14, #1574, .T. ) ;
#1299 = CARTESIAN_POINT ( 'NONE',  ( -31.90000000000000568, 10.00000000000000000, -31.89999999999997726 ) ) ;
#1300 = ORIENTED_EDGE ( 'NONE', *, *, #1694, .F. ) ;
#1301 = AXIS2_PLACEMENT_3D ( 'NONE', #1191, #1596, #385 ) ;
#1302 = DIRECTION ( 'NONE',  ( -3.469446951953622866E-15, 0.000000000000000000, 1.000000000000000000 ) ) ;
#1303 = CARTESIAN_POINT ( 'NONE',  ( -36.00000000000000711, 10.00000000000000000, -31.89999999999997726 ) ) ;
#1304 = DIRECTION ( 'NONE',  ( -3.503386530222125631E-15, 0.000000000000000000, 1.000000000000000000 ) ) ;
#1305 = VERTEX_POINT ( 'NONE', #654 ) ;
#1306 = DIRECTION ( 'NONE',  ( 0.000000000000000000, 0.000000000000000000, 1.000000000000000000 ) ) ;
#1307 = VERTEX_POINT ( 'NONE', #1209 ) ;
#1308 = VECTOR ( 'NONE', #293, 1000.000000000000000 ) ;
#1309 = EDGE_CURVE ( 'NONE', #1542, #1178, #134, .T. ) ;
#1310 = VECTOR ( 'NONE', #1435, 1000.000000000000000 ) ;
#1311 = CARTESIAN_POINT ( 'NONE',  ( 36.00000000000002132, 8.000000000000000000, 35.99999999999999289 ) ) ;
#1312 = EDGE_LOOP ( 'NONE', ( #1735, #394, #1693, #1528, #1014 ) ) ;
#1313 = DIRECTION ( 'NONE',  ( 0.000000000000000000, 1.000000000000000000, 0.000000000000000000 ) ) ;
#1314 = CARTESIAN_POINT ( 'NONE',  ( -31.90000000000000568, 0.000000000000000000, -31.89999999999997726 ) ) ;
#1315 = CARTESIAN_POINT ( 'NONE',  ( -27.50000000000000000, 1.500000000000000000, 27.50000000000000000 ) ) ;
#1316 = ORIENTED_EDGE ( 'NONE', *, *, #921, .T. ) ;
#1317 = EDGE_CURVE ( 'NONE', #1402, #172, #1059, .T. ) ;
#1318 = CARTESIAN_POINT ( 'NONE',  ( -31.89999999999999858, 10.00000000000000000, 31.89999999999999858 ) ) ;
#1319 = DIRECTION ( 'NONE',  ( 0.000000000000000000, 1.000000000000000000, 0.000000000000000000 ) ) ;
#1320 = ORIENTED_EDGE ( 'NONE', *, *, #704, .F. ) ;
#1321 = LINE ( 'NONE', #637, #1257 ) ;
#1322 = CARTESIAN_POINT ( 'NONE',  ( 27.50000000000000000, 8.000000000000000000, -27.50000000000000000 ) ) ;
#1323 = PLANE ( 'NONE',  #1358 ) ;
#1324 = ORIENTED_EDGE ( 'NONE', *, *, #843, .T. ) ;
#1325 = EDGE_CURVE ( 'NONE', #1402, #214, #555, .T. ) ;
#1326 = DIRECTION ( 'NONE',  ( -3.491481338843133355E-15, 0.000000000000000000, 1.000000000000000000 ) ) ;
#1327 = DIRECTION ( 'NONE',  ( 0.000000000000000000, 0.000000000000000000, -1.000000000000000000 ) ) ;
#1328 = EDGE_CURVE ( 'NONE', #1220, #1465, #1285, .T. ) ;
#1329 = VERTEX_POINT ( 'NONE', #909 ) ;
#1330 = AXIS2_PLACEMENT_3D ( 'NONE', #1280, #1017, #1675 ) ;
#1331 = LINE ( 'NONE', #1070, #833 ) ;
#1332 = CARTESIAN_POINT ( 'NONE',  ( 0.000000000000000000, 70.00000000000000000, 11.00000000000000000 ) ) ;
#1333 = CARTESIAN_POINT ( 'NONE',  ( -31.90000000000000568, 0.000000000000000000, -31.89999999999998437 ) ) ;
#1334 = ORIENTED_EDGE ( 'NONE', *, *, #1139, .F. ) ;
#1335 = AXIS2_PLACEMENT_3D ( 'NONE', #1127, #296, #1107 ) ;
#1336 = DIRECTION ( 'NONE',  ( -3.469446951953622866E-15, 0.000000000000000000, 1.000000000000000000 ) ) ;
#1337 = AXIS2_PLACEMENT_3D ( 'NONE', #623, #735, #190 ) ;
#1338 = ORIENTED_EDGE ( 'NONE', *, *, #112, .T. ) ;
#1339 = DIRECTION ( 'NONE',  ( -0.000000000000000000, -1.000000000000000000, -0.000000000000000000 ) ) ;
#1340 = AXIS2_PLACEMENT_3D ( 'NONE', #105, #87, #1326 ) ;
#1341 = DIRECTION ( 'NONE',  ( 0.000000000000000000, 0.000000000000000000, -1.000000000000000000 ) ) ;
#1342 = ADVANCED_FACE ( 'NONE', ( #1566 ), #527, .F. ) ;
#1343 = DIRECTION ( 'NONE',  ( -0.000000000000000000, -1.000000000000000000, -0.000000000000000000 ) ) ;
#1344 = VERTEX_POINT ( 'NONE', #925 ) ;
#1345 = ORIENTED_EDGE ( 'NONE', *, *, #642, .F. ) ;
#1346 = CARTESIAN_POINT ( 'NONE',  ( 31.19999999999999929, 8.000000000000000000, 11.00000000000000000 ) ) ;
#1347 = CARTESIAN_POINT ( 'NONE',  ( 10.99999999999990408, 8.000000000000000000, 27.50000000000000000 ) ) ;
#1348 = CARTESIAN_POINT ( 'NONE',  ( 11.00000000000010836, 8.000000000000000000, -31.19999999999996021 ) ) ;
#1349 = ORIENTED_EDGE ( 'NONE', *, *, #521, .T. ) ;
#1350 = EDGE_CURVE ( 'NONE', #719, #1465, #372, .T. ) ;
#1351 = CARTESIAN_POINT ( 'NONE',  ( -31.90000000000000568, 10.00000000000000000, -31.89999999999998437 ) ) ;
#1352 = ORIENTED_EDGE ( 'NONE', *, *, #546, .F. ) ;
#1353 = CARTESIAN_POINT ( 'NONE',  ( 31.90000000000001990, 0.000000000000000000, 35.99999999999999289 ) ) ;
#1354 = CARTESIAN_POINT ( 'NONE',  ( -27.50000000000000000, 8.000000000000000000, -11.00000000000000000 ) ) ;
#1355 = CIRCLE ( 'NONE', #600, 71.30248928736450864 ) ;
#1356 = ORIENTED_EDGE ( 'NONE', *, *, #388, .T. ) ;
#1357 = DIRECTION ( 'NONE',  ( 0.000000000000000000, 0.000000000000000000, -1.000000000000000000 ) ) ;
#1358 = AXIS2_PLACEMENT_3D ( 'NONE', #136, #386, #1053 ) ;
#1359 = EDGE_CURVE ( 'NONE', #818, #14, #1321, .T. ) ;
#1360 = AXIS2_PLACEMENT_3D ( 'NONE', #1659, #1622, #1494 ) ;
#1361 = AXIS2_PLACEMENT_3D ( 'NONE', #468, #1546, #1295 ) ;
#1362 = AXIS2_PLACEMENT_3D ( 'NONE', #1351, #41, #1377 ) ;
#1363 = EDGE_LOOP ( 'NONE', ( #1550, #1602 ) ) ;
#1364 = DIRECTION ( 'NONE',  ( 0.000000000000000000, -1.000000000000000000, 0.000000000000000000 ) ) ;
#1365 = DIRECTION ( 'NONE',  ( -0.000000000000000000, -1.000000000000000000, -0.000000000000000000 ) ) ;
#1366 = LINE ( 'NONE', #305, #1248 ) ;
#1367 = ORIENTED_EDGE ( 'NONE', *, *, #1298, .T. ) ;
#1368 =( GEOMETRIC_REPRESENTATION_CONTEXT ( 3 ) GLOBAL_UNCERTAINTY_ASSIGNED_CONTEXT ( ( #279 ) ) GLOBAL_UNIT_ASSIGNED_CONTEXT ( ( #1171, #120, #1696 ) ) REPRESENTATION_CONTEXT ( 'NONE', 'WORKASPACE' ) );
#1369 = CARTESIAN_POINT ( 'NONE',  ( 27.50000000000000000, 1.499999999999999556, -27.50000000000000000 ) ) ;
#1370 = EDGE_LOOP ( 'NONE', ( #660, #1134 ) ) ;
#1371 = EDGE_CURVE ( 'NONE', #1086, #371, #503, .T. ) ;
#1372 = VERTEX_POINT ( 'NONE', #793 ) ;
#1373 = CARTESIAN_POINT ( 'NONE',  ( -31.90000000000000568, 10.00000000000000000, -35.44999999999998153 ) ) ;
#1374 = LINE ( 'NONE', #1515, #1308 ) ;
#1375 = CARTESIAN_POINT ( 'NONE',  ( 31.90000000000000568, 10.00000000000000000, -35.45000000000001705 ) ) ;
#1376 = ORIENTED_EDGE ( 'NONE', *, *, #1533, .F. ) ;
#1377 = DIRECTION ( 'NONE',  ( 0.000000000000000000, 0.000000000000000000, 1.000000000000000000 ) ) ;
#1378 = ORIENTED_EDGE ( 'NONE', *, *, #986, .T. ) ;
#1379 = VERTEX_POINT ( 'NONE', #1443 ) ;
#1380 = CARTESIAN_POINT ( 'NONE',  ( 0.000000000000000000, 1.500000000000000000, 0.000000000000000000 ) ) ;
#1381 = DIRECTION ( 'NONE',  ( -0.000000000000000000, 1.000000000000000000, -0.000000000000000000 ) ) ;
#1382 = EDGE_CURVE ( 'NONE', #403, #454, #108, .T. ) ;
#1383 = DIRECTION ( 'NONE',  ( 0.000000000000000000, 0.000000000000000000, 1.000000000000000000 ) ) ;
#1384 = VERTEX_POINT ( 'NONE', #124 ) ;
#1385 = VECTOR ( 'NONE', #267, 1000.000000000000000 ) ;
#1386 = DIRECTION ( 'NONE',  ( -0.000000000000000000, 1.000000000000000000, -0.000000000000000000 ) ) ;
#1387 = ORIENTED_EDGE ( 'NONE', *, *, #1259, .T. ) ;
#1388 = VECTOR ( 'NONE', #339, 1000.000000000000000 ) ;
#1389 = EDGE_LOOP ( 'NONE', ( #86, #450, #957, #1530 ) ) ;
#1390 = LINE ( 'NONE', #184, #1034 ) ;
#1391 = FACE_OUTER_BOUND ( 'NONE', #928, .T. ) ;
#1392 = CARTESIAN_POINT ( 'NONE',  ( 10.99999999999988987, 7.000000000000004441, 31.20000000000003837 ) ) ;
#1393 = ORIENTED_EDGE ( 'NONE', *, *, #1655, .F. ) ;
#1394 = EDGE_CURVE ( 'NONE', #1178, #641, #1183, .T. ) ;
#1395 = DIRECTION ( 'NONE',  ( 0.000000000000000000, 1.000000000000000000, 0.000000000000000000 ) ) ;
#1396 = ORIENTED_EDGE ( 'NONE', *, *, #1720, .T. ) ;
#1397 = AXIS2_PLACEMENT_3D ( 'NONE', #1240, #686, #159 ) ;
#1398 = VERTEX_POINT ( 'NONE', #43 ) ;
#1399 = DIRECTION ( 'NONE',  ( 0.000000000000000000, -1.000000000000000000, 0.000000000000000000 ) ) ;
#1400 = FACE_OUTER_BOUND ( 'NONE', #421, .T. ) ;
#1401 = DIRECTION ( 'NONE',  ( 0.000000000000000000, 1.000000000000000000, -0.000000000000000000 ) ) ;
#1402 = VERTEX_POINT ( 'NONE', #410 ) ;
#1403 = LINE ( 'NONE', #862, #298 ) ;
#1404 = EDGE_CURVE ( 'NONE', #1525, #755, #1077, .T. ) ;
#1405 = ADVANCED_FACE ( 'NONE', ( #442 ), #678, .F. ) ;
#1406 = CARTESIAN_POINT ( 'NONE',  ( -27.50000000000000000, 4.214021413566179319, -11.00000000000000000 ) ) ;
#1407 = CARTESIAN_POINT ( 'NONE',  ( 27.50000000000001421, 0.000000000000000000, -36.00000000000000000 ) ) ;
#1408 = EDGE_CURVE ( 'NONE', #174, #1186, #1102, .T. ) ;
#1409 = LINE ( 'NONE', #1150, #683 ) ;
#1410 = EDGE_LOOP ( 'NONE', ( #255, #624, #1619, #844 ) ) ;
#1411 = DIRECTION ( 'NONE',  ( 0.000000000000000000, 0.000000000000000000, -1.000000000000000000 ) ) ;
#1412 = VERTEX_POINT ( 'NONE', #564 ) ;
#1413 = VECTOR ( 'NONE', #652, 1000.000000000000000 ) ;
#1414 = EDGE_CURVE ( 'NONE', #1046, #1264, #1199, .T. ) ;
#1415 = DIRECTION ( 'NONE',  ( -3.503386530222125631E-15, 0.000000000000000000, 1.000000000000000000 ) ) ;
#1416 = SURFACE_STYLE_FILL_AREA ( #732 ) ;
#1417 = CARTESIAN_POINT ( 'NONE',  ( -27.50000000000000000, 0.000000000000000000, -27.50000000000000000 ) ) ;
#1418 = ORIENTED_EDGE ( 'NONE', *, *, #1359, .T. ) ;
#1419 = PLANE ( 'NONE',  #520 ) ;
#1420 = VECTOR ( 'NONE', #15, 1000.000000000000000 ) ;
#1421 = EDGE_LOOP ( 'NONE', ( #568, #1157, #866, #251 ) ) ;
#1422 = VECTOR ( 'NONE', #1627, 1000.000000000000000 ) ;
#1423 = EDGE_CURVE ( 'NONE', #719, #369, #270, .T. ) ;
#1424 = DIRECTION ( 'NONE',  ( -0.000000000000000000, -0.000000000000000000, 1.000000000000000000 ) ) ;
#1425 = CARTESIAN_POINT ( 'NONE',  ( 31.90000000000001279, 8.000000000000000000, 31.89999999999999147 ) ) ;
#1426 = ORIENTED_EDGE ( 'NONE', *, *, #40, .F. ) ;
#1427 = DIRECTION ( 'NONE',  ( 0.000000000000000000, 0.000000000000000000, 1.000000000000000000 ) ) ;
#1428 = PRESENTATION_LAYER_ASSIGNMENT (  '', '', ( #363 ) ) ;
#1429 = ORIENTED_EDGE ( 'NONE', *, *, #772, .F. ) ;
#1430 = EDGE_CURVE ( 'NONE', #894, #805, #1233, .T. ) ;
#1431 = CARTESIAN_POINT ( 'NONE',  ( 31.19999999999999929, 7.000000000000004441, -11.00000000000000000 ) ) ;
#1432 = CARTESIAN_POINT ( 'NONE',  ( 0.000000000000000000, 0.000000000000000000, -11.00000000000000000 ) ) ;
#1433 = LINE ( 'NONE', #876, #821 ) ;
#1434 = VERTEX_POINT ( 'NONE', #824 ) ;
#1435 = DIRECTION ( 'NONE',  ( 1.000000000000000000, -0.000000000000000000, 4.081702296416014518E-16 ) ) ;
#1436 = EDGE_CURVE ( 'NONE', #719, #1344, #573, .T. ) ;
#1437 = ORIENTED_EDGE ( 'NONE', *, *, #1179, .F. ) ;
#1438 = AXIS2_PLACEMENT_3D ( 'NONE', #1459, #1181, #254 ) ;
#1439 = VECTOR ( 'NONE', #144, 1000.000000000000000 ) ;
#1440 = DIRECTION ( 'NONE',  ( -1.000000000000000000, 0.000000000000000000, -3.491481338843133355E-15 ) ) ;
#1441 = CARTESIAN_POINT ( 'NONE',  ( -31.89999999999999858, 8.000000000000000000, 36.00000000000000000 ) ) ;
#1442 = ORIENTED_EDGE ( 'NONE', *, *, #1267, .F. ) ;
#1443 = CARTESIAN_POINT ( 'NONE',  ( -31.90000000000000568, 8.099999999999994316, -30.24999999999998579 ) ) ;
#1444 = DIRECTION ( 'NONE',  ( 0.000000000000000000, 1.000000000000000000, 0.000000000000000000 ) ) ;
#1445 = LINE ( 'NONE', #680, #150 ) ;
#1446 = ORIENTED_EDGE ( 'NONE', *, *, #192, .T. ) ;
#1447 = VECTOR ( 'NONE', #176, 1000.000000000000000 ) ;
#1448 = EDGE_CURVE ( 'NONE', #193, #1130, #496, .T. ) ;
#1449 = AXIS2_PLACEMENT_3D ( 'NONE', #195, #1570, #1040 ) ;
#1450 = CARTESIAN_POINT ( 'NONE',  ( 31.90000000000001990, 10.00000000000000000, 31.89999999999999147 ) ) ;
#1451 = ORIENTED_EDGE ( 'NONE', *, *, #834, .F. ) ;
#1452 = DIRECTION ( 'NONE',  ( 1.000000000000000000, 1.734723475976811433E-15, 0.000000000000000000 ) ) ;
#1453 = CARTESIAN_POINT ( 'NONE',  ( 36.00000000000002132, 0.000000000000000000, -31.89999999999999858 ) ) ;
#1454 = DIRECTION ( 'NONE',  ( 0.000000000000000000, 0.000000000000000000, 1.000000000000000000 ) ) ;
#1455 = ORIENTED_EDGE ( 'NONE', *, *, #473, .F. ) ;
#1456 = EDGE_CURVE ( 'NONE', #1236, #592, #432, .T. ) ;
#1457 = EDGE_CURVE ( 'NONE', #641, #361, #274, .T. ) ;
#1458 = APPLICATION_PROTOCOL_DEFINITION ( 'draft international standard', 'automotive_design', 1998, #981 ) ;
#1459 = CARTESIAN_POINT ( 'NONE',  ( -31.89999999999999858, 0.000000000000000000, 31.89999999999999858 ) ) ;
#1460 = EDGE_LOOP ( 'NONE', ( #932, #991, #1255, #846 ) ) ;
#1461 = DIRECTION ( 'NONE',  ( 1.000000000000000000, 0.000000000000000000, 0.000000000000000000 ) ) ;
#1462 = DIRECTION ( 'NONE',  ( 1.000000000000000000, 0.000000000000000000, 0.000000000000000000 ) ) ;
#1463 = ADVANCED_FACE ( 'NONE', ( #951 ), #11, .T. ) ;
#1464 = DIRECTION ( 'NONE',  ( 0.000000000000000000, 0.000000000000000000, 1.000000000000000000 ) ) ;
#1465 = VERTEX_POINT ( 'NONE', #310 ) ;
#1466 = AXIS2_PLACEMENT_3D ( 'NONE', #1473, #1737, #1604 ) ;
#1467 = ADVANCED_FACE ( 'NONE', ( #847 ), #281, .T. ) ;
#1468 = CARTESIAN_POINT ( 'NONE',  ( 0.000000000000000000, 0.000000000000000000, 0.000000000000000000 ) ) ;
#1469 = CARTESIAN_POINT ( 'NONE',  ( 31.90000000000000568, 0.000000000000000000, -31.89999999999999147 ) ) ;
#1470 = ORIENTED_EDGE ( 'NONE', *, *, #820, .T. ) ;
#1471 = CIRCLE ( 'NONE', #1137, 4.099999999999999645 ) ;
#1472 = CYLINDRICAL_SURFACE ( 'NONE', #1559, 71.30248928736450864 ) ;
#1473 = CARTESIAN_POINT ( 'NONE',  ( 31.19999999999999929, 7.000000000000004441, 11.00000000000000000 ) ) ;
#1474 = CARTESIAN_POINT ( 'NONE',  ( -31.64379651867618648, 6.103872414211633846, 11.00000000000000000 ) ) ;
#1475 = VERTEX_POINT ( 'NONE', #1346 ) ;
#1476 = EDGE_CURVE ( 'NONE', #191, #879, #142, .T. ) ;
#1477 = DIRECTION ( 'NONE',  ( -0.000000000000000000, -1.000000000000000000, -0.000000000000000000 ) ) ;
#1478 = VECTOR ( 'NONE', #1411, 1000.000000000000000 ) ;
#1479 = ORIENTED_EDGE ( 'NONE', *, *, #1561, .T. ) ;
#1480 = CARTESIAN_POINT ( 'NONE',  ( -31.89999999999999858, 8.099999999999994316, 31.89999999999999858 ) ) ;
#1481 = DIRECTION ( 'NONE',  ( -0.000000000000000000, -1.000000000000000000, -0.000000000000000000 ) ) ;
#1482 = DIRECTION ( 'NONE',  ( 0.000000000000000000, 0.000000000000000000, 1.000000000000000000 ) ) ;
#1483 = ORIENTED_EDGE ( 'NONE', *, *, #1448, .F. ) ;
#1484 = ORIENTED_EDGE ( 'NONE', *, *, #1414, .F. ) ;
#1485 = CARTESIAN_POINT ( 'NONE',  ( 31.90000000000001990, 8.000000000000000000, 31.89999999999999147 ) ) ;
#1486 = DIRECTION ( 'NONE',  ( 8.659560562354934091E-17, 0.7071067811865474617, -0.7071067811865475727 ) ) ;
#1487 = CARTESIAN_POINT ( 'NONE',  ( 31.90000000000000568, 10.00000000000000000, -28.34999999999996589 ) ) ;
#1488 = VERTEX_POINT ( 'NONE', #1250 ) ;
#1489 = UNCERTAINTY_MEASURE_WITH_UNIT (LENGTH_MEASURE( 1.000000000000000082E-05 ), #1563, 'distance_accuracy_value', 'NONE');
#1490 = EDGE_CURVE ( 'NONE', #464, #1384, #815, .T. ) ;
#1491 = CARTESIAN_POINT ( 'NONE',  ( 11.00000000000000000, 4.214021413566165997, 27.50000000000000000 ) ) ;
#1492 = ORIENTED_EDGE ( 'NONE', *, *, #1325, .T. ) ;
#1493 = DIRECTION ( 'NONE',  ( 0.000000000000000000, -1.000000000000000000, 0.000000000000000000 ) ) ;
#1494 = DIRECTION ( 'NONE',  ( 0.000000000000000000, 0.000000000000000000, 1.000000000000000000 ) ) ;
#1495 = DIRECTION ( 'NONE',  ( 0.000000000000000000, 0.000000000000000000, 1.000000000000000000 ) ) ;
#1496 = AXIS2_PLACEMENT_3D ( 'NONE', #89, #901, #1689 ) ;
#1497 = EDGE_LOOP ( 'NONE', ( #937, #694 ) ) ;
#1498 = DIRECTION ( 'NONE',  ( 0.000000000000000000, 0.000000000000000000, 1.000000000000000000 ) ) ;
#1499 = CONICAL_SURFACE ( 'NONE', #1529, 3.550000000000025580, 0.7853981633974465026 ) ;
#1500 = ADVANCED_FACE ( 'NONE', ( #549 ), #20, .F. ) ;
#1501 = VECTOR ( 'NONE', #692, 1000.000000000000000 ) ;
#1502 = VECTOR ( 'NONE', #1685, 1000.000000000000000 ) ;
#1503 = ORIENTED_EDGE ( 'NONE', *, *, #1571, .F. ) ;
#1504 = DIRECTION ( 'NONE',  ( 1.000000000000000000, 0.000000000000000000, 0.000000000000000000 ) ) ;
#1505 = CARTESIAN_POINT ( 'NONE',  ( 31.90000000000001279, 10.00000000000000000, 28.34999999999995879 ) ) ;
#1506 = VECTOR ( 'NONE', #100, 1000.000000000000000 ) ;
#1507 = CARTESIAN_POINT ( 'NONE',  ( -10.99999999999988809, 6.103872414211633846, -31.64379651867622911 ) ) ;
#1508 = ORIENTED_EDGE ( 'NONE', *, *, #710, .F. ) ;
#1509 = AXIS2_PLACEMENT_3D ( 'NONE', #1680, #988, #856 ) ;
#1510 = LINE ( 'NONE', #1369, #580 ) ;
#1511 = ORIENTED_EDGE ( 'NONE', *, *, #1206, .T. ) ;
#1512 = ADVANCED_FACE ( 'NONE', ( #303 ), #838, .F. ) ;
#1513 = EDGE_LOOP ( 'NONE', ( #1038, #1646, #907, #115, #1151 ) ) ;
#1514 = CARTESIAN_POINT ( 'NONE',  ( 27.50000000000000000, 8.000000000000000000, 27.50000000000000000 ) ) ;
#1515 = CARTESIAN_POINT ( 'NONE',  ( 10.99999999999988631, 7.000000000000004441, 32.20000000000003126 ) ) ;
#1516 = LINE ( 'NONE', #849, #853 ) ;
#1517 = ORIENTED_EDGE ( 'NONE', *, *, #1231, .T. ) ;
#1518 = FACE_OUTER_BOUND ( 'NONE', #915, .T. ) ;
#1519 = ORIENTED_EDGE ( 'NONE', *, *, #200, .F. ) ;
#1520 = EDGE_CURVE ( 'NONE', #199, #214, #731, .T. ) ;
#1521 = VERTEX_POINT ( 'NONE', #53 ) ;
#1522 = LINE ( 'NONE', #451, #721 ) ;
#1523 = CARTESIAN_POINT ( 'NONE',  ( -31.90000000000000568, 8.000000000000000000, -31.89999999999998437 ) ) ;
#1524 = CARTESIAN_POINT ( 'NONE',  ( -11.00000000000009415, 4.214021413566193530, 27.50000000000000000 ) ) ;
#1525 = VERTEX_POINT ( 'NONE', #475 ) ;
#1526 = VECTOR ( 'NONE', #241, 1000.000000000000000 ) ;
#1527 = DIRECTION ( 'NONE',  ( -0.000000000000000000, -1.000000000000000000, -0.000000000000000000 ) ) ;
#1528 = ORIENTED_EDGE ( 'NONE', *, *, #622, .T. ) ;
#1529 = AXIS2_PLACEMENT_3D ( 'NONE', #936, #1064, #1464 ) ;
#1530 = ORIENTED_EDGE ( 'NONE', *, *, #676, .T. ) ;
#1531 = DIRECTION ( 'NONE',  ( -0.000000000000000000, -1.000000000000000000, -0.000000000000000000 ) ) ;
#1532 = DIRECTION ( 'NONE',  ( -0.000000000000000000, -1.000000000000000000, -0.000000000000000000 ) ) ;
#1533 = EDGE_CURVE ( 'NONE', #123, #615, #1539, .T. ) ;
#1534 = LINE ( 'NONE', #1682, #1388 ) ;
#1535 = ORIENTED_EDGE ( 'NONE', *, *, #449, .F. ) ;
#1536 = CARTESIAN_POINT ( 'NONE',  ( 31.90000000000001990, 0.000000000000000000, -35.99999999999999289 ) ) ;
#1537 = ORIENTED_EDGE ( 'NONE', *, *, #1251, .F. ) ;
#1538 = AXIS2_PLACEMENT_3D ( 'NONE', #1265, #349, #1144 ) ;
#1539 = LINE ( 'NONE', #584, #1560 ) ;
#1540 = DIRECTION ( 'NONE',  ( -1.000000000000000000, 0.000000000000000000, -3.491481338843133355E-15 ) ) ;
#1541 = FACE_OUTER_BOUND ( 'NONE', #1661, .T. ) ;
#1542 = VERTEX_POINT ( 'NONE', #1278 ) ;
#1543 = DIRECTION ( 'NONE',  ( -3.469446951953622866E-15, 3.469446951953622866E-15, 1.000000000000000000 ) ) ;
#1544 = ORIENTED_EDGE ( 'NONE', *, *, #1031, .F. ) ;
#1545 = DIRECTION ( 'NONE',  ( 1.000000000000000000, 0.000000000000000000, 0.000000000000000000 ) ) ;
#1546 = DIRECTION ( 'NONE',  ( 1.927470528863118309E-16, -0.000000000000000000, 1.000000000000000000 ) ) ;
#1547 = DIRECTION ( 'NONE',  ( -3.469446951953622866E-15, 0.000000000000000000, 1.000000000000000000 ) ) ;
#1548 = EDGE_LOOP ( 'NONE', ( #1455, #1631, #776, #712 ) ) ;
#1549 = DIRECTION ( 'NONE',  ( 0.000000000000000000, 0.000000000000000000, -1.000000000000000000 ) ) ;
#1550 = ORIENTED_EDGE ( 'NONE', *, *, #1551, .T. ) ;
#1551 = EDGE_CURVE ( 'NONE', #180, #229, #948, .T. ) ;
#1552 = VECTOR ( 'NONE', #1477, 1000.000000000000000 ) ;
#1553 = DIRECTION ( 'NONE',  ( 0.000000000000000000, 1.000000000000000000, 0.000000000000000000 ) ) ;
#1554 = CARTESIAN_POINT ( 'NONE',  ( 31.19999999999999929, 8.000000000000000000, -11.00000000000000000 ) ) ;
#1555 = DIRECTION ( 'NONE',  ( -1.000000000000000000, 0.000000000000000000, 1.927470528863118062E-16 ) ) ;
#1556 = ORIENTED_EDGE ( 'NONE', *, *, #1066, .T. ) ;
#1557 = LINE ( 'NONE', #1669, #779 ) ;
#1558 = EDGE_LOOP ( 'NONE', ( #700, #557, #1442, #789 ) ) ;
#1559 = AXIS2_PLACEMENT_3D ( 'NONE', #916, #240, #266 ) ;
#1560 = VECTOR ( 'NONE', #1673, 1000.000000000000000 ) ;
#1561 = EDGE_CURVE ( 'NONE', #615, #1028, #1522, .T. ) ;
#1562 = LINE ( 'NONE', #491, #640 ) ;
#1563 =( LENGTH_UNIT ( ) NAMED_UNIT ( * ) SI_UNIT ( .MILLI., .METRE. ) );
#1564 = CARTESIAN_POINT ( 'NONE',  ( 27.50000000000000000, 8.000000000000000000, -27.50000000000000000 ) ) ;
#1565 = VERTEX_POINT ( 'NONE', #593 ) ;
#1566 = FACE_OUTER_BOUND ( 'NONE', #1558, .T. ) ;
#1567 = AXIS2_PLACEMENT_3D ( 'NONE', #54, #1540, #750 ) ;
#1568 = ORIENTED_EDGE ( 'NONE', *, *, #469, .F. ) ;
#1569 = DIRECTION ( 'NONE',  ( 0.000000000000000000, 0.000000000000000000, 1.000000000000000000 ) ) ;
#1570 = DIRECTION ( 'NONE',  ( -0.000000000000000000, 1.000000000000000000, -0.000000000000000000 ) ) ;
#1571 = EDGE_CURVE ( 'NONE', #223, #371, #806, .T. ) ;
#1572 = DIRECTION ( 'NONE',  ( -0.000000000000000000, 1.000000000000000000, -0.000000000000000000 ) ) ;
#1573 = ORIENTED_EDGE ( 'NONE', *, *, #1277, .F. ) ;
#1574 = LINE ( 'NONE', #256, #1310 ) ;
#1575 = DIRECTION ( 'NONE',  ( 0.000000000000000000, 0.000000000000000000, 1.000000000000000000 ) ) ;
#1576 = LINE ( 'NONE', #1072, #854 ) ;
#1577 = ORIENTED_EDGE ( 'NONE', *, *, #1242, .F. ) ;
#1578 = CIRCLE ( 'NONE', #262, 0.9999999999999974465 ) ;
#1579 = AXIS2_PLACEMENT_3D ( 'NONE', #46, #30, #1630 ) ;
#1580 = LINE ( 'NONE', #1180, #865 ) ;
#1581 = CARTESIAN_POINT ( 'NONE',  ( 31.64379651867616516, 6.103872414211619635, -11.00000000000000000 ) ) ;
#1582 = EDGE_LOOP ( 'NONE', ( #617, #576, #636, #946 ) ) ;
#1583 = EDGE_CURVE ( 'NONE', #1272, #912, #1666, .T. ) ;
#1584 = DIRECTION ( 'NONE',  ( 1.000000000000000000, -0.000000000000000000, -9.637352644315591545E-17 ) ) ;
#1585 = FACE_OUTER_BOUND ( 'NONE', #1513, .T. ) ;
#1586 = DIRECTION ( 'NONE',  ( 0.000000000000000000, 0.000000000000000000, 1.000000000000000000 ) ) ;
#1587 = ORIENTED_EDGE ( 'NONE', *, *, #1106, .F. ) ;
#1588 = AXIS2_PLACEMENT_3D ( 'NONE', #443, #1216, #320 ) ;
#1589 = EDGE_CURVE ( 'NONE', #369, #578, #1294, .T. ) ;
#1590 = CIRCLE ( 'NONE', #1730, 1.649999999999998579 ) ;
#1591 = CIRCLE ( 'NONE', #947, 3.549999999999997602 ) ;
#1592 = VECTOR ( 'NONE', #175, 1000.000000000000000 ) ;
#1593 = CARTESIAN_POINT ( 'NONE',  ( 10.99999999999990230, 8.000000000000000000, 27.50000000000000000 ) ) ;
#1594 = ORIENTED_EDGE ( 'NONE', *, *, #717, .T. ) ;
#1595 = CARTESIAN_POINT ( 'NONE',  ( -31.89999999999999858, 8.000000000000000000, -35.99999999999997868 ) ) ;
#1596 = DIRECTION ( 'NONE',  ( -1.000000000000000000, 0.000000000000000000, -3.491481338843133355E-15 ) ) ;
#1597 = CARTESIAN_POINT ( 'NONE',  ( 27.50000000000000000, 0.000000000000000000, 27.50000000000000000 ) ) ;
#1598 = ORIENTED_EDGE ( 'NONE', *, *, #1074, .T. ) ;
#1599 = EDGE_CURVE ( 'NONE', #101, #818, #1015, .T. ) ;
#1600 = DIRECTION ( 'NONE',  ( -0.000000000000000000, -1.000000000000000000, -0.000000000000000000 ) ) ;
#1601 = DIRECTION ( 'NONE',  ( 0.000000000000000000, -1.000000000000000000, 0.000000000000000000 ) ) ;
#1602 = ORIENTED_EDGE ( 'NONE', *, *, #218, .T. ) ;
#1603 = DIRECTION ( 'NONE',  ( 0.000000000000000000, 1.000000000000000000, 0.000000000000000000 ) ) ;
#1604 = DIRECTION ( 'NONE',  ( 1.000000000000000000, 0.000000000000000000, 0.000000000000000000 ) ) ;
#1605 = CYLINDRICAL_SURFACE ( 'NONE', #207, 71.30248928736450864 ) ;
#1606 = EDGE_LOOP ( 'NONE', ( #1175, #243, #1376, #90 ) ) ;
#1607 = EDGE_CURVE ( 'NONE', #306, #1329, #618, .T. ) ;
#1608 = VECTOR ( 'NONE', #275, 1000.000000000000000 ) ;
#1609 = AXIS2_PLACEMENT_3D ( 'NONE', #1027, #603, #202 ) ;
#1610 = CARTESIAN_POINT ( 'NONE',  ( 27.50000000000000000, 0.000000000000000000, 27.50000000000000000 ) ) ;
#1611 = EDGE_LOOP ( 'NONE', ( #670, #1105 ) ) ;
#1612 = AXIS2_PLACEMENT_3D ( 'NONE', #960, #453, #567 ) ;
#1613 = DIRECTION ( 'NONE',  ( 0.000000000000000000, -0.000000000000000000, -1.000000000000000000 ) ) ;
#1614 = DIRECTION ( 'NONE',  ( -1.000000000000000000, 0.000000000000000000, -3.491481338843133355E-15 ) ) ;
#1615 = CARTESIAN_POINT ( 'NONE',  ( -27.50000000000000000, 1.500000000000000000, -27.50000000000000000 ) ) ;
#1616 = ORIENTED_EDGE ( 'NONE', *, *, #556, .T. ) ;
#1617 = EDGE_CURVE ( 'NONE', #706, #1214, #1652, .T. ) ;
#1618 = VECTOR ( 'NONE', #1603, 1000.000000000000000 ) ;
#1619 = ORIENTED_EDGE ( 'NONE', *, *, #1476, .T. ) ;
#1620 = CARTESIAN_POINT ( 'NONE',  ( 32.20000000000000284, 7.000000000000004441, -11.00000000000000000 ) ) ;
#1621 = AXIS2_PLACEMENT_3D ( 'NONE', #611, #1148, #922 ) ;
#1622 = DIRECTION ( 'NONE',  ( -0.000000000000000000, 1.000000000000000000, -0.000000000000000000 ) ) ;
#1623 = CARTESIAN_POINT ( 'NONE',  ( 11.00000000000010836, 7.000000000000004441, -31.19999999999996021 ) ) ;
#1624 = ORIENTED_EDGE ( 'NONE', *, *, #717, .F. ) ;
#1625 = CARTESIAN_POINT ( 'NONE',  ( -31.90000000000000568, 8.099999999999994316, -31.89999999999998437 ) ) ;
#1626 = ORIENTED_EDGE ( 'NONE', *, *, #1179, .T. ) ;
#1627 = DIRECTION ( 'NONE',  ( -0.000000000000000000, -1.000000000000000000, -0.000000000000000000 ) ) ;
#1628 = LINE ( 'NONE', #1123, #1447 ) ;
#1629 = EDGE_CURVE ( 'NONE', #811, #1475, #1154, .T. ) ;
#1630 = DIRECTION ( 'NONE',  ( -1.632680918566408568E-15, 0.000000000000000000, -1.000000000000000000 ) ) ;
#1631 = ORIENTED_EDGE ( 'NONE', *, *, #208, .T. ) ;
#1632 = CARTESIAN_POINT ( 'NONE',  ( -31.89999999999999858, 8.000000000000000000, 31.89999999999999858 ) ) ;
#1633 = ORIENTED_EDGE ( 'NONE', *, *, #1430, .F. ) ;
#1634 = VERTEX_POINT ( 'NONE', #881 ) ;
#1635 = CARTESIAN_POINT ( 'NONE',  ( -31.89999999999999858, 8.000000000000000000, 33.54999999999999716 ) ) ;
#1636 = DIRECTION ( 'NONE',  ( 0.000000000000000000, 0.000000000000000000, -1.000000000000000000 ) ) ;
#1637 = CYLINDRICAL_SURFACE ( 'NONE', #1612, 4.099999999999999645 ) ;
#1638 = AXIS2_PLACEMENT_3D ( 'NONE', #644, #1572, #263 ) ;
#1639 = ORIENTED_EDGE ( 'NONE', *, *, #499, .T. ) ;
#1640 = EDGE_CURVE ( 'NONE', #1379, #1702, #1390, .T. ) ;
#1641 = CARTESIAN_POINT ( 'NONE',  ( 31.90000000000001279, 10.00000000000000000, 31.89999999999999147 ) ) ;
#1642 = EDGE_LOOP ( 'NONE', ( #1470, #993, #785, #1228, #47, #1232, #1651, #781 ) ) ;
#1643 = EDGE_CURVE ( 'NONE', #1115, #912, #345, .T. ) ;
#1644 = AXIS2_PLACEMENT_3D ( 'NONE', #1641, #1386, #554 ) ;
#1645 = ADVANCED_FACE ( 'NONE', ( #867 ), #194, .F. ) ;
#1646 = ORIENTED_EDGE ( 'NONE', *, *, #873, .T. ) ;
#1647 = DIRECTION ( 'NONE',  ( 0.000000000000000000, 0.000000000000000000, -1.000000000000000000 ) ) ;
#1648 = LINE ( 'NONE', #724, #155 ) ;
#1649 = AXIS2_PLACEMENT_3D ( 'NONE', #510, #522, #1061 ) ;
#1650 = CARTESIAN_POINT ( 'NONE',  ( 31.19999999999999929, 7.000000000000004441, -11.00000000000000000 ) ) ;
#1651 = ORIENTED_EDGE ( 'NONE', *, *, #772, .T. ) ;
#1652 = CIRCLE ( 'NONE', #1509, 4.099999999999999645 ) ;
#1653 = DIRECTION ( 'NONE',  ( 1.000000000000000000, -0.000000000000000000, 3.491481338843133355E-15 ) ) ;
#1654 = ORIENTED_EDGE ( 'NONE', *, *, #1149, .F. ) ;
#1655 = EDGE_CURVE ( 'NONE', #645, #1110, #1687, .T. ) ;
#1656 = AXIS2_PLACEMENT_3D ( 'NONE', #338, #346, #882 ) ;
#1657 = ORIENTED_EDGE ( 'NONE', *, *, #1223, .T. ) ;
#1658 = CARTESIAN_POINT ( 'NONE',  ( 27.50000000000001421, 1.500000000000000000, -36.00000000000000000 ) ) ;
#1659 = CARTESIAN_POINT ( 'NONE',  ( 31.90000000000001279, 8.099999999999969447, 31.89999999999999147 ) ) ;
#1660 = DIRECTION ( 'NONE',  ( 8.659560562354919300E-17, 0.7071067811865487940, -0.7071067811865463515 ) ) ;
#1661 = EDGE_LOOP ( 'NONE', ( #1189, #502, #1387, #1483 ) ) ;
#1662 = CARTESIAN_POINT ( 'NONE',  ( 31.90000000000000568, 10.00000000000000000, -28.34999999999996589 ) ) ;
#1663 = EDGE_LOOP ( 'NONE', ( #771, #753, #631, #1668 ) ) ;
#1664 = ADVANCED_FACE ( 'NONE', ( #890 ), #1269, .F. ) ;
#1665 = CARTESIAN_POINT ( 'NONE',  ( 11.00000000000010836, 8.000000000000000000, -31.19999999999996021 ) ) ;
#1666 = LINE ( 'NONE', #1658, #1147 ) ;
#1667 = CARTESIAN_POINT ( 'NONE',  ( 11.00000000000011013, 6.103872414211633846, -31.64379651867615095 ) ) ;
#1668 = ORIENTED_EDGE ( 'NONE', *, *, #1476, .F. ) ;
#1669 = CARTESIAN_POINT ( 'NONE',  ( 3.469446951953611428E-15, 10.00000000000000000, 35.99999999999999289 ) ) ;
#1670 = AXIS2_PLACEMENT_3D ( 'NONE', #1650, #322, #982 ) ;
#1671 = PRODUCT_DEFINITION_SHAPE ( 'NONE', 'NONE',  #80 ) ;
#1672 = VECTOR ( 'NONE', #1234, 1000.000000000000000 ) ;
#1673 = DIRECTION ( 'NONE',  ( -1.000000000000000000, 0.000000000000000000, 2.040851148208005632E-15 ) ) ;
#1674 = ADVANCED_FACE ( 'NONE', ( #201 ), #739, .F. ) ;
#1675 = DIRECTION ( 'NONE',  ( 0.000000000000000000, 0.000000000000000000, -1.000000000000000000 ) ) ;
#1676 = ORIENTED_EDGE ( 'NONE', *, *, #264, .T. ) ;
#1677 = DIRECTION ( 'NONE',  ( -1.000000000000000000, -0.000000000000000000, -3.491481338843133750E-15 ) ) ;
#1678 = AXIS2_PLACEMENT_3D ( 'NONE', #749, #1131, #1415 ) ;
#1679 = ORIENTED_EDGE ( 'NONE', *, *, #406, .T. ) ;
#1680 = CARTESIAN_POINT ( 'NONE',  ( -31.89999999999999858, 10.00000000000000000, 31.89999999999999858 ) ) ;
#1681 = LINE ( 'NONE', #868, #1005 ) ;
#1682 = CARTESIAN_POINT ( 'NONE',  ( 11.00000000000011013, 6.103872414211633846, -31.64379651867615095 ) ) ;
#1683 = ORIENTED_EDGE ( 'NONE', *, *, #334, .F. ) ;
#1684 = EDGE_CURVE ( 'NONE', #1542, #1046, #1562, .T. ) ;
#1685 = DIRECTION ( 'NONE',  ( -3.491481338843133355E-15, 0.000000000000000000, 1.000000000000000000 ) ) ;
#1686 = ORIENTED_EDGE ( 'NONE', *, *, #287, .F. ) ;
#1687 = LINE ( 'NONE', #354, #1173 ) ;
#1688 = FACE_OUTER_BOUND ( 'NONE', #1642, .T. ) ;
#1689 = DIRECTION ( 'NONE',  ( 1.000000000000000000, 0.000000000000000000, 0.000000000000000000 ) ) ;
#1690 = ORIENTED_EDGE ( 'NONE', *, *, #59, .F. ) ;
#1691 = CARTESIAN_POINT ( 'NONE',  ( -31.89999999999999858, 10.00000000000000000, 28.35000000000000142 ) ) ;
#1692 = AXIS2_PLACEMENT_3D ( 'NONE', #926, #787, #1341 ) ;
#1693 = ORIENTED_EDGE ( 'NONE', *, *, #820, .F. ) ;
#1694 = EDGE_CURVE ( 'NONE', #23, #1384, #1580, .T. ) ;
#1695 = VECTOR ( 'NONE', #931, 1000.000000000000000 ) ;
#1696 =( NAMED_UNIT ( * ) SI_UNIT ( $, .STERADIAN. ) SOLID_ANGLE_UNIT ( ) );
#1697 = DIRECTION ( 'NONE',  ( -1.000000000000000000, 0.000000000000000000, -0.000000000000000000 ) ) ;
#1698 = ADVANCED_FACE ( 'NONE', ( #530 ), #1733, .T. ) ;
#1699 = CYLINDRICAL_SURFACE ( 'NONE', #1330, 4.099999999999999645 ) ;
#1700 = ORIENTED_EDGE ( 'NONE', *, *, #1359, .F. ) ;
#1701 = FACE_OUTER_BOUND ( 'NONE', #1312, .T. ) ;
#1702 = VERTEX_POINT ( 'NONE', #364 ) ;
#1703 = VECTOR ( 'NONE', #958, 1000.000000000000000 ) ;
#1704 = EDGE_CURVE ( 'NONE', #489, #1525, #415, .T. ) ;
#1705 = FACE_OUTER_BOUND ( 'NONE', #351, .T. ) ;
#1706 = CARTESIAN_POINT ( 'NONE',  ( 31.90000000000001990, 8.000000000000000000, -35.99999999999999289 ) ) ;
#1707 = ORIENTED_EDGE ( 'NONE', *, *, #1275, .F. ) ;
#1708 = DIRECTION ( 'NONE',  ( -0.000000000000000000, -1.000000000000000000, -0.000000000000000000 ) ) ;
#1709 = CARTESIAN_POINT ( 'NONE',  ( -31.19999999999999929, 7.000000000000004441, 11.00000000000000000 ) ) ;
#1710 = ORIENTED_EDGE ( 'NONE', *, *, #1149, .T. ) ;
#1711 = EDGE_CURVE ( 'NONE', #79, #814, #751, .T. ) ;
#1712 = FACE_BOUND ( 'NONE', #1611, .T. ) ;
#1713 = DIRECTION ( 'NONE',  ( 0.000000000000000000, 0.000000000000000000, 1.000000000000000000 ) ) ;
#1714 = EDGE_CURVE ( 'NONE', #1372, #805, #693, .T. ) ;
#1715 = EDGE_LOOP ( 'NONE', ( #486, #188, #441, #563, #1042, #1338, #1118, #93, #675, #206 ) ) ;
#1716 = DIRECTION ( 'NONE',  ( 0.000000000000000000, 0.000000000000000000, -1.000000000000000000 ) ) ;
#1717 = DIRECTION ( 'NONE',  ( 0.000000000000000000, 0.000000000000000000, -1.000000000000000000 ) ) ;
#1718 = FACE_OUTER_BOUND ( 'NONE', #587, .T. ) ;
#1719 = ORIENTED_EDGE ( 'NONE', *, *, #1187, .T. ) ;
#1720 = EDGE_CURVE ( 'NONE', #1465, #1220, #1202, .T. ) ;
#1721 = CIRCLE ( 'NONE', #205, 1.649999999999995248 ) ;
#1722 = LINE ( 'NONE', #1593, #1413 ) ;
#1723 = ORIENTED_EDGE ( 'NONE', *, *, #276, .F. ) ;
#1724 = CARTESIAN_POINT ( 'NONE',  ( 10.99999999999988809, 6.103872414211619635, 31.64379651867620069 ) ) ;
#1725 = LINE ( 'NONE', #910, #1608 ) ;
#1726 = EDGE_CURVE ( 'NONE', #19, #722, #917, .T. ) ;
#1727 = CARTESIAN_POINT ( 'NONE',  ( -27.50000000000000000, 8.000000000000000000, 11.00000000000000000 ) ) ;
#1728 = ORIENTED_EDGE ( 'NONE', *, *, #499, .F. ) ;
#1729 = AXIS2_PLACEMENT_3D ( 'NONE', #1016, #1532, #330 ) ;
#1730 = AXIS2_PLACEMENT_3D ( 'NONE', #1625, #24, #1498 ) ;
#1731 = VECTOR ( 'NONE', #646, 1000.000000000000000 ) ;
#1732 = AXIS2_PLACEMENT_3D ( 'NONE', #1318, #96, #1057 ) ;
#1733 = PLANE ( 'NONE',  #1340 ) ;
#1734 = LINE ( 'NONE', #397, #1695 ) ;
#1735 = ORIENTED_EDGE ( 'NONE', *, *, #845, .F. ) ;
#1736 = LINE ( 'NONE', #1051, #359 ) ;
#1737 = DIRECTION ( 'NONE',  ( -0.000000000000000000, 0.000000000000000000, 1.000000000000000000 ) ) ;
#1738 = CARTESIAN_POINT ( 'NONE',  ( -31.64379651867618648, 6.103872414211633846, -11.00000000000000000 ) ) ;
#1739 = EDGE_LOOP ( 'NONE', ( #691, #1200, #141, #1367, #1700, #1616, #1011, #974, #1679, #478 ) ) ;
#1740 = ADVANCED_FACE ( 'NONE', ( #1163, #905, #1712, #253 ), #625, .T. ) ;
ENDSEC;
END-ISO-10303-21;
