ISO-10303-21;
HEADER;
FILE_DESCRIPTION (( 'STEP AP214' ),
    '1' );
FILE_NAME ('SB-PCB_Enclosure.STEP',
    '2026-05-29T07:51:22',
    ( '' ),
    ( '' ),
    'SwSTEP 2.0',
    'SolidWorks 2026',
    '' );
FILE_SCHEMA (( 'AUTOMOTIVE_DESIGN' ));
ENDSEC;

DATA;
#1 = CIRCLE ( 'NONE', #185, 3.550000000000025580 ) ;
#2 = CARTESIAN_POINT ( 'NONE',  ( -31.90000000000000568, -15.10000000000006359, -31.89999999999998437 ) ) ;
#3 = ORIENTED_EDGE ( 'NONE', *, *, #2515, .T. ) ;
#4 = ADVANCED_FACE ( 'NONE', ( #736 ), #1294, .F. ) ;
#5 =( LENGTH_UNIT ( ) NAMED_UNIT ( * ) SI_UNIT ( .MILLI., .METRE. ) );
#6 = ORIENTED_EDGE ( 'NONE', *, *, #1519, .T. ) ;
#7 = AXIS2_PLACEMENT_3D ( 'NONE', #1879, #1027, #361 ) ;
#8 = ORIENTED_EDGE ( 'NONE', *, *, #982, .T. ) ;
#9 = CARTESIAN_POINT ( 'NONE',  ( -31.90000000000000568, -20.00000000000000711, 30.24999999999998579 ) ) ;
#10 = DIRECTION ( 'NONE',  ( -7.359432928386152326E-15, 1.000000000000000000, 0.000000000000000000 ) ) ;
#11 = ORIENTED_EDGE ( 'NONE', *, *, #697, .F. ) ;
#12 = CARTESIAN_POINT ( 'NONE',  ( 30.14999999999999858, -4.400000000000042988, 50.14999999999999858 ) ) ;
#13 = FACE_OUTER_BOUND ( 'NONE', #2655, .T. ) ;
#14 = CARTESIAN_POINT ( 'NONE',  ( -28.50000000000000000, -2.500000000000002665, -48.50000000000000000 ) ) ;
#15 = EDGE_CURVE ( 'NONE', #21, #2560, #747, .T. ) ;
#16 = ORIENTED_EDGE ( 'NONE', *, *, #2329, .T. ) ;
#17 = DIRECTION ( 'NONE',  ( -7.359432928386152326E-15, 1.000000000000000000, 0.000000000000000000 ) ) ;
#18 = ORIENTED_EDGE ( 'NONE', *, *, #131, .T. ) ;
#19 = VECTOR ( 'NONE', #2205, 1000.000000000000000 ) ;
#20 = AXIS2_PLACEMENT_3D ( 'NONE', #1572, #1142, #929 ) ;
#21 = VERTEX_POINT ( 'NONE', #2422 ) ;
#22 = EDGE_LOOP ( 'NONE', ( #1153, #543, #2363, #1543 ) ) ;
#23 = DIRECTION ( 'NONE',  ( -0.000000000000000000, 1.000000000000000000, -0.000000000000000000 ) ) ;
#24 = DIRECTION ( 'NONE',  ( 0.000000000000000000, 0.000000000000000000, 1.000000000000000000 ) ) ;
#25 = VECTOR ( 'NONE', #2466, 1000.000000000000000 ) ;
#26 = ADVANCED_FACE ( 'NONE', ( #2141 ), #1093, .T. ) ;
#27 = ORIENTED_EDGE ( 'NONE', *, *, #2204, .T. ) ;
#28 = VERTEX_POINT ( 'NONE', #1512 ) ;
#29 = ORIENTED_EDGE ( 'NONE', *, *, #375, .F. ) ;
#30 = DIRECTION ( 'NONE',  ( -0.000000000000000000, 1.000000000000000000, -0.000000000000000000 ) ) ;
#31 = LINE ( 'NONE', #858, #1734 ) ;
#32 = CARTESIAN_POINT ( 'NONE',  ( 28.50000000000000000, -2.499999999999995559, -48.50000000000000000 ) ) ;
#33 = VERTEX_POINT ( 'NONE', #1111 ) ;
#34 = LINE ( 'NONE', #470, #2290 ) ;
#35 = EDGE_CURVE ( 'NONE', #1360, #1870, #2366, .T. ) ;
#36 = VERTEX_POINT ( 'NONE', #900 ) ;
#37 = ORIENTED_EDGE ( 'NONE', *, *, #1385, .T. ) ;
#38 = CARTESIAN_POINT ( 'NONE',  ( 28.50000000000000355, -15.10000000000002984, -29.79286924942944026 ) ) ;
#39 = CARTESIAN_POINT ( 'NONE',  ( -31.90000000000000568, -4.400000000000064304, -29.84999999999998366 ) ) ;
#40 = CIRCLE ( 'NONE', #1207, 3.999999999999996447 ) ;
#41 = CARTESIAN_POINT ( 'NONE',  ( 31.90000000000000568, -15.09999999999959286, 33.54999999999998295 ) ) ;
#42 = LINE ( 'NONE', #2580, #1335 ) ;
#43 = VERTEX_POINT ( 'NONE', #1945 ) ;
#44 = EDGE_CURVE ( 'NONE', #2396, #314, #42, .T. ) ;
#45 = CARTESIAN_POINT ( 'NONE',  ( 28.50000000000000000, -4.400000000000030553, -48.50000000000000000 ) ) ;
#46 = DIRECTION ( 'NONE',  ( 0.000000000000000000, 0.000000000000000000, -1.000000000000000000 ) ) ;
#47 = CIRCLE ( 'NONE', #580, 1.649999999999991696 ) ;
#48 = CARTESIAN_POINT ( 'NONE',  ( 30.14999999999999858, -4.400000000000042988, -48.50000000000000000 ) ) ;
#49 = CONICAL_SURFACE ( 'NONE', #1032, 1.649999999999998579, 0.7853981633974547183 ) ;
#50 =( NAMED_UNIT ( * ) SI_UNIT ( $, .STERADIAN. ) SOLID_ANGLE_UNIT ( ) );
#51 = COLOUR_RGB ( '',0.7921568627450980005, 0.8196078431372548767, 0.9333333333333333481 ) ;
#52 = VERTEX_POINT ( 'NONE', #749 ) ;
#53 = ORIENTED_EDGE ( 'NONE', *, *, #2164, .F. ) ;
#54 = ORIENTED_EDGE ( 'NONE', *, *, #310, .T. ) ;
#55 = CARTESIAN_POINT ( 'NONE',  ( 31.90000000000000568, -20.00000000000000711, -31.89999999999998437 ) ) ;
#56 = LINE ( 'NONE', #913, #943 ) ;
#57 = ORIENTED_EDGE ( 'NONE', *, *, #1674, .T. ) ;
#58 = EDGE_CURVE ( 'NONE', #2175, #996, #2520, .T. ) ;
#59 = EDGE_LOOP ( 'NONE', ( #1055, #2682, #2503, #1569 ) ) ;
#60 = CARTESIAN_POINT ( 'NONE',  ( 30.15000000000007319, -15.09999999999960529, 30.83229217479674134 ) ) ;
#61 = CARTESIAN_POINT ( 'NONE',  ( 31.90000000000000568, -15.09999999999959286, 31.89999999999998437 ) ) ;
#62 = CARTESIAN_POINT ( 'NONE',  ( -28.50000000000000000, -1.500000000000007772, -48.50000000000000000 ) ) ;
#63 = DIRECTION ( 'NONE',  ( 0.000000000000000000, 0.000000000000000000, 1.000000000000000000 ) ) ;
#64 = EDGE_CURVE ( 'NONE', #1804, #2496, #355, .T. ) ;
#65 = ORIENTED_EDGE ( 'NONE', *, *, #165, .F. ) ;
#66 = ORIENTED_EDGE ( 'NONE', *, *, #2647, .F. ) ;
#67 = ORIENTED_EDGE ( 'NONE', *, *, #2053, .F. ) ;
#68 = DIRECTION ( 'NONE',  ( -0.000000000000000000, 1.000000000000000000, -0.000000000000000000 ) ) ;
#69 = ORIENTED_EDGE ( 'NONE', *, *, #95, .F. ) ;
#70 = VECTOR ( 'NONE', #1489, 1000.000000000000000 ) ;
#71 = ORIENTED_EDGE ( 'NONE', *, *, #1473, .T. ) ;
#72 = CARTESIAN_POINT ( 'NONE',  ( -31.90000000000000568, -20.89827560572980047, -31.89999999999998437 ) ) ;
#73 = EDGE_CURVE ( 'NONE', #96, #2694, #1795, .T. ) ;
#74 = CIRCLE ( 'NONE', #348, 1.649999999999998579 ) ;
#75 = DIRECTION ( 'NONE',  ( 0.000000000000000000, 0.000000000000000000, 1.000000000000000000 ) ) ;
#76 = DIRECTION ( 'NONE',  ( 0.000000000000000000, 1.000000000000000000, 0.000000000000000000 ) ) ;
#77 = EDGE_CURVE ( 'NONE', #1162, #2388, #1168, .T. ) ;
#78 = EDGE_LOOP ( 'NONE', ( #503, #2168, #1880, #610, #1106, #2492, #1056, #2276 ) ) ;
#79 = VERTEX_POINT ( 'NONE', #2433 ) ;
#80 = ORIENTED_EDGE ( 'NONE', *, *, #905, .T. ) ;
#81 = PLANE ( 'NONE',  #434 ) ;
#82 = CIRCLE ( 'NONE', #1631, 1.649999999999998579 ) ;
#83 = CARTESIAN_POINT ( 'NONE',  ( 31.90000000000000568, -4.399999999999560707, 31.89999999999998437 ) ) ;
#84 = EDGE_LOOP ( 'NONE', ( #2340, #2420, #1661, #66 ) ) ;
#85 = CARTESIAN_POINT ( 'NONE',  ( 31.90000000000000568, -4.399999999999561595, -29.84999999999998366 ) ) ;
#86 = DIRECTION ( 'NONE',  ( 0.000000000000000000, 0.000000000000000000, 1.000000000000000000 ) ) ;
#87 = CIRCLE ( 'NONE', #1634, 1.649999999999998579 ) ;
#88 = EDGE_CURVE ( 'NONE', #2516, #155, #2660, .T. ) ;
#89 = DIRECTION ( 'NONE',  ( -0.000000000000000000, -1.000000000000000000, -0.000000000000000000 ) ) ;
#90 = AXIS2_PLACEMENT_3D ( 'NONE', #802, #2707, #1415 ) ;
#91 = AXIS2_PLACEMENT_3D ( 'NONE', #2352, #1312, #2161 ) ;
#92 = VERTEX_POINT ( 'NONE', #1836 ) ;
#93 = AXIS2_PLACEMENT_3D ( 'NONE', #296, #109, #554 ) ;
#94 = VERTEX_POINT ( 'NONE', #2231 ) ;
#95 = EDGE_CURVE ( 'NONE', #2496, #867, #332, .T. ) ;
#96 = VERTEX_POINT ( 'NONE', #1181 ) ;
#97 = CARTESIAN_POINT ( 'NONE',  ( 31.90000000000000568, -4.399999999999560707, -33.54999999999998295 ) ) ;
#98 = PLANE ( 'NONE',  #137 ) ;
#99 = ADVANCED_FACE ( 'NONE', ( #2444, #1611 ), #98, .F. ) ;
#100 = FACE_OUTER_BOUND ( 'NONE', #909, .T. ) ;
#101 = FACE_OUTER_BOUND ( 'NONE', #1924, .T. ) ;
#102 = VECTOR ( 'NONE', #841, 1000.000000000000000 ) ;
#103 = DIRECTION ( 'NONE',  ( -7.359432928386152326E-15, 1.000000000000000000, 0.000000000000000000 ) ) ;
#104 = DIRECTION ( 'NONE',  ( 3.469446951953613696E-16, 1.000000000000000000, 0.000000000000000000 ) ) ;
#105 = CARTESIAN_POINT ( 'NONE',  ( 28.50000000000000000, -1.500000000000000888, -48.50000000000000000 ) ) ;
#106 = CARTESIAN_POINT ( 'NONE',  ( 31.90000000000000568, -4.399999999999561595, 31.89999999999998437 ) ) ;
#107 = EDGE_CURVE ( 'NONE', #2120, #1954, #1122, .T. ) ;
#108 = VERTEX_POINT ( 'NONE', #113 ) ;
#109 = DIRECTION ( 'NONE',  ( -1.000000000000000000, 0.000000000000000000, 0.000000000000000000 ) ) ;
#110 = ORIENTED_EDGE ( 'NONE', *, *, #2020, .F. ) ;
#111 = LINE ( 'NONE', #1570, #1152 ) ;
#112 = VERTEX_POINT ( 'NONE', #2671 ) ;
#113 = CARTESIAN_POINT ( 'NONE',  ( -30.15000000000006608, -15.10000000000004938, -30.83229217479675199 ) ) ;
#114 = AXIS2_PLACEMENT_3D ( 'NONE', #1675, #209, #1025 ) ;
#115 = CARTESIAN_POINT ( 'NONE',  ( -31.90000000000000568, -18.10000000000005471, -31.89999999999998437 ) ) ;
#116 = EDGE_CURVE ( 'NONE', #1538, #136, #2243, .T. ) ;
#117 = FACE_OUTER_BOUND ( 'NONE', #1317, .T. ) ;
#118 = VECTOR ( 'NONE', #1965, 1000.000000000000000 ) ;
#119 = DIRECTION ( 'NONE',  ( 0.000000000000000000, 0.000000000000000000, 1.000000000000000000 ) ) ;
#120 = DIRECTION ( 'NONE',  ( -7.885106708985495542E-15, 1.000000000000000000, -0.000000000000000000 ) ) ;
#121 = DIRECTION ( 'NONE',  ( -0.000000000000000000, 1.000000000000000000, -0.000000000000000000 ) ) ;
#122 = LINE ( 'NONE', #975, #501 ) ;
#123 = ORIENTED_EDGE ( 'NONE', *, *, #752, .T. ) ;
#124 = EDGE_CURVE ( 'NONE', #1552, #112, #559, .T. ) ;
#125 = DIRECTION ( 'NONE',  ( 0.000000000000000000, 0.000000000000000000, -1.000000000000000000 ) ) ;
#126 = VERTEX_POINT ( 'NONE', #981 ) ;
#127 = LINE ( 'NONE', #218, #804 ) ;
#128 = DIRECTION ( 'NONE',  ( -0.000000000000000000, -1.000000000000000000, -0.000000000000000000 ) ) ;
#129 = AXIS2_PLACEMENT_3D ( 'NONE', #687, #719, #1166 ) ;
#130 = DIRECTION ( 'NONE',  ( -0.000000000000000000, -1.000000000000000000, -0.000000000000000000 ) ) ;
#131 = EDGE_CURVE ( 'NONE', #1107, #2342, #1402, .T. ) ;
#132 = DIRECTION ( 'NONE',  ( -1.000000000000000000, -7.359432928386152326E-15, 0.000000000000000000 ) ) ;
#133 = DIRECTION ( 'NONE',  ( 0.000000000000000000, 0.000000000000000000, 1.000000000000000000 ) ) ;
#134 = CIRCLE ( 'NONE', #2399, 1.649999999999998579 ) ;
#135 = CARTESIAN_POINT ( 'NONE',  ( 28.50000000000000000, -1.500000000000000888, -48.50000000000000000 ) ) ;
#136 = VERTEX_POINT ( 'NONE', #2031 ) ;
#137 = AXIS2_PLACEMENT_3D ( 'NONE', #760, #2021, #2042 ) ;
#138 = ORIENTED_EDGE ( 'NONE', *, *, #181, .T. ) ;
#139 = VECTOR ( 'NONE', #897, 1000.000000000000000 ) ;
#140 = DIRECTION ( 'NONE',  ( 1.000000000000000000, 0.000000000000000000, 0.000000000000000000 ) ) ;
#141 = ORIENTED_EDGE ( 'NONE', *, *, #2283, .F. ) ;
#142 = DIRECTION ( 'NONE',  ( -0.000000000000000000, -1.000000000000000000, -0.000000000000000000 ) ) ;
#143 = AXIS2_PLACEMENT_3D ( 'NONE', #904, #1313, #1080 ) ;
#144 = DIRECTION ( 'NONE',  ( -1.000000000000000000, 0.000000000000000000, -0.000000000000000000 ) ) ;
#145 = CARTESIAN_POINT ( 'NONE',  ( 31.90000000000000568, -1.900000000000089173, -30.24999999999998934 ) ) ;
#146 = EDGE_CURVE ( 'NONE', #2142, #2118, #1595, .T. ) ;
#147 = LINE ( 'NONE', #2461, #177 ) ;
#148 = DIRECTION ( 'NONE',  ( -0.000000000000000000, 1.000000000000000000, -0.000000000000000000 ) ) ;
#149 = VECTOR ( 'NONE', #2665, 1000.000000000000000 ) ;
#150 = DIRECTION ( 'NONE',  ( -0.000000000000000000, -1.000000000000000000, -0.000000000000000000 ) ) ;
#151 = ORIENTED_EDGE ( 'NONE', *, *, #1225, .F. ) ;
#152 = EDGE_CURVE ( 'NONE', #2331, #1446, #1254, .T. ) ;
#153 = ORIENTED_EDGE ( 'NONE', *, *, #2515, .F. ) ;
#154 = DIRECTION ( 'NONE',  ( 0.000000000000000000, 0.000000000000000000, 1.000000000000000000 ) ) ;
#155 = VERTEX_POINT ( 'NONE', #394 ) ;
#156 = CARTESIAN_POINT ( 'NONE',  ( -30.15000000000006608, -17.00000000000006395, -48.50000000000000000 ) ) ;
#157 = LINE ( 'NONE', #2663, #2309 ) ;
#158 = EDGE_CURVE ( 'NONE', #1695, #1361, #363, .T. ) ;
#159 = LINE ( 'NONE', #382, #272 ) ;
#160 = DIRECTION ( 'NONE',  ( -0.000000000000000000, 1.000000000000000000, -0.000000000000000000 ) ) ;
#161 = CARTESIAN_POINT ( 'NONE',  ( -31.90000000000000568, -20.00000000000000711, -31.89999999999998437 ) ) ;
#162 = AXIS2_PLACEMENT_3D ( 'NONE', #72, #1809, #2445 ) ;
#163 = VECTOR ( 'NONE', #63, 1000.000000000000000 ) ;
#164 = EDGE_LOOP ( 'NONE', ( #1492, #2115, #2629, #2417 ) ) ;
#165 = EDGE_CURVE ( 'NONE', #994, #1094, #625, .T. ) ;
#166 = DIRECTION ( 'NONE',  ( 0.000000000000000000, 0.000000000000000000, 1.000000000000000000 ) ) ;
#167 = ORIENTED_EDGE ( 'NONE', *, *, #227, .T. ) ;
#168 = DIRECTION ( 'NONE',  ( -0.000000000000000000, 1.000000000000000000, -0.000000000000000000 ) ) ;
#169 = DIRECTION ( 'NONE',  ( -3.469446951953828759E-15, -1.000000000000000000, 0.000000000000000000 ) ) ;
#170 = DIRECTION ( 'NONE',  ( 0.000000000000000000, 0.000000000000000000, 1.000000000000000000 ) ) ;
#171 = CARTESIAN_POINT ( 'NONE',  ( 31.90000000000000568, -1.900000000000089173, 30.24999999999998934 ) ) ;
#172 = DIRECTION ( 'NONE',  ( 0.000000000000000000, 0.000000000000000000, 1.000000000000000000 ) ) ;
#173 = VECTOR ( 'NONE', #1744, 1000.000000000000000 ) ;
#174 = VERTEX_POINT ( 'NONE', #41 ) ;
#175 = ORIENTED_EDGE ( 'NONE', *, *, #466, .F. ) ;
#176 = EDGE_CURVE ( 'NONE', #1095, #2724, #2044, .T. ) ;
#177 = VECTOR ( 'NONE', #565, 1000.000000000000000 ) ;
#178 = CARTESIAN_POINT ( 'NONE',  ( 30.15000000000007319, 0.000000000000000000, 50.14999999999999858 ) ) ;
#179 = VECTOR ( 'NONE', #1515, 1000.000000000000000 ) ;
#180 = CARTESIAN_POINT ( 'NONE',  ( 31.90000000000000568, -4.399999999999560707, 31.89999999999998437 ) ) ;
#181 = EDGE_CURVE ( 'NONE', #1630, #2500, #2402, .T. ) ;
#182 = ORIENTED_EDGE ( 'NONE', *, *, #2586, .T. ) ;
#183 = DIRECTION ( 'NONE',  ( -7.359432928386152326E-15, 1.000000000000000000, 0.000000000000000000 ) ) ;
#184 = DIRECTION ( 'NONE',  ( 1.000000000000000000, 7.885106708985527096E-15, 0.000000000000000000 ) ) ;
#185 = AXIS2_PLACEMENT_3D ( 'NONE', #1281, #2162, #1966 ) ;
#186 = CARTESIAN_POINT ( 'NONE',  ( 30.14999999999999858, -4.400000000000042988, -48.50000000000000000 ) ) ;
#187 = ORIENTED_EDGE ( 'NONE', *, *, #1016, .F. ) ;
#188 = AXIS2_PLACEMENT_3D ( 'NONE', #397, #374, #1212 ) ;
#189 = EDGE_CURVE ( 'NONE', #1715, #1689, #2730, .T. ) ;
#190 = VERTEX_POINT ( 'NONE', #689 ) ;
#191 = VERTEX_POINT ( 'NONE', #2622 ) ;
#192 = FACE_BOUND ( 'NONE', #875, .T. ) ;
#193 = CARTESIAN_POINT ( 'NONE',  ( -30.14999999999999858, -4.400000000000050981, -30.83229217479686568 ) ) ;
#194 = CARTESIAN_POINT ( 'NONE',  ( -1.111274372186295715E-13, -15.09999999999982023, 50.14999999999999858 ) ) ;
#195 = ORIENTED_EDGE ( 'NONE', *, *, #1231, .T. ) ;
#196 = LINE ( 'NONE', #1050, #1118 ) ;
#197 = ADVANCED_FACE ( 'NONE', ( #1323 ), #2474, .F. ) ;
#198 = LINE ( 'NONE', #2146, #179 ) ;
#199 = PLANE ( 'NONE',  #1082 ) ;
#200 = VERTEX_POINT ( 'NONE', #1961 ) ;
#201 = VECTOR ( 'NONE', #2542, 1000.000000000000000 ) ;
#202 = DIRECTION ( 'NONE',  ( 0.000000000000000000, 0.000000000000000000, 1.000000000000000000 ) ) ;
#203 = AXIS2_PLACEMENT_3D ( 'NONE', #2114, #2241, #2251 ) ;
#204 = EDGE_LOOP ( 'NONE', ( #2618, #653, #2406, #2265 ) ) ;
#205 = EDGE_CURVE ( 'NONE', #1384, #1931, #87, .T. ) ;
#206 = ORIENTED_EDGE ( 'NONE', *, *, #1589, .F. ) ;
#207 = FACE_BOUND ( 'NONE', #2602, .T. ) ;
#208 = CARTESIAN_POINT ( 'NONE',  ( 30.14999999999999858, -4.400000000000042988, -48.50000000000000000 ) ) ;
#209 = DIRECTION ( 'NONE',  ( -0.000000000000000000, 1.000000000000000000, -0.000000000000000000 ) ) ;
#210 = CARTESIAN_POINT ( 'NONE',  ( 31.90000000000000568, -15.09999999999959286, 31.89999999999998437 ) ) ;
#211 = CARTESIAN_POINT ( 'NONE',  ( -28.50000000000000000, -2.500000000000002665, -48.50000000000000000 ) ) ;
#212 = EDGE_CURVE ( 'NONE', #1446, #1722, #748, .T. ) ;
#213 = VECTOR ( 'NONE', #1449, 1000.000000000000000 ) ;
#214 = CARTESIAN_POINT ( 'NONE',  ( 30.14999999999999858, -4.400000000000042988, -48.50000000000000000 ) ) ;
#215 = ORIENTED_EDGE ( 'NONE', *, *, #831, .F. ) ;
#216 = PLANE ( 'NONE',  #1439 ) ;
#217 = AXIS2_PLACEMENT_3D ( 'NONE', #343, #1194, #1167 ) ;
#218 = CARTESIAN_POINT ( 'NONE',  ( 31.90000000000000568, -20.00000000000000711, 35.44999999999988205 ) ) ;
#219 = ORIENTED_EDGE ( 'NONE', *, *, #922, .T. ) ;
#220 = EDGE_LOOP ( 'NONE', ( #1847, #1409, #487, #2334 ) ) ;
#221 = CARTESIAN_POINT ( 'NONE',  ( -30.14999999999999858, -2.500000000000005773, -48.50000000000000000 ) ) ;
#222 = DIRECTION ( 'NONE',  ( 8.659560562354902043E-17, -0.7071067811865500152, 0.7071067811865450192 ) ) ;
#223 = ORIENTED_EDGE ( 'NONE', *, *, #1754, .T. ) ;
#224 = VECTOR ( 'NONE', #606, 1000.000000000000000 ) ;
#225 = ORIENTED_EDGE ( 'NONE', *, *, #2150, .T. ) ;
#226 = CARTESIAN_POINT ( 'NONE',  ( 31.90000000000000568, -2.998683759578901079E-16, 28.34999999999989839 ) ) ;
#227 = EDGE_CURVE ( 'NONE', #1476, #237, #2224, .T. ) ;
#228 = LINE ( 'NONE', #1750, #1643 ) ;
#229 = AXIS2_PLACEMENT_3D ( 'NONE', #2255, #1206, #2267 ) ;
#230 = VECTOR ( 'NONE', #1171, 1000.000000000000000 ) ;
#231 = CARTESIAN_POINT ( 'NONE',  ( 31.90000000000000568, -2.998683759578901079E-16, -31.89999999999998437 ) ) ;
#232 = APPLICATION_CONTEXT ( 'automotive_design' ) ;
#233 = VERTEX_POINT ( 'NONE', #572 ) ;
#234 = FACE_BOUND ( 'NONE', #1733, .T. ) ;
#235 = EDGE_CURVE ( 'NONE', #1954, #2093, #2124, .T. ) ;
#236 = VERTEX_POINT ( 'NONE', #759 ) ;
#237 = VERTEX_POINT ( 'NONE', #2030 ) ;
#238 = AXIS2_PLACEMENT_3D ( 'NONE', #1995, #89, #2628 ) ;
#239 = ORIENTED_EDGE ( 'NONE', *, *, #1618, .F. ) ;
#240 = FACE_OUTER_BOUND ( 'NONE', #495, .T. ) ;
#241 = DIRECTION ( 'NONE',  ( -1.000000000000000000, -7.615859162824993749E-15, 0.000000000000000000 ) ) ;
#242 = ORIENTED_EDGE ( 'NONE', *, *, #752, .F. ) ;
#243 = EDGE_LOOP ( 'NONE', ( #399, #1350 ) ) ;
#244 = ORIENTED_EDGE ( 'NONE', *, *, #2132, .T. ) ;
#245 = DIRECTION ( 'NONE',  ( 7.885106708985495542E-15, -1.000000000000000000, 0.000000000000000000 ) ) ;
#246 = DIRECTION ( 'NONE',  ( 0.000000000000000000, 0.000000000000000000, 1.000000000000000000 ) ) ;
#247 = EDGE_CURVE ( 'NONE', #1423, #1835, #2432, .T. ) ;
#248 = DIRECTION ( 'NONE',  ( -1.000000000000000000, -7.615859162824993749E-15, 0.000000000000000000 ) ) ;
#249 = ORIENTED_EDGE ( 'NONE', *, *, #1709, .T. ) ;
#250 = AXIS2_PLACEMENT_3D ( 'NONE', #2523, #633, #1468 ) ;
#251 = ORIENTED_EDGE ( 'NONE', *, *, #2077, .F. ) ;
#252 = AXIS2_PLACEMENT_3D ( 'NONE', #1069, #17, #876 ) ;
#253 = VERTEX_POINT ( 'NONE', #2645 ) ;
#254 = EDGE_CURVE ( 'NONE', #108, #980, #2217, .T. ) ;
#255 = ORIENTED_EDGE ( 'NONE', *, *, #2237, .F. ) ;
#256 = CARTESIAN_POINT ( 'NONE',  ( 36.00000000000001421, -20.00000000000000711, -48.50000000000000000 ) ) ;
#257 = LINE ( 'NONE', #1076, #139 ) ;
#258 = DIRECTION ( 'NONE',  ( 1.000000000000000000, -0.000000000000000000, -0.000000000000000000 ) ) ;
#259 = ORIENTED_EDGE ( 'NONE', *, *, #659, .T. ) ;
#260 = DIRECTION ( 'NONE',  ( 7.885106708985495542E-15, -1.000000000000000000, 0.000000000000000000 ) ) ;
#261 = DIRECTION ( 'NONE',  ( 4.818676322157798854E-17, 1.000000000000000000, -0.000000000000000000 ) ) ;
#262 = CARTESIAN_POINT ( 'NONE',  ( -31.90000000000000568, -4.966112860375774708E-15, 35.45000000000000995 ) ) ;
#263 = DIRECTION ( 'NONE',  ( 1.000000000000000000, 0.000000000000000000, 0.000000000000000000 ) ) ;
#264 = ORIENTED_EDGE ( 'NONE', *, *, #1922, .F. ) ;
#265 = AXIS2_PLACEMENT_3D ( 'NONE', #500, #1066, #766 ) ;
#266 = ADVANCED_FACE ( 'NONE', ( #547 ), #1388, .F. ) ;
#267 = ORIENTED_EDGE ( 'NONE', *, *, #972, .T. ) ;
#268 = ORIENTED_EDGE ( 'NONE', *, *, #2426, .F. ) ;
#269 = ORIENTED_EDGE ( 'NONE', *, *, #1356, .F. ) ;
#270 = FACE_OUTER_BOUND ( 'NONE', #812, .T. ) ;
#271 = LINE ( 'NONE', #1687, #1953 ) ;
#272 = VECTOR ( 'NONE', #2074, 1000.000000000000000 ) ;
#273 = ORIENTED_EDGE ( 'NONE', *, *, #847, .T. ) ;
#274 = ORIENTED_EDGE ( 'NONE', *, *, #1395, .T. ) ;
#275 = CARTESIAN_POINT ( 'NONE',  ( 31.90000000000000568, -20.89827560572929599, 33.94999999999998863 ) ) ;
#276 = AXIS2_PLACEMENT_3D ( 'NONE', #1974, #1527, #461 ) ;
#277 = EDGE_CURVE ( 'NONE', #2174, #1909, #127, .T. ) ;
#278 = CARTESIAN_POINT ( 'NONE',  ( 31.90000000000000568, -20.00000000000000711, -31.89999999999998437 ) ) ;
#279 = VECTOR ( 'NONE', #476, 1000.000000000000000 ) ;
#280 = DIRECTION ( 'NONE',  ( 0.000000000000000000, 0.000000000000000000, 1.000000000000000000 ) ) ;
#281 = CARTESIAN_POINT ( 'NONE',  ( -30.14999999999999858, -4.400000000000050981, 50.14999999999999858 ) ) ;
#282 = CIRCLE ( 'NONE', #1641, 2.050000000000003375 ) ;
#283 = SHAPE_DEFINITION_REPRESENTATION ( #2266, #1977 ) ;
#284 = ORIENTED_EDGE ( 'NONE', *, *, #590, .T. ) ;
#285 = ORIENTED_EDGE ( 'NONE', *, *, #803, .T. ) ;
#286 = EDGE_CURVE ( 'NONE', #2342, #682, #1165, .T. ) ;
#287 = VERTEX_POINT ( 'NONE', #105 ) ;
#288 = DIRECTION ( 'NONE',  ( 1.000000000000000000, 7.806255641895631925E-15, 0.000000000000000000 ) ) ;
#289 = AXIS2_PLACEMENT_3D ( 'NONE', #1787, #1577, #2427 ) ;
#290 = ORIENTED_EDGE ( 'NONE', *, *, #2639, .T. ) ;
#291 = VERTEX_POINT ( 'NONE', #2210 ) ;
#292 = DIRECTION ( 'NONE',  ( -1.000000000000000000, -7.313862828241198394E-17, 0.000000000000000000 ) ) ;
#293 = CYLINDRICAL_SURFACE ( 'NONE', #1295, 2.049999999999999822 ) ;
#294 = EDGE_CURVE ( 'NONE', #2078, #1998, #754, .T. ) ;
#295 = DIRECTION ( 'NONE',  ( 1.000000000000000000, 0.000000000000000000, 0.000000000000000000 ) ) ;
#296 = CARTESIAN_POINT ( 'NONE',  ( -30.15000000000006608, -15.10000000000004938, -48.50000000000000000 ) ) ;
#297 = EDGE_LOOP ( 'NONE', ( #273, #259, #251, #1621 ) ) ;
#298 = ORIENTED_EDGE ( 'NONE', *, *, #2173, .T. ) ;
#299 = EDGE_LOOP ( 'NONE', ( #424, #458, #626, #1008, #1978, #581, #2102, #2528 ) ) ;
#300 = CARTESIAN_POINT ( 'NONE',  ( -31.90000000000000568, -4.400000000000063416, 33.54999999999998295 ) ) ;
#301 = ADVANCED_FACE ( 'NONE', ( #2197 ), #1534, .F. ) ;
#302 = ORIENTED_EDGE ( 'NONE', *, *, #1983, .F. ) ;
#303 =( GEOMETRIC_REPRESENTATION_CONTEXT ( 3 ) GLOBAL_UNCERTAINTY_ASSIGNED_CONTEXT ( ( #1469 ) ) GLOBAL_UNIT_ASSIGNED_CONTEXT ( ( #5, #2341, #50 ) ) REPRESENTATION_CONTEXT ( 'NONE', 'WORKASPACE' ) );
#304 = DIRECTION ( 'NONE',  ( -7.359432928386152326E-15, 1.000000000000000000, 0.000000000000000000 ) ) ;
#305 = AXIS2_PLACEMENT_3D ( 'NONE', #2292, #1227, #1424 ) ;
#306 = CARTESIAN_POINT ( 'NONE',  ( 31.90000000000000568, -20.00000000000000711, -30.24999999999998934 ) ) ;
#307 = CARTESIAN_POINT ( 'NONE',  ( 28.50000000000000000, -1.500000000000000888, 48.50000000000000000 ) ) ;
#308 = CARTESIAN_POINT ( 'NONE',  ( -31.90000000000000568, -1.900000000000009237, 33.54999999999998295 ) ) ;
#309 = CARTESIAN_POINT ( 'NONE',  ( -31.90000000000000568, -20.00000000000000355, -28.35000000000004050 ) ) ;
#310 = EDGE_CURVE ( 'NONE', #911, #350, #527, .T. ) ;
#311 = EDGE_CURVE ( 'NONE', #636, #717, #1135, .T. ) ;
#312 = ORIENTED_EDGE ( 'NONE', *, *, #1067, .T. ) ;
#313 = ORIENTED_EDGE ( 'NONE', *, *, #1236, .T. ) ;
#314 = VERTEX_POINT ( 'NONE', #281 ) ;
#315 = DIRECTION ( 'NONE',  ( 0.000000000000000000, 1.000000000000000000, 0.000000000000000000 ) ) ;
#316 = CIRCLE ( 'NONE', #1856, 3.549999999999893685 ) ;
#317 = DIRECTION ( 'NONE',  ( 7.885106708985495542E-15, -1.000000000000000000, 0.000000000000000000 ) ) ;
#318 = LINE ( 'NONE', #2596, #1752 ) ;
#319 = CYLINDRICAL_SURFACE ( 'NONE', #1913, 1.649999999999998579 ) ;
#320 = VECTOR ( 'NONE', #864, 1000.000000000000000 ) ;
#321 = CARTESIAN_POINT ( 'NONE',  ( 28.50000000000000000, -2.499999999999995559, -48.50000000000000000 ) ) ;
#322 = EDGE_CURVE ( 'NONE', #1247, #756, #948, .T. ) ;
#323 = CYLINDRICAL_SURFACE ( 'NONE', #506, 2.049999999999999822 ) ;
#324 = AXIS2_PLACEMENT_3D ( 'NONE', #2471, #2685, #2282 ) ;
#325 = PRODUCT_CONTEXT ( 'NONE', #522, 'mechanical' ) ;
#326 = AXIS2_PLACEMENT_3D ( 'NONE', #1483, #2566, #1889 ) ;
#327 = ORIENTED_EDGE ( 'NONE', *, *, #131, .F. ) ;
#328 = EDGE_CURVE ( 'NONE', #1071, #2174, #1860, .T. ) ;
#329 = VERTEX_POINT ( 'NONE', #2012 ) ;
#330 = LINE ( 'NONE', #475, #1061 ) ;
#331 = ORIENTED_EDGE ( 'NONE', *, *, #1844, .T. ) ;
#332 = LINE ( 'NONE', #534, #2181 ) ;
#333 = CARTESIAN_POINT ( 'NONE',  ( -31.90000000000000568, -20.00000000000000711, 31.89999999999998437 ) ) ;
#334 = PRESENTATION_STYLE_ASSIGNMENT (( #347 ) ) ;
#335 = VECTOR ( 'NONE', #465, 1000.000000000000000 ) ;
#336 = CARTESIAN_POINT ( 'NONE',  ( 31.90000000000000568, -4.399999999999561595, -31.89999999999998437 ) ) ;
#337 = DIRECTION ( 'NONE',  ( 1.000000000000000000, 7.885106708985493964E-15, 0.000000000000000000 ) ) ;
#338 = ADVANCED_FACE ( 'NONE', ( #1588 ), #1345, .F. ) ;
#339 = CARTESIAN_POINT ( 'NONE',  ( -31.90000000000000568, -20.00000000000000711, -31.89999999999998437 ) ) ;
#340 = EDGE_LOOP ( 'NONE', ( #1987, #2126 ) ) ;
#341 = FACE_OUTER_BOUND ( 'NONE', #667, .T. ) ;
#342 = VERTEX_POINT ( 'NONE', #1358 ) ;
#343 = CARTESIAN_POINT ( 'NONE',  ( -31.90000000000000568, -20.00000000000000711, 31.89999999999998437 ) ) ;
#344 = ADVANCED_FACE ( 'NONE', ( #2238, #1830 ), #514, .T. ) ;
#345 = CARTESIAN_POINT ( 'NONE',  ( 31.90000000000000568, -20.00000000000000711, -33.54999999999998295 ) ) ;
#346 = PLANE ( 'NONE',  #469 ) ;
#347 = SURFACE_STYLE_USAGE ( .BOTH. , #1575 ) ;
#348 = AXIS2_PLACEMENT_3D ( 'NONE', #2, #1937, #1533 ) ;
#349 = CARTESIAN_POINT ( 'NONE',  ( -28.49999999999999645, -15.10000000000003695, -48.50000000000000000 ) ) ;
#350 = VERTEX_POINT ( 'NONE', #540 ) ;
#351 = ORIENTED_EDGE ( 'NONE', *, *, #2320, .F. ) ;
#352 = ADVANCED_FACE ( 'NONE', ( #1997 ), #2737, .F. ) ;
#353 = DIRECTION ( 'NONE',  ( 0.000000000000000000, 0.000000000000000000, 1.000000000000000000 ) ) ;
#354 = CARTESIAN_POINT ( 'NONE',  ( -30.15000000000006608, -15.10000000000004938, -48.50000000000000000 ) ) ;
#355 = LINE ( 'NONE', #775, #1906 ) ;
#356 = VECTOR ( 'NONE', #23, 1000.000000000000000 ) ;
#357 = CARTESIAN_POINT ( 'NONE',  ( -31.90000000000000568, -4.966112860375774708E-15, -31.89999999999998437 ) ) ;
#358 = CARTESIAN_POINT ( 'NONE',  ( 31.90000000000000568, -1.900000000000089173, 31.89999999999998437 ) ) ;
#359 = EDGE_CURVE ( 'NONE', #1835, #2702, #1590, .T. ) ;
#360 = CYLINDRICAL_SURFACE ( 'NONE', #2732, 1.649999999999998579 ) ;
#361 = DIRECTION ( 'NONE',  ( 1.000000000000000000, 1.217349807703022362E-16, 0.000000000000000000 ) ) ;
#362 = CARTESIAN_POINT ( 'NONE',  ( -28.50000000000000000, -4.400000000000037659, -34.00713075057052492 ) ) ;
#363 = CIRCLE ( 'NONE', #276, 1.649999999999995248 ) ;
#364 = ORIENTED_EDGE ( 'NONE', *, *, #359, .F. ) ;
#365 = VECTOR ( 'NONE', #2472, 1000.000000000000000 ) ;
#366 = CARTESIAN_POINT ( 'NONE',  ( 30.15000000000007319, -15.10000000000004228, -48.50000000000000000 ) ) ;
#367 = VECTOR ( 'NONE', #1578, 1000.000000000000000 ) ;
#368 = ORIENTED_EDGE ( 'NONE', *, *, #2683, .T. ) ;
#369 = ADVANCED_FACE ( 'NONE', ( #1769 ), #2615, .F. ) ;
#370 = AXIS2_PLACEMENT_3D ( 'NONE', #1299, #1935, #1738 ) ;
#371 = LINE ( 'NONE', #178, #1314 ) ;
#372 = CARTESIAN_POINT ( 'NONE',  ( -30.14999999999999858, -2.500000000000005773, -48.50000000000000000 ) ) ;
#373 = DIRECTION ( 'NONE',  ( 1.000000000000000000, 0.000000000000000000, 0.000000000000000000 ) ) ;
#374 = DIRECTION ( 'NONE',  ( 7.885106708985495542E-15, -1.000000000000000000, 0.000000000000000000 ) ) ;
#375 = EDGE_CURVE ( 'NONE', #237, #517, #1371, .T. ) ;
#376 = CARTESIAN_POINT ( 'NONE',  ( 28.50000000000000000, -2.499999999999995559, -48.50000000000000000 ) ) ;
#377 = ORIENTED_EDGE ( 'NONE', *, *, #1447, .T. ) ;
#378 = FACE_OUTER_BOUND ( 'NONE', #700, .T. ) ;
#379 = CARTESIAN_POINT ( 'NONE',  ( 30.15000000000007319, -17.00000000000005684, -48.50000000000000000 ) ) ;
#380 = EDGE_CURVE ( 'NONE', #774, #636, #122, .T. ) ;
#381 = DIRECTION ( 'NONE',  ( -1.000000000000000000, -7.615859162825007949E-15, 0.000000000000000000 ) ) ;
#382 = CARTESIAN_POINT ( 'NONE',  ( -28.50000000000000000, -1.500000000000007772, -48.50000000000000000 ) ) ;
#383 = PLANE ( 'NONE',  #1824 ) ;
#384 = DIRECTION ( 'NONE',  ( 0.000000000000000000, 1.000000000000000000, 0.000000000000000000 ) ) ;
#385 = CLOSED_SHELL ( 'NONE', ( #410, #197, #1148, #1957, #1381, #352, #1735, #2220, #2553, #402, #1433, #542, #1176, #2256, #1728, #508, #1198, #369, #2390, #1994, #2653, #2705, #681, #473, #2662, #1060, #536, #1573, #1797, #595, #1607, #2603, #266, #2225, #553, #669, #4, #1665, #2298, #1877, #887, #26, #949, #99, #810, #1653, #1261, #1839, #602, #784, #1614, #1500, #2001, #338, #1349, #738, #866, #624, #716, #1084, #894, #560, #1928, #1143, #2676, #1789, #1416, #1863, #2568, #344, #1479, #799, #963, #1054, #2183, #1598, #2698, #443, #2454, #957, #1532, #1110, #301 ) ) ;
#386 = EDGE_CURVE ( 'NONE', #287, #2317, #1605, .T. ) ;
#387 = AXIS2_PLACEMENT_3D ( 'NONE', #1834, #2278, #811 ) ;
#388 = ORIENTED_EDGE ( 'NONE', *, *, #859, .T. ) ;
#389 = EDGE_CURVE ( 'NONE', #1071, #2297, #1234, .T. ) ;
#390 = PLANE ( 'NONE',  #925 ) ;
#391 = ORIENTED_EDGE ( 'NONE', *, *, #2043, .T. ) ;
#392 = CARTESIAN_POINT ( 'NONE',  ( 31.90000000000000568, -15.09999999999959286, -29.84999999999998366 ) ) ;
#393 = DIRECTION ( 'NONE',  ( -1.000000000000000000, -1.839858232096615390E-15, 0.000000000000000000 ) ) ;
#394 = CARTESIAN_POINT ( 'NONE',  ( 28.50000000000000355, -15.10000000000002984, -34.00713075057052492 ) ) ;
#395 = EDGE_LOOP ( 'NONE', ( #175, #691, #670, #1296 ) ) ;
#396 = LINE ( 'NONE', #1001, #365 ) ;
#397 = CARTESIAN_POINT ( 'NONE',  ( -31.90000000000000568, -4.400000000000064304, 31.89999999999998437 ) ) ;
#398 = VECTOR ( 'NONE', #2599, 1000.000000000000000 ) ;
#399 = ORIENTED_EDGE ( 'NONE', *, *, #205, .T. ) ;
#400 = ORIENTED_EDGE ( 'NONE', *, *, #466, .T. ) ;
#401 = VECTOR ( 'NONE', #1671, 1000.000000000000000 ) ;
#402 = ADVANCED_FACE ( 'NONE', ( #1017 ), #621, .F. ) ;
#403 = ORIENTED_EDGE ( 'NONE', *, *, #2374, .F. ) ;
#404 = DIRECTION ( 'NONE',  ( 7.885106708985495542E-15, -1.000000000000000000, 0.000000000000000000 ) ) ;
#405 = AXIS2_PLACEMENT_3D ( 'NONE', #692, #2127, #1297 ) ;
#406 = FACE_OUTER_BOUND ( 'NONE', #1540, .T. ) ;
#407 = CARTESIAN_POINT ( 'NONE',  ( 30.15000000000007319, -15.10000000000004228, -30.83229217479674844 ) ) ;
#408 = FACE_OUTER_BOUND ( 'NONE', #480, .T. ) ;
#409 = DIRECTION ( 'NONE',  ( 7.885106708985495542E-15, -1.000000000000000000, 0.000000000000000000 ) ) ;
#410 = ADVANCED_FACE ( 'NONE', ( #608 ), #1560, .F. ) ;
#411 = ORIENTED_EDGE ( 'NONE', *, *, #2065, .T. ) ;
#412 = ORIENTED_EDGE ( 'NONE', *, *, #1298, .F. ) ;
#413 = LINE ( 'NONE', #426, #2171 ) ;
#414 = EDGE_CURVE ( 'NONE', #1887, #126, #727, .T. ) ;
#415 = CARTESIAN_POINT ( 'NONE',  ( -31.90000000000000568, -15.10000000000006182, 31.89999999999998437 ) ) ;
#416 = EDGE_LOOP ( 'NONE', ( #2039, #69, #1644, #2375 ) ) ;
#417 = CARTESIAN_POINT ( 'NONE',  ( -31.90000000000000568, -4.966112860375774708E-15, -35.45000000000000995 ) ) ;
#418 = DIRECTION ( 'NONE',  ( 0.000000000000000000, 0.000000000000000000, 1.000000000000000000 ) ) ;
#419 = DIRECTION ( 'NONE',  ( 3.242473786872537293E-16, -1.000000000000000000, 0.000000000000000000 ) ) ;
#420 = VERTEX_POINT ( 'NONE', #2677 ) ;
#421 = AXIS2_PLACEMENT_3D ( 'NONE', #523, #919, #1574 ) ;
#422 = DIRECTION ( 'NONE',  ( 0.000000000000000000, 0.000000000000000000, 1.000000000000000000 ) ) ;
#423 = VECTOR ( 'NONE', #263, 1000.000000000000000 ) ;
#424 = ORIENTED_EDGE ( 'NONE', *, *, #2053, .T. ) ;
#425 = EDGE_CURVE ( 'NONE', #2144, #571, #1681, .T. ) ;
#426 = CARTESIAN_POINT ( 'NONE',  ( -28.49999999999999289, -26.41370849898487094, -29.79286924942945447 ) ) ;
#427 = CARTESIAN_POINT ( 'NONE',  ( 31.90000000000000568, -15.09999999999959286, -30.24999999999998934 ) ) ;
#428 = ORIENTED_EDGE ( 'NONE', *, *, #1461, .T. ) ;
#429 = ORIENTED_EDGE ( 'NONE', *, *, #822, .T. ) ;
#430 = CARTESIAN_POINT ( 'NONE',  ( -31.90000000000000568, -26.41370849898487094, 31.89999999999998437 ) ) ;
#431 = LINE ( 'NONE', #2383, #2230 ) ;
#432 = CARTESIAN_POINT ( 'NONE',  ( -31.90000000000000568, -18.10000000000005471, -31.89999999999998437 ) ) ;
#433 = EDGE_CURVE ( 'NONE', #2430, #314, #842, .T. ) ;
#434 = AXIS2_PLACEMENT_3D ( 'NONE', #1541, #2392, #2187 ) ;
#435 = DIRECTION ( 'NONE',  ( -0.000000000000000000, -1.000000000000000000, -0.000000000000000000 ) ) ;
#436 = ORIENTED_EDGE ( 'NONE', *, *, #1139, .F. ) ;
#437 = DIRECTION ( 'NONE',  ( 0.000000000000000000, 0.000000000000000000, -1.000000000000000000 ) ) ;
#438 = VERTEX_POINT ( 'NONE', #376 ) ;
#439 = ORIENTED_EDGE ( 'NONE', *, *, #816, .F. ) ;
#440 = FACE_BOUND ( 'NONE', #2589, .T. ) ;
#441 = LINE ( 'NONE', #1464, #1457 ) ;
#442 = AXIS2_PLACEMENT_3D ( 'NONE', #2673, #1405, #381 ) ;
#443 = ADVANCED_FACE ( 'NONE', ( #1679 ), #2134, .F. ) ;
#444 = AXIS2_PLACEMENT_3D ( 'NONE', #1615, #1626, #184 ) ;
#445 = ORIENTED_EDGE ( 'NONE', *, *, #1749, .F. ) ;
#446 = DIRECTION ( 'NONE',  ( 1.000000000000000000, 7.806255641895652435E-15, 0.000000000000000000 ) ) ;
#447 = CARTESIAN_POINT ( 'NONE',  ( -31.90000000000000568, -4.400000000000064304, -33.94999999999998863 ) ) ;
#448 = CARTESIAN_POINT ( 'NONE',  ( -31.90000000000000568, -15.10000000000006359, 33.54999999999998295 ) ) ;
#449 = AXIS2_PLACEMENT_3D ( 'NONE', #1868, #2314, #1854 ) ;
#450 = AXIS2_PLACEMENT_3D ( 'NONE', #432, #2112, #46 ) ;
#451 = CARTESIAN_POINT ( 'NONE',  ( -31.90000000000000568, -18.10000000000005471, 30.24999999999998579 ) ) ;
#452 = EDGE_CURVE ( 'NONE', #1130, #953, #134, .T. ) ;
#453 = ORIENTED_EDGE ( 'NONE', *, *, #1780, .F. ) ;
#454 = DIRECTION ( 'NONE',  ( 7.885106708985495542E-15, -1.000000000000000000, 0.000000000000000000 ) ) ;
#455 = EDGE_LOOP ( 'NONE', ( #298, #2361, #1743, #892 ) ) ;
#456 = ORIENTED_EDGE ( 'NONE', *, *, #730, .T. ) ;
#457 = CIRCLE ( 'NONE', #188, 2.050000000000003375 ) ;
#458 = ORIENTED_EDGE ( 'NONE', *, *, #1618, .T. ) ;
#459 = CARTESIAN_POINT ( 'NONE',  ( -31.90000000000000568, -1.900000000000009237, -33.54999999999998295 ) ) ;
#460 = CARTESIAN_POINT ( 'NONE',  ( 28.50000000000000355, -15.10000000000002984, -48.50000000000000000 ) ) ;
#461 = DIRECTION ( 'NONE',  ( 0.000000000000000000, 0.000000000000000000, 1.000000000000000000 ) ) ;
#462 = CARTESIAN_POINT ( 'NONE',  ( 30.15000000000007319, -17.00000000000005684, -48.50000000000000000 ) ) ;
#463 = ORIENTED_EDGE ( 'NONE', *, *, #847, .F. ) ;
#464 = CARTESIAN_POINT ( 'NONE',  ( -31.90000000000000568, -4.400000000000064304, 31.89999999999998437 ) ) ;
#465 = DIRECTION ( 'NONE',  ( 0.000000000000000000, -1.000000000000000000, 0.000000000000000000 ) ) ;
#466 = EDGE_CURVE ( 'NONE', #92, #2317, #1355, .T. ) ;
#467 = LINE ( 'NONE', #1300, #2384 ) ;
#468 = EDGE_LOOP ( 'NONE', ( #1742, #2558, #1425, #264 ) ) ;
#469 = AXIS2_PLACEMENT_3D ( 'NONE', #2295, #1612, #1391 ) ;
#470 = CARTESIAN_POINT ( 'NONE',  ( -30.14999999999999858, -2.500000000000005773, -48.50000000000000000 ) ) ;
#471 = ORIENTED_EDGE ( 'NONE', *, *, #2501, .T. ) ;
#472 = ORIENTED_EDGE ( 'NONE', *, *, #1157, .F. ) ;
#473 = ADVANCED_FACE ( 'NONE', ( #961 ), #2400, .F. ) ;
#474 = ORIENTED_EDGE ( 'NONE', *, *, #1447, .F. ) ;
#475 = CARTESIAN_POINT ( 'NONE',  ( -31.90000000000000568, -20.00000000000000711, 33.54999999999998295 ) ) ;
#476 = DIRECTION ( 'NONE',  ( -0.000000000000000000, 1.000000000000000000, -0.000000000000000000 ) ) ;
#477 = EDGE_LOOP ( 'NONE', ( #2594, #515 ) ) ;
#478 = DIRECTION ( 'NONE',  ( 7.885106708985495542E-15, -1.000000000000000000, 0.000000000000000000 ) ) ;
#479 = ORIENTED_EDGE ( 'NONE', *, *, #1967, .F. ) ;
#480 = EDGE_LOOP ( 'NONE', ( #2680, #862, #668, #654 ) ) ;
#481 = CARTESIAN_POINT ( 'NONE',  ( 30.14999999999999858, -2.499999999999998224, -48.50000000000000000 ) ) ;
#482 = DIRECTION ( 'NONE',  ( 1.000000000000000000, 0.000000000000000000, 0.000000000000000000 ) ) ;
#483 = LINE ( 'NONE', #888, #2009 ) ;
#484 = DIRECTION ( 'NONE',  ( -1.000000000000000000, 1.577021341797098990E-15, 0.000000000000000000 ) ) ;
#485 = EDGE_CURVE ( 'NONE', #438, #92, #946, .T. ) ;
#486 = ORIENTED_EDGE ( 'NONE', *, *, #1967, .T. ) ;
#487 = ORIENTED_EDGE ( 'NONE', *, *, #44, .F. ) ;
#488 = EDGE_LOOP ( 'NONE', ( #798, #472, #2082, #611 ) ) ;
#489 = DIRECTION ( 'NONE',  ( 0.000000000000000000, 0.000000000000000000, -1.000000000000000000 ) ) ;
#490 = DIRECTION ( 'NONE',  ( -0.000000000000000000, -1.000000000000000000, -0.000000000000000000 ) ) ;
#491 = CIRCLE ( 'NONE', #984, 3.999999999999989786 ) ;
#492 = DIRECTION ( 'NONE',  ( 0.000000000000000000, 0.000000000000000000, 1.000000000000000000 ) ) ;
#493 = EDGE_CURVE ( 'NONE', #2078, #2516, #40, .T. ) ;
#494 = EDGE_LOOP ( 'NONE', ( #2041, #1711, #1400, #474 ) ) ;
#495 = EDGE_LOOP ( 'NONE', ( #1128, #428, #269, #1396 ) ) ;
#496 = DIRECTION ( 'NONE',  ( -1.000000000000000000, -7.615859162825007949E-15, 0.000000000000000000 ) ) ;
#497 = AXIS2_PLACEMENT_3D ( 'NONE', #1309, #1989, #492 ) ;
#498 = LINE ( 'NONE', #1599, #2573 ) ;
#499 = AXIS2_PLACEMENT_3D ( 'NONE', #2548, #10, #1944 ) ;
#500 = CARTESIAN_POINT ( 'NONE',  ( -30.14999999999999858, -2.500000000000005773, -48.50000000000000000 ) ) ;
#501 = VECTOR ( 'NONE', #1816, 1000.000000000000000 ) ;
#502 = AXIS2_PLACEMENT_3D ( 'NONE', #2233, #825, #1024 ) ;
#503 = ORIENTED_EDGE ( 'NONE', *, *, #982, .F. ) ;
#504 = VERTEX_POINT ( 'NONE', #1601 ) ;
#505 = CARTESIAN_POINT ( 'NONE',  ( 28.50000000000000355, -17.00000000000005684, -48.50000000000000000 ) ) ;
#506 = AXIS2_PLACEMENT_3D ( 'NONE', #537, #962, #1368 ) ;
#507 = EDGE_LOOP ( 'NONE', ( #968, #1876, #1514, #1666 ) ) ;
#508 = ADVANCED_FACE ( 'NONE', ( #2638 ), #2034, .F. ) ;
#509 = CARTESIAN_POINT ( 'NONE',  ( 28.50000000000000000, -4.400000000000030553, 48.50000000000000000 ) ) ;
#510 = CARTESIAN_POINT ( 'NONE',  ( 30.15000000000007319, -17.00000000000005684, -48.50000000000000000 ) ) ;
#511 = DIRECTION ( 'NONE',  ( 1.000000000000000000, 7.885106708985493964E-15, 0.000000000000000000 ) ) ;
#512 = CARTESIAN_POINT ( 'NONE',  ( 31.90000000000000568, -1.900000000000089173, -30.24999999999998934 ) ) ;
#513 = DIRECTION ( 'NONE',  ( 0.000000000000000000, 0.000000000000000000, -1.000000000000000000 ) ) ;
#514 = PLANE ( 'NONE',  #1291 ) ;
#515 = ORIENTED_EDGE ( 'NONE', *, *, #1267, .T. ) ;
#516 = EDGE_LOOP ( 'NONE', ( #2104, #1334, #1832, #910 ) ) ;
#517 = VERTEX_POINT ( 'NONE', #1811 ) ;
#518 = CYLINDRICAL_SURFACE ( 'NONE', #2110, 3.999999999999989786 ) ;
#519 = AXIS2_PLACEMENT_3D ( 'NONE', #333, #931, #2007 ) ;
#520 = CARTESIAN_POINT ( 'NONE',  ( -31.90000000000000568, -20.89827560572980047, -33.94999999999998863 ) ) ;
#521 = EDGE_CURVE ( 'NONE', #2240, #1998, #491, .T. ) ;
#522 = APPLICATION_CONTEXT ( 'automotive_design' ) ;
#523 = CARTESIAN_POINT ( 'NONE',  ( -31.90000000000000568, -4.400000000000063416, -31.89999999999998437 ) ) ;
#524 = CIRCLE ( 'NONE', #877, 1.649999999999995248 ) ;
#525 = CARTESIAN_POINT ( 'NONE',  ( 28.50000000000000355, -15.10000000000002984, -48.50000000000000000 ) ) ;
#526 = CARTESIAN_POINT ( 'NONE',  ( 31.90000000000000568, -20.00000000000000711, 31.89999999999998437 ) ) ;
#527 = LINE ( 'NONE', #309, #2262 ) ;
#528 = EDGE_CURVE ( 'NONE', #1340, #94, #1096, .T. ) ;
#529 = DIRECTION ( 'NONE',  ( 0.000000000000000000, 0.000000000000000000, 1.000000000000000000 ) ) ;
#530 = VERTEX_POINT ( 'NONE', #60 ) ;
#531 = ORIENTED_EDGE ( 'NONE', *, *, #1255, .F. ) ;
#532 = CARTESIAN_POINT ( 'NONE',  ( 30.14999999999999858, -4.400000000000043876, 30.83229217479685857 ) ) ;
#533 = CONICAL_SURFACE ( 'NONE', #662, 1.649999999999998579, 0.7853981633974547183 ) ;
#534 = CARTESIAN_POINT ( 'NONE',  ( 36.00000000000001421, -20.00000000000000711, -48.50000000000000000 ) ) ;
#535 = DIRECTION ( 'NONE',  ( 1.000000000000000000, -7.359432928386461559E-15, 0.000000000000000000 ) ) ;
#536 = ADVANCED_FACE ( 'NONE', ( #918 ), #2595, .F. ) ;
#537 = CARTESIAN_POINT ( 'NONE',  ( 31.90000000000000568, -20.89827560572929599, -31.89999999999998437 ) ) ;
#538 = DIRECTION ( 'NONE',  ( -1.000000000000000000, -7.615859162825007949E-15, 0.000000000000000000 ) ) ;
#539 = AXIS2_PLACEMENT_3D ( 'NONE', #792, #1852, #2063 ) ;
#540 = CARTESIAN_POINT ( 'NONE',  ( -31.90000000000000568, -20.00000000000000355, -28.35000000000004050 ) ) ;
#541 = CIRCLE ( 'NONE', #2313, 1.649999999999998579 ) ;
#542 = ADVANCED_FACE ( 'NONE', ( #1039 ), #2062, .F. ) ;
#543 = ORIENTED_EDGE ( 'NONE', *, *, #359, .T. ) ;
#544 = VECTOR ( 'NONE', #777, 1000.000000000000000 ) ;
#545 = CARTESIAN_POINT ( 'NONE',  ( -28.49999999999999289, -26.41370849898487094, 29.79286924942946868 ) ) ;
#546 = EDGE_LOOP ( 'NONE', ( #351, #2588, #865, #1086 ) ) ;
#547 = FACE_OUTER_BOUND ( 'NONE', #204, .T. ) ;
#548 = CARTESIAN_POINT ( 'NONE',  ( -31.90000000000000568, -20.00000000000000355, 35.44999999999992468 ) ) ;
#549 = DIRECTION ( 'NONE',  ( 0.000000000000000000, 0.000000000000000000, 1.000000000000000000 ) ) ;
#550 =( NAMED_UNIT ( * ) PLANE_ANGLE_UNIT ( ) SI_UNIT ( $, .RADIAN. ) );
#551 = CARTESIAN_POINT ( 'NONE',  ( 30.15000000000007319, -15.10000000000004228, -48.50000000000000000 ) ) ;
#552 = CARTESIAN_POINT ( 'NONE',  ( 31.90000000000000568, -1.900000000000089173, 33.54999999999998295 ) ) ;
#553 = ADVANCED_FACE ( 'NONE', ( #1662 ), #1430, .F. ) ;
#554 = DIRECTION ( 'NONE',  ( 0.000000000000000000, 0.000000000000000000, 1.000000000000000000 ) ) ;
#555 = ORIENTED_EDGE ( 'NONE', *, *, #2354, .F. ) ;
#556 = CARTESIAN_POINT ( 'NONE',  ( -31.90000000000000568, -15.10000000000006182, 29.84999999999998010 ) ) ;
#557 = ORIENTED_EDGE ( 'NONE', *, *, #1182, .T. ) ;
#558 = DIRECTION ( 'NONE',  ( -7.885106708985495542E-15, 1.000000000000000000, -0.000000000000000000 ) ) ;
#559 = LINE ( 'NONE', #1821, #1822 ) ;
#560 = ADVANCED_FACE ( 'NONE', ( #1902, #1012 ), #2323, .T. ) ;
#561 = DIRECTION ( 'NONE',  ( 0.000000000000000000, 0.000000000000000000, -1.000000000000000000 ) ) ;
#562 = LINE ( 'NONE', #2508, #2227 ) ;
#563 = CIRCLE ( 'NONE', #2678, 1.649999999999995248 ) ;
#564 = CIRCLE ( 'NONE', #2211, 3.999999999999989786 ) ;
#565 = DIRECTION ( 'NONE',  ( 0.000000000000000000, 0.000000000000000000, 1.000000000000000000 ) ) ;
#566 = FACE_OUTER_BOUND ( 'NONE', #22, .T. ) ;
#567 = DIRECTION ( 'NONE',  ( -3.469446951953613203E-16, -1.000000000000000000, 0.000000000000000000 ) ) ;
#568 = EDGE_CURVE ( 'NONE', #1725, #1710, #1257, .T. ) ;
#569 = ORIENTED_EDGE ( 'NONE', *, *, #922, .F. ) ;
#570 = CARTESIAN_POINT ( 'NONE',  ( 0.000000000000000000, 0.000000000000000000, 50.14999999999999858 ) ) ;
#571 = VERTEX_POINT ( 'NONE', #417 ) ;
#572 = CARTESIAN_POINT ( 'NONE',  ( 36.00000000000001421, -20.00000000000000711, 56.00000000000000000 ) ) ;
#573 = VECTOR ( 'NONE', #1861, 1000.000000000000000 ) ;
#574 = CARTESIAN_POINT ( 'NONE',  ( 31.90000000000000568, -18.10000000000009379, -31.89999999999998437 ) ) ;
#575 = EDGE_CURVE ( 'NONE', #1804, #926, #196, .T. ) ;
#576 = DIRECTION ( 'NONE',  ( 0.000000000000000000, 1.000000000000000000, 0.000000000000000000 ) ) ;
#577 = VECTOR ( 'NONE', #1633, 1000.000000000000000 ) ;
#578 = DIRECTION ( 'NONE',  ( 7.885106708985495542E-15, -1.000000000000000000, 0.000000000000000000 ) ) ;
#579 = DIRECTION ( 'NONE',  ( 1.000000000000000000, 3.469446951953828759E-15, -0.000000000000000000 ) ) ;
#580 = AXIS2_PLACEMENT_3D ( 'NONE', #180, #835, #1700 ) ;
#581 = ORIENTED_EDGE ( 'NONE', *, *, #2469, .T. ) ;
#582 = CONICAL_SURFACE ( 'NONE', #1597, 1.649999999999998579, 0.7853981633974482790 ) ;
#583 = EDGE_CURVE ( 'NONE', #980, #1105, #2652, .T. ) ;
#584 = PLANE ( 'NONE',  #305 ) ;
#585 = VECTOR ( 'NONE', #992, 1000.000000000000000 ) ;
#586 = ORIENTED_EDGE ( 'NONE', *, *, #2386, .F. ) ;
#587 = CIRCLE ( 'NONE', #906, 2.049999999999999822 ) ;
#588 = DIRECTION ( 'NONE',  ( 0.000000000000000000, 0.000000000000000000, 1.000000000000000000 ) ) ;
#589 = CYLINDRICAL_SURFACE ( 'NONE', #90, 2.050000000000003375 ) ;
#590 = EDGE_CURVE ( 'NONE', #287, #1725, #159, .T. ) ;
#591 = DIRECTION ( 'NONE',  ( -0.000000000000000000, 1.000000000000000000, -0.000000000000000000 ) ) ;
#592 = FACE_OUTER_BOUND ( 'NONE', #2359, .T. ) ;
#593 = LINE ( 'NONE', #2567, #335 ) ;
#594 = AXIS2_PLACEMENT_3D ( 'NONE', #753, #76, #1407 ) ;
#595 = ADVANCED_FACE ( 'NONE', ( #839 ), #2497, .F. ) ;
#596 = EDGE_LOOP ( 'NONE', ( #2407, #684, #1434, #1121 ) ) ;
#597 = DIRECTION ( 'NONE',  ( 0.000000000000000000, 0.000000000000000000, 1.000000000000000000 ) ) ;
#598 = ORIENTED_EDGE ( 'NONE', *, *, #2315, .T. ) ;
#599 = ORIENTED_EDGE ( 'NONE', *, *, #2438, .T. ) ;
#600 = DIRECTION ( 'NONE',  ( -1.217349807703022362E-16, 1.000000000000000000, 0.000000000000000000 ) ) ;
#601 = DIRECTION ( 'NONE',  ( 0.000000000000000000, 0.000000000000000000, 1.000000000000000000 ) ) ;
#602 = ADVANCED_FACE ( 'NONE', ( #1266 ), #605, .F. ) ;
#603 = VECTOR ( 'NONE', #2734, 1000.000000000000000 ) ;
#604 = ORIENTED_EDGE ( 'NONE', *, *, #1812, .F. ) ;
#605 = PLANE ( 'NONE',  #250 ) ;
#606 = DIRECTION ( 'NONE',  ( 0.000000000000000000, -1.000000000000000000, 0.000000000000000000 ) ) ;
#607 = DIRECTION ( 'NONE',  ( 0.000000000000000000, 1.000000000000000000, 0.000000000000000000 ) ) ;
#608 = FACE_OUTER_BOUND ( 'NONE', #1442, .T. ) ;
#609 = EDGE_CURVE ( 'NONE', #1954, #329, #2299, .T. ) ;
#610 = ORIENTED_EDGE ( 'NONE', *, *, #414, .F. ) ;
#611 = ORIENTED_EDGE ( 'NONE', *, *, #1717, .F. ) ;
#612 = ORIENTED_EDGE ( 'NONE', *, *, #1298, .T. ) ;
#613 = CARTESIAN_POINT ( 'NONE',  ( -31.90000000000000568, -1.900000000000009237, 30.24999999999998579 ) ) ;
#614 = DIRECTION ( 'NONE',  ( -1.000000000000000000, -7.615859162825007949E-15, 0.000000000000000000 ) ) ;
#615 = CIRCLE ( 'NONE', #2260, 2.049999999999999822 ) ;
#616 = ORIENTED_EDGE ( 'NONE', *, *, #915, .F. ) ;
#617 = EDGE_CURVE ( 'NONE', #714, #1247, #1087, .T. ) ;
#618 = CARTESIAN_POINT ( 'NONE',  ( -28.49999999999999645, -15.10000000000003695, -48.50000000000000000 ) ) ;
#619 = PLANE ( 'NONE',  #1908 ) ;
#620 = DIRECTION ( 'NONE',  ( 0.000000000000000000, 0.000000000000000000, 1.000000000000000000 ) ) ;
#621 = CYLINDRICAL_SURFACE ( 'NONE', #1910, 2.049999999999999822 ) ;
#622 = AXIS2_PLACEMENT_3D ( 'NONE', #1224, #1751, #2627 ) ;
#623 = ORIENTED_EDGE ( 'NONE', *, *, #1173, .F. ) ;
#624 = ADVANCED_FACE ( 'NONE', ( #1482 ), #2335, .T. ) ;
#625 = CIRCLE ( 'NONE', #497, 1.649999999999998579 ) ;
#626 = ORIENTED_EDGE ( 'NONE', *, *, #1682, .T. ) ;
#627 = VECTOR ( 'NONE', #1000, 1000.000000000000114 ) ;
#628 = ORIENTED_EDGE ( 'NONE', *, *, #1773, .T. ) ;
#629 = DIRECTION ( 'NONE',  ( -1.000000000000000000, -1.217349807703022362E-16, 0.000000000000000000 ) ) ;
#630 = CARTESIAN_POINT ( 'NONE',  ( 31.90000000000000568, -15.09999999999959286, 31.89999999999998437 ) ) ;
#631 = VERTEX_POINT ( 'NONE', #362 ) ;
#632 = ORIENTED_EDGE ( 'NONE', *, *, #2283, .T. ) ;
#633 = DIRECTION ( 'NONE',  ( 1.000000000000000000, 0.000000000000000000, -0.000000000000000000 ) ) ;
#634 = DIRECTION ( 'NONE',  ( 0.000000000000000000, 0.000000000000000000, 1.000000000000000000 ) ) ;
#635 = DIRECTION ( 'NONE',  ( 1.000000000000000000, 0.000000000000000000, 0.000000000000000000 ) ) ;
#636 = VERTEX_POINT ( 'NONE', #1408 ) ;
#637 = CARTESIAN_POINT ( 'NONE',  ( 0.000000000000000000, 0.000000000000000000, 0.000000000000000000 ) ) ;
#638 = ORIENTED_EDGE ( 'NONE', *, *, #1021, .T. ) ;
#639 = ORIENTED_EDGE ( 'NONE', *, *, #764, .T. ) ;
#640 = CARTESIAN_POINT ( 'NONE',  ( -31.90000000000000568, -20.00000000000000355, 28.35000000000004050 ) ) ;
#641 = CARTESIAN_POINT ( 'NONE',  ( -36.00000000000000711, -3.747002708109903324E-14, 56.00000000000000000 ) ) ;
#642 = EDGE_CURVE ( 'NONE', #2556, #504, #2052, .T. ) ;
#643 = ORIENTED_EDGE ( 'NONE', *, *, #2623, .T. ) ;
#644 = ORIENTED_EDGE ( 'NONE', *, *, #1303, .F. ) ;
#645 = DIRECTION ( 'NONE',  ( -1.000000000000000000, -7.372574772901449084E-15, 0.000000000000000000 ) ) ;
#646 = DIRECTION ( 'NONE',  ( -1.000000000000000000, -7.359432928386475759E-15, 0.000000000000000000 ) ) ;
#647 = DIRECTION ( 'NONE',  ( -0.000000000000000000, 0.000000000000000000, -1.000000000000000000 ) ) ;
#648 = DIRECTION ( 'NONE',  ( 7.313862828241198394E-17, -1.000000000000000000, -0.000000000000000000 ) ) ;
#649 = ORIENTED_EDGE ( 'NONE', *, *, #822, .F. ) ;
#650 = PRODUCT_DEFINITION_FORMATION_WITH_SPECIFIED_SOURCE ( 'ANY', '', #1800, .NOT_KNOWN. ) ;
#651 = DIRECTION ( 'NONE',  ( -1.000000000000000000, 0.000000000000000000, -0.000000000000000000 ) ) ;
#652 = EDGE_CURVE ( 'NONE', #2175, #1361, #781, .T. ) ;
#653 = ORIENTED_EDGE ( 'NONE', *, *, #2690, .T. ) ;
#654 = ORIENTED_EDGE ( 'NONE', *, *, #1030, .F. ) ;
#655 = CARTESIAN_POINT ( 'NONE',  ( -36.00000000000000711, 6.938893903907203726E-16, 56.00000000000000000 ) ) ;
#656 = DIRECTION ( 'NONE',  ( 1.000000000000000000, 8.038962449648619589E-15, 0.000000000000000000 ) ) ;
#657 = ORIENTED_EDGE ( 'NONE', *, *, #743, .F. ) ;
#658 = ORIENTED_EDGE ( 'NONE', *, *, #146, .T. ) ;
#659 = EDGE_CURVE ( 'NONE', #190, #233, #1617, .T. ) ;
#660 = CARTESIAN_POINT ( 'NONE',  ( 31.90000000000000568, -4.399999999999561595, 31.89999999999998437 ) ) ;
#661 = DIRECTION ( 'NONE',  ( 0.000000000000000000, 0.000000000000000000, -1.000000000000000000 ) ) ;
#662 = AXIS2_PLACEMENT_3D ( 'NONE', #1351, #315, #1524 ) ;
#663 = DIRECTION ( 'NONE',  ( -1.000000000000000000, -7.615859162824993749E-15, 0.000000000000000000 ) ) ;
#664 = ORIENTED_EDGE ( 'NONE', *, *, #2192, .F. ) ;
#665 = DIRECTION ( 'NONE',  ( 0.000000000000000000, 0.000000000000000000, -1.000000000000000000 ) ) ;
#666 = AXIS2_PLACEMENT_3D ( 'NONE', #1369, #1070, #513 ) ;
#667 = EDGE_LOOP ( 'NONE', ( #1217, #138, #57, #239 ) ) ;
#668 = ORIENTED_EDGE ( 'NONE', *, *, #1831, .F. ) ;
#669 = ADVANCED_FACE ( 'NONE', ( #2651 ), #974, .F. ) ;
#670 = ORIENTED_EDGE ( 'NONE', *, *, #2315, .F. ) ;
#671 = CARTESIAN_POINT ( 'NONE',  ( -31.90000000000000568, -15.10000000000006359, 31.89999999999998437 ) ) ;
#672 = DIRECTION ( 'NONE',  ( -1.000000000000000000, -7.615859162824993749E-15, 0.000000000000000000 ) ) ;
#673 = CIRCLE ( 'NONE', #1029, 2.049999999999999822 ) ;
#674 = DIRECTION ( 'NONE',  ( 0.000000000000000000, 0.000000000000000000, 1.000000000000000000 ) ) ;
#675 = EDGE_LOOP ( 'NONE', ( #2658, #2293, #1506, #290 ) ) ;
#676 = DIRECTION ( 'NONE',  ( 0.000000000000000000, 1.000000000000000000, 0.000000000000000000 ) ) ;
#677 = DIRECTION ( 'NONE',  ( 0.000000000000000000, 0.000000000000000000, 1.000000000000000000 ) ) ;
#678 = EDGE_CURVE ( 'NONE', #994, #954, #2451, .T. ) ;
#679 = VECTOR ( 'NONE', #2353, 1000.000000000000000 ) ;
#680 = CARTESIAN_POINT ( 'NONE',  ( -30.15000000000006608, -15.10000000000004938, -48.50000000000000000 ) ) ;
#681 = ADVANCED_FACE ( 'NONE', ( #1035 ), #2706, .T. ) ;
#682 = VERTEX_POINT ( 'NONE', #392 ) ;
#683 = CARTESIAN_POINT ( 'NONE',  ( -28.50000000000000000, -1.500000000000007772, -48.50000000000000000 ) ) ;
#684 = ORIENTED_EDGE ( 'NONE', *, *, #189, .F. ) ;
#685 = AXIS2_PLACEMENT_3D ( 'NONE', #872, #2371, #419 ) ;
#686 = EDGE_LOOP ( 'NONE', ( #2521, #274, #1045, #1680 ) ) ;
#687 = CARTESIAN_POINT ( 'NONE',  ( 31.90000000000000568, -20.00000000000000711, 31.89999999999998437 ) ) ;
#688 = LINE ( 'NONE', #2109, #2355 ) ;
#689 = CARTESIAN_POINT ( 'NONE',  ( 36.00000000000002132, 0.000000000000000000, 56.00000000000000000 ) ) ;
#690 = DIRECTION ( 'NONE',  ( 0.000000000000000000, -1.000000000000000000, 0.000000000000000000 ) ) ;
#691 = ORIENTED_EDGE ( 'NONE', *, *, #2020, .T. ) ;
#692 = CARTESIAN_POINT ( 'NONE',  ( 31.90000000000000568, -4.399999999999561595, 31.89999999999998437 ) ) ;
#693 = EDGE_CURVE ( 'NONE', #976, #79, #1190, .T. ) ;
#694 = CARTESIAN_POINT ( 'NONE',  ( -31.90000000000000568, -20.89827560572980047, 29.84999999999998010 ) ) ;
#695 = DIRECTION ( 'NONE',  ( -1.000000000000000000, -1.839858232096614995E-15, 0.000000000000000000 ) ) ;
#696 = PLANE ( 'NONE',  #2424 ) ;
#697 = EDGE_CURVE ( 'NONE', #2362, #2331, #371, .T. ) ;
#698 = ORIENTED_EDGE ( 'NONE', *, *, #1882, .F. ) ;
#699 = AXIS2_PLACEMENT_3D ( 'NONE', #115, #1762, #2411 ) ;
#700 = EDGE_LOOP ( 'NONE', ( #1049, #1363, #2619, #153 ) ) ;
#701 = AXIS2_PLACEMENT_3D ( 'NONE', #1081, #1101, #1116 ) ;
#702 = ORIENTED_EDGE ( 'NONE', *, *, #1831, .T. ) ;
#703 = FACE_BOUND ( 'NONE', #1919, .T. ) ;
#704 = CARTESIAN_POINT ( 'NONE',  ( 1.111274372186296220E-13, -15.09999999999982734, 48.50000000000000000 ) ) ;
#705 = DIRECTION ( 'NONE',  ( 1.000000000000000000, 8.038962449648605390E-15, 0.000000000000000000 ) ) ;
#706 = ORIENTED_EDGE ( 'NONE', *, *, #568, .F. ) ;
#707 = ORIENTED_EDGE ( 'NONE', *, *, #1119, .F. ) ;
#708 = CARTESIAN_POINT ( 'NONE',  ( 31.90000000000000568, -15.09999999999959286, 31.89999999999998437 ) ) ;
#709 = LINE ( 'NONE', #2206, #2091 ) ;
#710 = DIRECTION ( 'NONE',  ( -0.000000000000000000, 1.000000000000000000, -0.000000000000000000 ) ) ;
#711 = DIRECTION ( 'NONE',  ( -1.000000000000000000, -7.372574772901449084E-15, 0.000000000000000000 ) ) ;
#712 = DIRECTION ( 'NONE',  ( 0.000000000000000000, -0.000000000000000000, 1.000000000000000000 ) ) ;
#713 = CONICAL_SURFACE ( 'NONE', #129, 3.549999999999900346, 0.7853981633974465026 ) ;
#714 = VERTEX_POINT ( 'NONE', #776 ) ;
#715 = EDGE_LOOP ( 'NONE', ( #707, #1044, #1746, #1481 ) ) ;
#716 = ADVANCED_FACE ( 'NONE', ( #1404 ), #824, .T. ) ;
#717 = VERTEX_POINT ( 'NONE', #2507 ) ;
#718 = VECTOR ( 'NONE', #2443, 1000.000000000000000 ) ;
#719 = DIRECTION ( 'NONE',  ( -0.000000000000000000, -1.000000000000000000, -0.000000000000000000 ) ) ;
#720 = DIRECTION ( 'NONE',  ( 0.000000000000000000, 0.000000000000000000, 1.000000000000000000 ) ) ;
#721 = EDGE_LOOP ( 'NONE', ( #2534, #1940 ) ) ;
#722 = ORIENTED_EDGE ( 'NONE', *, *, #2105, .T. ) ;
#723 = LINE ( 'NONE', #1979, #118 ) ;
#724 = VECTOR ( 'NONE', #2254, 1000.000000000000000 ) ;
#725 = FACE_OUTER_BOUND ( 'NONE', #299, .T. ) ;
#726 = LINE ( 'NONE', #1564, #861 ) ;
#727 = CIRCLE ( 'NONE', #2270, 2.050000000000003375 ) ;
#728 = CARTESIAN_POINT ( 'NONE',  ( 31.90000000000000568, -15.09999999999959286, -31.89999999999998437 ) ) ;
#729 = CIRCLE ( 'NONE', #2273, 1.649999999999998579 ) ;
#730 = EDGE_CURVE ( 'NONE', #1561, #2144, #1635, .T. ) ;
#731 = ORIENTED_EDGE ( 'NONE', *, *, #1623, .F. ) ;
#732 = ORIENTED_EDGE ( 'NONE', *, *, #1267, .F. ) ;
#733 = EDGE_LOOP ( 'NONE', ( #1521, #598, #1606, #706 ) ) ;
#734 = FACE_OUTER_BOUND ( 'NONE', #488, .T. ) ;
#735 = VECTOR ( 'NONE', #2089, 1000.000000000000000 ) ;
#736 = FACE_OUTER_BOUND ( 'NONE', #1068, .T. ) ;
#737 = DIRECTION ( 'NONE',  ( -3.242473786872536800E-16, 1.000000000000000000, -0.000000000000000000 ) ) ;
#738 = ADVANCED_FACE ( 'NONE', ( #1440 ), #346, .F. ) ;
#739 = DIRECTION ( 'NONE',  ( -0.000000000000000000, 1.000000000000000000, -0.000000000000000000 ) ) ;
#740 = AXIS2_PLACEMENT_3D ( 'NONE', #1849, #2672, #998 ) ;
#741 = CARTESIAN_POINT ( 'NONE',  ( -31.90000000000000568, -4.400000000000063416, 31.89999999999998437 ) ) ;
#742 = ORIENTED_EDGE ( 'NONE', *, *, #1182, .F. ) ;
#743 = EDGE_CURVE ( 'NONE', #1538, #1325, #2378, .T. ) ;
#744 = ORIENTED_EDGE ( 'NONE', *, *, #2060, .F. ) ;
#745 = DIRECTION ( 'NONE',  ( 1.000000000000000000, 0.000000000000000000, 0.000000000000000000 ) ) ;
#746 = CIRCLE ( 'NONE', #1658, 2.049999999999999822 ) ;
#747 = CIRCLE ( 'NONE', #2291, 2.050000000000003375 ) ;
#748 = LINE ( 'NONE', #787, #2348 ) ;
#749 = CARTESIAN_POINT ( 'NONE',  ( -31.90000000000000568, -15.10000000000006182, -29.84999999999998366 ) ) ;
#750 = CARTESIAN_POINT ( 'NONE',  ( -35.99999999999998579, -20.00000000000000355, -48.50000000000000000 ) ) ;
#751 = CONICAL_SURFACE ( 'NONE', #203, 1.649999999999995248, 0.7853981633974482790 ) ;
#752 = EDGE_CURVE ( 'NONE', #2439, #954, #1571, .T. ) ;
#753 = CARTESIAN_POINT ( 'NONE',  ( -31.90000000000000568, -1.900000000000009237, -31.89999999999998437 ) ) ;
#754 = LINE ( 'NONE', #2601, #1413 ) ;
#755 = DIRECTION ( 'NONE',  ( 7.885106708985495542E-15, -1.000000000000000000, 0.000000000000000000 ) ) ;
#756 = VERTEX_POINT ( 'NONE', #1823 ) ;
#757 = DIRECTION ( 'NONE',  ( -0.000000000000000000, 1.000000000000000000, -0.000000000000000000 ) ) ;
#758 = ORIENTED_EDGE ( 'NONE', *, *, #1319, .T. ) ;
#759 = CARTESIAN_POINT ( 'NONE',  ( -28.50000000000000355, -4.400000000000037659, 29.79286924942945447 ) ) ;
#760 = CARTESIAN_POINT ( 'NONE',  ( 0.000000000000000000, 0.000000000000000000, -48.50000000000000000 ) ) ;
#761 = DIRECTION ( 'NONE',  ( 0.000000000000000000, 1.000000000000000000, 0.000000000000000000 ) ) ;
#762 = AXIS2_PLACEMENT_3D ( 'NONE', #2708, #2310, #170 ) ;
#763 = CARTESIAN_POINT ( 'NONE',  ( 30.15000000000007319, -15.10000000000004228, -48.50000000000000000 ) ) ;
#764 = EDGE_CURVE ( 'NONE', #236, #2556, #2287, .T. ) ;
#765 = VECTOR ( 'NONE', #2458, 1000.000000000000000 ) ;
#766 = DIRECTION ( 'NONE',  ( 0.000000000000000000, 0.000000000000000000, 1.000000000000000000 ) ) ;
#767 = DIRECTION ( 'NONE',  ( -3.242473786872537293E-16, 1.000000000000000000, 0.000000000000000000 ) ) ;
#768 = VECTOR ( 'NONE', #1125, 999.9999999999998863 ) ;
#769 = DIRECTION ( 'NONE',  ( 1.000000000000000000, 7.885106708985495542E-15, 0.000000000000000000 ) ) ;
#770 = AXIS2_PLACEMENT_3D ( 'NONE', #2111, #1470, #634 ) ;
#771 = EDGE_CURVE ( 'NONE', #1893, #1722, #2281, .T. ) ;
#772 = EDGE_LOOP ( 'NONE', ( #1193, #1278, #331, #1290 ) ) ;
#773 = CARTESIAN_POINT ( 'NONE',  ( 30.15000000000007319, -15.09999999999960529, -32.96770782520323451 ) ) ;
#774 = VERTEX_POINT ( 'NONE', #1218 ) ;
#775 = CARTESIAN_POINT ( 'NONE',  ( -35.99999999999998579, -20.00000000000000355, -48.50000000000000000 ) ) ;
#776 = CARTESIAN_POINT ( 'NONE',  ( 28.50000000000000355, -15.10000000000002984, 29.79286924942945092 ) ) ;
#777 = DIRECTION ( 'NONE',  ( -0.000000000000000000, 1.000000000000000000, -0.000000000000000000 ) ) ;
#778 = EDGE_CURVE ( 'NONE', #571, #2144, #1668, .T. ) ;
#779 = CARTESIAN_POINT ( 'NONE',  ( -30.15000000000006608, -15.10000000000004938, -48.50000000000000000 ) ) ;
#780 = LINE ( 'NONE', #1174, #2239 ) ;
#781 = LINE ( 'NONE', #1603, #2156 ) ;
#782 = ORIENTED_EDGE ( 'NONE', *, *, #2718, .F. ) ;
#783 = ORIENTED_EDGE ( 'NONE', *, *, #583, .F. ) ;
#784 = ADVANCED_FACE ( 'NONE', ( #2684 ), #788, .F. ) ;
#785 = CARTESIAN_POINT ( 'NONE',  ( -28.50000000000000000, -4.400000000000037659, 48.50000000000000000 ) ) ;
#786 = ORIENTED_EDGE ( 'NONE', *, *, #1231, .F. ) ;
#787 = CARTESIAN_POINT ( 'NONE',  ( -30.15000000000006608, 0.000000000000000000, 50.14999999999999858 ) ) ;
#788 = PLANE ( 'NONE',  #1410 ) ;
#789 = LINE ( 'NONE', #2307, #1785 ) ;
#790 = CIRCLE ( 'NONE', #1100, 1.649999999999998579 ) ;
#791 = VECTOR ( 'NONE', #1739, 1000.000000000000000 ) ;
#792 = CARTESIAN_POINT ( 'NONE',  ( 31.90000000000000568, -20.00000000000000711, 31.89999999999998437 ) ) ;
#793 = CARTESIAN_POINT ( 'NONE',  ( -28.49999999999999645, -17.00000000000006395, -48.50000000000000000 ) ) ;
#794 = EDGE_CURVE ( 'NONE', #1325, #1538, #82, .T. ) ;
#795 = CARTESIAN_POINT ( 'NONE',  ( -31.90000000000000568, -4.966112860375774708E-15, -31.89999999999998437 ) ) ;
#796 = ORIENTED_EDGE ( 'NONE', *, *, #2248, .T. ) ;
#797 = CARTESIAN_POINT ( 'NONE',  ( 0.000000000000000000, 0.000000000000000000, 56.00000000000000000 ) ) ;
#798 = ORIENTED_EDGE ( 'NONE', *, *, #972, .F. ) ;
#799 = ADVANCED_FACE ( 'NONE', ( #801 ), #2480, .F. ) ;
#800 = AXIS2_PLACEMENT_3D ( 'NONE', #2494, #600, #629 ) ;
#801 = FACE_OUTER_BOUND ( 'NONE', #1288, .T. ) ;
#802 = CARTESIAN_POINT ( 'NONE',  ( -31.90000000000000568, -20.89827560572980047, 31.89999999999998437 ) ) ;
#803 = EDGE_CURVE ( 'NONE', #1247, #2240, #1427, .T. ) ;
#804 = VECTOR ( 'NONE', #1767, 1000.000000000000000 ) ;
#805 = LINE ( 'NONE', #2687, #2086 ) ;
#806 = LINE ( 'NONE', #1652, #1518 ) ;
#807 = CIRCLE ( 'NONE', #2656, 2.050000000000003375 ) ;
#808 = EDGE_LOOP ( 'NONE', ( #1256, #1999, #586, #731 ) ) ;
#809 = AXIS2_PLACEMENT_3D ( 'NONE', #1417, #1878, #373 ) ;
#810 = ADVANCED_FACE ( 'NONE', ( #2696 ), #1647, .F. ) ;
#811 = DIRECTION ( 'NONE',  ( 0.000000000000000000, 0.000000000000000000, 1.000000000000000000 ) ) ;
#812 = EDGE_LOOP ( 'NONE', ( #53, #657, #1817, #187 ) ) ;
#813 = VECTOR ( 'NONE', #1037, 1000.000000000000000 ) ;
#814 = DIRECTION ( 'NONE',  ( 1.000000000000000000, 8.038962449648605390E-15, 0.000000000000000000 ) ) ;
#815 = LINE ( 'NONE', #1649, #990 ) ;
#816 = EDGE_CURVE ( 'NONE', #517, #571, #2318, .T. ) ;
#817 = DIRECTION ( 'NONE',  ( 3.242473786872537293E-16, -1.000000000000000000, 0.000000000000000000 ) ) ;
#818 = LINE ( 'NONE', #1677, #1648 ) ;
#819 = CIRCLE ( 'NONE', #2367, 2.050000000000003375 ) ;
#820 = ORIENTED_EDGE ( 'NONE', *, *, #1576, .F. ) ;
#821 = ORIENTED_EDGE ( 'NONE', *, *, #2123, .F. ) ;
#822 = EDGE_CURVE ( 'NONE', #1791, #155, #1075, .T. ) ;
#823 = ORIENTED_EDGE ( 'NONE', *, *, #1119, .T. ) ;
#824 = CYLINDRICAL_SURFACE ( 'NONE', #2024, 3.999999999999996447 ) ;
#825 = DIRECTION ( 'NONE',  ( 1.000000000000000000, -3.469446951953612710E-16, 0.000000000000000000 ) ) ;
#826 = VECTOR ( 'NONE', #2470, 1000.000000000000000 ) ;
#827 = ORIENTED_EDGE ( 'NONE', *, *, #1682, .F. ) ;
#828 = CARTESIAN_POINT ( 'NONE',  ( 28.50000000000000000, -4.400000000000030553, -48.50000000000000000 ) ) ;
#829 = LINE ( 'NONE', #1663, #1248 ) ;
#830 = DIRECTION ( 'NONE',  ( -1.000000000000000000, 0.000000000000000000, -0.000000000000000000 ) ) ;
#831 = EDGE_CURVE ( 'NONE', #879, #291, #413, .T. ) ;
#832 = EDGE_LOOP ( 'NONE', ( #1858, #643 ) ) ;
#833 = ORIENTED_EDGE ( 'NONE', *, *, #2647, .T. ) ;
#834 = LINE ( 'NONE', #2121, #213 ) ;
#835 = DIRECTION ( 'NONE',  ( -7.885106708985495542E-15, 1.000000000000000000, -0.000000000000000000 ) ) ;
#836 = VECTOR ( 'NONE', #1730, 1000.000000000000000 ) ;
#837 = ORIENTED_EDGE ( 'NONE', *, *, #2164, .T. ) ;
#838 = ORIENTED_EDGE ( 'NONE', *, *, #2105, .F. ) ;
#839 = FACE_OUTER_BOUND ( 'NONE', #1374, .T. ) ;
#840 = DIRECTION ( 'NONE',  ( 7.359432928386152326E-15, -1.000000000000000000, -0.000000000000000000 ) ) ;
#841 = DIRECTION ( 'NONE',  ( 0.000000000000000000, 0.000000000000000000, 1.000000000000000000 ) ) ;
#842 = LINE ( 'NONE', #1472, #2048 ) ;
#843 = AXIS2_PLACEMENT_3D ( 'NONE', #2010, #103, #2448 ) ;
#844 = EDGE_LOOP ( 'NONE', ( #2327, #54, #1333, #2551 ) ) ;
#845 = CARTESIAN_POINT ( 'NONE',  ( -31.90000000000000568, -18.10000000000005471, 31.89999999999998437 ) ) ;
#846 = AXIS2_PLACEMENT_3D ( 'NONE', #2189, #898, #1732 ) ;
#847 = EDGE_CURVE ( 'NONE', #1757, #190, #834, .T. ) ;
#848 = ORIENTED_EDGE ( 'NONE', *, *, #158, .F. ) ;
#849 = VECTOR ( 'NONE', #2158, 1000.000000000000000 ) ;
#850 = AXIS2_PLACEMENT_3D ( 'NONE', #2054, #150, #1187 ) ;
#851 = FACE_OUTER_BOUND ( 'NONE', #1458, .T. ) ;
#852 = CARTESIAN_POINT ( 'NONE',  ( 28.50000000000000711, -4.399999999999588240, -29.79286924942943671 ) ) ;
#853 = AXIS2_PLACEMENT_3D ( 'NONE', #278, #2128, #661 ) ;
#854 = ORIENTED_EDGE ( 'NONE', *, *, #2370, .T. ) ;
#855 = ORIENTED_EDGE ( 'NONE', *, *, #1036, .T. ) ;
#856 = DIRECTION ( 'NONE',  ( 1.000000000000000000, 3.242473786872537293E-16, -0.000000000000000000 ) ) ;
#857 = DIRECTION ( 'NONE',  ( -0.000000000000000000, 1.000000000000000000, -0.000000000000000000 ) ) ;
#858 = CARTESIAN_POINT ( 'NONE',  ( -28.49999999999999645, -15.10000000000003695, -48.50000000000000000 ) ) ;
#859 = EDGE_CURVE ( 'NONE', #1729, #1262, #2513, .T. ) ;
#860 = DIRECTION ( 'NONE',  ( 7.359432928386152326E-15, -1.000000000000000000, -0.000000000000000000 ) ) ;
#861 = VECTOR ( 'NONE', #933, 1000.000000000000114 ) ;
#862 = ORIENTED_EDGE ( 'NONE', *, *, #1303, .T. ) ;
#863 = DIRECTION ( 'NONE',  ( 1.000000000000000000, 0.000000000000000000, 0.000000000000000000 ) ) ;
#864 = DIRECTION ( 'NONE',  ( 0.000000000000000000, 0.000000000000000000, 1.000000000000000000 ) ) ;
#865 = ORIENTED_EDGE ( 'NONE', *, *, #158, .T. ) ;
#866 = ADVANCED_FACE ( 'NONE', ( #2518 ), #1058, .T. ) ;
#867 = VERTEX_POINT ( 'NONE', #256 ) ;
#868 = CARTESIAN_POINT ( 'NONE',  ( 36.00000000000001421, -20.00000000000000711, -48.50000000000000000 ) ) ;
#869 = DIRECTION ( 'NONE',  ( 0.000000000000000000, 0.000000000000000000, 1.000000000000000000 ) ) ;
#870 = VERTEX_POINT ( 'NONE', #221 ) ;
#871 = DIRECTION ( 'NONE',  ( 0.000000000000000000, 1.000000000000000000, 0.000000000000000000 ) ) ;
#872 = CARTESIAN_POINT ( 'NONE',  ( -28.50000000000000000, -4.400000000000037659, -48.50000000000000000 ) ) ;
#873 = VECTOR ( 'NONE', #1783, 1000.000000000000000 ) ;
#874 = CARTESIAN_POINT ( 'NONE',  ( 28.50000000000000355, -15.10000000000002984, 34.00713075057051782 ) ) ;
#875 = EDGE_LOOP ( 'NONE', ( #2467, #1271 ) ) ;
#876 = DIRECTION ( 'NONE',  ( -1.000000000000000000, -7.372574772901436462E-15, 0.000000000000000000 ) ) ;
#877 = AXIS2_PLACEMENT_3D ( 'NONE', #1517, #860, #2196 ) ;
#878 = VERTEX_POINT ( 'NONE', #613 ) ;
#879 = VERTEX_POINT ( 'NONE', #2095 ) ;
#880 = VERTEX_POINT ( 'NONE', #2532 ) ;
#881 = CARTESIAN_POINT ( 'NONE',  ( -31.90000000000000568, -18.10000000000005471, -30.24999999999998579 ) ) ;
#882 = EDGE_CURVE ( 'NONE', #1215, #1310, #1917, .T. ) ;
#883 = LINE ( 'NONE', #2519, #279 ) ;
#884 = DIRECTION ( 'NONE',  ( 7.885106708985495542E-15, -1.000000000000000000, 0.000000000000000000 ) ) ;
#885 = VERTEX_POINT ( 'NONE', #640 ) ;
#886 = DIRECTION ( 'NONE',  ( 7.885106708985495542E-15, -1.000000000000000000, 0.000000000000000000 ) ) ;
#887 = ADVANCED_FACE ( 'NONE', ( #2346, #192, #1699, #1509, #240 ), #1091, .T. ) ;
#888 = CARTESIAN_POINT ( 'NONE',  ( 31.90000000000000568, -20.89827560572929599, -33.94999999999998863 ) ) ;
#889 = LINE ( 'NONE', #2600, #1622 ) ;
#890 = EDGE_LOOP ( 'NONE', ( #1018, #2304, #1646, #1760, #2545, #1239, #977, #1279 ) ) ;
#891 = CARTESIAN_POINT ( 'NONE',  ( 31.90000000000000568, -1.900000000000089173, 31.89999999999998437 ) ) ;
#892 = ORIENTED_EDGE ( 'NONE', *, *, #1948, .F. ) ;
#893 = ORIENTED_EDGE ( 'NONE', *, *, #575, .T. ) ;
#894 = ADVANCED_FACE ( 'NONE', ( #440, #851 ), #1292, .T. ) ;
#895 = ORIENTED_EDGE ( 'NONE', *, *, #2547, .F. ) ;
#896 = CARTESIAN_POINT ( 'NONE',  ( 28.50000000000000000, -4.400000000000030553, -48.50000000000000000 ) ) ;
#897 = DIRECTION ( 'NONE',  ( 0.000000000000000000, 0.000000000000000000, 1.000000000000000000 ) ) ;
#898 = DIRECTION ( 'NONE',  ( 4.818676322157798854E-17, 1.000000000000000000, -0.000000000000000000 ) ) ;
#899 = AXIS2_PLACEMENT_3D ( 'NONE', #415, #2380, #241 ) ;
#900 = CARTESIAN_POINT ( 'NONE',  ( 30.15000000000007319, -15.10000000000004228, -48.50000000000000000 ) ) ;
#901 = CIRCLE ( 'NONE', #809, 3.549999999999942091 ) ;
#902 = ORIENTED_EDGE ( 'NONE', *, *, #1401, .F. ) ;
#903 = DIRECTION ( 'NONE',  ( 4.818676322157798854E-17, 1.000000000000000000, -0.000000000000000000 ) ) ;
#904 = CARTESIAN_POINT ( 'NONE',  ( 31.90000000000000568, -20.00000000000000711, -31.89999999999998437 ) ) ;
#905 = EDGE_CURVE ( 'NONE', #953, #1438, #2139, .T. ) ;
#906 = AXIS2_PLACEMENT_3D ( 'NONE', #1862, #2460, #614 ) ;
#907 = CARTESIAN_POINT ( 'NONE',  ( -31.90000000000000568, -15.10000000000006182, 31.89999999999998437 ) ) ;
#908 = APPLICATION_PROTOCOL_DEFINITION ( 'draft international standard', 'automotive_design', 1998, #522 ) ;
#909 = EDGE_LOOP ( 'NONE', ( #255, #1375, #644, #364 ) ) ;
#910 = ORIENTED_EDGE ( 'NONE', *, *, #64, .T. ) ;
#911 = VERTEX_POINT ( 'NONE', #881 ) ;
#912 = DIRECTION ( 'NONE',  ( -0.000000000000000000, -1.000000000000000000, -0.000000000000000000 ) ) ;
#913 = CARTESIAN_POINT ( 'NONE',  ( -28.50000000000000000, -4.400000000000037659, -48.50000000000000000 ) ) ;
#914 = CARTESIAN_POINT ( 'NONE',  ( -31.90000000000000568, -15.10000000000006359, -31.89999999999998437 ) ) ;
#915 = EDGE_CURVE ( 'NONE', #1791, #2029, #1478, .T. ) ;
#916 = ORIENTED_EDGE ( 'NONE', *, *, #937, .F. ) ;
#917 = ORIENTED_EDGE ( 'NONE', *, *, #493, .T. ) ;
#918 = FACE_OUTER_BOUND ( 'NONE', #164, .T. ) ;
#919 = DIRECTION ( 'NONE',  ( -7.885106708985495542E-15, 1.000000000000000000, -0.000000000000000000 ) ) ;
#920 = CARTESIAN_POINT ( 'NONE',  ( 28.50000000000000000, -1.500000000000000888, -48.50000000000000000 ) ) ;
#921 = DIRECTION ( 'NONE',  ( -0.000000000000000000, 1.000000000000000000, -0.000000000000000000 ) ) ;
#922 = EDGE_CURVE ( 'NONE', #329, #2430, #2222, .T. ) ;
#923 = ORIENTED_EDGE ( 'NONE', *, *, #1694, .T. ) ;
#924 = AXIS2_PLACEMENT_3D ( 'NONE', #1156, #1796, #1748 ) ;
#925 = AXIS2_PLACEMENT_3D ( 'NONE', #570, #2681, #2441 ) ;
#926 = VERTEX_POINT ( 'NONE', #655 ) ;
#927 = CARTESIAN_POINT ( 'NONE',  ( -31.90000000000000568, -1.900000000000009237, 30.24999999999998579 ) ) ;
#928 = CARTESIAN_POINT ( 'NONE',  ( 31.90000000000000568, -4.399999999999561595, -31.89999999999998437 ) ) ;
#929 = DIRECTION ( 'NONE',  ( 3.242473786872537293E-16, -1.000000000000000000, 0.000000000000000000 ) ) ;
#930 = ORIENTED_EDGE ( 'NONE', *, *, #181, .F. ) ;
#931 = DIRECTION ( 'NONE',  ( -0.000000000000000000, 1.000000000000000000, -0.000000000000000000 ) ) ;
#932 = EDGE_CURVE ( 'NONE', #1310, #1716, #1896, .T. ) ;
#933 = DIRECTION ( 'NONE',  ( 8.659560562354932858E-17, 0.7071067811865474617, -0.7071067811865474617 ) ) ;
#934 = VECTOR ( 'NONE', #1713, 1000.000000000000000 ) ;
#935 = ORIENTED_EDGE ( 'NONE', *, *, #1373, .T. ) ;
#936 = ORIENTED_EDGE ( 'NONE', *, *, #1975, .F. ) ;
#937 = EDGE_CURVE ( 'NONE', #1538, #1095, #1670, .T. ) ;
#938 = VERTEX_POINT ( 'NONE', #38 ) ;
#939 = AXIS2_PLACEMENT_3D ( 'NONE', #2180, #712, #1697 ) ;
#940 = CARTESIAN_POINT ( 'NONE',  ( 31.90000000000000568, -2.998683759578901079E-16, 35.45000000000007390 ) ) ;
#941 = ORIENTED_EDGE ( 'NONE', *, *, #2718, .T. ) ;
#942 = DIRECTION ( 'NONE',  ( 1.000000000000000000, 0.000000000000000000, 0.000000000000000000 ) ) ;
#943 = VECTOR ( 'NONE', #1840, 1000.000000000000000 ) ;
#944 = FACE_OUTER_BOUND ( 'NONE', #297, .T. ) ;
#945 = CIRCLE ( 'NONE', #2131, 1.649999999999995248 ) ;
#946 = LINE ( 'NONE', #321, #1672 ) ;
#947 = PLANE ( 'NONE',  #289 ) ;
#948 = LINE ( 'NONE', #2416, #320 ) ;
#949 = ADVANCED_FACE ( 'NONE', ( #207, #2409, #2170, #703, #2216 ), #81, .T. ) ;
#950 = MECHANICAL_DESIGN_GEOMETRIC_PRESENTATION_REPRESENTATION (  '', ( #1034 ), #2408 ) ;
#951 = CARTESIAN_POINT ( 'NONE',  ( -28.50000000000000000, -18.00000000000000355, 48.50000000000000000 ) ) ;
#952 = EDGE_LOOP ( 'NONE', ( #2203, #837, #1078, #916 ) ) ;
#953 = VERTEX_POINT ( 'NONE', #300 ) ;
#954 = VERTEX_POINT ( 'NONE', #940 ) ;
#955 = LINE ( 'NONE', #505, #1372 ) ;
#956 = AXIS2_PLACEMENT_3D ( 'NONE', #2101, #2064, #2473 ) ;
#957 = ADVANCED_FACE ( 'NONE', ( #734 ), #533, .F. ) ;
#958 = CARTESIAN_POINT ( 'NONE',  ( 30.15000000000007319, -15.10000000000004228, -48.50000000000000000 ) ) ;
#959 = PLANE ( 'NONE',  #2067 ) ;
#960 = DIRECTION ( 'NONE',  ( 0.000000000000000000, 0.000000000000000000, 1.000000000000000000 ) ) ;
#961 = FACE_OUTER_BOUND ( 'NONE', #1554, .T. ) ;
#962 = DIRECTION ( 'NONE',  ( -0.000000000000000000, 1.000000000000000000, -0.000000000000000000 ) ) ;
#963 = ADVANCED_FACE ( 'NONE', ( #2003 ), #713, .F. ) ;
#964 = VECTOR ( 'NONE', #1770, 1000.000000000000114 ) ;
#965 = ORIENTED_EDGE ( 'NONE', *, *, #693, .F. ) ;
#966 = CARTESIAN_POINT ( 'NONE',  ( 31.90000000000000568, -18.10000000000009379, 30.24999999999998934 ) ) ;
#967 = CIRCLE ( 'NONE', #421, 1.649999999999998579 ) ;
#968 = ORIENTED_EDGE ( 'NONE', *, *, #310, .F. ) ;
#969 = DIRECTION ( 'NONE',  ( 0.000000000000000000, -0.7071067811865487940, -0.7071067811865463515 ) ) ;
#970 = DIRECTION ( 'NONE',  ( 4.818676322157798854E-17, 1.000000000000000000, -0.000000000000000000 ) ) ;
#971 = CARTESIAN_POINT ( 'NONE',  ( -31.90000000000000568, -20.00000000000000711, -31.89999999999998437 ) ) ;
#972 = EDGE_CURVE ( 'NONE', #878, #1262, #2379, .T. ) ;
#973 = LINE ( 'NONE', #1802, #1136 ) ;
#974 = PLANE ( 'NONE',  #1436 ) ;
#975 = CARTESIAN_POINT ( 'NONE',  ( -28.50000000000000000, -4.400000000000037659, -48.50000000000000000 ) ) ;
#976 = VERTEX_POINT ( 'NONE', #532 ) ;
#977 = ORIENTED_EDGE ( 'NONE', *, *, #1859, .F. ) ;
#978 = VECTOR ( 'NONE', #2332, 1000.000000000000000 ) ;
#979 = CARTESIAN_POINT ( 'NONE',  ( 31.90000000000000568, -20.00000000000000711, -35.44999999999987494 ) ) ;
#980 = VERTEX_POINT ( 'NONE', #2202 ) ;
#981 = CARTESIAN_POINT ( 'NONE',  ( 30.14999999999999858, -4.400000000000043876, -32.96770782520310661 ) ) ;
#982 = EDGE_CURVE ( 'NONE', #2153, #1107, #615, .T. ) ;
#983 = DIRECTION ( 'NONE',  ( 0.000000000000000000, 0.000000000000000000, -1.000000000000000000 ) ) ;
#984 = AXIS2_PLACEMENT_3D ( 'NONE', #2351, #260, #446 ) ;
#985 = PLANE ( 'NONE',  #1383 ) ;
#986 = AXIS2_PLACEMENT_3D ( 'NONE', #1205, #1584, #1808 ) ;
#987 = CARTESIAN_POINT ( 'NONE',  ( -31.90000000000000568, -20.00000000000000711, 31.89999999999998437 ) ) ;
#988 = CARTESIAN_POINT ( 'NONE',  ( -31.90000000000000568, -4.400000000000064304, -31.89999999999998437 ) ) ;
#989 = DIRECTION ( 'NONE',  ( 0.000000000000000000, 0.000000000000000000, 1.000000000000000000 ) ) ;
#990 = VECTOR ( 'NONE', #601, 1000.000000000000000 ) ;
#991 = EDGE_CURVE ( 'NONE', #2142, #1716, #330, .T. ) ;
#992 = DIRECTION ( 'NONE',  ( 0.000000000000000000, 0.000000000000000000, 1.000000000000000000 ) ) ;
#993 = EDGE_LOOP ( 'NONE', ( #1775, #1048, #1412, #732 ) ) ;
#994 = VERTEX_POINT ( 'NONE', #1376 ) ;
#995 = LINE ( 'NONE', #785, #2249 ) ;
#996 = VERTEX_POINT ( 'NONE', #97 ) ;
#997 = DIRECTION ( 'NONE',  ( 0.000000000000000000, 0.000000000000000000, 1.000000000000000000 ) ) ;
#998 = DIRECTION ( 'NONE',  ( -1.000000000000000000, -7.313862828241200859E-17, 0.000000000000000000 ) ) ;
#999 = AXIS2_PLACEMENT_3D ( 'NONE', #2286, #607, #172 ) ;
#1000 = DIRECTION ( 'NONE',  ( 0.000000000000000000, 0.7071067811865474617, 0.7071067811865474617 ) ) ;
#1001 = CARTESIAN_POINT ( 'NONE',  ( -30.15000000000006608, -17.00000000000006395, -48.50000000000000000 ) ) ;
#1002 = DIRECTION ( 'NONE',  ( 7.885106708985495542E-15, -1.000000000000000000, 0.000000000000000000 ) ) ;
#1003 = DIRECTION ( 'NONE',  ( 0.000000000000000000, 0.000000000000000000, 1.000000000000000000 ) ) ;
#1004 = VERTEX_POINT ( 'NONE', #1364 ) ;
#1005 = EDGE_CURVE ( 'NONE', #631, #879, #1993, .T. ) ;
#1006 = ORIENTED_EDGE ( 'NONE', *, *, #1754, .F. ) ;
#1007 = DIRECTION ( 'NONE',  ( 3.242473786872536800E-16, -1.000000000000000000, 0.000000000000000000 ) ) ;
#1008 = ORIENTED_EDGE ( 'NONE', *, *, #1343, .T. ) ;
#1009 = DIRECTION ( 'NONE',  ( 1.000000000000000000, 7.885106708985493964E-15, 0.000000000000000000 ) ) ;
#1010 = CARTESIAN_POINT ( 'NONE',  ( 31.90000000000000568, -20.89827560572929599, 31.89999999999998437 ) ) ;
#1011 = DIRECTION ( 'NONE',  ( -3.469446951953827970E-15, -1.000000000000000000, 0.000000000000000000 ) ) ;
#1012 = FACE_BOUND ( 'NONE', #721, .T. ) ;
#1013 = AXIS2_PLACEMENT_3D ( 'NONE', #1776, #1758, #1124 ) ;
#1014 = DIRECTION ( 'NONE',  ( 1.000000000000000000, 8.038962449648605390E-15, 0.000000000000000000 ) ) ;
#1015 = LINE ( 'NONE', #186, #2703 ) ;
#1016 = EDGE_CURVE ( 'NONE', #2724, #1095, #316, .T. ) ;
#1017 = FACE_OUTER_BOUND ( 'NONE', #1474, .T. ) ;
#1018 = ORIENTED_EDGE ( 'NONE', *, *, #1882, .T. ) ;
#1019 = LINE ( 'NONE', #1845, #2714 ) ;
#1020 = ORIENTED_EDGE ( 'NONE', *, *, #521, .F. ) ;
#1021 = EDGE_CURVE ( 'NONE', #2174, #1071, #1022, .T. ) ;
#1022 = CIRCLE ( 'NONE', #2559, 1.649999999999995248 ) ;
#1023 = CARTESIAN_POINT ( 'NONE',  ( 28.50000000000000711, -26.41370849898437001, 34.00713075057051782 ) ) ;
#1024 = DIRECTION ( 'NONE',  ( 3.469446951953612710E-16, 1.000000000000000000, 0.000000000000000000 ) ) ;
#1025 = DIRECTION ( 'NONE',  ( 0.000000000000000000, 0.000000000000000000, 1.000000000000000000 ) ) ;
#1026 = LINE ( 'NONE', #1406, #2522 ) ;
#1027 = DIRECTION ( 'NONE',  ( 1.217349807703022362E-16, -1.000000000000000000, 0.000000000000000000 ) ) ;
#1028 = CARTESIAN_POINT ( 'NONE',  ( -31.90000000000000568, -20.89827560572980047, -31.89999999999998437 ) ) ;
#1029 = AXIS2_PLACEMENT_3D ( 'NONE', #630, #1276, #1322 ) ;
#1030 = EDGE_CURVE ( 'NONE', #1305, #1360, #955, .T. ) ;
#1031 = ORIENTED_EDGE ( 'NONE', *, *, #1225, .T. ) ;
#1032 = AXIS2_PLACEMENT_3D ( 'NONE', #1920, #676, #2337 ) ;
#1033 = VERTEX_POINT ( 'NONE', #1583 ) ;
#1034 = STYLED_ITEM ( 'NONE', ( #334 ), #1786 ) ;
#1035 = FACE_OUTER_BOUND ( 'NONE', #395, .T. ) ;
#1036 = EDGE_CURVE ( 'NONE', #94, #2396, #2431, .T. ) ;
#1037 = DIRECTION ( 'NONE',  ( 0.000000000000000000, 0.000000000000000000, 1.000000000000000000 ) ) ;
#1038 = ORIENTED_EDGE ( 'NONE', *, *, #1912, .T. ) ;
#1039 = FACE_OUTER_BOUND ( 'NONE', #808, .T. ) ;
#1040 = DIRECTION ( 'NONE',  ( -7.359432928386152326E-15, 1.000000000000000000, 0.000000000000000000 ) ) ;
#1041 = DIRECTION ( 'NONE',  ( 4.818676322157798854E-17, 1.000000000000000000, -0.000000000000000000 ) ) ;
#1042 = CIRCLE ( 'NONE', #1219, 2.049999999999999822 ) ;
#1043 = DIRECTION ( 'NONE',  ( -0.000000000000000000, 1.000000000000000000, -0.000000000000000000 ) ) ;
#1044 = ORIENTED_EDGE ( 'NONE', *, *, #2113, .F. ) ;
#1045 = ORIENTED_EDGE ( 'NONE', *, *, #1539, .T. ) ;
#1046 = DIRECTION ( 'NONE',  ( 7.313862828241198394E-17, -1.000000000000000000, -0.000000000000000000 ) ) ;
#1047 = CARTESIAN_POINT ( 'NONE',  ( 31.90000000000000568, -2.998683759578901079E-16, -35.45000000000007390 ) ) ;
#1048 = ORIENTED_EDGE ( 'NONE', *, *, #2449, .F. ) ;
#1049 = ORIENTED_EDGE ( 'NONE', *, *, #2531, .T. ) ;
#1050 = CARTESIAN_POINT ( 'NONE',  ( -35.99999999999998579, -5.265981236333662647E-15, -48.50000000000000000 ) ) ;
#1051 = CARTESIAN_POINT ( 'NONE',  ( -31.90000000000000568, -20.00000000000000355, 31.89999999999998437 ) ) ;
#1052 = CARTESIAN_POINT ( 'NONE',  ( 28.50000000000000355, -17.00000000000005684, -48.50000000000000000 ) ) ;
#1053 = VECTOR ( 'NONE', #1819, 1000.000000000000000 ) ;
#1054 = ADVANCED_FACE ( 'NONE', ( #270 ), #1814, .F. ) ;
#1055 = ORIENTED_EDGE ( 'NONE', *, *, #1021, .F. ) ;
#1056 = ORIENTED_EDGE ( 'NONE', *, *, #286, .F. ) ;
#1057 = ORIENTED_EDGE ( 'NONE', *, *, #609, .T. ) ;
#1058 = CYLINDRICAL_SURFACE ( 'NONE', #2037, 4.000000000000000000 ) ;
#1059 = CARTESIAN_POINT ( 'NONE',  ( 30.14999999999999858, -4.400000000000042988, -48.50000000000000000 ) ) ;
#1060 = ADVANCED_FACE ( 'NONE', ( #1178 ), #2621, .F. ) ;
#1061 = VECTOR ( 'NONE', #2421, 1000.000000000000000 ) ;
#1062 = DIRECTION ( 'NONE',  ( 0.000000000000000000, -1.000000000000000000, 0.000000000000000000 ) ) ;
#1063 = CARTESIAN_POINT ( 'NONE',  ( -30.14999999999999858, -4.400000000000050981, 32.96770782520308529 ) ) ;
#1064 = LINE ( 'NONE', #2325, #2486 ) ;
#1065 = VECTOR ( 'NONE', #1969, 1000.000000000000000 ) ;
#1066 = DIRECTION ( 'NONE',  ( -1.000000000000000000, 0.000000000000000000, 0.000000000000000000 ) ) ;
#1067 = EDGE_CURVE ( 'NONE', #1650, #79, #111, .T. ) ;
#1068 = EDGE_LOOP ( 'NONE', ( #1843, #2405, #557, #1761 ) ) ;
#1069 = CARTESIAN_POINT ( 'NONE',  ( -31.90000000000000568, -15.10000000000006182, -31.89999999999998437 ) ) ;
#1070 = DIRECTION ( 'NONE',  ( -0.000000000000000000, -1.000000000000000000, -0.000000000000000000 ) ) ;
#1071 = VERTEX_POINT ( 'NONE', #966 ) ;
#1072 = AXIS2_PLACEMENT_3D ( 'NONE', #2272, #1040, #1444 ) ;
#1073 = ORIENTED_EDGE ( 'NONE', *, *, #1948, .T. ) ;
#1074 = AXIS2_PLACEMENT_3D ( 'NONE', #795, #2488, #2326 ) ;
#1075 = LINE ( 'NONE', #1463, #836 ) ;
#1076 = CARTESIAN_POINT ( 'NONE',  ( 30.15000000000007319, -15.10000000000004228, -48.50000000000000000 ) ) ;
#1077 = ORIENTED_EDGE ( 'NONE', *, *, #116, .T. ) ;
#1078 = ORIENTED_EDGE ( 'NONE', *, *, #176, .F. ) ;
#1079 = FACE_OUTER_BOUND ( 'NONE', #1818, .T. ) ;
#1080 = DIRECTION ( 'NONE',  ( 0.000000000000000000, 0.000000000000000000, 1.000000000000000000 ) ) ;
#1081 = CARTESIAN_POINT ( 'NONE',  ( -31.90000000000000568, -15.10000000000006182, -31.89999999999998437 ) ) ;
#1082 = AXIS2_PLACEMENT_3D ( 'NONE', #1052, #579, #1853 ) ;
#1083 = ORIENTED_EDGE ( 'NONE', *, *, #617, .T. ) ;
#1084 = ADVANCED_FACE ( 'NONE', ( #1555 ), #518, .T. ) ;
#1085 = CARTESIAN_POINT ( 'NONE',  ( -30.14999999999999858, -4.400000000000050981, -48.50000000000000000 ) ) ;
#1086 = ORIENTED_EDGE ( 'NONE', *, *, #652, .F. ) ;
#1087 = CIRCLE ( 'NONE', #1099, 3.999999999999989786 ) ;
#1088 = ORIENTED_EDGE ( 'NONE', *, *, #1131, .T. ) ;
#1089 = EDGE_CURVE ( 'NONE', #1870, #2362, #1632, .T. ) ;
#1090 = ORIENTED_EDGE ( 'NONE', *, *, #1343, .F. ) ;
#1091 = PLANE ( 'NONE',  #1328 ) ;
#1092 = CARTESIAN_POINT ( 'NONE',  ( 31.90000000000000568, -20.00000000000000711, 28.35000000000008313 ) ) ;
#1093 = PLANE ( 'NONE',  #2544 ) ;
#1094 = VERTEX_POINT ( 'NONE', #2643 ) ;
#1095 = VERTEX_POINT ( 'NONE', #979 ) ;
#1096 = LINE ( 'NONE', #481, #2517 ) ;
#1097 = CARTESIAN_POINT ( 'NONE',  ( 31.90000000000000568, -15.09999999999959286, 31.89999999999998437 ) ) ;
#1098 = DIRECTION ( 'NONE',  ( -0.000000000000000000, 1.000000000000000000, -0.000000000000000000 ) ) ;
#1099 = AXIS2_PLACEMENT_3D ( 'NONE', #2536, #183, #645 ) ;
#1100 = AXIS2_PLACEMENT_3D ( 'NONE', #845, #2116, #1683 ) ;
#1101 = DIRECTION ( 'NONE',  ( -7.359432928386152326E-15, 1.000000000000000000, 0.000000000000000000 ) ) ;
#1102 = EDGE_LOOP ( 'NONE', ( #11, #1437, #1619, #1488 ) ) ;
#1103 = FACE_OUTER_BOUND ( 'NONE', #1886, .T. ) ;
#1104 = CIRCLE ( 'NONE', #2641, 2.050000000000003375 ) ;
#1105 = VERTEX_POINT ( 'NONE', #556 ) ;
#1106 = ORIENTED_EDGE ( 'NONE', *, *, #1674, .F. ) ;
#1107 = VERTEX_POINT ( 'NONE', #773 ) ;
#1108 = CARTESIAN_POINT ( 'NONE',  ( -31.90000000000000568, -20.00000000000000711, 33.54999999999998295 ) ) ;
#1109 = CARTESIAN_POINT ( 'NONE',  ( 31.90000000000000568, -4.399999999999560707, -30.24999999999998934 ) ) ;
#1110 = ADVANCED_FACE ( 'NONE', ( #2669 ), #390, .F. ) ;
#1111 = CARTESIAN_POINT ( 'NONE',  ( 31.90000000000000568, -20.00000000000000711, 28.35000000000008313 ) ) ;
#1112 = ORIENTED_EDGE ( 'NONE', *, *, #73, .F. ) ;
#1113 = DIRECTION ( 'NONE',  ( 0.000000000000000000, 0.000000000000000000, 1.000000000000000000 ) ) ;
#1114 = DIRECTION ( 'NONE',  ( -1.000000000000000000, -7.615859162825007949E-15, 0.000000000000000000 ) ) ;
#1115 = FACE_OUTER_BOUND ( 'NONE', #952, .T. ) ;
#1116 = DIRECTION ( 'NONE',  ( -1.000000000000000000, -7.615859162824993749E-15, 0.000000000000000000 ) ) ;
#1117 = LINE ( 'NONE', #2151, #201 ) ;
#1118 = VECTOR ( 'NONE', #1851, 1000.000000000000000 ) ;
#1119 = EDGE_CURVE ( 'NONE', #926, #190, #1237, .T. ) ;
#1120 = ORIENTED_EDGE ( 'NONE', *, *, #528, .T. ) ;
#1121 = ORIENTED_EDGE ( 'NONE', *, *, #165, .T. ) ;
#1122 = CIRCLE ( 'NONE', #2654, 2.049999999999999822 ) ;
#1123 = ORIENTED_EDGE ( 'NONE', *, *, #1491, .T. ) ;
#1124 = DIRECTION ( 'NONE',  ( 0.000000000000000000, 0.000000000000000000, -1.000000000000000000 ) ) ;
#1125 = DIRECTION ( 'NONE',  ( 0.000000000000000000, -0.7071067811865487940, -0.7071067811865463515 ) ) ;
#1126 = CARTESIAN_POINT ( 'NONE',  ( -31.90000000000000568, -1.900000000000009237, -31.89999999999998437 ) ) ;
#1127 = CONICAL_SURFACE ( 'NONE', #2129, 3.549999999999942091, 0.7853981633974466137 ) ;
#1128 = ORIENTED_EDGE ( 'NONE', *, *, #2077, .T. ) ;
#1129 = CIRCLE ( 'NONE', #2005, 1.649999999999995248 ) ;
#1130 = VERTEX_POINT ( 'NONE', #1386 ) ;
#1131 = EDGE_CURVE ( 'NONE', #291, #253, #1411, .T. ) ;
#1132 = LINE ( 'NONE', #509, #2659 ) ;
#1133 = FACE_OUTER_BOUND ( 'NONE', #1736, .T. ) ;
#1134 = LINE ( 'NONE', #48, #791 ) ;
#1135 = LINE ( 'NONE', #2117, #1065 ) ;
#1136 = VECTOR ( 'NONE', #2450, 1000.000000000000000 ) ;
#1137 = ORIENTED_EDGE ( 'NONE', *, *, #1282, .T. ) ;
#1138 = EDGE_LOOP ( 'NONE', ( #1755, #2593, #27, #1897 ) ) ;
#1139 = EDGE_CURVE ( 'NONE', #253, #236, #2491, .T. ) ;
#1140 = ORIENTED_EDGE ( 'NONE', *, *, #88, .F. ) ;
#1141 = DIRECTION ( 'NONE',  ( -7.359432928386152326E-15, 1.000000000000000000, 0.000000000000000000 ) ) ;
#1142 = DIRECTION ( 'NONE',  ( -1.000000000000000000, -3.242473786872537293E-16, 0.000000000000000000 ) ) ;
#1143 = ADVANCED_FACE ( 'NONE', ( #341, #2477 ), #584, .T. ) ;
#1144 = ORIENTED_EDGE ( 'NONE', *, *, #2173, .F. ) ;
#1145 = FACE_OUTER_BOUND ( 'NONE', #1792, .T. ) ;
#1146 = DIRECTION ( 'NONE',  ( -0.000000000000000000, 1.000000000000000000, -0.000000000000000000 ) ) ;
#1147 = FACE_BOUND ( 'NONE', #2731, .T. ) ;
#1148 = ADVANCED_FACE ( 'NONE', ( #2657 ), #751, .F. ) ;
#1149 = VERTEX_POINT ( 'NONE', #214 ) ;
#1150 = CIRCLE ( 'NONE', #1702, 3.550000000000084199 ) ;
#1151 = EDGE_LOOP ( 'NONE', ( #612, #284, #1226, #195, #2541, #941, #2391, #223, #1712, #2679, #1073, #1938, #1191, #1685, #71, #854, #1972, #1756, #2018, #249 ) ) ;
#1152 = VECTOR ( 'NONE', #2605, 1000.000000000000000 ) ;
#1153 = ORIENTED_EDGE ( 'NONE', *, *, #247, .T. ) ;
#1154 = CARTESIAN_POINT ( 'NONE',  ( -3.942553354492669674E-15, -2.499999999999950706, 50.14999999999999858 ) ) ;
#1155 = DIRECTION ( 'NONE',  ( 1.000000000000000000, 8.038962449648605390E-15, 0.000000000000000000 ) ) ;
#1156 = CARTESIAN_POINT ( 'NONE',  ( 31.90000000000000568, -20.89827560572929599, 31.89999999999998437 ) ) ;
#1157 = EDGE_CURVE ( 'NONE', #1438, #878, #1443, .T. ) ;
#1158 = DIRECTION ( 'NONE',  ( -7.359432928386152326E-15, 1.000000000000000000, 0.000000000000000000 ) ) ;
#1159 = LINE ( 'NONE', #1200, #2626 ) ;
#1160 = AXIS2_PLACEMENT_3D ( 'NONE', #2562, #1883, #2546 ) ;
#1161 = EDGE_CURVE ( 'NONE', #2142, #1215, #2549, .T. ) ;
#1162 = VERTEX_POINT ( 'NONE', #2058 ) ;
#1163 = ORIENTED_EDGE ( 'NONE', *, *, #642, .F. ) ;
#1164 = EDGE_LOOP ( 'NONE', ( #29, #2201, #2190, #2668 ) ) ;
#1165 = CIRCLE ( 'NONE', #2691, 2.049999999999999822 ) ;
#1166 = DIRECTION ( 'NONE',  ( 0.000000000000000000, 0.000000000000000000, -1.000000000000000000 ) ) ;
#1167 = DIRECTION ( 'NONE',  ( 0.000000000000000000, 0.000000000000000000, 1.000000000000000000 ) ) ;
#1168 = LINE ( 'NONE', #520, #724 ) ;
#1169 = CARTESIAN_POINT ( 'NONE',  ( 28.50000000000000000, -4.400000000000030553, -48.50000000000000000 ) ) ;
#1170 = VECTOR ( 'NONE', #869, 1000.000000000000000 ) ;
#1171 = DIRECTION ( 'NONE',  ( -0.000000000000000000, 1.000000000000000000, -0.000000000000000000 ) ) ;
#1172 = VECTOR ( 'NONE', #418, 1000.000000000000000 ) ;
#1173 = EDGE_CURVE ( 'NONE', #36, #1107, #2040, .T. ) ;
#1174 = CARTESIAN_POINT ( 'NONE',  ( -9.637352644315598694E-16, -20.00000000000000355, 56.00000000000000000 ) ) ;
#1175 = EDGE_LOOP ( 'NONE', ( #1654, #1779, #2617, #1324, #1496, #1971, #1580, #2456 ) ) ;
#1176 = ADVANCED_FACE ( 'NONE', ( #1620 ), #1216, .F. ) ;
#1177 = ORIENTED_EDGE ( 'NONE', *, *, #617, .F. ) ;
#1178 = FACE_OUTER_BOUND ( 'NONE', #596, .T. ) ;
#1179 = ORIENTED_EDGE ( 'NONE', *, *, #778, .T. ) ;
#1180 = CIRCLE ( 'NONE', #999, 1.649999999999998579 ) ;
#1181 = CARTESIAN_POINT ( 'NONE',  ( -30.15000000000006608, -15.10000000000004938, -48.50000000000000000 ) ) ;
#1182 = EDGE_CURVE ( 'NONE', #504, #191, #995, .T. ) ;
#1183 = CARTESIAN_POINT ( 'NONE',  ( 31.90000000000000568, -2.998683759578901079E-16, -31.89999999999998437 ) ) ;
#1184 = FACE_OUTER_BOUND ( 'NONE', #1594, .T. ) ;
#1185 = CARTESIAN_POINT ( 'NONE',  ( 31.90000000000000568, -20.00000000000000711, -31.89999999999998437 ) ) ;
#1186 = CARTESIAN_POINT ( 'NONE',  ( 36.00000000000001421, -20.00000000000000711, -48.50000000000000000 ) ) ;
#1187 = DIRECTION ( 'NONE',  ( 0.000000000000000000, 0.000000000000000000, -1.000000000000000000 ) ) ;
#1188 = ORIENTED_EDGE ( 'NONE', *, *, #1636, .F. ) ;
#1189 = EDGE_CURVE ( 'NONE', #2317, #1946, #1019, .T. ) ;
#1190 = CIRCLE ( 'NONE', #1655, 2.050000000000003375 ) ;
#1191 = ORIENTED_EDGE ( 'NONE', *, *, #1030, .T. ) ;
#1192 = CARTESIAN_POINT ( 'NONE',  ( -31.90000000000000568, -1.900000000000009237, 31.89999999999998437 ) ) ;
#1193 = ORIENTED_EDGE ( 'NONE', *, *, #116, .F. ) ;
#1194 = DIRECTION ( 'NONE',  ( -0.000000000000000000, 1.000000000000000000, -0.000000000000000000 ) ) ;
#1195 = DIRECTION ( 'NONE',  ( 1.000000000000000000, 8.038962449648619589E-15, 0.000000000000000000 ) ) ;
#1196 = CIRCLE ( 'NONE', #701, 2.050000000000003375 ) ;
#1197 = CARTESIAN_POINT ( 'NONE',  ( 31.90000000000000568, -18.10000000000009379, -31.89999999999998437 ) ) ;
#1198 = ADVANCED_FACE ( 'NONE', ( #378 ), #2069, .F. ) ;
#1199 = DIRECTION ( 'NONE',  ( 0.000000000000000000, 0.000000000000000000, 1.000000000000000000 ) ) ;
#1200 = CARTESIAN_POINT ( 'NONE',  ( -35.99999999999998579, -20.00000000000000355, -48.50000000000000000 ) ) ;
#1201 = ORIENTED_EDGE ( 'NONE', *, *, #2711, .F. ) ;
#1202 = ORIENTED_EDGE ( 'NONE', *, *, #1709, .F. ) ;
#1203 = CARTESIAN_POINT ( 'NONE',  ( 30.15000000000007319, -17.00000000000005684, -48.50000000000000000 ) ) ;
#1204 = ORIENTED_EDGE ( 'NONE', *, *, #286, .T. ) ;
#1205 = CARTESIAN_POINT ( 'NONE',  ( 31.90000000000000568, -4.399999999999560707, -31.89999999999998437 ) ) ;
#1206 = DIRECTION ( 'NONE',  ( 7.885106708985495542E-15, -1.000000000000000000, 0.000000000000000000 ) ) ;
#1207 = AXIS2_PLACEMENT_3D ( 'NONE', #336, #1393, #1799 ) ;
#1208 = FACE_OUTER_BOUND ( 'NONE', #2242, .T. ) ;
#1209 = EDGE_CURVE ( 'NONE', #1715, #994, #1435, .T. ) ;
#1210 = AXIS2_PLACEMENT_3D ( 'NONE', #928, #478, #705 ) ;
#1211 = LINE ( 'NONE', #171, #1339 ) ;
#1212 = DIRECTION ( 'NONE',  ( 1.000000000000000000, 8.038962449648605390E-15, 0.000000000000000000 ) ) ;
#1213 = VECTOR ( 'NONE', #160, 1000.000000000000000 ) ;
#1214 = PRESENTATION_LAYER_ASSIGNMENT (  '', '', ( #1034 ) ) ;
#1215 = VERTEX_POINT ( 'NONE', #451 ) ;
#1216 = CYLINDRICAL_SURFACE ( 'NONE', #387, 1.649999999999998579 ) ;
#1217 = ORIENTED_EDGE ( 'NONE', *, *, #1550, .T. ) ;
#1218 = CARTESIAN_POINT ( 'NONE',  ( -28.50000000000000000, -4.400000000000037659, -48.50000000000000000 ) ) ;
#1219 = AXIS2_PLACEMENT_3D ( 'NONE', #988, #1616, #2462 ) ;
#1220 = CARTESIAN_POINT ( 'NONE',  ( 30.14999999999999858, -2.499999999999998224, -48.50000000000000000 ) ) ;
#1221 = EDGE_CURVE ( 'NONE', #1568, #980, #2071, .T. ) ;
#1222 = LINE ( 'NONE', #2700, #1213 ) ;
#1223 = CARTESIAN_POINT ( 'NONE',  ( 31.90000000000000568, -1.900000000000089173, 31.89999999999998437 ) ) ;
#1224 = CARTESIAN_POINT ( 'NONE',  ( 31.90000000000000568, -1.900000000000089173, -31.89999999999998437 ) ) ;
#1225 = EDGE_CURVE ( 'NONE', #2085, #253, #564, .T. ) ;
#1226 = ORIENTED_EDGE ( 'NONE', *, *, #568, .T. ) ;
#1227 = DIRECTION ( 'NONE',  ( 7.885106708985495542E-15, -1.000000000000000000, 0.000000000000000000 ) ) ;
#1228 = ORIENTED_EDGE ( 'NONE', *, *, #2043, .F. ) ;
#1229 = DIRECTION ( 'NONE',  ( 0.000000000000000000, -1.000000000000000000, 0.000000000000000000 ) ) ;
#1230 = CARTESIAN_POINT ( 'NONE',  ( -28.49999999999999645, -17.00000000000006395, -48.50000000000000000 ) ) ;
#1231 = EDGE_CURVE ( 'NONE', #1710, #870, #1344, .T. ) ;
#1232 = LINE ( 'NONE', #779, #1774 ) ;
#1233 = DIRECTION ( 'NONE',  ( 0.000000000000000000, 0.000000000000000000, 1.000000000000000000 ) ) ;
#1234 = LINE ( 'NONE', #1628, #1421 ) ;
#1235 = ORIENTED_EDGE ( 'NONE', *, *, #1740, .T. ) ;
#1236 = EDGE_CURVE ( 'NONE', #1568, #1446, #2569, .T. ) ;
#1237 = LINE ( 'NONE', #797, #1535 ) ;
#1238 = VERTEX_POINT ( 'NONE', #1923 ) ;
#1239 = ORIENTED_EDGE ( 'NONE', *, *, #2586, .F. ) ;
#1240 = DIRECTION ( 'NONE',  ( 0.000000000000000000, 1.000000000000000000, 0.000000000000000000 ) ) ;
#1241 = LINE ( 'NONE', #1220, #544 ) ;
#1242 = ORIENTED_EDGE ( 'NONE', *, *, #15, .F. ) ;
#1243 = DIRECTION ( 'NONE',  ( 0.000000000000000000, 0.000000000000000000, 1.000000000000000000 ) ) ;
#1244 = CARTESIAN_POINT ( 'NONE',  ( 31.90000000000000568, -15.09999999999959286, 30.24999999999998934 ) ) ;
#1245 = LINE ( 'NONE', #2512, #735 ) ;
#1246 = EDGE_CURVE ( 'NONE', #1931, #1384, #74, .T. ) ;
#1247 = VERTEX_POINT ( 'NONE', #874 ) ;
#1248 = VECTOR ( 'NONE', #1454, 1000.000000000000000 ) ;
#1249 = ORIENTED_EDGE ( 'NONE', *, *, #697, .T. ) ;
#1250 = VECTOR ( 'NONE', #1199, 1000.000000000000000 ) ;
#1251 = EDGE_LOOP ( 'NONE', ( #182, #1336, #722, #1123 ) ) ;
#1252 = CARTESIAN_POINT ( 'NONE',  ( -31.90000000000000568, -4.966112860375774708E-15, 31.89999999999998437 ) ) ;
#1253 = CARTESIAN_POINT ( 'NONE',  ( -30.15000000000006608, -17.00000000000006395, -48.50000000000000000 ) ) ;
#1254 = LINE ( 'NONE', #194, #1553 ) ;
#1255 = EDGE_CURVE ( 'NONE', #2137, #136, #524, .T. ) ;
#1256 = ORIENTED_EDGE ( 'NONE', *, *, #2096, .F. ) ;
#1257 = LINE ( 'NONE', #2099, #2305 ) ;
#1258 = DIRECTION ( 'NONE',  ( -0.000000000000000000, 1.000000000000000000, -0.000000000000000000 ) ) ;
#1259 = CARTESIAN_POINT ( 'NONE',  ( 31.90000000000000568, -4.399999999999561595, -31.89999999999998437 ) ) ;
#1260 = ORIENTED_EDGE ( 'NONE', *, *, #452, .T. ) ;
#1261 = ADVANCED_FACE ( 'NONE', ( #1968 ), #1721, .F. ) ;
#1262 = VERTEX_POINT ( 'NONE', #1329 ) ;
#1263 = DIRECTION ( 'NONE',  ( 1.000000000000000000, -4.818676322157798854E-17, 0.000000000000000000 ) ) ;
#1264 = DIRECTION ( 'NONE',  ( 0.000000000000000000, 0.000000000000000000, 1.000000000000000000 ) ) ;
#1265 = ORIENTED_EDGE ( 'NONE', *, *, #2511, .T. ) ;
#1266 = FACE_OUTER_BOUND ( 'NONE', #2199, .T. ) ;
#1267 = EDGE_CURVE ( 'NONE', #1901, #43, #2428, .T. ) ;
#1268 = DIRECTION ( 'NONE',  ( 7.359432928386152326E-15, -1.000000000000000000, -0.000000000000000000 ) ) ;
#1269 = CARTESIAN_POINT ( 'NONE',  ( 31.90000000000000568, -15.09999999999959286, 29.84999999999998366 ) ) ;
#1270 = AXIS2_PLACEMENT_3D ( 'NONE', #32, #2179, #484 ) ;
#1271 = ORIENTED_EDGE ( 'NONE', *, *, #1016, .T. ) ;
#1272 = PLANE ( 'NONE',  #1803 ) ;
#1273 = EDGE_LOOP ( 'NONE', ( #2015, #1915, #1318, #2429 ) ) ;
#1274 = PRODUCT_RELATED_PRODUCT_CATEGORY ( 'part', '', ( #1800 ) ) ;
#1275 = DIRECTION ( 'NONE',  ( -0.000000000000000000, -1.000000000000000000, -0.000000000000000000 ) ) ;
#1276 = DIRECTION ( 'NONE',  ( -7.359432928386152326E-15, 1.000000000000000000, 0.000000000000000000 ) ) ;
#1277 = VECTOR ( 'NONE', #2661, 1000.000000000000000 ) ;
#1278 = ORIENTED_EDGE ( 'NONE', *, *, #743, .T. ) ;
#1279 = ORIENTED_EDGE ( 'NONE', *, *, #2667, .F. ) ;
#1280 = DIRECTION ( 'NONE',  ( -7.359432928386152326E-15, 1.000000000000000000, 0.000000000000000000 ) ) ;
#1281 = CARTESIAN_POINT ( 'NONE',  ( -31.90000000000000568, -4.966112860375774708E-15, 31.89999999999998437 ) ) ;
#1282 = EDGE_CURVE ( 'NONE', #108, #2694, #1104, .T. ) ;
#1283 = CARTESIAN_POINT ( 'NONE',  ( -0.000000000000000000, -17.00000000000006395, 50.14999999999999858 ) ) ;
#1284 = EDGE_CURVE ( 'NONE', #1305, #2702, #2372, .T. ) ;
#1285 = ORIENTED_EDGE ( 'NONE', *, *, #380, .F. ) ;
#1286 = DIRECTION ( 'NONE',  ( -1.000000000000000000, -7.359432928386152326E-15, 0.000000000000000000 ) ) ;
#1287 = AXIS2_PLACEMENT_3D ( 'NONE', #1884, #2172, #656 ) ;
#1288 = EDGE_LOOP ( 'NONE', ( #2704, #895, #471, #1772 ) ) ;
#1289 = CIRCLE ( 'NONE', #91, 2.050000000000003375 ) ;
#1290 = ORIENTED_EDGE ( 'NONE', *, *, #2358, .F. ) ;
#1291 = AXIS2_PLACEMENT_3D ( 'NONE', #106, #755, #769 ) ;
#1292 = PLANE ( 'NONE',  #2119 ) ;
#1293 = DIRECTION ( 'NONE',  ( 1.000000000000000000, -7.359432928386459981E-15, -0.000000000000000000 ) ) ;
#1294 = PLANE ( 'NONE',  #20 ) ;
#1295 = AXIS2_PLACEMENT_3D ( 'NONE', #2194, #1146, #1784 ) ;
#1296 = ORIENTED_EDGE ( 'NONE', *, *, #1189, .F. ) ;
#1297 = DIRECTION ( 'NONE',  ( 1.000000000000000000, 8.038962449648605390E-15, 0.000000000000000000 ) ) ;
#1298 = EDGE_CURVE ( 'NONE', #438, #287, #889, .T. ) ;
#1299 = CARTESIAN_POINT ( 'NONE',  ( 31.90000000000000568, -2.998683759578901079E-16, 31.89999999999998437 ) ) ;
#1300 = CARTESIAN_POINT ( 'NONE',  ( 28.50000000000000355, -17.00000000000005684, 48.50000000000000000 ) ) ;
#1301 = VERTEX_POINT ( 'NONE', #1753 ) ;
#1302 = CARTESIAN_POINT ( 'NONE',  ( -28.49999999999999645, -15.10000000000003695, -48.50000000000000000 ) ) ;
#1303 = EDGE_CURVE ( 'NONE', #2702, #420, #467, .T. ) ;
#1304 = ORIENTED_EDGE ( 'NONE', *, *, #433, .T. ) ;
#1305 = VERTEX_POINT ( 'NONE', #1502 ) ;
#1306 = VERTEX_POINT ( 'NONE', #2356 ) ;
#1307 = DIRECTION ( 'NONE',  ( -1.000000000000000000, -7.359432928386459981E-15, 0.000000000000000000 ) ) ;
#1308 = CARTESIAN_POINT ( 'NONE',  ( -28.49999999999999645, -17.00000000000006395, -48.50000000000000000 ) ) ;
#1309 = CARTESIAN_POINT ( 'NONE',  ( 31.90000000000000568, -1.900000000000089173, 31.89999999999998437 ) ) ;
#1310 = VERTEX_POINT ( 'NONE', #2148 ) ;
#1311 = ORIENTED_EDGE ( 'NONE', *, *, #414, .T. ) ;
#1312 = DIRECTION ( 'NONE',  ( -7.359432928386152326E-15, 1.000000000000000000, 0.000000000000000000 ) ) ;
#1313 = DIRECTION ( 'NONE',  ( -0.000000000000000000, 1.000000000000000000, -0.000000000000000000 ) ) ;
#1314 = VECTOR ( 'NONE', #1240, 1000.000000000000000 ) ;
#1315 = EDGE_CURVE ( 'NONE', #1722, #2362, #1487, .T. ) ;
#1316 = CARTESIAN_POINT ( 'NONE',  ( -31.90000000000000568, -15.10000000000006182, -31.89999999999998437 ) ) ;
#1317 = EDGE_LOOP ( 'NONE', ( #2165, #2395, #3, #1990 ) ) ;
#1318 = ORIENTED_EDGE ( 'NONE', *, *, #2723, .F. ) ;
#1319 = EDGE_CURVE ( 'NONE', #2556, #2085, #1549, .T. ) ;
#1320 = ORIENTED_EDGE ( 'NONE', *, *, #1871, .F. ) ;
#1321 = CARTESIAN_POINT ( 'NONE',  ( -31.90000000000000568, -4.400000000000064304, -31.89999999999998437 ) ) ;
#1322 = DIRECTION ( 'NONE',  ( -1.000000000000000000, -7.615859162825007949E-15, 0.000000000000000000 ) ) ;
#1323 = FACE_OUTER_BOUND ( 'NONE', #2226, .T. ) ;
#1324 = ORIENTED_EDGE ( 'NONE', *, *, #2065, .F. ) ;
#1325 = VERTEX_POINT ( 'NONE', #2339 ) ;
#1326 = LINE ( 'NONE', #2324, #2697 ) ;
#1327 = DIRECTION ( 'NONE',  ( 1.000000000000000000, 0.000000000000000000, -0.000000000000000000 ) ) ;
#1328 = AXIS2_PLACEMENT_3D ( 'NONE', #868, #2157, #1263 ) ;
#1329 = CARTESIAN_POINT ( 'NONE',  ( -31.90000000000000568, -4.966112860375774708E-15, 28.34999999999995524 ) ) ;
#1330 = DIRECTION ( 'NONE',  ( 0.000000000000000000, 0.000000000000000000, 1.000000000000000000 ) ) ;
#1331 = AXIS2_PLACEMENT_3D ( 'NONE', #828, #856, #2509 ) ;
#1332 = EDGE_CURVE ( 'NONE', #2694, #1162, #1196, .T. ) ;
#1333 = ORIENTED_EDGE ( 'NONE', *, *, #1519, .F. ) ;
#1334 = ORIENTED_EDGE ( 'NONE', *, *, #2113, .T. ) ;
#1335 = VECTOR ( 'NONE', #690, 1000.000000000000000 ) ;
#1336 = ORIENTED_EDGE ( 'NONE', *, *, #235, .T. ) ;
#1337 = CARTESIAN_POINT ( 'NONE',  ( 31.90000000000000568, -20.00000000000000711, 31.89999999999998437 ) ) ;
#1338 = LINE ( 'NONE', #2592, #768 ) ;
#1339 = VECTOR ( 'NONE', #1865, 1000.000000000000114 ) ;
#1340 = VERTEX_POINT ( 'NONE', #1950 ) ;
#1341 = ORIENTED_EDGE ( 'NONE', *, *, #2370, .F. ) ;
#1342 = CARTESIAN_POINT ( 'NONE',  ( 30.14999999999999858, -4.399999999999574918, 32.96770782520310661 ) ) ;
#1343 = EDGE_CURVE ( 'NONE', #976, #2560, #1134, .T. ) ;
#1344 = LINE ( 'NONE', #14, #1403 ) ;
#1345 = PLANE ( 'NONE',  #93 ) ;
#1346 = CIRCLE ( 'NONE', #2530, 1.649999999999998579 ) ;
#1347 = ORIENTED_EDGE ( 'NONE', *, *, #2288, .F. ) ;
#1348 = ORIENTED_EDGE ( 'NONE', *, *, #1089, .F. ) ;
#1349 = ADVANCED_FACE ( 'NONE', ( #2585 ), #2401, .F. ) ;
#1350 = ORIENTED_EDGE ( 'NONE', *, *, #1246, .T. ) ;
#1351 = CARTESIAN_POINT ( 'NONE',  ( -31.90000000000000568, -1.900000000000009237, 31.89999999999998437 ) ) ;
#1352 = ORIENTED_EDGE ( 'NONE', *, *, #1255, .T. ) ;
#1353 = CYLINDRICAL_SURFACE ( 'NONE', #519, 1.649999999999998579 ) ;
#1354 = CARTESIAN_POINT ( 'NONE',  ( -31.90000000000000568, -1.900000000000009237, -31.89999999999998437 ) ) ;
#1355 = LINE ( 'NONE', #307, #398 ) ;
#1356 = EDGE_CURVE ( 'NONE', #2496, #1004, #1159, .T. ) ;
#1357 = FACE_OUTER_BOUND ( 'NONE', #1251, .T. ) ;
#1358 = CARTESIAN_POINT ( 'NONE',  ( 30.15000000000007319, -15.10000000000004228, 32.96770782520321319 ) ) ;
#1359 = CIRCLE ( 'NONE', #699, 1.649999999999998579 ) ;
#1360 = VERTEX_POINT ( 'NONE', #2613 ) ;
#1361 = VERTEX_POINT ( 'NONE', #512 ) ;
#1362 = VECTOR ( 'NONE', #154, 1000.000000000000000 ) ;
#1363 = ORIENTED_EDGE ( 'NONE', *, *, #2404, .T. ) ;
#1364 = CARTESIAN_POINT ( 'NONE',  ( -35.99999999999998579, -20.00000000000000355, 56.00000000000000000 ) ) ;
#1365 = DIRECTION ( 'NONE',  ( 1.000000000000000000, -4.818676322157797621E-17, -0.000000000000000000 ) ) ;
#1366 = CARTESIAN_POINT ( 'NONE',  ( -28.49999999999999289, -26.41370849898487094, -34.00713075057051071 ) ) ;
#1367 = PLANE ( 'NONE',  #1684 ) ;
#1368 = DIRECTION ( 'NONE',  ( 0.000000000000000000, 0.000000000000000000, 1.000000000000000000 ) ) ;
#1369 = CARTESIAN_POINT ( 'NONE',  ( 31.90000000000000568, -18.10000000000009379, 31.89999999999998437 ) ) ;
#1370 = EDGE_CURVE ( 'NONE', #867, #1757, #1827, .T. ) ;
#1371 = LINE ( 'NONE', #2437, #1781 ) ;
#1372 = VECTOR ( 'NONE', #1793, 1000.000000000000000 ) ;
#1373 = EDGE_CURVE ( 'NONE', #517, #1561, #2490, .T. ) ;
#1374 = EDGE_LOOP ( 'NONE', ( #821, #2604, #2624, #2505 ) ) ;
#1375 = ORIENTED_EDGE ( 'NONE', *, *, #1812, .T. ) ;
#1376 = CARTESIAN_POINT ( 'NONE',  ( 31.90000000000000568, -1.900000000000089173, 33.54999999999998295 ) ) ;
#1377 = CARTESIAN_POINT ( 'NONE',  ( -30.15000000000006608, -15.10000000000004938, -48.50000000000000000 ) ) ;
#1378 = DIRECTION ( 'NONE',  ( 0.000000000000000000, 0.000000000000000000, 1.000000000000000000 ) ) ;
#1379 = CARTESIAN_POINT ( 'NONE',  ( -28.49999999999999645, -15.10000000000003695, -48.50000000000000000 ) ) ;
#1380 = CIRCLE ( 'NONE', #1727, 2.049999999999999822 ) ;
#1381 = ADVANCED_FACE ( 'NONE', ( #2025 ), #2143, .F. ) ;
#1382 = DIRECTION ( 'NONE',  ( -0.000000000000000000, 1.000000000000000000, -0.000000000000000000 ) ) ;
#1383 = AXIS2_PLACEMENT_3D ( 'NONE', #1379, #1158, #2611 ) ;
#1384 = VERTEX_POINT ( 'NONE', #1587 ) ;
#1385 = EDGE_CURVE ( 'NONE', #1695, #1901, #726, .T. ) ;
#1386 = CARTESIAN_POINT ( 'NONE',  ( -31.90000000000000568, -4.400000000000063416, 30.24999999999998579 ) ) ;
#1387 = ORIENTED_EDGE ( 'NONE', *, *, #1089, .T. ) ;
#1388 = CYLINDRICAL_SURFACE ( 'NONE', #217, 1.649999999999998579 ) ;
#1389 = CIRCLE ( 'NONE', #1566, 1.649999999999998579 ) ;
#1390 = DIRECTION ( 'NONE',  ( 8.659560562354919300E-17, -0.7071067811865487940, 0.7071067811865463515 ) ) ;
#1391 = DIRECTION ( 'NONE',  ( 0.000000000000000000, 0.000000000000000000, 1.000000000000000000 ) ) ;
#1392 = FILL_AREA_STYLE ('',( #1546 ) ) ;
#1393 = DIRECTION ( 'NONE',  ( 7.885106708985495542E-15, -1.000000000000000000, 0.000000000000000000 ) ) ;
#1394 = CARTESIAN_POINT ( 'NONE',  ( -30.15000000000006608, -15.10000000000004938, 50.14999999999999858 ) ) ;
#1395 = EDGE_CURVE ( 'NONE', #1130, #878, #973, .T. ) ;
#1396 = ORIENTED_EDGE ( 'NONE', *, *, #95, .T. ) ;
#1397 = ORIENTED_EDGE ( 'NONE', *, *, #2344, .T. ) ;
#1398 = CARTESIAN_POINT ( 'NONE',  ( -31.90000000000000568, -18.10000000000005471, 31.89999999999998437 ) ) ;
#1399 = VECTOR ( 'NONE', #535, 1000.000000000000000 ) ;
#1400 = ORIENTED_EDGE ( 'NONE', *, *, #2068, .T. ) ;
#1401 = EDGE_CURVE ( 'NONE', #953, #1130, #1346, .T. ) ;
#1402 = LINE ( 'NONE', #958, #1678 ) ;
#1403 = VECTOR ( 'NONE', #695, 1000.000000000000000 ) ;
#1404 = FACE_OUTER_BOUND ( 'NONE', #1656, .T. ) ;
#1405 = DIRECTION ( 'NONE',  ( -7.359432928386152326E-15, 1.000000000000000000, 0.000000000000000000 ) ) ;
#1406 = CARTESIAN_POINT ( 'NONE',  ( -28.49999999999999645, -17.00000000000006395, 48.50000000000000000 ) ) ;
#1407 = DIRECTION ( 'NONE',  ( 0.000000000000000000, 0.000000000000000000, 1.000000000000000000 ) ) ;
#1408 = CARTESIAN_POINT ( 'NONE',  ( -28.49999999999999645, -15.10000000000003695, -48.50000000000000000 ) ) ;
#1409 = ORIENTED_EDGE ( 'NONE', *, *, #2244, .F. ) ;
#1410 = AXIS2_PLACEMENT_3D ( 'NONE', #379, #1229, #1624 ) ;
#1411 = LINE ( 'NONE', #1593, #1486 ) ;
#1412 = ORIENTED_EDGE ( 'NONE', *, *, #1983, .T. ) ;
#1413 = VECTOR ( 'NONE', #1330, 1000.000000000000000 ) ;
#1414 = DIRECTION ( 'NONE',  ( -0.000000000000000000, -1.000000000000000000, -0.000000000000000000 ) ) ;
#1415 = DIRECTION ( 'NONE',  ( 0.000000000000000000, 0.000000000000000000, 1.000000000000000000 ) ) ;
#1416 = ADVANCED_FACE ( 'NONE', ( #1147, #1357 ), #947, .T. ) ;
#1417 = CARTESIAN_POINT ( 'NONE',  ( -31.90000000000000568, -20.00000000000000355, -31.89999999999998437 ) ) ;
#1418 = DIRECTION ( 'NONE',  ( 1.000000000000000000, 8.038962449648605390E-15, 0.000000000000000000 ) ) ;
#1419 = AXIS2_PLACEMENT_3D ( 'NONE', #1651, #578, #1014 ) ;
#1420 = DIRECTION ( 'NONE',  ( 0.000000000000000000, 0.000000000000000000, 1.000000000000000000 ) ) ;
#1421 = VECTOR ( 'NONE', #2527, 1000.000000000000000 ) ;
#1422 = AXIS2_PLACEMENT_3D ( 'NONE', #2147, #1949, #2736 ) ;
#1423 = VERTEX_POINT ( 'NONE', #2640 ) ;
#1424 = DIRECTION ( 'NONE',  ( 1.000000000000000000, 7.885106708985495542E-15, 0.000000000000000000 ) ) ;
#1425 = ORIENTED_EDGE ( 'NONE', *, *, #2476, .T. ) ;
#1426 = EDGE_CURVE ( 'NONE', #1998, #714, #1602, .T. ) ;
#1427 = LINE ( 'NONE', #1023, #573 ) ;
#1428 = AXIS2_PLACEMENT_3D ( 'NONE', #2701, #2051, #2259 ) ;
#1429 = PLANE ( 'NONE',  #2000 ) ;
#1430 = PLANE ( 'NONE',  #1331 ) ;
#1431 = CARTESIAN_POINT ( 'NONE',  ( 28.50000000000000711, -4.399999999999588240, 34.00713075057051782 ) ) ;
#1432 = DIRECTION ( 'NONE',  ( 0.000000000000000000, 0.000000000000000000, -1.000000000000000000 ) ) ;
#1433 = ADVANCED_FACE ( 'NONE', ( #2209 ), #323, .F. ) ;
#1434 = ORIENTED_EDGE ( 'NONE', *, *, #1209, .T. ) ;
#1435 = LINE ( 'NONE', #1806, #1936 ) ;
#1436 = AXIS2_PLACEMENT_3D ( 'NONE', #1815, #2261, #767 ) ;
#1437 = ORIENTED_EDGE ( 'NONE', *, *, #1315, .F. ) ;
#1438 = VERTEX_POINT ( 'NONE', #308 ) ;
#1439 = AXIS2_PLACEMENT_3D ( 'NONE', #1536, #665, #651 ) ;
#1440 = FACE_OUTER_BOUND ( 'NONE', #733, .T. ) ;
#1441 = LINE ( 'NONE', #2296, #2182 ) ;
#1442 = EDGE_LOOP ( 'NONE', ( #2213, #267, #2167, #936 ) ) ;
#1443 = CIRCLE ( 'NONE', #1848, 1.649999999999998579 ) ;
#1444 = DIRECTION ( 'NONE',  ( -1.000000000000000000, -7.372574772901436462E-15, 0.000000000000000000 ) ) ;
#1445 = CARTESIAN_POINT ( 'NONE',  ( -31.90000000000000568, -1.900000000000009237, -30.24999999999998579 ) ) ;
#1446 = VERTEX_POINT ( 'NONE', #1394 ) ;
#1447 = EDGE_CURVE ( 'NONE', #1909, #33, #2057, .T. ) ;
#1448 = ORIENTED_EDGE ( 'NONE', *, *, #2192, .T. ) ;
#1449 = DIRECTION ( 'NONE',  ( 0.000000000000000000, 0.000000000000000000, 1.000000000000000000 ) ) ;
#1450 = CARTESIAN_POINT ( 'NONE',  ( 30.14999999999999858, -4.399999999999574918, -30.83229217479685857 ) ) ;
#1451 = ORIENTED_EDGE ( 'NONE', *, *, #1161, .F. ) ;
#1452 = AXIS2_PLACEMENT_3D ( 'NONE', #1888, #2284, #2720 ) ;
#1453 = DIRECTION ( 'NONE',  ( -7.359432928386152326E-15, 1.000000000000000000, 0.000000000000000000 ) ) ;
#1454 = DIRECTION ( 'NONE',  ( 1.000000000000000000, 1.217349807703022362E-16, 0.000000000000000000 ) ) ;
#1455 = FACE_OUTER_BOUND ( 'NONE', #1138, .T. ) ;
#1456 = VECTOR ( 'NONE', #997, 1000.000000000000000 ) ;
#1457 = VECTOR ( 'NONE', #2563, 1000.000000000000000 ) ;
#1458 = EDGE_LOOP ( 'NONE', ( #1523, #1526, #1551, #1747 ) ) ;
#1459 = AXIS2_PLACEMENT_3D ( 'NONE', #1051, #261, #482 ) ;
#1460 = ORIENTED_EDGE ( 'NONE', *, *, #2204, .F. ) ;
#1461 = EDGE_CURVE ( 'NONE', #233, #1004, #780, .T. ) ;
#1462 = ORIENTED_EDGE ( 'NONE', *, *, #764, .F. ) ;
#1463 = CARTESIAN_POINT ( 'NONE',  ( 28.50000000000000355, -15.10000000000002984, -48.50000000000000000 ) ) ;
#1464 = CARTESIAN_POINT ( 'NONE',  ( -31.90000000000000568, -20.89827560572980047, -29.84999999999998366 ) ) ;
#1465 = ORIENTED_EDGE ( 'NONE', *, *, #2145, .F. ) ;
#1466 = VECTOR ( 'NONE', #1382, 1000.000000000000000 ) ;
#1467 = ORIENTED_EDGE ( 'NONE', *, *, #1859, .T. ) ;
#1468 = DIRECTION ( 'NONE',  ( -0.000000000000000000, 0.000000000000000000, -1.000000000000000000 ) ) ;
#1469 = UNCERTAINTY_MEASURE_WITH_UNIT (LENGTH_MEASURE( 1.000000000000000082E-05 ), #5, 'distance_accuracy_value', 'NONE');
#1470 = DIRECTION ( 'NONE',  ( -0.000000000000000000, 1.000000000000000000, -0.000000000000000000 ) ) ;
#1471 = DIRECTION ( 'NONE',  ( 1.000000000000000000, 8.038962449648605390E-15, 0.000000000000000000 ) ) ;
#1472 = CARTESIAN_POINT ( 'NONE',  ( -30.14999999999999858, -4.400000000000050981, -48.50000000000000000 ) ) ;
#1473 = EDGE_CURVE ( 'NONE', #1870, #36, #2435, .T. ) ;
#1474 = EDGE_LOOP ( 'NONE', ( #1228, #2692, #838, #1465 ) ) ;
#1475 = LINE ( 'NONE', #683, #70 ) ;
#1476 = VERTEX_POINT ( 'NONE', #2650 ) ;
#1477 = EDGE_LOOP ( 'NONE', ( #2543, #65, #2349, #242 ) ) ;
#1478 = LINE ( 'NONE', #896, #934 ) ;
#1479 = ADVANCED_FACE ( 'NONE', ( #2236, #1813 ), #2247, .T. ) ;
#1480 = LINE ( 'NONE', #2717, #1504 ) ;
#1481 = ORIENTED_EDGE ( 'NONE', *, *, #659, .F. ) ;
#1482 = FACE_OUTER_BOUND ( 'NONE', #1657, .T. ) ;
#1483 = CARTESIAN_POINT ( 'NONE',  ( 31.90000000000000568, -1.900000000000089173, -31.89999999999998437 ) ) ;
#1484 = PLANE ( 'NONE',  #1874 ) ;
#1485 = CIRCLE ( 'NONE', #252, 3.999999999999996447 ) ;
#1486 = VECTOR ( 'NONE', #1609, 1000.000000000000000 ) ;
#1487 = LINE ( 'NONE', #1283, #423 ) ;
#1488 = ORIENTED_EDGE ( 'NONE', *, *, #152, .F. ) ;
#1489 = DIRECTION ( 'NONE',  ( 0.000000000000000000, 0.000000000000000000, 1.000000000000000000 ) ) ;
#1490 = EDGE_LOOP ( 'NONE', ( #1807, #1077, #531, #2250 ) ) ;
#1491 = EDGE_CURVE ( 'NONE', #2388, #2120, #1042, .T. ) ;
#1492 = ORIENTED_EDGE ( 'NONE', *, *, #389, .F. ) ;
#1493 = DIRECTION ( 'NONE',  ( 0.000000000000000000, 1.000000000000000000, 0.000000000000000000 ) ) ;
#1494 = DIRECTION ( 'NONE',  ( -1.040834085586084257E-15, 1.000000000000000000, 0.000000000000000000 ) ) ;
#1495 = AXIS2_PLACEMENT_3D ( 'NONE', #1321, #2229, #288 ) ;
#1496 = ORIENTED_EDGE ( 'NONE', *, *, #2145, .T. ) ;
#1497 = ORIENTED_EDGE ( 'NONE', *, *, #2235, .T. ) ;
#1498 = DIRECTION ( 'NONE',  ( 1.000000000000000000, 8.038962449648605390E-15, 0.000000000000000000 ) ) ;
#1499 = LINE ( 'NONE', #694, #679 ) ;
#1500 = ADVANCED_FACE ( 'NONE', ( #566 ), #1982, .F. ) ;
#1501 = AXIS2_PLACEMENT_3D ( 'NONE', #2457, #558, #1009 ) ;
#1502 = CARTESIAN_POINT ( 'NONE',  ( 28.50000000000000711, -17.99999999999999645, -48.50000000000000000 ) ) ;
#1503 = ORIENTED_EDGE ( 'NONE', *, *, #1805, .T. ) ;
#1504 = VECTOR ( 'NONE', #2729, 1000.000000000000000 ) ;
#1505 = EDGE_LOOP ( 'NONE', ( #1933, #1985 ) ) ;
#1506 = ORIENTED_EDGE ( 'NONE', *, *, #2711, .T. ) ;
#1507 = VECTOR ( 'NONE', #857, 1000.000000000000000 ) ;
#1508 = ORIENTED_EDGE ( 'NONE', *, *, #2526, .T. ) ;
#1509 = FACE_BOUND ( 'NONE', #1505, .T. ) ;
#1510 = LINE ( 'NONE', #1308, #849 ) ;
#1511 = EDGE_CURVE ( 'NONE', #28, #329, #457, .T. ) ;
#1512 = CARTESIAN_POINT ( 'NONE',  ( -31.90000000000000568, -4.400000000000064304, 29.84999999999998010 ) ) ;
#1513 = CIRCLE ( 'NONE', #450, 1.649999999999998579 ) ;
#1514 = ORIENTED_EDGE ( 'NONE', *, *, #124, .T. ) ;
#1515 = DIRECTION ( 'NONE',  ( -1.000000000000000000, 7.359432928386150748E-15, -0.000000000000000000 ) ) ;
#1516 = CARTESIAN_POINT ( 'NONE',  ( 31.90000000000000568, -4.399999999999560707, 33.54999999999998295 ) ) ;
#1517 = CARTESIAN_POINT ( 'NONE',  ( 31.90000000000000568, -15.09999999999959286, -31.89999999999998437 ) ) ;
#1518 = VECTOR ( 'NONE', #1640, 1000.000000000000000 ) ;
#1519 = EDGE_CURVE ( 'NONE', #112, #350, #2581, .T. ) ;
#1520 = EDGE_LOOP ( 'NONE', ( #848, #37, #1958, #302 ) ) ;
#1521 = ORIENTED_EDGE ( 'NONE', *, *, #2723, .T. ) ;
#1522 = ORIENTED_EDGE ( 'NONE', *, *, #152, .T. ) ;
#1523 = ORIENTED_EDGE ( 'NONE', *, *, #2013, .T. ) ;
#1524 = DIRECTION ( 'NONE',  ( 0.000000000000000000, 0.000000000000000000, 1.000000000000000000 ) ) ;
#1525 = LINE ( 'NONE', #460, #1170 ) ;
#1526 = ORIENTED_EDGE ( 'NONE', *, *, #2303, .T. ) ;
#1527 = DIRECTION ( 'NONE',  ( 0.000000000000000000, 1.000000000000000000, 0.000000000000000000 ) ) ;
#1528 = DIRECTION ( 'NONE',  ( -1.000000000000000000, 0.000000000000000000, 0.000000000000000000 ) ) ;
#1529 = ORIENTED_EDGE ( 'NONE', *, *, #2412, .F. ) ;
#1530 = CARTESIAN_POINT ( 'NONE',  ( 31.90000000000000568, -15.09999999999959286, -31.89999999999998437 ) ) ;
#1531 = CARTESIAN_POINT ( 'NONE',  ( 31.90000000000000568, -1.900000000000089173, -33.54999999999998295 ) ) ;
#1532 = ADVANCED_FACE ( 'NONE', ( #2274 ), #1841, .F. ) ;
#1533 = DIRECTION ( 'NONE',  ( -1.000000000000000000, -7.359432928386459981E-15, 0.000000000000000000 ) ) ;
#1534 = PLANE ( 'NONE',  #939 ) ;
#1535 = VECTOR ( 'NONE', #140, 1000.000000000000000 ) ;
#1536 = CARTESIAN_POINT ( 'NONE',  ( 0.000000000000000000, 0.000000000000000000, 48.50000000000000000 ) ) ;
#1537 = ORIENTED_EDGE ( 'NONE', *, *, #1236, .F. ) ;
#1538 = VERTEX_POINT ( 'NONE', #2301 ) ;
#1539 = EDGE_CURVE ( 'NONE', #878, #1438, #1180, .T. ) ;
#1540 = EDGE_LOOP ( 'NONE', ( #2410, #796, #1955, #1820 ) ) ;
#1541 = CARTESIAN_POINT ( 'NONE',  ( 36.00000000000002132, 0.000000000000000000, -48.50000000000000000 ) ) ;
#1542 = DIRECTION ( 'NONE',  ( 0.000000000000000000, 0.000000000000000000, -1.000000000000000000 ) ) ;
#1543 = ORIENTED_EDGE ( 'NONE', *, *, #2336, .F. ) ;
#1544 = ORIENTED_EDGE ( 'NONE', *, *, #2081, .T. ) ;
#1545 = CARTESIAN_POINT ( 'NONE',  ( -3.238150488489911378E-14, -4.399999999999820943, 48.50000000000000000 ) ) ;
#1546 = FILL_AREA_STYLE_COLOUR ( '', #51 ) ;
#1547 = VECTOR ( 'NONE', #1988, 1000.000000000000000 ) ;
#1548 = CARTESIAN_POINT ( 'NONE',  ( -31.90000000000000568, -4.400000000000063416, 31.89999999999998437 ) ) ;
#1549 = LINE ( 'NONE', #2130, #1984 ) ;
#1550 = EDGE_CURVE ( 'NONE', #126, #1630, #819, .T. ) ;
#1551 = ORIENTED_EDGE ( 'NONE', *, *, #2386, .T. ) ;
#1552 = VERTEX_POINT ( 'NONE', #1627 ) ;
#1553 = VECTOR ( 'NONE', #1900, 1000.000000000000000 ) ;
#1554 = EDGE_LOOP ( 'NONE', ( #1537, #2575, #2644, #1137, #1112, #1006, #1790, #1201, #1088, #151, #368, #664, #2106, #1177, #2136, #141, #649, #1341, #2550, #1235, #1503, #1038, #1828, #1522 ) ) ;
#1555 = FACE_OUTER_BOUND ( 'NONE', #2149, .T. ) ;
#1556 = DIRECTION ( 'NONE',  ( 7.359432928386152326E-15, -1.000000000000000000, -0.000000000000000000 ) ) ;
#1557 = CIRCLE ( 'NONE', #1072, 3.999999999999996447 ) ;
#1558 = EDGE_CURVE ( 'NONE', #1094, #994, #1389, .T. ) ;
#1559 = ORIENTED_EDGE ( 'NONE', *, *, #1426, .F. ) ;
#1560 = CONICAL_SURFACE ( 'NONE', #449, 1.649999999999998579, 0.7853981633974547183 ) ;
#1561 = VERTEX_POINT ( 'NONE', #1445 ) ;
#1562 = CARTESIAN_POINT ( 'NONE',  ( -28.50000000000000355, -4.400000000000036771, 34.00713075057051071 ) ) ;
#1563 = DIRECTION ( 'NONE',  ( 1.000000000000000000, 0.000000000000000000, 0.000000000000000000 ) ) ;
#1564 = CARTESIAN_POINT ( 'NONE',  ( 31.90000000000000568, -1.900000000000089173, -33.54999999999998295 ) ) ;
#1565 = DIRECTION ( 'NONE',  ( 8.659560562354919300E-17, -0.7071067811865487940, 0.7071067811865463515 ) ) ;
#1566 = AXIS2_PLACEMENT_3D ( 'NONE', #1223, #384, #1233 ) ;
#1567 = EDGE_LOOP ( 'NONE', ( #1927, #2726 ) ) ;
#1568 = VERTEX_POINT ( 'NONE', #1866 ) ;
#1569 = ORIENTED_EDGE ( 'NONE', *, *, #2068, .F. ) ;
#1570 = CARTESIAN_POINT ( 'NONE',  ( 31.90000000000000568, -20.89827560572929599, 29.84999999999998366 ) ) ;
#1571 = CIRCLE ( 'NONE', #740, 3.550000000000080647 ) ;
#1572 = CARTESIAN_POINT ( 'NONE',  ( -28.50000000000000000, -4.400000000000037659, -48.50000000000000000 ) ) ;
#1573 = ADVANCED_FACE ( 'NONE', ( #2076 ), #1664, .F. ) ;
#1574 = DIRECTION ( 'NONE',  ( 1.000000000000000000, 7.885106708985493964E-15, 0.000000000000000000 ) ) ;
#1575 = SURFACE_SIDE_STYLE ('',( #2023 ) ) ;
#1576 = EDGE_CURVE ( 'NONE', #938, #2078, #1245, .T. ) ;
#1577 = DIRECTION ( 'NONE',  ( 7.885106708985495542E-15, -1.000000000000000000, 0.000000000000000000 ) ) ;
#1578 = DIRECTION ( 'NONE',  ( 1.000000000000000000, 1.217349807703022362E-16, 0.000000000000000000 ) ) ;
#1579 = AXIS2_PLACEMENT_3D ( 'NONE', #2636, #970, #942 ) ;
#1580 = ORIENTED_EDGE ( 'NONE', *, *, #107, .F. ) ;
#1581 = AXIS2_PLACEMENT_3D ( 'NONE', #1398, #2028, #125 ) ;
#1582 = ORIENTED_EDGE ( 'NONE', *, *, #1161, .T. ) ;
#1583 = CARTESIAN_POINT ( 'NONE',  ( -31.90000000000000568, -15.10000000000006182, 33.94999999999998863 ) ) ;
#1584 = DIRECTION ( 'NONE',  ( -7.885106708985495542E-15, 1.000000000000000000, -0.000000000000000000 ) ) ;
#1585 = CYLINDRICAL_SURFACE ( 'NONE', #924, 2.050000000000003375 ) ;
#1586 = DIRECTION ( 'NONE',  ( 1.000000000000000000, 0.000000000000000000, -0.000000000000000000 ) ) ;
#1587 = CARTESIAN_POINT ( 'NONE',  ( -31.90000000000000568, -15.10000000000006359, -30.24999999999998579 ) ) ;
#1588 = FACE_OUTER_BOUND ( 'NONE', #2066, .T. ) ;
#1589 = EDGE_CURVE ( 'NONE', #2560, #2381, #1015, .T. ) ;
#1590 = LINE ( 'NONE', #951, #367 ) ;
#1591 = ORIENTED_EDGE ( 'NONE', *, *, #771, .T. ) ;
#1592 = AXIS2_PLACEMENT_3D ( 'NONE', #618, #1453, #1690 ) ;
#1593 = CARTESIAN_POINT ( 'NONE',  ( -28.49999999999999645, -15.10000000000003695, -48.50000000000000000 ) ) ;
#1594 = EDGE_LOOP ( 'NONE', ( #445, #479, #2571, #930 ) ) ;
#1595 = LINE ( 'NONE', #548, #2308 ) ;
#1596 = FACE_OUTER_BOUND ( 'NONE', #2159, .T. ) ;
#1597 = AXIS2_PLACEMENT_3D ( 'NONE', #358, #576, #2061 ) ;
#1598 = ADVANCED_FACE ( 'NONE', ( #1455 ), #1833, .F. ) ;
#1599 = CARTESIAN_POINT ( 'NONE',  ( -0.000000000000000000, -17.00000000000005684, 48.50000000000000000 ) ) ;
#1600 = CIRCLE ( 'NONE', #2090, 2.050000000000003375 ) ;
#1601 = CARTESIAN_POINT ( 'NONE',  ( -28.49999999999999645, -4.399999999999610445, 48.50000000000000000 ) ) ;
#1602 = LINE ( 'NONE', #1766, #149 ) ;
#1603 = CARTESIAN_POINT ( 'NONE',  ( 31.90000000000000568, -20.00000000000000711, -30.24999999999998934 ) ) ;
#1604 = CIRCLE ( 'NONE', #1422, 2.049999999999999822 ) ;
#1605 = LINE ( 'NONE', #135, #585 ) ;
#1606 = ORIENTED_EDGE ( 'NONE', *, *, #2614, .F. ) ;
#1607 = ADVANCED_FACE ( 'NONE', ( #2675 ), #2312, .F. ) ;
#1608 = VERTEX_POINT ( 'NONE', #793 ) ;
#1609 = DIRECTION ( 'NONE',  ( 0.000000000000000000, 0.000000000000000000, 1.000000000000000000 ) ) ;
#1610 = ORIENTED_EDGE ( 'NONE', *, *, #2526, .F. ) ;
#1611 = FACE_OUTER_BOUND ( 'NONE', #416, .T. ) ;
#1612 = DIRECTION ( 'NONE',  ( -1.000000000000000000, 0.000000000000000000, 0.000000000000000000 ) ) ;
#1613 = CARTESIAN_POINT ( 'NONE',  ( -30.15000000000006608, -15.10000000000004938, -48.50000000000000000 ) ) ;
#1614 = ADVANCED_FACE ( 'NONE', ( #408 ), #199, .F. ) ;
#1615 = CARTESIAN_POINT ( 'NONE',  ( 31.90000000000000568, -4.399999999999560707, -31.89999999999998437 ) ) ;
#1616 = DIRECTION ( 'NONE',  ( 7.885106708985495542E-15, -1.000000000000000000, 0.000000000000000000 ) ) ;
#1617 = LINE ( 'NONE', #2463, #2712 ) ;
#1618 = EDGE_CURVE ( 'NONE', #126, #1887, #2688, .T. ) ;
#1619 = ORIENTED_EDGE ( 'NONE', *, *, #212, .F. ) ;
#1620 = FACE_OUTER_BOUND ( 'NONE', #2138, .T. ) ;
#1621 = ORIENTED_EDGE ( 'NONE', *, *, #1370, .T. ) ;
#1622 = VECTOR ( 'NONE', #921, 1000.000000000000000 ) ;
#1623 = EDGE_CURVE ( 'NONE', #1033, #880, #818, .T. ) ;
#1624 = DIRECTION ( 'NONE',  ( 0.000000000000000000, -0.000000000000000000, -1.000000000000000000 ) ) ;
#1625 = CYLINDRICAL_SURFACE ( 'NONE', #324, 1.649999999999998579 ) ;
#1626 = DIRECTION ( 'NONE',  ( -7.885106708985495542E-15, 1.000000000000000000, -0.000000000000000000 ) ) ;
#1627 = CARTESIAN_POINT ( 'NONE',  ( -31.90000000000000568, -18.10000000000005471, -33.54999999999998295 ) ) ;
#1628 = CARTESIAN_POINT ( 'NONE',  ( 31.90000000000000568, -20.00000000000000711, 30.24999999999998934 ) ) ;
#1629 = EDGE_CURVE ( 'NONE', #1689, #1094, #806, .T. ) ;
#1630 = VERTEX_POINT ( 'NONE', #2487 ) ;
#1631 = AXIS2_PLACEMENT_3D ( 'NONE', #574, #1414, #2059 ) ;
#1632 = LINE ( 'NONE', #1203, #25 ) ;
#1633 = DIRECTION ( 'NONE',  ( 0.000000000000000000, 0.000000000000000000, 1.000000000000000000 ) ) ;
#1634 = AXIS2_PLACEMENT_3D ( 'NONE', #914, #1556, #1794 ) ;
#1635 = LINE ( 'NONE', #2083, #826 ) ;
#1636 = EDGE_CURVE ( 'NONE', #96, #1893, #593, .T. ) ;
#1637 = LINE ( 'NONE', #145, #627 ) ;
#1638 = CIRCLE ( 'NONE', #442, 2.049999999999999822 ) ;
#1639 = FACE_OUTER_BOUND ( 'NONE', #2442, .T. ) ;
#1640 = DIRECTION ( 'NONE',  ( -0.000000000000000000, 1.000000000000000000, -0.000000000000000000 ) ) ;
#1641 = AXIS2_PLACEMENT_3D ( 'NONE', #464, #245, #2721 ) ;
#1642 = CARTESIAN_POINT ( 'NONE',  ( 31.90000000000000568, -4.399999999999561595, -31.89999999999998437 ) ) ;
#1643 = VECTOR ( 'NONE', #677, 1000.000000000000000 ) ;
#1644 = ORIENTED_EDGE ( 'NONE', *, *, #64, .F. ) ;
#1645 = DIRECTION ( 'NONE',  ( -0.000000000000000000, 1.000000000000000000, -0.000000000000000000 ) ) ;
#1646 = ORIENTED_EDGE ( 'NONE', *, *, #433, .F. ) ;
#1647 = PLANE ( 'NONE',  #800 ) ;
#1648 = VECTOR ( 'NONE', #148, 1000.000000000000000 ) ;
#1649 = CARTESIAN_POINT ( 'NONE',  ( -30.14999999999999858, -4.400000000000050981, -48.50000000000000000 ) ) ;
#1650 = VERTEX_POINT ( 'NONE', #1269 ) ;
#1651 = CARTESIAN_POINT ( 'NONE',  ( -31.90000000000000568, -4.400000000000064304, 31.89999999999998437 ) ) ;
#1652 = CARTESIAN_POINT ( 'NONE',  ( 31.90000000000000568, -20.00000000000000711, 30.24999999999998934 ) ) ;
#1653 = ADVANCED_FACE ( 'NONE', ( #13 ), #1484, .F. ) ;
#1654 = ORIENTED_EDGE ( 'NONE', *, *, #77, .F. ) ;
#1655 = AXIS2_PLACEMENT_3D ( 'NONE', #1873, #2459, #814 ) ;
#1656 = EDGE_LOOP ( 'NONE', ( #917, #2125, #632, #1708 ) ) ;
#1657 = EDGE_LOOP ( 'NONE', ( #639, #758, #1031, #1669 ) ) ;
#1658 = AXIS2_PLACEMENT_3D ( 'NONE', #61, #304, #496 ) ;
#1659 = CARTESIAN_POINT ( 'NONE',  ( 31.90000000000000568, -26.41370849898437001, -31.89999999999998437 ) ) ;
#1660 = CARTESIAN_POINT ( 'NONE',  ( -28.50000000000000000, -1.500000000000007772, 48.50000000000000000 ) ) ;
#1661 = ORIENTED_EDGE ( 'NONE', *, *, #2493, .T. ) ;
#1662 = FACE_OUTER_BOUND ( 'NONE', #84, .T. ) ;
#1663 = CARTESIAN_POINT ( 'NONE',  ( -28.50000000000000000, -18.00000000000000355, -48.50000000000000000 ) ) ;
#1664 = CYLINDRICAL_SURFACE ( 'NONE', #2277, 1.649999999999998579 ) ;
#1665 = ADVANCED_FACE ( 'NONE', ( #1133 ), #1921, .F. ) ;
#1666 = ORIENTED_EDGE ( 'NONE', *, *, #2329, .F. ) ;
#1667 = EDGE_LOOP ( 'NONE', ( #2719, #2214, #935, #2609 ) ) ;
#1668 = CIRCLE ( 'NONE', #2606, 3.550000000000032241 ) ;
#1669 = ORIENTED_EDGE ( 'NONE', *, *, #1139, .T. ) ;
#1670 = LINE ( 'NONE', #2716, #2393 ) ;
#1671 = DIRECTION ( 'NONE',  ( 0.000000000000000000, -0.7071067811865487940, -0.7071067811865463515 ) ) ;
#1672 = VECTOR ( 'NONE', #2425, 1000.000000000000000 ) ;
#1673 = ORIENTED_EDGE ( 'NONE', *, *, #2419, .F. ) ;
#1674 = EDGE_CURVE ( 'NONE', #2500, #1887, #2234, .T. ) ;
#1675 = CARTESIAN_POINT ( 'NONE',  ( 31.90000000000000568, -20.00000000000000711, -31.89999999999998437 ) ) ;
#1676 = LINE ( 'NONE', #45, #1172 ) ;
#1677 = CARTESIAN_POINT ( 'NONE',  ( -31.90000000000000568, -20.89827560572980047, 33.94999999999998863 ) ) ;
#1678 = VECTOR ( 'NONE', #2646, 1000.000000000000000 ) ;
#1679 = FACE_OUTER_BOUND ( 'NONE', #993, .T. ) ;
#1680 = ORIENTED_EDGE ( 'NONE', *, *, #905, .F. ) ;
#1681 = CIRCLE ( 'NONE', #1074, 3.550000000000032241 ) ;
#1682 = EDGE_CURVE ( 'NONE', #1887, #976, #228, .T. ) ;
#1683 = DIRECTION ( 'NONE',  ( 0.000000000000000000, 0.000000000000000000, -1.000000000000000000 ) ) ;
#1684 = AXIS2_PLACEMENT_3D ( 'NONE', #2446, #1586, #2246 ) ;
#1685 = ORIENTED_EDGE ( 'NONE', *, *, #35, .T. ) ;
#1686 = DIRECTION ( 'NONE',  ( -1.000000000000000000, -7.313862828241192231E-17, 0.000000000000000000 ) ) ;
#1687 = CARTESIAN_POINT ( 'NONE',  ( 31.90000000000000568, -20.00000000000000711, -28.35000000000009024 ) ) ;
#1688 = VECTOR ( 'NONE', #104, 1000.000000000000000 ) ;
#1689 = VERTEX_POINT ( 'NONE', #1705 ) ;
#1690 = DIRECTION ( 'NONE',  ( -1.000000000000000000, -7.359432928386152326E-15, 0.000000000000000000 ) ) ;
#1691 = CARTESIAN_POINT ( 'NONE',  ( -28.49999999999999645, -17.00000000000005684, 48.50000000000000000 ) ) ;
#1692 = DIRECTION ( 'NONE',  ( -1.000000000000000000, -7.359432928386150748E-15, 0.000000000000000000 ) ) ;
#1693 = DIRECTION ( 'NONE',  ( -1.000000000000000000, -7.313862828241198394E-17, 0.000000000000000000 ) ) ;
#1694 = EDGE_CURVE ( 'NONE', #879, #236, #1064, .T. ) ;
#1695 = VERTEX_POINT ( 'NONE', #1531 ) ;
#1696 = DIRECTION ( 'NONE',  ( 0.000000000000000000, 1.000000000000000000, 0.000000000000000000 ) ) ;
#1697 = DIRECTION ( 'NONE',  ( 1.000000000000000000, 0.000000000000000000, -0.000000000000000000 ) ) ;
#1698 = EDGE_LOOP ( 'NONE', ( #1140, #403, #616, #429 ) ) ;
#1699 = FACE_BOUND ( 'NONE', #2185, .T. ) ;
#1700 = DIRECTION ( 'NONE',  ( 1.000000000000000000, 7.885106708985527096E-15, 0.000000000000000000 ) ) ;
#1701 = EDGE_CURVE ( 'NONE', #1552, #911, #1513, .T. ) ;
#1702 = AXIS2_PLACEMENT_3D ( 'NONE', #1183, #2193, #292 ) ;
#1703 = ORIENTED_EDGE ( 'NONE', *, *, #1395, .F. ) ;
#1704 = CARTESIAN_POINT ( 'NONE',  ( -31.90000000000000568, -20.00000000000000355, 31.89999999999998437 ) ) ;
#1705 = CARTESIAN_POINT ( 'NONE',  ( 31.90000000000000568, -4.399999999999560707, 30.24999999999998934 ) ) ;
#1706 = AXIS2_PLACEMENT_3D ( 'NONE', #2693, #1645, #597 ) ;
#1707 = DIRECTION ( 'NONE',  ( -7.359432928386152326E-15, 1.000000000000000000, 0.000000000000000000 ) ) ;
#1708 = ORIENTED_EDGE ( 'NONE', *, *, #1576, .T. ) ;
#1709 = EDGE_CURVE ( 'NONE', #1340, #438, #1720, .T. ) ;
#1710 = VERTEX_POINT ( 'NONE', #211 ) ;
#1711 = ORIENTED_EDGE ( 'NONE', *, *, #328, .F. ) ;
#1712 = ORIENTED_EDGE ( 'NONE', *, *, #1636, .T. ) ;
#1713 = DIRECTION ( 'NONE',  ( -3.242473786872536800E-16, 1.000000000000000000, -0.000000000000000000 ) ) ;
#1714 = CARTESIAN_POINT ( 'NONE',  ( -31.90000000000000568, -18.10000000000005471, 33.54999999999998295 ) ) ;
#1715 = VERTEX_POINT ( 'NONE', #1516 ) ;
#1716 = VERTEX_POINT ( 'NONE', #448 ) ;
#1717 = EDGE_CURVE ( 'NONE', #1262, #1729, #1, .T. ) ;
#1718 = UNCERTAINTY_MEASURE_WITH_UNIT (LENGTH_MEASURE( 1.000000000000000082E-05 ), #1810, 'distance_accuracy_value', 'NONE');
#1719 = CARTESIAN_POINT ( 'NONE',  ( 30.15000000000007319, -17.00000000000005684, 50.14999999999999858 ) ) ;
#1720 = LINE ( 'NONE', #2177, #2360 ) ;
#1721 = PLANE ( 'NONE',  #1270 ) ;
#1722 = VERTEX_POINT ( 'NONE', #1905 ) ;
#1723 = FACE_OUTER_BOUND ( 'NONE', #2345, .T. ) ;
#1724 = CONICAL_SURFACE ( 'NONE', #539, 3.549999999999900346, 0.7853981633974465026 ) ;
#1725 = VERTEX_POINT ( 'NONE', #62 ) ;
#1726 = ORIENTED_EDGE ( 'NONE', *, *, #2154, .F. ) ;
#1727 = AXIS2_PLACEMENT_3D ( 'NONE', #1097, #1280, #1114 ) ;
#1728 = ADVANCED_FACE ( 'NONE', ( #2385 ), #2598, .F. ) ;
#1729 = VERTEX_POINT ( 'NONE', #262 ) ;
#1730 = DIRECTION ( 'NONE',  ( 0.000000000000000000, 0.000000000000000000, 1.000000000000000000 ) ) ;
#1731 = LINE ( 'NONE', #1092, #401 ) ;
#1732 = DIRECTION ( 'NONE',  ( 1.000000000000000000, 0.000000000000000000, 0.000000000000000000 ) ) ;
#1733 = EDGE_LOOP ( 'NONE', ( #1352, #2713 ) ) ;
#1734 = VECTOR ( 'NONE', #1692, 1000.000000000000000 ) ;
#1735 = ADVANCED_FACE ( 'NONE', ( #1115 ), #1963, .F. ) ;
#1736 = EDGE_LOOP ( 'NONE', ( #436, #2191, #215, #923 ) ) ;
#1737 = CARTESIAN_POINT ( 'NONE',  ( -30.14999999999999858, -2.500000000000005773, 50.14999999999999858 ) ) ;
#1738 = DIRECTION ( 'NONE',  ( -1.000000000000000000, -7.313862828241200859E-17, 0.000000000000000000 ) ) ;
#1739 = DIRECTION ( 'NONE',  ( 0.000000000000000000, 0.000000000000000000, 1.000000000000000000 ) ) ;
#1740 = EDGE_CURVE ( 'NONE', #1107, #2342, #1604, .T. ) ;
#1741 = CARTESIAN_POINT ( 'NONE',  ( 0.000000000000000000, 0.000000000000000000, 48.50000000000000000 ) ) ;
#1742 = ORIENTED_EDGE ( 'NONE', *, *, #583, .T. ) ;
#1743 = ORIENTED_EDGE ( 'NONE', *, *, #247, .F. ) ;
#1744 = DIRECTION ( 'NONE',  ( -1.000000000000000000, 1.577021341797099187E-15, 0.000000000000000000 ) ) ;
#1745 = DIRECTION ( 'NONE',  ( -1.000000000000000000, -7.359432928386152326E-15, 0.000000000000000000 ) ) ;
#1746 = ORIENTED_EDGE ( 'NONE', *, *, #1461, .F. ) ;
#1747 = ORIENTED_EDGE ( 'NONE', *, *, #1511, .T. ) ;
#1748 = DIRECTION ( 'NONE',  ( 0.000000000000000000, 0.000000000000000000, 1.000000000000000000 ) ) ;
#1749 = EDGE_CURVE ( 'NONE', #2153, #1630, #483, .T. ) ;
#1750 = CARTESIAN_POINT ( 'NONE',  ( 30.14999999999999858, -4.400000000000042988, -48.50000000000000000 ) ) ;
#1751 = DIRECTION ( 'NONE',  ( 0.000000000000000000, 1.000000000000000000, 0.000000000000000000 ) ) ;
#1752 = VECTOR ( 'NONE', #1378, 1000.000000000000000 ) ;
#1753 = CARTESIAN_POINT ( 'NONE',  ( -28.50000000000000000, -2.500000000000002665, 48.50000000000000000 ) ) ;
#1754 = EDGE_CURVE ( 'NONE', #636, #96, #31, .T. ) ;
#1755 = ORIENTED_EDGE ( 'NONE', *, *, #146, .F. ) ;
#1756 = ORIENTED_EDGE ( 'NONE', *, *, #2154, .T. ) ;
#1757 = VERTEX_POINT ( 'NONE', #2538 ) ;
#1758 = DIRECTION ( 'NONE',  ( -0.000000000000000000, -1.000000000000000000, -0.000000000000000000 ) ) ;
#1759 = DIRECTION ( 'NONE',  ( -7.885106708985495542E-15, 1.000000000000000000, -0.000000000000000000 ) ) ;
#1760 = ORIENTED_EDGE ( 'NONE', *, *, #2013, .F. ) ;
#1761 = ORIENTED_EDGE ( 'NONE', *, *, #2683, .F. ) ;
#1762 = DIRECTION ( 'NONE',  ( -0.000000000000000000, -1.000000000000000000, -0.000000000000000000 ) ) ;
#1763 = CARTESIAN_POINT ( 'NONE',  ( -28.50000000000000000, -18.00000000000000355, 48.50000000000000000 ) ) ;
#1764 = AXIS2_PLACEMENT_3D ( 'NONE', #1252, #1046, #1686 ) ;
#1765 = DIRECTION ( 'NONE',  ( -7.885106708985495542E-15, 1.000000000000000000, -0.000000000000000000 ) ) ;
#1766 = CARTESIAN_POINT ( 'NONE',  ( 28.50000000000000711, -26.41370849898437001, 29.79286924942944736 ) ) ;
#1767 = DIRECTION ( 'NONE',  ( 8.659560562354918067E-17, -0.7071067811865487940, 0.7071067811865463515 ) ) ;
#1768 = AXIS2_PLACEMENT_3D ( 'NONE', #83, #1759, #1777 ) ;
#1769 = FACE_OUTER_BOUND ( 'NONE', #1667, .T. ) ;
#1770 = DIRECTION ( 'NONE',  ( 0.000000000000000000, 0.7071067811865474617, 0.7071067811865474617 ) ) ;
#1771 = ORIENTED_EDGE ( 'NONE', *, *, #1473, .F. ) ;
#1772 = ORIENTED_EDGE ( 'NONE', *, *, #2438, .F. ) ;
#1773 = EDGE_CURVE ( 'NONE', #954, #2439, #2050, .T. ) ;
#1774 = VECTOR ( 'NONE', #2049, 1000.000000000000000 ) ;
#1775 = ORIENTED_EDGE ( 'NONE', *, *, #1385, .F. ) ;
#1776 = CARTESIAN_POINT ( 'NONE',  ( 31.90000000000000568, -20.00000000000000711, -31.89999999999998437 ) ) ;
#1777 = DIRECTION ( 'NONE',  ( 1.000000000000000000, 7.885106708985527096E-15, 0.000000000000000000 ) ) ;
#1778 = CIRCLE ( 'NONE', #444, 1.649999999999991696 ) ;
#1779 = ORIENTED_EDGE ( 'NONE', *, *, #1332, .F. ) ;
#1780 = EDGE_CURVE ( 'NONE', #1105, #28, #1499, .T. ) ;
#1781 = VECTOR ( 'NONE', #2026, 1000.000000000000000 ) ;
#1782 = PRODUCT_DEFINITION_CONTEXT ( 'detailed design', #232, 'design' ) ;
#1783 = DIRECTION ( 'NONE',  ( 0.000000000000000000, 0.000000000000000000, 1.000000000000000000 ) ) ;
#1784 = DIRECTION ( 'NONE',  ( 0.000000000000000000, 0.000000000000000000, 1.000000000000000000 ) ) ;
#1785 = VECTOR ( 'NONE', #2097, 1000.000000000000000 ) ;
#1786 = MANIFOLD_SOLID_BREP ( 'Stock-RFID_Box_Card_Extension-1', #385 ) ;
#1787 = CARTESIAN_POINT ( 'NONE',  ( -31.90000000000000568, -4.400000000000064304, -31.89999999999998437 ) ) ;
#1788 = AXIS2_PLACEMENT_3D ( 'NONE', #2499, #1041, #635 ) ;
#1789 = ADVANCED_FACE ( 'NONE', ( #1184 ), #293, .F. ) ;
#1790 = ORIENTED_EDGE ( 'NONE', *, *, #311, .T. ) ;
#1791 = VERTEX_POINT ( 'NONE', #525 ) ;
#1792 = EDGE_LOOP ( 'NONE', ( #1703, #902, #80, #2263 ) ) ;
#1793 = DIRECTION ( 'NONE',  ( -3.469446951953827970E-15, 1.000000000000000000, -0.000000000000000000 ) ) ;
#1794 = DIRECTION ( 'NONE',  ( -1.000000000000000000, -7.359432928386459981E-15, 0.000000000000000000 ) ) ;
#1795 = LINE ( 'NONE', #1377, #1456 ) ;
#1796 = DIRECTION ( 'NONE',  ( -0.000000000000000000, 1.000000000000000000, -0.000000000000000000 ) ) ;
#1797 = ADVANCED_FACE ( 'NONE', ( #117 ), #319, .F. ) ;
#1798 = PLANE ( 'NONE',  #502 ) ;
#1799 = DIRECTION ( 'NONE',  ( 1.000000000000000000, 7.806255641895638236E-15, 0.000000000000000000 ) ) ;
#1800 = PRODUCT ( 'SB-PCB_Enclosure', 'SB-PCB_Enclosure', '', ( #325 ) ) ;
#1801 = VECTOR ( 'NONE', #989, 1000.000000000000000 ) ;
#1802 = CARTESIAN_POINT ( 'NONE',  ( -31.90000000000000568, -20.00000000000000711, 30.24999999999998579 ) ) ;
#1803 = AXIS2_PLACEMENT_3D ( 'NONE', #1911, #1925, #1286 ) ;
#1804 = VERTEX_POINT ( 'NONE', #2649 ) ;
#1805 = EDGE_CURVE ( 'NONE', #2342, #530, #1980, .T. ) ;
#1806 = CARTESIAN_POINT ( 'NONE',  ( 31.90000000000000568, -20.00000000000000711, 33.54999999999998295 ) ) ;
#1807 = ORIENTED_EDGE ( 'NONE', *, *, #794, .T. ) ;
#1808 = DIRECTION ( 'NONE',  ( 1.000000000000000000, 7.885106708985527096E-15, 0.000000000000000000 ) ) ;
#1809 = DIRECTION ( 'NONE',  ( -0.000000000000000000, 1.000000000000000000, -0.000000000000000000 ) ) ;
#1810 =( LENGTH_UNIT ( ) NAMED_UNIT ( * ) SI_UNIT ( .MILLI., .METRE. ) );
#1811 = CARTESIAN_POINT ( 'NONE',  ( -31.90000000000000568, -1.900000000000009237, -33.54999999999998295 ) ) ;
#1812 = EDGE_CURVE ( 'NONE', #2350, #420, #498, .T. ) ;
#1813 = FACE_OUTER_BOUND ( 'NONE', #2561, .T. ) ;
#1814 = CONICAL_SURFACE ( 'NONE', #1013, 3.549999999999893685, 0.7853981633974447263 ) ;
#1815 = CARTESIAN_POINT ( 'NONE',  ( 28.50000000000000000, -4.400000000000030553, -48.50000000000000000 ) ) ;
#1816 = DIRECTION ( 'NONE',  ( 3.242473786872536800E-16, -1.000000000000000000, 0.000000000000000000 ) ) ;
#1817 = ORIENTED_EDGE ( 'NONE', *, *, #937, .T. ) ;
#1818 = EDGE_LOOP ( 'NONE', ( #439, #1320, #456, #1942 ) ) ;
#1819 = DIRECTION ( 'NONE',  ( 0.000000000000000000, 1.000000000000000000, 0.000000000000000000 ) ) ;
#1820 = ORIENTED_EDGE ( 'NONE', *, *, #678, .F. ) ;
#1821 = CARTESIAN_POINT ( 'NONE',  ( -31.90000000000000568, -20.00000000000000355, -35.44999999999992468 ) ) ;
#1822 = VECTOR ( 'NONE', #969, 999.9999999999998863 ) ;
#1823 = CARTESIAN_POINT ( 'NONE',  ( 28.50000000000000355, -15.09999999999961773, 48.50000000000000000 ) ) ;
#1824 = AXIS2_PLACEMENT_3D ( 'NONE', #2300, #2311, #1826 ) ;
#1825 = LINE ( 'NONE', #306, #230 ) ;
#1826 = DIRECTION ( 'NONE',  ( -3.242473786872537293E-16, 1.000000000000000000, 0.000000000000000000 ) ) ;
#1827 = LINE ( 'NONE', #1186, #1688 ) ;
#1828 = ORIENTED_EDGE ( 'NONE', *, *, #2060, .T. ) ;
#1829 = DIRECTION ( 'NONE',  ( 0.000000000000000000, 1.000000000000000000, 0.000000000000000000 ) ) ;
#1830 = FACE_BOUND ( 'NONE', #340, .T. ) ;
#1831 = EDGE_CURVE ( 'NONE', #1360, #420, #709, .T. ) ;
#1832 = ORIENTED_EDGE ( 'NONE', *, *, #575, .F. ) ;
#1833 = CONICAL_SURFACE ( 'NONE', #956, 3.549999999999942091, 0.7853981633974466137 ) ;
#1834 = CARTESIAN_POINT ( 'NONE',  ( -31.90000000000000568, -20.00000000000000711, 31.89999999999998437 ) ) ;
#1835 = VERTEX_POINT ( 'NONE', #1763 ) ;
#1836 = CARTESIAN_POINT ( 'NONE',  ( 28.50000000000000000, -2.499999999999897859, 48.50000000000000000 ) ) ;
#1837 = DIRECTION ( 'NONE',  ( 0.000000000000000000, 0.000000000000000000, 1.000000000000000000 ) ) ;
#1838 = DIRECTION ( 'NONE',  ( 0.000000000000000000, 0.000000000000000000, 1.000000000000000000 ) ) ;
#1839 = ADVANCED_FACE ( 'NONE', ( #725 ), #1367, .F. ) ;
#1840 = DIRECTION ( 'NONE',  ( 0.000000000000000000, 0.000000000000000000, 1.000000000000000000 ) ) ;
#1841 = PLANE ( 'NONE',  #2014 ) ;
#1842 = ORIENTED_EDGE ( 'NONE', *, *, #1629, .T. ) ;
#1843 = ORIENTED_EDGE ( 'NONE', *, *, #1319, .F. ) ;
#1844 = EDGE_CURVE ( 'NONE', #1325, #2137, #1825, .T. ) ;
#1845 = CARTESIAN_POINT ( 'NONE',  ( -28.50000000000000000, -1.500000000000007772, 48.50000000000000000 ) ) ;
#1846 = AXIS2_PLACEMENT_3D ( 'NONE', #637, #422, #863 ) ;
#1847 = ORIENTED_EDGE ( 'NONE', *, *, #2469, .F. ) ;
#1848 = AXIS2_PLACEMENT_3D ( 'NONE', #1192, #2455, #353 ) ;
#1849 = CARTESIAN_POINT ( 'NONE',  ( 31.90000000000000568, -2.998683759578901079E-16, 31.89999999999998437 ) ) ;
#1850 = FACE_OUTER_BOUND ( 'NONE', #2506, .T. ) ;
#1851 = DIRECTION ( 'NONE',  ( 0.000000000000000000, 0.000000000000000000, 1.000000000000000000 ) ) ;
#1852 = DIRECTION ( 'NONE',  ( -0.000000000000000000, -1.000000000000000000, -0.000000000000000000 ) ) ;
#1853 = DIRECTION ( 'NONE',  ( -3.469446951953828759E-15, 1.000000000000000000, 0.000000000000000000 ) ) ;
#1854 = DIRECTION ( 'NONE',  ( 0.000000000000000000, 0.000000000000000000, 1.000000000000000000 ) ) ;
#1855 = EDGE_LOOP ( 'NONE', ( #702, #604, #1144, #1347, #1591, #2576, #1348, #2670 ) ) ;
#1856 = AXIS2_PLACEMENT_3D ( 'NONE', #55, #1973, #745 ) ;
#1857 = DIRECTION ( 'NONE',  ( -1.000000000000000000, -1.217349807703022609E-16, -0.000000000000000000 ) ) ;
#1858 = ORIENTED_EDGE ( 'NONE', *, *, #2419, .T. ) ;
#1859 = EDGE_CURVE ( 'NONE', #200, #2120, #2413, .T. ) ;
#1860 = CIRCLE ( 'NONE', #666, 1.649999999999995248 ) ;
#1861 = DIRECTION ( 'NONE',  ( 0.000000000000000000, 1.000000000000000000, 0.000000000000000000 ) ) ;
#1862 = CARTESIAN_POINT ( 'NONE',  ( 31.90000000000000568, -15.09999999999959286, 31.89999999999998437 ) ) ;
#1863 = ADVANCED_FACE ( 'NONE', ( #101, #2033 ), #985, .T. ) ;
#1864 = VECTOR ( 'NONE', #24, 1000.000000000000000 ) ;
#1865 = DIRECTION ( 'NONE',  ( 8.659560562354932858E-17, 0.7071067811865474617, -0.7071067811865474617 ) ) ;
#1866 = CARTESIAN_POINT ( 'NONE',  ( -30.15000000000006608, -15.10000000000004938, 32.96770782520322740 ) ) ;
#1867 = CIRCLE ( 'NONE', #326, 1.649999999999995248 ) ;
#1868 = CARTESIAN_POINT ( 'NONE',  ( -31.90000000000000568, -1.900000000000009237, 31.89999999999998437 ) ) ;
#1869 = AXIS2_PLACEMENT_3D ( 'NONE', #2584, #2338, #1471 ) ;
#1870 = VERTEX_POINT ( 'NONE', #510 ) ;
#1871 = EDGE_CURVE ( 'NONE', #1561, #517, #729, .T. ) ;
#1872 = ORIENTED_EDGE ( 'NONE', *, *, #2344, .F. ) ;
#1873 = CARTESIAN_POINT ( 'NONE',  ( 31.90000000000000568, -4.399999999999561595, 31.89999999999998437 ) ) ;
#1874 = AXIS2_PLACEMENT_3D ( 'NONE', #920, #1327, #647 ) ;
#1875 = FACE_OUTER_BOUND ( 'NONE', #455, .T. ) ;
#1876 = ORIENTED_EDGE ( 'NONE', *, *, #1701, .F. ) ;
#1877 = ADVANCED_FACE ( 'NONE', ( #944 ), #1798, .T. ) ;
#1878 = DIRECTION ( 'NONE',  ( 4.818676322157798854E-17, 1.000000000000000000, -0.000000000000000000 ) ) ;
#1879 = CARTESIAN_POINT ( 'NONE',  ( -28.50000000000000000, -18.00000000000000355, -48.50000000000000000 ) ) ;
#1880 = ORIENTED_EDGE ( 'NONE', *, *, #1550, .F. ) ;
#1881 = EDGE_LOOP ( 'NONE', ( #1451, #658, #555, #1460 ) ) ;
#1882 = EDGE_CURVE ( 'NONE', #870, #2396, #2495, .T. ) ;
#1883 = DIRECTION ( 'NONE',  ( 7.885106708985495542E-15, -1.000000000000000000, 0.000000000000000000 ) ) ;
#1884 = CARTESIAN_POINT ( 'NONE',  ( -31.90000000000000568, -4.400000000000064304, -31.89999999999998437 ) ) ;
#1885 = VECTOR ( 'NONE', #280, 1000.000000000000000 ) ;
#1886 = EDGE_LOOP ( 'NONE', ( #18, #1204, #486, #8 ) ) ;
#1887 = VERTEX_POINT ( 'NONE', #1450 ) ;
#1888 = CARTESIAN_POINT ( 'NONE',  ( -31.90000000000000568, -15.10000000000006182, 31.89999999999998437 ) ) ;
#1889 = DIRECTION ( 'NONE',  ( 0.000000000000000000, 0.000000000000000000, 1.000000000000000000 ) ) ;
#1890 = DIRECTION ( 'NONE',  ( -0.000000000000000000, 1.000000000000000000, -0.000000000000000000 ) ) ;
#1891 = EDGE_CURVE ( 'NONE', #682, #2500, #789, .T. ) ;
#1892 = DIRECTION ( 'NONE',  ( 1.000000000000000000, 8.038962449648605390E-15, 0.000000000000000000 ) ) ;
#1893 = VERTEX_POINT ( 'NONE', #1253 ) ;
#1894 = CARTESIAN_POINT ( 'NONE',  ( 28.50000000000000711, -17.99999999999999645, 48.50000000000000000 ) ) ;
#1895 = ORIENTED_EDGE ( 'NONE', *, *, #2271, .T. ) ;
#1896 = CIRCLE ( 'NONE', #2079, 1.649999999999998579 ) ;
#1897 = ORIENTED_EDGE ( 'NONE', *, *, #2484, .F. ) ;
#1898 = CARTESIAN_POINT ( 'NONE',  ( -31.90000000000000568, -26.41370849898487094, -31.89999999999998437 ) ) ;
#1899 = CARTESIAN_POINT ( 'NONE',  ( -28.49999999999999645, -15.10000000000003695, 34.00713075057047519 ) ) ;
#1900 = DIRECTION ( 'NONE',  ( -1.000000000000000000, 7.359432928386152326E-15, 0.000000000000000000 ) ) ;
#1901 = VERTEX_POINT ( 'NONE', #1047 ) ;
#1902 = FACE_OUTER_BOUND ( 'NONE', #468, .T. ) ;
#1903 = DIRECTION ( 'NONE',  ( -1.000000000000000000, -7.359432928386459981E-15, 0.000000000000000000 ) ) ;
#1904 = EDGE_CURVE ( 'NONE', #1149, #1340, #1241, .T. ) ;
#1905 = CARTESIAN_POINT ( 'NONE',  ( -30.15000000000006608, -17.00000000000006395, 50.14999999999999858 ) ) ;
#1906 = VECTOR ( 'NONE', #142, 1000.000000000000000 ) ;
#1907 = CARTESIAN_POINT ( 'NONE',  ( -31.90000000000000568, -15.10000000000006182, 31.89999999999998437 ) ) ;
#1908 = AXIS2_PLACEMENT_3D ( 'NONE', #2100, #2075, #817 ) ;
#1909 = VERTEX_POINT ( 'NONE', #2257 ) ;
#1910 = AXIS2_PLACEMENT_3D ( 'NONE', #1028, #1043, #1003 ) ;
#1911 = CARTESIAN_POINT ( 'NONE',  ( -28.49999999999999645, -15.10000000000003695, -48.50000000000000000 ) ) ;
#1912 = EDGE_CURVE ( 'NONE', #530, #342, #587, .T. ) ;
#1913 = AXIS2_PLACEMENT_3D ( 'NONE', #971, #739, #960 ) ;
#1914 = DIRECTION ( 'NONE',  ( -7.359432928386152326E-15, 1.000000000000000000, 0.000000000000000000 ) ) ;
#1915 = ORIENTED_EDGE ( 'NONE', *, *, #1189, .T. ) ;
#1916 = ORIENTED_EDGE ( 'NONE', *, *, #294, .F. ) ;
#1917 = LINE ( 'NONE', #9, #2689 ) ;
#1918 = CARTESIAN_POINT ( 'NONE',  ( -31.90000000000000568, -20.00000000000000355, 35.44999999999992468 ) ) ;
#1919 = EDGE_LOOP ( 'NONE', ( #388, #2608 ) ) ;
#1920 = CARTESIAN_POINT ( 'NONE',  ( -31.90000000000000568, -1.900000000000009237, -31.89999999999998437 ) ) ;
#1921 = PLANE ( 'NONE',  #685 ) ;
#1922 = EDGE_CURVE ( 'NONE', #980, #1568, #2269, .T. ) ;
#1923 = CARTESIAN_POINT ( 'NONE',  ( 28.50000000000000000, -4.400000000000030553, 48.50000000000000000 ) ) ;
#1924 = EDGE_LOOP ( 'NONE', ( #2184, #391, #411, #1964 ) ) ;
#1925 = DIRECTION ( 'NONE',  ( -7.359432928386152326E-15, 1.000000000000000000, 0.000000000000000000 ) ) ;
#1926 = ORIENTED_EDGE ( 'NONE', *, *, #107, .T. ) ;
#1927 = ORIENTED_EDGE ( 'NONE', *, *, #58, .T. ) ;
#1928 = ADVANCED_FACE ( 'NONE', ( #1208 ), #589, .F. ) ;
#1929 = DIRECTION ( 'NONE',  ( 1.000000000000000000, 7.885106708985495542E-15, 0.000000000000000000 ) ) ;
#1930 = CARTESIAN_POINT ( 'NONE',  ( -30.14999999999999858, -4.400000000000050981, -32.96770782520310661 ) ) ;
#1931 = VERTEX_POINT ( 'NONE', #2699 ) ;
#1932 = ORIENTED_EDGE ( 'NONE', *, *, #2614, .T. ) ;
#1933 = ORIENTED_EDGE ( 'NONE', *, *, #2354, .T. ) ;
#1934 = CYLINDRICAL_SURFACE ( 'NONE', #770, 1.649999999999998579 ) ;
#1935 = DIRECTION ( 'NONE',  ( 7.313862828241198394E-17, -1.000000000000000000, -0.000000000000000000 ) ) ;
#1936 = VECTOR ( 'NONE', #757, 1000.000000000000000 ) ;
#1937 = DIRECTION ( 'NONE',  ( 7.359432928386152326E-15, -1.000000000000000000, -0.000000000000000000 ) ) ;
#1938 = ORIENTED_EDGE ( 'NONE', *, *, #2336, .T. ) ;
#1939 = DIRECTION ( 'NONE',  ( 1.000000000000000000, 7.885106708985495542E-15, 0.000000000000000000 ) ) ;
#1940 = ORIENTED_EDGE ( 'NONE', *, *, #932, .T. ) ;
#1941 = EDGE_LOOP ( 'NONE', ( #893, #823, #463, #244 ) ) ;
#1942 = ORIENTED_EDGE ( 'NONE', *, *, #778, .F. ) ;
#1943 = DIRECTION ( 'NONE',  ( 0.000000000000000000, -0.7071067811865500152, -0.7071067811865450192 ) ) ;
#1944 = DIRECTION ( 'NONE',  ( -1.000000000000000000, -7.615859162824993749E-15, 0.000000000000000000 ) ) ;
#1945 = CARTESIAN_POINT ( 'NONE',  ( 31.90000000000000568, -2.998683759578901079E-16, -28.34999999999989839 ) ) ;
#1946 = VERTEX_POINT ( 'NONE', #1660 ) ;
#1947 = DIRECTION ( 'NONE',  ( 1.000000000000000000, 0.000000000000000000, 0.000000000000000000 ) ) ;
#1948 = EDGE_CURVE ( 'NONE', #1608, #1423, #562, .T. ) ;
#1949 = DIRECTION ( 'NONE',  ( -7.359432928386152326E-15, 1.000000000000000000, 0.000000000000000000 ) ) ;
#1950 = CARTESIAN_POINT ( 'NONE',  ( 30.14999999999999858, -2.499999999999998224, -48.50000000000000000 ) ) ;
#1951 = VECTOR ( 'NONE', #128, 1000.000000000000000 ) ;
#1952 = CARTESIAN_POINT ( 'NONE',  ( 31.90000000000000568, -20.00000000000000711, -28.35000000000009024 ) ) ;
#1953 = VECTOR ( 'NONE', #222, 1000.000000000000000 ) ;
#1954 = VERTEX_POINT ( 'NONE', #193 ) ;
#1955 = ORIENTED_EDGE ( 'NONE', *, *, #1773, .F. ) ;
#1956 = AXIS2_PLACEMENT_3D ( 'NONE', #1704, #903, #1947 ) ;
#1957 = ADVANCED_FACE ( 'NONE', ( #406 ), #582, .F. ) ;
#1958 = ORIENTED_EDGE ( 'NONE', *, *, #2579, .F. ) ;
#1959 = CARTESIAN_POINT ( 'NONE',  ( 31.90000000000000568, -15.09999999999959286, -31.89999999999998437 ) ) ;
#1960 = FACE_OUTER_BOUND ( 'NONE', #507, .T. ) ;
#1961 = CARTESIAN_POINT ( 'NONE',  ( -30.14999999999999858, -4.400000000000050981, -48.50000000000000000 ) ) ;
#1962 = ORIENTED_EDGE ( 'NONE', *, *, #2639, .F. ) ;
#1963 = CONICAL_SURFACE ( 'NONE', #853, 3.549999999999893685, 0.7853981633974447263 ) ;
#1964 = ORIENTED_EDGE ( 'NONE', *, *, #2271, .F. ) ;
#1965 = DIRECTION ( 'NONE',  ( -0.000000000000000000, 1.000000000000000000, -0.000000000000000000 ) ) ;
#1966 = DIRECTION ( 'NONE',  ( -1.000000000000000000, -7.313862828241192231E-17, 0.000000000000000000 ) ) ;
#1967 = EDGE_CURVE ( 'NONE', #682, #2153, #1638, .T. ) ;
#1968 = FACE_OUTER_BOUND ( 'NONE', #2027, .T. ) ;
#1969 = DIRECTION ( 'NONE',  ( 0.000000000000000000, 0.000000000000000000, 1.000000000000000000 ) ) ;
#1970 = ORIENTED_EDGE ( 'NONE', *, *, #2547, .T. ) ;
#1971 = ORIENTED_EDGE ( 'NONE', *, *, #235, .F. ) ;
#1972 = ORIENTED_EDGE ( 'NONE', *, *, #915, .T. ) ;
#1973 = DIRECTION ( 'NONE',  ( 4.818676322157798854E-17, 1.000000000000000000, -0.000000000000000000 ) ) ;
#1974 = CARTESIAN_POINT ( 'NONE',  ( 31.90000000000000568, -1.900000000000089173, -31.89999999999998437 ) ) ;
#1975 = EDGE_CURVE ( 'NONE', #1438, #1729, #157, .T. ) ;
#1976 = CARTESIAN_POINT ( 'NONE',  ( 31.90000000000000568, -4.399999999999561595, 31.89999999999998437 ) ) ;
#1977 = ADVANCED_BREP_SHAPE_REPRESENTATION ( 'SB-PCB_Enclosure', ( #1786, #1846 ), #303 ) ;
#1978 = ORIENTED_EDGE ( 'NONE', *, *, #1589, .T. ) ;
#1979 = CARTESIAN_POINT ( 'NONE',  ( -31.90000000000000568, -20.00000000000000711, -30.24999999999998579 ) ) ;
#1980 = LINE ( 'NONE', #763, #2620 ) ;
#1981 = VECTOR ( 'NONE', #761, 1000.000000000000000 ) ;
#1982 = PLANE ( 'NONE',  #7 ) ;
#1983 = EDGE_CURVE ( 'NONE', #1361, #43, #1637, .T. ) ;
#1984 = VECTOR ( 'NONE', #435, 1000.000000000000000 ) ;
#1985 = ORIENTED_EDGE ( 'NONE', *, *, #2484, .T. ) ;
#1986 = ORIENTED_EDGE ( 'NONE', *, *, #15, .T. ) ;
#1987 = ORIENTED_EDGE ( 'NONE', *, *, #189, .T. ) ;
#1988 = DIRECTION ( 'NONE',  ( 8.659560562354989558E-17, 0.7071067811865430208, -0.7071067811865521247 ) ) ;
#1989 = DIRECTION ( 'NONE',  ( 0.000000000000000000, 1.000000000000000000, 0.000000000000000000 ) ) ;
#1990 = ORIENTED_EDGE ( 'NONE', *, *, #1246, .F. ) ;
#1991 = FACE_OUTER_BOUND ( 'NONE', #1175, .T. ) ;
#1992 = DIRECTION ( 'NONE',  ( 0.000000000000000000, 1.000000000000000000, 0.000000000000000000 ) ) ;
#1993 = CIRCLE ( 'NONE', #1495, 4.000000000000000000 ) ;
#1994 = ADVANCED_FACE ( 'NONE', ( #1850 ), #1625, .F. ) ;
#1995 = CARTESIAN_POINT ( 'NONE',  ( -31.90000000000000568, -20.00000000000000355, 31.89999999999998437 ) ) ;
#1996 = AXIS2_PLACEMENT_3D ( 'NONE', #2633, #2253, #2004 ) ;
#1997 = FACE_OUTER_BOUND ( 'NONE', #844, .T. ) ;
#1998 = VERTEX_POINT ( 'NONE', #2482 ) ;
#1999 = ORIENTED_EDGE ( 'NONE', *, *, #1780, .T. ) ;
#2000 = AXIS2_PLACEMENT_3D ( 'NONE', #1230, #2073, #169 ) ;
#2001 = ADVANCED_FACE ( 'NONE', ( #1875 ), #1429, .F. ) ;
#2002 = ORIENTED_EDGE ( 'NONE', *, *, #1805, .F. ) ;
#2003 = FACE_OUTER_BOUND ( 'NONE', #494, .T. ) ;
#2004 = DIRECTION ( 'NONE',  ( 1.000000000000000000, 8.038962449648619589E-15, 0.000000000000000000 ) ) ;
#2005 = AXIS2_PLACEMENT_3D ( 'NONE', #1530, #840, #646 ) ;
#2006 = CARTESIAN_POINT ( 'NONE',  ( 28.50000000000000711, -26.41370849898437001, -34.00713075057053203 ) ) ;
#2007 = DIRECTION ( 'NONE',  ( 0.000000000000000000, 0.000000000000000000, 1.000000000000000000 ) ) ;
#2008 = CARTESIAN_POINT ( 'NONE',  ( -30.14999999999999858, -4.400000000000050981, -48.50000000000000000 ) ) ;
#2009 = VECTOR ( 'NONE', #1098, 1000.000000000000000 ) ;
#2010 = CARTESIAN_POINT ( 'NONE',  ( -28.49999999999999645, -15.10000000000003695, -48.50000000000000000 ) ) ;
#2011 = DIRECTION ( 'NONE',  ( -1.000000000000000000, 4.818676322157798238E-17, 0.000000000000000000 ) ) ;
#2012 = CARTESIAN_POINT ( 'NONE',  ( -30.14999999999999858, -4.400000000000050981, 30.83229217479685147 ) ) ;
#2013 = EDGE_CURVE ( 'NONE', #329, #2430, #815, .T. ) ;
#2014 = AXIS2_PLACEMENT_3D ( 'NONE', #2710, #1432, #830 ) ;
#2015 = ORIENTED_EDGE ( 'NONE', *, *, #386, .T. ) ;
#2016 = ORIENTED_EDGE ( 'NONE', *, *, #991, .F. ) ;
#2017 = DIRECTION ( 'NONE',  ( 0.000000000000000000, 0.000000000000000000, 1.000000000000000000 ) ) ;
#2018 = ORIENTED_EDGE ( 'NONE', *, *, #1904, .T. ) ;
#2019 = CARTESIAN_POINT ( 'NONE',  ( -28.50000000000000000, -18.00000000000000355, -48.50000000000000000 ) ) ;
#2020 = EDGE_CURVE ( 'NONE', #92, #1301, #1441, .T. ) ;
#2021 = DIRECTION ( 'NONE',  ( 0.000000000000000000, -0.000000000000000000, 1.000000000000000000 ) ) ;
#2022 = LINE ( 'NONE', #2610, #873 ) ;
#2023 = SURFACE_STYLE_FILL_AREA ( #1392 ) ;
#2024 = AXIS2_PLACEMENT_3D ( 'NONE', #1659, #2032, #1837 ) ;
#2025 = FACE_OUTER_BOUND ( 'NONE', #1881, .T. ) ;
#2026 = DIRECTION ( 'NONE',  ( -0.000000000000000000, 1.000000000000000000, -0.000000000000000000 ) ) ;
#2027 = EDGE_LOOP ( 'NONE', ( #1120, #855, #698, #786, #1932, #110, #2055, #1202 ) ) ;
#2028 = DIRECTION ( 'NONE',  ( -0.000000000000000000, -1.000000000000000000, -0.000000000000000000 ) ) ;
#2029 = VERTEX_POINT ( 'NONE', #2084 ) ;
#2030 = CARTESIAN_POINT ( 'NONE',  ( -31.90000000000000568, -4.400000000000063416, -33.54999999999998295 ) ) ;
#2031 = CARTESIAN_POINT ( 'NONE',  ( 31.90000000000000568, -15.09999999999959286, -33.54999999999998295 ) ) ;
#2032 = DIRECTION ( 'NONE',  ( 0.000000000000000000, 1.000000000000000000, 0.000000000000000000 ) ) ;
#2033 = FACE_BOUND ( 'NONE', #243, .T. ) ;
#2034 = CYLINDRICAL_SURFACE ( 'NONE', #2727, 1.649999999999995248 ) ;
#2035 = EDGE_CURVE ( 'NONE', #1689, #1715, #47, .T. ) ;
#2036 = DIRECTION ( 'NONE',  ( -7.359432928386152326E-15, 1.000000000000000000, 0.000000000000000000 ) ) ;
#2037 = AXIS2_PLACEMENT_3D ( 'NONE', #1898, #1493, #2306 ) ;
#2038 = DIRECTION ( 'NONE',  ( -0.000000000000000000, 1.000000000000000000, -0.000000000000000000 ) ) ;
#2039 = ORIENTED_EDGE ( 'NONE', *, *, #1370, .F. ) ;
#2040 = LINE ( 'NONE', #366, #1362 ) ;
#2041 = ORIENTED_EDGE ( 'NONE', *, *, #277, .F. ) ;
#2042 = DIRECTION ( 'NONE',  ( 1.000000000000000000, 0.000000000000000000, -0.000000000000000000 ) ) ;
#2043 = EDGE_CURVE ( 'NONE', #1162, #52, #2268, .T. ) ;
#2044 = CIRCLE ( 'NONE', #846, 3.549999999999893685 ) ;
#2045 = DIRECTION ( 'NONE',  ( 7.313862828241198394E-17, -1.000000000000000000, -0.000000000000000000 ) ) ;
#2046 = VECTOR ( 'NONE', #1494, 1000.000000000000000 ) ;
#2047 = DIRECTION ( 'NONE',  ( 0.000000000000000000, 0.7071067811865430208, 0.7071067811865521247 ) ) ;
#2048 = VECTOR ( 'NONE', #1420, 1000.000000000000000 ) ;
#2049 = DIRECTION ( 'NONE',  ( 0.000000000000000000, 0.000000000000000000, 1.000000000000000000 ) ) ;
#2050 = CIRCLE ( 'NONE', #370, 3.550000000000080647 ) ;
#2051 = DIRECTION ( 'NONE',  ( -0.000000000000000000, 1.000000000000000000, -0.000000000000000000 ) ) ;
#2052 = LINE ( 'NONE', #2666, #1801 ) ;
#2053 = EDGE_CURVE ( 'NONE', #1149, #126, #2333, .T. ) ;
#2054 = CARTESIAN_POINT ( 'NONE',  ( -31.90000000000000568, -20.00000000000000355, -31.89999999999998437 ) ) ;
#2055 = ORIENTED_EDGE ( 'NONE', *, *, #485, .F. ) ;
#2056 = EDGE_LOOP ( 'NONE', ( #2514, #1448, #742, #1508 ) ) ;
#2057 = CIRCLE ( 'NONE', #2195, 3.549999999999900346 ) ;
#2058 = CARTESIAN_POINT ( 'NONE',  ( -31.90000000000000568, -15.10000000000006182, -33.94999999999998863 ) ) ;
#2059 = DIRECTION ( 'NONE',  ( 0.000000000000000000, 0.000000000000000000, -1.000000000000000000 ) ) ;
#2060 = EDGE_CURVE ( 'NONE', #342, #2331, #257, .T. ) ;
#2061 = DIRECTION ( 'NONE',  ( 0.000000000000000000, 0.000000000000000000, 1.000000000000000000 ) ) ;
#2062 = CYLINDRICAL_SURFACE ( 'NONE', #762, 2.050000000000003375 ) ;
#2063 = DIRECTION ( 'NONE',  ( 0.000000000000000000, 0.000000000000000000, -1.000000000000000000 ) ) ;
#2064 = DIRECTION ( 'NONE',  ( -0.000000000000000000, -1.000000000000000000, -0.000000000000000000 ) ) ;
#2065 = EDGE_CURVE ( 'NONE', #52, #108, #807, .T. ) ;
#2066 = EDGE_LOOP ( 'NONE', ( #2452, #1895, #2322, #2565, #313, #2289, #2373, #1188 ) ) ;
#2067 = AXIS2_PLACEMENT_3D ( 'NONE', #1741, #437, #2587 ) ;
#2068 = EDGE_CURVE ( 'NONE', #1071, #33, #1731, .T. ) ;
#2069 = CYLINDRICAL_SURFACE ( 'NONE', #1706, 1.649999999999998579 ) ;
#2070 = ORIENTED_EDGE ( 'NONE', *, *, #425, .T. ) ;
#2071 = CIRCLE ( 'NONE', #2597, 2.050000000000003375 ) ;
#2072 = DIRECTION ( 'NONE',  ( -1.000000000000000000, -7.313862828241198394E-17, 0.000000000000000000 ) ) ;
#2073 = DIRECTION ( 'NONE',  ( -1.000000000000000000, 3.469446951953828759E-15, 0.000000000000000000 ) ) ;
#2074 = DIRECTION ( 'NONE',  ( -1.000000000000000000, -1.217349807703022609E-16, -0.000000000000000000 ) ) ;
#2075 = DIRECTION ( 'NONE',  ( -1.000000000000000000, -3.242473786872537293E-16, 0.000000000000000000 ) ) ;
#2076 = FACE_OUTER_BOUND ( 'NONE', #1164, .T. ) ;
#2077 = EDGE_CURVE ( 'NONE', #867, #233, #688, .T. ) ;
#2078 = VERTEX_POINT ( 'NONE', #852 ) ;
#2079 = AXIS2_PLACEMENT_3D ( 'NONE', #671, #2364, #1307 ) ;
#2080 = ORIENTED_EDGE ( 'NONE', *, *, #2476, .F. ) ;
#2081 = EDGE_CURVE ( 'NONE', #938, #714, #1525, .T. ) ;
#2082 = ORIENTED_EDGE ( 'NONE', *, *, #1975, .T. ) ;
#2083 = CARTESIAN_POINT ( 'NONE',  ( -31.90000000000000568, -1.900000000000009237, -30.24999999999998579 ) ) ;
#2084 = CARTESIAN_POINT ( 'NONE',  ( 28.50000000000000000, -4.400000000000030553, -48.50000000000000000 ) ) ;
#2085 = VERTEX_POINT ( 'NONE', #1899 ) ;
#2086 = VECTOR ( 'NONE', #2674, 1000.000000000000000 ) ;
#2087 = CARTESIAN_POINT ( 'NONE',  ( -30.14999999999999858, -4.400000000000050981, -48.50000000000000000 ) ) ;
#2088 = CARTESIAN_POINT ( 'NONE',  ( 28.50000000000000000, -1.500000000000000888, 48.50000000000000000 ) ) ;
#2089 = DIRECTION ( 'NONE',  ( 0.000000000000000000, 1.000000000000000000, 0.000000000000000000 ) ) ;
#2090 = AXIS2_PLACEMENT_3D ( 'NONE', #660, #886, #1498 ) ;
#2091 = VECTOR ( 'NONE', #2221, 1000.000000000000000 ) ;
#2092 = ORIENTED_EDGE ( 'NONE', *, *, #389, .T. ) ;
#2093 = VERTEX_POINT ( 'NONE', #39 ) ;
#2094 = ORIENTED_EDGE ( 'NONE', *, *, #816, .T. ) ;
#2095 = CARTESIAN_POINT ( 'NONE',  ( -28.50000000000000355, -4.400000000000036771, -29.79286924942944026 ) ) ;
#2096 = EDGE_CURVE ( 'NONE', #1105, #1033, #2479, .T. ) ;
#2097 = DIRECTION ( 'NONE',  ( -0.000000000000000000, 1.000000000000000000, -0.000000000000000000 ) ) ;
#2098 = ORIENTED_EDGE ( 'NONE', *, *, #425, .F. ) ;
#2099 = CARTESIAN_POINT ( 'NONE',  ( -28.50000000000000000, -1.500000000000007772, -48.50000000000000000 ) ) ;
#2100 = CARTESIAN_POINT ( 'NONE',  ( -28.50000000000000000, -4.400000000000037659, -48.50000000000000000 ) ) ;
#2101 = CARTESIAN_POINT ( 'NONE',  ( -31.90000000000000568, -20.00000000000000355, 31.89999999999998437 ) ) ;
#2102 = ORIENTED_EDGE ( 'NONE', *, *, #528, .F. ) ;
#2103 = DIRECTION ( 'NONE',  ( 0.000000000000000000, -1.000000000000000000, 0.000000000000000000 ) ) ;
#2104 = ORIENTED_EDGE ( 'NONE', *, *, #1356, .T. ) ;
#2105 = EDGE_CURVE ( 'NONE', #2093, #2388, #2695, .T. ) ;
#2106 = ORIENTED_EDGE ( 'NONE', *, *, #322, .F. ) ;
#2107 = AXIS2_PLACEMENT_3D ( 'NONE', #891, #1696, #202 ) ;
#2108 = CARTESIAN_POINT ( 'NONE',  ( -31.90000000000000568, -4.400000000000064304, 31.89999999999998437 ) ) ;
#2109 = CARTESIAN_POINT ( 'NONE',  ( 36.00000000000001421, -20.00000000000000711, -48.50000000000000000 ) ) ;
#2110 = AXIS2_PLACEMENT_3D ( 'NONE', #2577, #2264, #166 ) ;
#2111 = CARTESIAN_POINT ( 'NONE',  ( 31.90000000000000568, -20.00000000000000711, 31.89999999999998437 ) ) ;
#2112 = DIRECTION ( 'NONE',  ( -0.000000000000000000, -1.000000000000000000, -0.000000000000000000 ) ) ;
#2113 = EDGE_CURVE ( 'NONE', #1004, #926, #2365, .T. ) ;
#2114 = CARTESIAN_POINT ( 'NONE',  ( 31.90000000000000568, -1.900000000000089173, -31.89999999999998437 ) ) ;
#2115 = ORIENTED_EDGE ( 'NONE', *, *, #328, .T. ) ;
#2116 = DIRECTION ( 'NONE',  ( -0.000000000000000000, -1.000000000000000000, -0.000000000000000000 ) ) ;
#2117 = CARTESIAN_POINT ( 'NONE',  ( -28.49999999999999645, -15.10000000000003695, -48.50000000000000000 ) ) ;
#2118 = VERTEX_POINT ( 'NONE', #1918 ) ;
#2119 = AXIS2_PLACEMENT_3D ( 'NONE', #2108, #404, #1929 ) ;
#2120 = VERTEX_POINT ( 'NONE', #1930 ) ;
#2121 = CARTESIAN_POINT ( 'NONE',  ( 36.00000000000002132, 0.000000000000000000, -48.50000000000000000 ) ) ;
#2122 = CARTESIAN_POINT ( 'NONE',  ( 31.90000000000000568, -15.09999999999959286, -33.94999999999998863 ) ) ;
#2123 = EDGE_CURVE ( 'NONE', #996, #1695, #883, .T. ) ;
#2124 = CIRCLE ( 'NONE', #1996, 2.049999999999999822 ) ;
#2125 = ORIENTED_EDGE ( 'NONE', *, *, #88, .T. ) ;
#2126 = ORIENTED_EDGE ( 'NONE', *, *, #2035, .T. ) ;
#2127 = DIRECTION ( 'NONE',  ( 7.885106708985495542E-15, -1.000000000000000000, 0.000000000000000000 ) ) ;
#2128 = DIRECTION ( 'NONE',  ( -0.000000000000000000, -1.000000000000000000, -0.000000000000000000 ) ) ;
#2129 = AXIS2_PLACEMENT_3D ( 'NONE', #2188, #490, #1542 ) ;
#2130 = CARTESIAN_POINT ( 'NONE',  ( -28.49999999999999289, -26.41370849898487094, 34.00713075057049650 ) ) ;
#2131 = AXIS2_PLACEMENT_3D ( 'NONE', #210, #2537, #2369 ) ;
#2132 = EDGE_CURVE ( 'NONE', #1757, #1804, #1480, .T. ) ;
#2133 = ORIENTED_EDGE ( 'NONE', *, *, #2212, .F. ) ;
#2134 = CONICAL_SURFACE ( 'NONE', #622, 1.649999999999995248, 0.7853981633974482790 ) ;
#2135 = DIRECTION ( 'NONE',  ( 0.000000000000000000, 0.000000000000000000, 1.000000000000000000 ) ) ;
#2136 = ORIENTED_EDGE ( 'NONE', *, *, #2081, .F. ) ;
#2137 = VERTEX_POINT ( 'NONE', #427 ) ;
#2138 = EDGE_LOOP ( 'NONE', ( #1582, #2715, #1529, #2016 ) ) ;
#2139 = LINE ( 'NONE', #1108, #356 ) ;
#2140 = DIRECTION ( 'NONE',  ( -7.359432928386152326E-15, 1.000000000000000000, 0.000000000000000000 ) ) ;
#2141 = FACE_OUTER_BOUND ( 'NONE', #516, .T. ) ;
#2142 = VERTEX_POINT ( 'NONE', #1714 ) ;
#2143 = CONICAL_SURFACE ( 'NONE', #238, 3.549999999999942091, 0.7853981633974466137 ) ;
#2144 = VERTEX_POINT ( 'NONE', #2347 ) ;
#2145 = EDGE_CURVE ( 'NONE', #52, #2093, #441, .T. ) ;
#2146 = CARTESIAN_POINT ( 'NONE',  ( 28.50000000000000355, -15.10000000000002984, -48.50000000000000000 ) ) ;
#2147 = CARTESIAN_POINT ( 'NONE',  ( 31.90000000000000568, -15.09999999999959286, -31.89999999999998437 ) ) ;
#2148 = CARTESIAN_POINT ( 'NONE',  ( -31.90000000000000568, -15.10000000000006359, 30.24999999999998579 ) ) ;
#2149 = EDGE_LOOP ( 'NONE', ( #2215, #2382, #1083, #285 ) ) ;
#2150 = EDGE_CURVE ( 'NONE', #342, #1306, #673, .T. ) ;
#2151 = CARTESIAN_POINT ( 'NONE',  ( -30.14999999999999858, -4.400000000000050981, -48.50000000000000000 ) ) ;
#2152 = EDGE_LOOP ( 'NONE', ( #638, #2092, #1673, #2574 ) ) ;
#2153 = VERTEX_POINT ( 'NONE', #2122 ) ;
#2154 = EDGE_CURVE ( 'NONE', #2029, #1149, #2319, .T. ) ;
#2155 = ORIENTED_EDGE ( 'NONE', *, *, #1209, .F. ) ;
#2156 = VECTOR ( 'NONE', #121, 1000.000000000000000 ) ;
#2157 = DIRECTION ( 'NONE',  ( -4.818676322157798854E-17, -1.000000000000000000, 0.000000000000000000 ) ) ;
#2158 = DIRECTION ( 'NONE',  ( 0.000000000000000000, 0.000000000000000000, 1.000000000000000000 ) ) ;
#2159 = EDGE_LOOP ( 'NONE', ( #1872, #312, #965, #268, #1242, #2160, #2316, #2453 ) ) ;
#2160 = ORIENTED_EDGE ( 'NONE', *, *, #2501, .F. ) ;
#2161 = DIRECTION ( 'NONE',  ( -1.000000000000000000, -7.615859162824993749E-15, 0.000000000000000000 ) ) ;
#2162 = DIRECTION ( 'NONE',  ( 7.313862828241198394E-17, -1.000000000000000000, -0.000000000000000000 ) ) ;
#2163 = CARTESIAN_POINT ( 'NONE',  ( 28.50000000000000711, -17.99999999999999645, -48.50000000000000000 ) ) ;
#2164 = EDGE_CURVE ( 'NONE', #1325, #2724, #271, .T. ) ;
#2165 = ORIENTED_EDGE ( 'NONE', *, *, #2404, .F. ) ;
#2166 = VECTOR ( 'NONE', #258, 1000.000000000000000 ) ;
#2167 = ORIENTED_EDGE ( 'NONE', *, *, #859, .F. ) ;
#2168 = ORIENTED_EDGE ( 'NONE', *, *, #1749, .T. ) ;
#2169 = ORIENTED_EDGE ( 'NONE', *, *, #730, .F. ) ;
#2170 = FACE_BOUND ( 'NONE', #2377, .T. ) ;
#2171 = VECTOR ( 'NONE', #1275, 1000.000000000000000 ) ;
#2172 = DIRECTION ( 'NONE',  ( 7.885106708985495542E-15, -1.000000000000000000, 0.000000000000000000 ) ) ;
#2173 = EDGE_CURVE ( 'NONE', #1608, #2350, #1510, .T. ) ;
#2174 = VERTEX_POINT ( 'NONE', #2533 ) ;
#2175 = VERTEX_POINT ( 'NONE', #1109 ) ;
#2176 = LINE ( 'NONE', #275, #19 ) ;
#2177 = CARTESIAN_POINT ( 'NONE',  ( 28.50000000000000000, -2.499999999999995559, -48.50000000000000000 ) ) ;
#2178 = AXIS2_PLACEMENT_3D ( 'NONE', #2686, #591, #1243 ) ;
#2179 = DIRECTION ( 'NONE',  ( 1.577021341797098990E-15, 1.000000000000000000, -0.000000000000000000 ) ) ;
#2180 = CARTESIAN_POINT ( 'NONE',  ( 0.000000000000000000, 0.000000000000000000, 50.14999999999999858 ) ) ;
#2181 = VECTOR ( 'NONE', #1365, 1000.000000000000000 ) ;
#2182 = VECTOR ( 'NONE', #393, 1000.000000000000000 ) ;
#2183 = ADVANCED_FACE ( 'NONE', ( #1960 ), #1127, .F. ) ;
#2184 = ORIENTED_EDGE ( 'NONE', *, *, #1332, .T. ) ;
#2185 = EDGE_LOOP ( 'NONE', ( #6, #16 ) ) ;
#2186 = ORIENTED_EDGE ( 'NONE', *, *, #485, .T. ) ;
#2187 = DIRECTION ( 'NONE',  ( -1.000000000000000000, -7.313862828241198394E-17, 0.000000000000000000 ) ) ;
#2188 = CARTESIAN_POINT ( 'NONE',  ( -31.90000000000000568, -20.00000000000000355, -31.89999999999998437 ) ) ;
#2189 = CARTESIAN_POINT ( 'NONE',  ( 31.90000000000000568, -20.00000000000000711, -31.89999999999998437 ) ) ;
#2190 = ORIENTED_EDGE ( 'NONE', *, *, #2275, .T. ) ;
#2191 = ORIENTED_EDGE ( 'NONE', *, *, #1131, .F. ) ;
#2192 = EDGE_CURVE ( 'NONE', #756, #191, #2394, .T. ) ;
#2193 = DIRECTION ( 'NONE',  ( 7.313862828241198394E-17, -1.000000000000000000, -0.000000000000000000 ) ) ;
#2194 = CARTESIAN_POINT ( 'NONE',  ( 31.90000000000000568, -20.89827560572929599, -31.89999999999998437 ) ) ;
#2195 = AXIS2_PLACEMENT_3D ( 'NONE', #526, #2223, #295 ) ;
#2196 = DIRECTION ( 'NONE',  ( -1.000000000000000000, -7.359432928386475759E-15, 0.000000000000000000 ) ) ;
#2197 = FACE_OUTER_BOUND ( 'NONE', #1102, .T. ) ;
#2198 = APPLICATION_PROTOCOL_DEFINITION ( 'draft international standard', 'automotive_design', 1998, #232 ) ;
#2199 = EDGE_LOOP ( 'NONE', ( #1387, #1249, #744, #2631, #2002, #327, #623, #1771 ) ) ;
#2200 = ORIENTED_EDGE ( 'NONE', *, *, #2035, .F. ) ;
#2201 = ORIENTED_EDGE ( 'NONE', *, *, #227, .F. ) ;
#2202 = CARTESIAN_POINT ( 'NONE',  ( -30.15000000000006608, -15.10000000000004938, 30.83229217479674489 ) ) ;
#2203 = ORIENTED_EDGE ( 'NONE', *, *, #794, .F. ) ;
#2204 = EDGE_CURVE ( 'NONE', #1215, #885, #1338, .T. ) ;
#2205 = DIRECTION ( 'NONE',  ( -0.000000000000000000, 1.000000000000000000, -0.000000000000000000 ) ) ;
#2206 = CARTESIAN_POINT ( 'NONE',  ( 28.50000000000000355, -17.00000000000005684, -48.50000000000000000 ) ) ;
#2207 = CIRCLE ( 'NONE', #1579, 3.549999999999900346 ) ;
#2208 = VECTOR ( 'NONE', #549, 1000.000000000000000 ) ;
#2209 = FACE_OUTER_BOUND ( 'NONE', #78, .T. ) ;
#2210 = CARTESIAN_POINT ( 'NONE',  ( -28.49999999999999645, -15.10000000000003695, -29.79286924942945447 ) ) ;
#2211 = AXIS2_PLACEMENT_3D ( 'NONE', #1907, #2387, #711 ) ;
#2212 = EDGE_CURVE ( 'NONE', #774, #631, #56, .T. ) ;
#2213 = ORIENTED_EDGE ( 'NONE', *, *, #1539, .F. ) ;
#2214 = ORIENTED_EDGE ( 'NONE', *, *, #375, .T. ) ;
#2215 = ORIENTED_EDGE ( 'NONE', *, *, #521, .T. ) ;
#2216 = FACE_OUTER_BOUND ( 'NONE', #1941, .T. ) ;
#2217 = LINE ( 'NONE', #354, #718 ) ;
#2218 = CARTESIAN_POINT ( 'NONE',  ( -31.90000000000000568, -4.400000000000064304, -31.89999999999998437 ) ) ;
#2219 = LINE ( 'NONE', #1169, #2208 ) ;
#2220 = ADVANCED_FACE ( 'NONE', ( #2285 ), #1724, .F. ) ;
#2221 = DIRECTION ( 'NONE',  ( 0.000000000000000000, 0.000000000000000000, 1.000000000000000000 ) ) ;
#2222 = CIRCLE ( 'NONE', #1160, 2.050000000000003375 ) ;
#2223 = DIRECTION ( 'NONE',  ( 4.818676322157798854E-17, 1.000000000000000000, -0.000000000000000000 ) ) ;
#2224 = CIRCLE ( 'NONE', #1501, 1.649999999999998579 ) ;
#2225 = ADVANCED_FACE ( 'NONE', ( #1639 ), #383, .F. ) ;
#2226 = EDGE_LOOP ( 'NONE', ( #2330, #2094, #2098, #2169 ) ) ;
#2227 = VECTOR ( 'NONE', #1011, 1000.000000000000000 ) ;
#2228 = ORIENTED_EDGE ( 'NONE', *, *, #1221, .F. ) ;
#2229 = DIRECTION ( 'NONE',  ( 7.885106708985495542E-15, -1.000000000000000000, 0.000000000000000000 ) ) ;
#2230 = VECTOR ( 'NONE', #871, 1000.000000000000000 ) ;
#2231 = CARTESIAN_POINT ( 'NONE',  ( 30.14999999999999858, -2.499999999999998224, 50.14999999999999858 ) ) ;
#2232 = LINE ( 'NONE', #1545, #1399 ) ;
#2233 = CARTESIAN_POINT ( 'NONE',  ( 36.00000000000001421, -20.00000000000000711, -48.50000000000000000 ) ) ;
#2234 = CIRCLE ( 'NONE', #1869, 2.050000000000003375 ) ;
#2235 = EDGE_CURVE ( 'NONE', #530, #342, #147, .T. ) ;
#2236 = FACE_BOUND ( 'NONE', #832, .T. ) ;
#2237 = EDGE_CURVE ( 'NONE', #2350, #1835, #1026, .T. ) ;
#2238 = FACE_OUTER_BOUND ( 'NONE', #2733, .T. ) ;
#2239 = VECTOR ( 'NONE', #2011, 1000.000000000000000 ) ;
#2240 = VERTEX_POINT ( 'NONE', #1431 ) ;
#2241 = DIRECTION ( 'NONE',  ( 0.000000000000000000, 1.000000000000000000, 0.000000000000000000 ) ) ;
#2242 = EDGE_LOOP ( 'NONE', ( #453, #783, #2228, #2080, #2475, #2321, #569, #2529 ) ) ;
#2243 = LINE ( 'NONE', #345, #765 ) ;
#2244 = EDGE_CURVE ( 'NONE', #314, #2381, #805, .T. ) ;
#2245 = CARTESIAN_POINT ( 'NONE',  ( 0.000000000000000000, 0.000000000000000000, 48.50000000000000000 ) ) ;
#2246 = DIRECTION ( 'NONE',  ( -0.000000000000000000, 0.000000000000000000, -1.000000000000000000 ) ) ;
#2247 = PLANE ( 'NONE',  #2414 ) ;
#2248 = EDGE_CURVE ( 'NONE', #1094, #2439, #1211, .T. ) ;
#2249 = VECTOR ( 'NONE', #1007, 1000.000000000000000 ) ;
#2250 = ORIENTED_EDGE ( 'NONE', *, *, #1844, .F. ) ;
#2251 = DIRECTION ( 'NONE',  ( 0.000000000000000000, 0.000000000000000000, 1.000000000000000000 ) ) ;
#2252 = ORIENTED_EDGE ( 'NONE', *, *, #2635, .T. ) ;
#2253 = DIRECTION ( 'NONE',  ( 7.885106708985495542E-15, -1.000000000000000000, 0.000000000000000000 ) ) ;
#2254 = DIRECTION ( 'NONE',  ( -0.000000000000000000, 1.000000000000000000, -0.000000000000000000 ) ) ;
#2255 = CARTESIAN_POINT ( 'NONE',  ( -31.90000000000000568, -4.400000000000064304, 31.89999999999998437 ) ) ;
#2256 = ADVANCED_FACE ( 'NONE', ( #2258 ), #360, .F. ) ;
#2257 = CARTESIAN_POINT ( 'NONE',  ( 31.90000000000000568, -20.00000000000000711, 35.44999999999988205 ) ) ;
#2258 = FACE_OUTER_BOUND ( 'NONE', #686, .T. ) ;
#2259 = DIRECTION ( 'NONE',  ( 0.000000000000000000, 0.000000000000000000, 1.000000000000000000 ) ) ;
#2260 = AXIS2_PLACEMENT_3D ( 'NONE', #1959, #1141, #2632 ) ;
#2261 = DIRECTION ( 'NONE',  ( 1.000000000000000000, 3.242473786872537293E-16, -0.000000000000000000 ) ) ;
#2262 = VECTOR ( 'NONE', #1565, 999.9999999999998863 ) ;
#2263 = ORIENTED_EDGE ( 'NONE', *, *, #1157, .T. ) ;
#2264 = DIRECTION ( 'NONE',  ( 0.000000000000000000, 1.000000000000000000, 0.000000000000000000 ) ) ;
#2265 = ORIENTED_EDGE ( 'NONE', *, *, #932, .F. ) ;
#2266 = PRODUCT_DEFINITION_SHAPE ( 'NONE', 'NONE',  #2540 ) ;
#2267 = DIRECTION ( 'NONE',  ( 1.000000000000000000, 7.806255641895652435E-15, 0.000000000000000000 ) ) ;
#2268 = CIRCLE ( 'NONE', #499, 2.050000000000003375 ) ;
#2269 = LINE ( 'NONE', #1613, #2447 ) ;
#2270 = AXIS2_PLACEMENT_3D ( 'NONE', #1642, #409, #1892 ) ;
#2271 = EDGE_CURVE ( 'NONE', #2694, #108, #1232, .T. ) ;
#2272 = CARTESIAN_POINT ( 'NONE',  ( 31.90000000000000568, -15.09999999999959286, -31.89999999999998437 ) ) ;
#2273 = AXIS2_PLACEMENT_3D ( 'NONE', #1354, #1992, #86 ) ;
#2274 = FACE_OUTER_BOUND ( 'NONE', #715, .T. ) ;
#2275 = EDGE_CURVE ( 'NONE', #1476, #1561, #1222, .T. ) ;
#2276 = ORIENTED_EDGE ( 'NONE', *, *, #1740, .F. ) ;
#2277 = AXIS2_PLACEMENT_3D ( 'NONE', #161, #1890, #2525 ) ;
#2278 = DIRECTION ( 'NONE',  ( -0.000000000000000000, 1.000000000000000000, -0.000000000000000000 ) ) ;
#2279 = ORIENTED_EDGE ( 'NONE', *, *, #1558, .T. ) ;
#2280 = AXIS2_PLACEMENT_3D ( 'NONE', #1197, #130, #561 ) ;
#2281 = LINE ( 'NONE', #156, #1277 ) ;
#2282 = DIRECTION ( 'NONE',  ( 0.000000000000000000, 0.000000000000000000, 1.000000000000000000 ) ) ;
#2283 = EDGE_CURVE ( 'NONE', #155, #938, #1557, .T. ) ;
#2284 = DIRECTION ( 'NONE',  ( -7.359432928386152326E-15, 1.000000000000000000, 0.000000000000000000 ) ) ;
#2285 = FACE_OUTER_BOUND ( 'NONE', #59, .T. ) ;
#2286 = CARTESIAN_POINT ( 'NONE',  ( -31.90000000000000568, -1.900000000000009237, 31.89999999999998437 ) ) ;
#2287 = CIRCLE ( 'NONE', #229, 3.999999999999989786 ) ;
#2288 = EDGE_CURVE ( 'NONE', #1893, #1608, #396, .T. ) ;
#2289 = ORIENTED_EDGE ( 'NONE', *, *, #212, .T. ) ;
#2290 = VECTOR ( 'NONE', #2103, 1000.000000000000000 ) ;
#2291 = AXIS2_PLACEMENT_3D ( 'NONE', #1976, #884, #1155 ) ;
#2292 = CARTESIAN_POINT ( 'NONE',  ( 31.90000000000000568, -4.399999999999561595, -31.89999999999998437 ) ) ;
#2293 = ORIENTED_EDGE ( 'NONE', *, *, #831, .T. ) ;
#2294 = AXIS2_PLACEMENT_3D ( 'NONE', #231, #648, #1693 ) ;
#2295 = CARTESIAN_POINT ( 'NONE',  ( -28.50000000000000000, -1.500000000000007772, -48.50000000000000000 ) ) ;
#2296 = CARTESIAN_POINT ( 'NONE',  ( 4.599645580241446375E-15, -2.499999999999950262, 48.50000000000000000 ) ) ;
#2297 = VERTEX_POINT ( 'NONE', #1244 ) ;
#2298 = ADVANCED_FACE ( 'NONE', ( #592 ), #619, .F. ) ;
#2299 = LINE ( 'NONE', #2087, #603 ) ;
#2300 = CARTESIAN_POINT ( 'NONE',  ( 28.50000000000000000, -4.400000000000030553, -48.50000000000000000 ) ) ;
#2301 = CARTESIAN_POINT ( 'NONE',  ( 31.90000000000000568, -18.10000000000009379, -33.54999999999998295 ) ) ;
#2302 = ORIENTED_EDGE ( 'NONE', *, *, #386, .F. ) ;
#2303 = EDGE_CURVE ( 'NONE', #2430, #880, #2616, .T. ) ;
#2304 = ORIENTED_EDGE ( 'NONE', *, *, #44, .T. ) ;
#2305 = VECTOR ( 'NONE', #1062, 1000.000000000000000 ) ;
#2306 = DIRECTION ( 'NONE',  ( 0.000000000000000000, 0.000000000000000000, 1.000000000000000000 ) ) ;
#2307 = CARTESIAN_POINT ( 'NONE',  ( 31.90000000000000568, -20.89827560572929599, -29.84999999999998366 ) ) ;
#2308 = VECTOR ( 'NONE', #1390, 999.9999999999998863 ) ;
#2309 = VECTOR ( 'NONE', #2047, 1000.000000000000000 ) ;
#2310 = DIRECTION ( 'NONE',  ( -0.000000000000000000, 1.000000000000000000, -0.000000000000000000 ) ) ;
#2311 = DIRECTION ( 'NONE',  ( 1.000000000000000000, 3.242473786872537293E-16, -0.000000000000000000 ) ) ;
#2312 = CYLINDRICAL_SURFACE ( 'NONE', #1428, 1.649999999999995248 ) ;
#2313 = AXIS2_PLACEMENT_3D ( 'NONE', #2552, #1268, #1903 ) ;
#2314 = DIRECTION ( 'NONE',  ( 0.000000000000000000, 1.000000000000000000, 0.000000000000000000 ) ) ;
#2315 = EDGE_CURVE ( 'NONE', #1946, #1301, #2510, .T. ) ;
#2316 = ORIENTED_EDGE ( 'NONE', *, *, #2150, .F. ) ;
#2317 = VERTEX_POINT ( 'NONE', #2088 ) ;
#2318 = LINE ( 'NONE', #459, #978 ) ;
#2319 = LINE ( 'NONE', #208, #2440 ) ;
#2320 = EDGE_CURVE ( 'NONE', #996, #2175, #1778, .T. ) ;
#2321 = ORIENTED_EDGE ( 'NONE', *, *, #2303, .F. ) ;
#2322 = ORIENTED_EDGE ( 'NONE', *, *, #254, .T. ) ;
#2323 = PLANE ( 'NONE',  #1592 ) ;
#2324 = CARTESIAN_POINT ( 'NONE',  ( -31.90000000000000568, -20.00000000000000711, -33.54999999999998295 ) ) ;
#2325 = CARTESIAN_POINT ( 'NONE',  ( -28.50000000000000000, -4.400000000000037659, -48.50000000000000000 ) ) ;
#2326 = DIRECTION ( 'NONE',  ( -1.000000000000000000, -7.313862828241198394E-17, 0.000000000000000000 ) ) ;
#2327 = ORIENTED_EDGE ( 'NONE', *, *, #2531, .F. ) ;
#2328 = FACE_OUTER_BOUND ( 'NONE', #1477, .T. ) ;
#2329 = EDGE_CURVE ( 'NONE', #350, #112, #901, .T. ) ;
#2330 = ORIENTED_EDGE ( 'NONE', *, *, #1373, .F. ) ;
#2331 = VERTEX_POINT ( 'NONE', #2709 ) ;
#2332 = DIRECTION ( 'NONE',  ( 8.659560562354989558E-17, 0.7071067811865430208, -0.7071067811865521247 ) ) ;
#2333 = LINE ( 'NONE', #1059, #1864 ) ;
#2334 = ORIENTED_EDGE ( 'NONE', *, *, #1036, .F. ) ;
#2335 = CYLINDRICAL_SURFACE ( 'NONE', #2634, 3.999999999999989786 ) ;
#2336 = EDGE_CURVE ( 'NONE', #1423, #1305, #829, .T. ) ;
#2337 = DIRECTION ( 'NONE',  ( 0.000000000000000000, 0.000000000000000000, 1.000000000000000000 ) ) ;
#2338 = DIRECTION ( 'NONE',  ( 7.885106708985495542E-15, -1.000000000000000000, 0.000000000000000000 ) ) ;
#2339 = CARTESIAN_POINT ( 'NONE',  ( 31.90000000000000568, -18.10000000000009379, -30.24999999999998934 ) ) ;
#2340 = ORIENTED_EDGE ( 'NONE', *, *, #803, .F. ) ;
#2341 =( NAMED_UNIT ( * ) PLANE_ANGLE_UNIT ( ) SI_UNIT ( $, .RADIAN. ) );
#2342 = VERTEX_POINT ( 'NONE', #407 ) ;
#2343 = AXIS2_PLACEMENT_3D ( 'NONE', #1010, #168, #588 ) ;
#2344 = EDGE_CURVE ( 'NONE', #1650, #530, #1380, .T. ) ;
#2345 = EDGE_LOOP ( 'NONE', ( #1057, #219, #1304, #2630, #206, #2489, #827, #1311, #67, #1726, #2535, #2465, #2389, #1020, #833, #1610, #1163, #1462, #2368, #2478, #2133, #782, #1467, #1926 ) ) ;
#2346 = FACE_BOUND ( 'NONE', #2582, .T. ) ;
#2347 = CARTESIAN_POINT ( 'NONE',  ( -31.90000000000000568, -4.966112860375774708E-15, -28.34999999999995524 ) ) ;
#2348 = VECTOR ( 'NONE', #2468, 1000.000000000000000 ) ;
#2349 = ORIENTED_EDGE ( 'NONE', *, *, #678, .T. ) ;
#2350 = VERTEX_POINT ( 'NONE', #1691 ) ;
#2351 = CARTESIAN_POINT ( 'NONE',  ( 31.90000000000000568, -4.399999999999561595, 31.89999999999998437 ) ) ;
#2352 = CARTESIAN_POINT ( 'NONE',  ( -31.90000000000000568, -15.10000000000006182, 31.89999999999998437 ) ) ;
#2353 = DIRECTION ( 'NONE',  ( -0.000000000000000000, 1.000000000000000000, -0.000000000000000000 ) ) ;
#2354 = EDGE_CURVE ( 'NONE', #885, #2118, #2357, .T. ) ;
#2355 = VECTOR ( 'NONE', #1264, 1000.000000000000000 ) ;
#2356 = CARTESIAN_POINT ( 'NONE',  ( 31.90000000000000568, -15.09999999999959286, 33.94999999999998863 ) ) ;
#2357 = CIRCLE ( 'NONE', #1956, 3.549999999999942091 ) ;
#2358 = EDGE_CURVE ( 'NONE', #136, #2137, #1129, .T. ) ;
#2359 = EDGE_LOOP ( 'NONE', ( #1962, #2376, #1285, #2590 ) ) ;
#2360 = VECTOR ( 'NONE', #2554, 1000.000000000000000 ) ;
#2361 = ORIENTED_EDGE ( 'NONE', *, *, #2237, .T. ) ;
#2362 = VERTEX_POINT ( 'NONE', #1719 ) ;
#2363 = ORIENTED_EDGE ( 'NONE', *, *, #1284, .F. ) ;
#2364 = DIRECTION ( 'NONE',  ( 7.359432928386152326E-15, -1.000000000000000000, -0.000000000000000000 ) ) ;
#2365 = LINE ( 'NONE', #641, #2046 ) ;
#2366 = LINE ( 'NONE', #462, #2166 ) ;
#2367 = AXIS2_PLACEMENT_3D ( 'NONE', #1259, #1002, #1418 ) ;
#2368 = ORIENTED_EDGE ( 'NONE', *, *, #1694, .F. ) ;
#2369 = DIRECTION ( 'NONE',  ( -1.000000000000000000, -7.359432928386475759E-15, 0.000000000000000000 ) ) ;
#2370 = EDGE_CURVE ( 'NONE', #36, #1791, #198, .T. ) ;
#2371 = DIRECTION ( 'NONE',  ( -1.000000000000000000, -3.242473786872537293E-16, 0.000000000000000000 ) ) ;
#2372 = LINE ( 'NONE', #2163, #1885 ) ;
#2373 = ORIENTED_EDGE ( 'NONE', *, *, #771, .F. ) ;
#2374 = EDGE_CURVE ( 'NONE', #2029, #2516, #1676, .T. ) ;
#2375 = ORIENTED_EDGE ( 'NONE', *, *, #2132, .F. ) ;
#2376 = ORIENTED_EDGE ( 'NONE', *, *, #311, .F. ) ;
#2377 = EDGE_LOOP ( 'NONE', ( #2070, #1179 ) ) ;
#2378 = CIRCLE ( 'NONE', #2280, 1.649999999999998579 ) ;
#2379 = LINE ( 'NONE', #927, #1547 ) ;
#2380 = DIRECTION ( 'NONE',  ( -7.359432928386152326E-15, 1.000000000000000000, 0.000000000000000000 ) ) ;
#2381 = VERTEX_POINT ( 'NONE', #12 ) ;
#2382 = ORIENTED_EDGE ( 'NONE', *, *, #1426, .T. ) ;
#2383 = CARTESIAN_POINT ( 'NONE',  ( 30.14999999999999858, 0.000000000000000000, 50.14999999999999858 ) ) ;
#2384 = VECTOR ( 'NONE', #2539, 1000.000000000000000 ) ;
#2385 = FACE_OUTER_BOUND ( 'NONE', #1490, .T. ) ;
#2386 = EDGE_CURVE ( 'NONE', #880, #28, #282, .T. ) ;
#2387 = DIRECTION ( 'NONE',  ( -7.359432928386152326E-15, 1.000000000000000000, 0.000000000000000000 ) ) ;
#2388 = VERTEX_POINT ( 'NONE', #447 ) ;
#2389 = ORIENTED_EDGE ( 'NONE', *, *, #294, .T. ) ;
#2390 = ADVANCED_FACE ( 'NONE', ( #2524 ), #1934, .F. ) ;
#2391 = ORIENTED_EDGE ( 'NONE', *, *, #380, .T. ) ;
#2392 = DIRECTION ( 'NONE',  ( -7.313862828241198394E-17, 1.000000000000000000, 0.000000000000000000 ) ) ;
#2393 = VECTOR ( 'NONE', #1943, 1000.000000000000000 ) ;
#2394 = LINE ( 'NONE', #704, #2403 ) ;
#2395 = ORIENTED_EDGE ( 'NONE', *, *, #1701, .T. ) ;
#2396 = VERTEX_POINT ( 'NONE', #1737 ) ;
#2397 = CARTESIAN_POINT ( 'NONE',  ( 28.50000000000000000, -4.400000000000030553, -34.00713075057053203 ) ) ;
#2398 =( NAMED_UNIT ( * ) SI_UNIT ( $, .STERADIAN. ) SOLID_ANGLE_UNIT ( ) );
#2399 = AXIS2_PLACEMENT_3D ( 'NONE', #1548, #1765, #511 ) ;
#2400 = PLANE ( 'NONE',  #843 ) ;
#2401 = PLANE ( 'NONE',  #265 ) ;
#2402 = CIRCLE ( 'NONE', #1210, 2.050000000000003375 ) ;
#2403 = VECTOR ( 'NONE', #1745, 1000.000000000000000 ) ;
#2404 = EDGE_CURVE ( 'NONE', #1552, #1931, #1326, .T. ) ;
#2405 = ORIENTED_EDGE ( 'NONE', *, *, #642, .T. ) ;
#2406 = ORIENTED_EDGE ( 'NONE', *, *, #991, .T. ) ;
#2407 = ORIENTED_EDGE ( 'NONE', *, *, #1629, .F. ) ;
#2408 =( GEOMETRIC_REPRESENTATION_CONTEXT ( 3 ) GLOBAL_UNCERTAINTY_ASSIGNED_CONTEXT ( ( #1718 ) ) GLOBAL_UNIT_ASSIGNED_CONTEXT ( ( #1810, #550, #2398 ) ) REPRESENTATION_CONTEXT ( 'NONE', 'WORKASPACE' ) );
#2409 = FACE_BOUND ( 'NONE', #477, .T. ) ;
#2410 = ORIENTED_EDGE ( 'NONE', *, *, #1558, .F. ) ;
#2411 = DIRECTION ( 'NONE',  ( 0.000000000000000000, 0.000000000000000000, -1.000000000000000000 ) ) ;
#2412 = EDGE_CURVE ( 'NONE', #1716, #1310, #541, .T. ) ;
#2413 = LINE ( 'NONE', #2008, #1250 ) ;
#2414 = AXIS2_PLACEMENT_3D ( 'NONE', #349, #2036, #132 ) ;
#2415 = DIRECTION ( 'NONE',  ( 0.000000000000000000, 0.000000000000000000, 1.000000000000000000 ) ) ;
#2416 = CARTESIAN_POINT ( 'NONE',  ( 28.50000000000000355, -15.10000000000002984, -48.50000000000000000 ) ) ;
#2417 = ORIENTED_EDGE ( 'NONE', *, *, #2623, .F. ) ;
#2418 = ORIENTED_EDGE ( 'NONE', *, *, #1401, .T. ) ;
#2419 = EDGE_CURVE ( 'NONE', #174, #2297, #945, .T. ) ;
#2420 = ORIENTED_EDGE ( 'NONE', *, *, #322, .T. ) ;
#2421 = DIRECTION ( 'NONE',  ( -0.000000000000000000, 1.000000000000000000, -0.000000000000000000 ) ) ;
#2422 = CARTESIAN_POINT ( 'NONE',  ( 31.90000000000000568, -4.399999999999561595, 33.94999999999998863 ) ) ;
#2423 = LINE ( 'NONE', #1366, #1981 ) ;
#2424 = AXIS2_PLACEMENT_3D ( 'NONE', #1085, #454, #1939 ) ;
#2425 = DIRECTION ( 'NONE',  ( 0.000000000000000000, 0.000000000000000000, 1.000000000000000000 ) ) ;
#2426 = EDGE_CURVE ( 'NONE', #2560, #976, #1600, .T. ) ;
#2427 = DIRECTION ( 'NONE',  ( 1.000000000000000000, 7.885106708985495542E-15, 0.000000000000000000 ) ) ;
#2428 = CIRCLE ( 'NONE', #2294, 3.550000000000084199 ) ;
#2429 = ORIENTED_EDGE ( 'NONE', *, *, #590, .F. ) ;
#2430 = VERTEX_POINT ( 'NONE', #1063 ) ;
#2431 = LINE ( 'NONE', #1154, #173 ) ;
#2432 = LINE ( 'NONE', #2019, #577 ) ;
#2433 = CARTESIAN_POINT ( 'NONE',  ( 31.90000000000000568, -4.399999999999561595, 29.84999999999998366 ) ) ;
#2434 = CYLINDRICAL_SURFACE ( 'NONE', #162, 2.049999999999999822 ) ;
#2435 = LINE ( 'NONE', #551, #1466 ) ;
#2436 = EDGE_CURVE ( 'NONE', #2174, #174, #2583, .T. ) ;
#2437 = CARTESIAN_POINT ( 'NONE',  ( -31.90000000000000568, -20.00000000000000711, -33.54999999999998295 ) ) ;
#2438 = EDGE_CURVE ( 'NONE', #79, #21, #2481, .T. ) ;
#2439 = VERTEX_POINT ( 'NONE', #226 ) ;
#2440 = VECTOR ( 'NONE', #1293, 1000.000000000000000 ) ;
#2441 = DIRECTION ( 'NONE',  ( 1.000000000000000000, 0.000000000000000000, -0.000000000000000000 ) ) ;
#2442 = EDGE_LOOP ( 'NONE', ( #1559, #1916, #820, #1544 ) ) ;
#2443 = DIRECTION ( 'NONE',  ( 0.000000000000000000, 0.000000000000000000, 1.000000000000000000 ) ) ;
#2444 = FACE_BOUND ( 'NONE', #1151, .T. ) ;
#2445 = DIRECTION ( 'NONE',  ( 0.000000000000000000, 0.000000000000000000, 1.000000000000000000 ) ) ;
#2446 = CARTESIAN_POINT ( 'NONE',  ( 30.14999999999999858, -2.499999999999998224, -48.50000000000000000 ) ) ;
#2447 = VECTOR ( 'NONE', #1838, 1000.000000000000000 ) ;
#2448 = DIRECTION ( 'NONE',  ( -1.000000000000000000, -7.359432928386152326E-15, 0.000000000000000000 ) ) ;
#2449 = EDGE_CURVE ( 'NONE', #1361, #1695, #1867, .T. ) ;
#2450 = DIRECTION ( 'NONE',  ( -0.000000000000000000, 1.000000000000000000, -0.000000000000000000 ) ) ;
#2451 = LINE ( 'NONE', #552, #964 ) ;
#2452 = ORIENTED_EDGE ( 'NONE', *, *, #73, .T. ) ;
#2453 = ORIENTED_EDGE ( 'NONE', *, *, #1912, .F. ) ;
#2454 = ADVANCED_FACE ( 'NONE', ( #1079 ), #49, .F. ) ;
#2455 = DIRECTION ( 'NONE',  ( 0.000000000000000000, 1.000000000000000000, 0.000000000000000000 ) ) ;
#2456 = ORIENTED_EDGE ( 'NONE', *, *, #1491, .F. ) ;
#2457 = CARTESIAN_POINT ( 'NONE',  ( -31.90000000000000568, -4.400000000000063416, -31.89999999999998437 ) ) ;
#2458 = DIRECTION ( 'NONE',  ( -0.000000000000000000, 1.000000000000000000, -0.000000000000000000 ) ) ;
#2459 = DIRECTION ( 'NONE',  ( 7.885106708985495542E-15, -1.000000000000000000, 0.000000000000000000 ) ) ;
#2460 = DIRECTION ( 'NONE',  ( -7.359432928386152326E-15, 1.000000000000000000, 0.000000000000000000 ) ) ;
#2461 = CARTESIAN_POINT ( 'NONE',  ( 30.15000000000007319, -15.10000000000004228, -48.50000000000000000 ) ) ;
#2462 = DIRECTION ( 'NONE',  ( 1.000000000000000000, 8.038962449648619589E-15, 0.000000000000000000 ) ) ;
#2463 = CARTESIAN_POINT ( 'NONE',  ( 36.00000000000002132, -1.249000902703301424E-14, 56.00000000000000000 ) ) ;
#2464 = AXIS2_PLACEMENT_3D ( 'NONE', #1337, #68, #2017 ) ;
#2465 = ORIENTED_EDGE ( 'NONE', *, *, #493, .F. ) ;
#2466 = DIRECTION ( 'NONE',  ( 0.000000000000000000, 0.000000000000000000, 1.000000000000000000 ) ) ;
#2467 = ORIENTED_EDGE ( 'NONE', *, *, #176, .T. ) ;
#2468 = DIRECTION ( 'NONE',  ( 0.000000000000000000, -1.000000000000000000, 0.000000000000000000 ) ) ;
#2469 = EDGE_CURVE ( 'NONE', #2381, #94, #431, .T. ) ;
#2470 = DIRECTION ( 'NONE',  ( 0.000000000000000000, 0.7071067811865430208, 0.7071067811865521247 ) ) ;
#2471 = CARTESIAN_POINT ( 'NONE',  ( 31.90000000000000568, -20.00000000000000711, 31.89999999999998437 ) ) ;
#2472 = DIRECTION ( 'NONE',  ( 1.000000000000000000, 0.000000000000000000, 0.000000000000000000 ) ) ;
#2473 = DIRECTION ( 'NONE',  ( 0.000000000000000000, 0.000000000000000000, -1.000000000000000000 ) ) ;
#2474 = CONICAL_SURFACE ( 'NONE', #2612, 1.649999999999998579, 0.7853981633974547183 ) ;
#2475 = ORIENTED_EDGE ( 'NONE', *, *, #1623, .T. ) ;
#2476 = EDGE_CURVE ( 'NONE', #1033, #1568, #1289, .T. ) ;
#2477 = FACE_BOUND ( 'NONE', #1567, .T. ) ;
#2478 = ORIENTED_EDGE ( 'NONE', *, *, #1005, .F. ) ;
#2479 = CIRCLE ( 'NONE', #899, 2.050000000000003375 ) ;
#2480 = CYLINDRICAL_SURFACE ( 'NONE', #2343, 2.050000000000003375 ) ;
#2481 = CIRCLE ( 'NONE', #405, 2.050000000000003375 ) ;
#2482 = CARTESIAN_POINT ( 'NONE',  ( 28.50000000000000000, -4.400000000000030553, 29.79286924942942250 ) ) ;
#2483 = AXIS2_PLACEMENT_3D ( 'NONE', #339, #2038, #529 ) ;
#2484 = EDGE_CURVE ( 'NONE', #2118, #885, #2570, .T. ) ;
#2485 = DIRECTION ( 'NONE',  ( 0.000000000000000000, 0.000000000000000000, 1.000000000000000000 ) ) ;
#2486 = VECTOR ( 'NONE', #246, 1000.000000000000000 ) ;
#2487 = CARTESIAN_POINT ( 'NONE',  ( 31.90000000000000568, -4.399999999999561595, -33.94999999999998863 ) ) ;
#2488 = DIRECTION ( 'NONE',  ( 7.313862828241198394E-17, -1.000000000000000000, -0.000000000000000000 ) ) ;
#2489 = ORIENTED_EDGE ( 'NONE', *, *, #2426, .T. ) ;
#2490 = CIRCLE ( 'NONE', #594, 1.649999999999998579 ) ;
#2491 = LINE ( 'NONE', #545, #1053 ) ;
#2492 = ORIENTED_EDGE ( 'NONE', *, *, #1891, .F. ) ;
#2493 = EDGE_CURVE ( 'NONE', #756, #1238, #1132, .T. ) ;
#2494 = CARTESIAN_POINT ( 'NONE',  ( -28.50000000000000000, -1.500000000000007772, -48.50000000000000000 ) ) ;
#2495 = LINE ( 'NONE', #372, #813 ) ;
#2496 = VERTEX_POINT ( 'NONE', #750 ) ;
#2497 = CYLINDRICAL_SURFACE ( 'NONE', #114, 1.649999999999995248 ) ;
#2498 = CARTESIAN_POINT ( 'NONE',  ( -28.50000000000000000, -1.500000000000007772, 48.50000000000000000 ) ) ;
#2499 = CARTESIAN_POINT ( 'NONE',  ( -31.90000000000000568, -20.00000000000000355, -31.89999999999998437 ) ) ;
#2500 = VERTEX_POINT ( 'NONE', #85 ) ;
#2501 = EDGE_CURVE ( 'NONE', #1306, #21, #2176, .T. ) ;
#2502 = AXIS2_PLACEMENT_3D ( 'NONE', #2245, #983, #144 ) ;
#2503 = ORIENTED_EDGE ( 'NONE', *, *, #2511, .F. ) ;
#2504 = VECTOR ( 'NONE', #2135, 1000.000000000000000 ) ;
#2505 = ORIENTED_EDGE ( 'NONE', *, *, #2449, .T. ) ;
#2506 = EDGE_LOOP ( 'NONE', ( #2200, #1842, #2279, #2155 ) ) ;
#2507 = CARTESIAN_POINT ( 'NONE',  ( -28.49999999999999645, -15.10000000000003695, -34.00713075057051782 ) ) ;
#2508 = CARTESIAN_POINT ( 'NONE',  ( -28.49999999999999645, -17.00000000000006395, -48.50000000000000000 ) ) ;
#2509 = DIRECTION ( 'NONE',  ( -3.242473786872537293E-16, 1.000000000000000000, 0.000000000000000000 ) ) ;
#2510 = LINE ( 'NONE', #2498, #224 ) ;
#2511 = EDGE_CURVE ( 'NONE', #33, #1909, #2207, .T. ) ;
#2512 = CARTESIAN_POINT ( 'NONE',  ( 28.50000000000000711, -26.41370849898437001, -29.79286924942943671 ) ) ;
#2513 = CIRCLE ( 'NONE', #1764, 3.550000000000025580 ) ;
#2514 = ORIENTED_EDGE ( 'NONE', *, *, #2493, .F. ) ;
#2515 = EDGE_CURVE ( 'NONE', #911, #1384, #723, .T. ) ;
#2516 = VERTEX_POINT ( 'NONE', #2397 ) ;
#2517 = VECTOR ( 'NONE', #1113, 1000.000000000000000 ) ;
#2518 = FACE_OUTER_BOUND ( 'NONE', #675, .T. ) ;
#2519 = CARTESIAN_POINT ( 'NONE',  ( 31.90000000000000568, -20.00000000000000711, -33.54999999999998295 ) ) ;
#2520 = CIRCLE ( 'NONE', #986, 1.649999999999991696 ) ;
#2521 = ORIENTED_EDGE ( 'NONE', *, *, #452, .F. ) ;
#2522 = VECTOR ( 'NONE', #2664, 1000.000000000000000 ) ;
#2523 = CARTESIAN_POINT ( 'NONE',  ( 30.15000000000007319, -15.10000000000004228, -48.50000000000000000 ) ) ;
#2524 = FACE_OUTER_BOUND ( 'NONE', #2152, .T. ) ;
#2525 = DIRECTION ( 'NONE',  ( 0.000000000000000000, 0.000000000000000000, 1.000000000000000000 ) ) ;
#2526 = EDGE_CURVE ( 'NONE', #504, #1238, #2232, .T. ) ;
#2527 = DIRECTION ( 'NONE',  ( -0.000000000000000000, 1.000000000000000000, -0.000000000000000000 ) ) ;
#2528 = ORIENTED_EDGE ( 'NONE', *, *, #1904, .F. ) ;
#2529 = ORIENTED_EDGE ( 'NONE', *, *, #1511, .F. ) ;
#2530 = AXIS2_PLACEMENT_3D ( 'NONE', #741, #120, #337 ) ;
#2531 = EDGE_CURVE ( 'NONE', #911, #1552, #1359, .T. ) ;
#2532 = CARTESIAN_POINT ( 'NONE',  ( -31.90000000000000568, -4.400000000000064304, 33.94999999999998863 ) ) ;
#2533 = CARTESIAN_POINT ( 'NONE',  ( 31.90000000000000568, -18.10000000000009379, 33.54999999999998295 ) ) ;
#2534 = ORIENTED_EDGE ( 'NONE', *, *, #2412, .T. ) ;
#2535 = ORIENTED_EDGE ( 'NONE', *, *, #2374, .T. ) ;
#2536 = CARTESIAN_POINT ( 'NONE',  ( 31.90000000000000568, -15.09999999999959286, 31.89999999999998437 ) ) ;
#2537 = DIRECTION ( 'NONE',  ( 7.359432928386152326E-15, -1.000000000000000000, -0.000000000000000000 ) ) ;
#2538 = CARTESIAN_POINT ( 'NONE',  ( 36.00000000000002132, 0.000000000000000000, -48.50000000000000000 ) ) ;
#2539 = DIRECTION ( 'NONE',  ( -3.469446951953827970E-15, 1.000000000000000000, -0.000000000000000000 ) ) ;
#2540 = PRODUCT_DEFINITION ( 'UNKNOWN', '', #650, #1782 ) ;
#2541 = ORIENTED_EDGE ( 'NONE', *, *, #2667, .T. ) ;
#2542 = DIRECTION ( 'NONE',  ( 1.000000000000000000, 7.885106708985493964E-15, 0.000000000000000000 ) ) ;
#2543 = ORIENTED_EDGE ( 'NONE', *, *, #2248, .F. ) ;
#2544 = AXIS2_PLACEMENT_3D ( 'NONE', #2564, #1528, #674 ) ;
#2545 = ORIENTED_EDGE ( 'NONE', *, *, #609, .F. ) ;
#2546 = DIRECTION ( 'NONE',  ( 1.000000000000000000, 8.038962449648605390E-15, 0.000000000000000000 ) ) ;
#2547 = EDGE_CURVE ( 'NONE', #1306, #1650, #746, .T. ) ;
#2548 = CARTESIAN_POINT ( 'NONE',  ( -31.90000000000000568, -15.10000000000006182, -31.89999999999998437 ) ) ;
#2549 = CIRCLE ( 'NONE', #1581, 1.649999999999998579 ) ;
#2550 = ORIENTED_EDGE ( 'NONE', *, *, #1173, .T. ) ;
#2551 = ORIENTED_EDGE ( 'NONE', *, *, #124, .F. ) ;
#2552 = CARTESIAN_POINT ( 'NONE',  ( -31.90000000000000568, -15.10000000000006359, 31.89999999999998437 ) ) ;
#2553 = ADVANCED_FACE ( 'NONE', ( #1596 ), #1585, .F. ) ;
#2554 = DIRECTION ( 'NONE',  ( -1.000000000000000000, 1.577021341797098793E-15, -0.000000000000000000 ) ) ;
#2555 = DIRECTION ( 'NONE',  ( -7.359432928386152326E-15, 1.000000000000000000, 0.000000000000000000 ) ) ;
#2556 = VERTEX_POINT ( 'NONE', #1562 ) ;
#2557 = LINE ( 'NONE', #1302, #2504 ) ;
#2558 = ORIENTED_EDGE ( 'NONE', *, *, #2096, .T. ) ;
#2559 = AXIS2_PLACEMENT_3D ( 'NONE', #2591, #912, #489 ) ;
#2560 = VERTEX_POINT ( 'NONE', #1342 ) ;
#2561 = EDGE_LOOP ( 'NONE', ( #1497, #225, #1970, #1397 ) ) ;
#2562 = CARTESIAN_POINT ( 'NONE',  ( -31.90000000000000568, -4.400000000000064304, 31.89999999999998437 ) ) ;
#2563 = DIRECTION ( 'NONE',  ( -0.000000000000000000, 1.000000000000000000, -0.000000000000000000 ) ) ;
#2564 = CARTESIAN_POINT ( 'NONE',  ( -35.99999999999998579, -20.00000000000000355, -48.50000000000000000 ) ) ;
#2565 = ORIENTED_EDGE ( 'NONE', *, *, #1922, .T. ) ;
#2566 = DIRECTION ( 'NONE',  ( 0.000000000000000000, 1.000000000000000000, 0.000000000000000000 ) ) ;
#2567 = CARTESIAN_POINT ( 'NONE',  ( -30.15000000000006608, -15.10000000000004938, -48.50000000000000000 ) ) ;
#2568 = ADVANCED_FACE ( 'NONE', ( #1991 ), #2434, .F. ) ;
#2569 = LINE ( 'NONE', #680, #163 ) ;
#2570 = CIRCLE ( 'NONE', #1459, 3.549999999999942091 ) ;
#2571 = ORIENTED_EDGE ( 'NONE', *, *, #1891, .T. ) ;
#2572 = FACE_OUTER_BOUND ( 'NONE', #2056, .T. ) ;
#2573 = VECTOR ( 'NONE', #1563, 1000.000000000000000 ) ;
#2574 = ORIENTED_EDGE ( 'NONE', *, *, #2436, .F. ) ;
#2575 = ORIENTED_EDGE ( 'NONE', *, *, #1221, .T. ) ;
#2576 = ORIENTED_EDGE ( 'NONE', *, *, #1315, .T. ) ;
#2577 = CARTESIAN_POINT ( 'NONE',  ( 31.90000000000000568, -26.41370849898437001, 31.89999999999998437 ) ) ;
#2578 = CARTESIAN_POINT ( 'NONE',  ( -31.90000000000000568, -15.10000000000006182, -31.89999999999998437 ) ) ;
#2579 = EDGE_CURVE ( 'NONE', #43, #1901, #1150, .T. ) ;
#2580 = CARTESIAN_POINT ( 'NONE',  ( -30.14999999999999858, 0.000000000000000000, 50.14999999999999858 ) ) ;
#2581 = CIRCLE ( 'NONE', #1788, 3.549999999999942091 ) ;
#2582 = EDGE_LOOP ( 'NONE', ( #1265, #377 ) ) ;
#2583 = LINE ( 'NONE', #2735, #1507 ) ;
#2584 = CARTESIAN_POINT ( 'NONE',  ( 31.90000000000000568, -4.399999999999561595, -31.89999999999998437 ) ) ;
#2585 = FACE_OUTER_BOUND ( 'NONE', #890, .T. ) ;
#2586 = EDGE_CURVE ( 'NONE', #2120, #1954, #318, .T. ) ;
#2587 = DIRECTION ( 'NONE',  ( -1.000000000000000000, 0.000000000000000000, -0.000000000000000000 ) ) ;
#2588 = ORIENTED_EDGE ( 'NONE', *, *, #2123, .T. ) ;
#2589 = EDGE_LOOP ( 'NONE', ( #2418, #1260 ) ) ;
#2590 = ORIENTED_EDGE ( 'NONE', *, *, #2212, .T. ) ;
#2591 = CARTESIAN_POINT ( 'NONE',  ( 31.90000000000000568, -18.10000000000009379, 31.89999999999998437 ) ) ;
#2592 = CARTESIAN_POINT ( 'NONE',  ( -31.90000000000000568, -20.00000000000000355, 28.35000000000004050 ) ) ;
#2593 = ORIENTED_EDGE ( 'NONE', *, *, #2690, .F. ) ;
#2594 = ORIENTED_EDGE ( 'NONE', *, *, #2579, .T. ) ;
#2595 = CYLINDRICAL_SURFACE ( 'NONE', #2178, 1.649999999999998579 ) ;
#2596 = CARTESIAN_POINT ( 'NONE',  ( -30.14999999999999858, -4.400000000000050981, -48.50000000000000000 ) ) ;
#2597 = AXIS2_PLACEMENT_3D ( 'NONE', #907, #2555, #248 ) ;
#2598 = CYLINDRICAL_SURFACE ( 'NONE', #143, 1.649999999999995248 ) ;
#2599 = DIRECTION ( 'NONE',  ( -0.000000000000000000, 1.000000000000000000, -0.000000000000000000 ) ) ;
#2600 = CARTESIAN_POINT ( 'NONE',  ( 28.50000000000000000, -1.500000000000000888, -48.50000000000000000 ) ) ;
#2601 = CARTESIAN_POINT ( 'NONE',  ( 28.50000000000000000, -4.400000000000030553, -48.50000000000000000 ) ) ;
#2602 = EDGE_LOOP ( 'NONE', ( #628, #123 ) ) ;
#2603 = ADVANCED_FACE ( 'NONE', ( #1145 ), #1353, .F. ) ;
#2604 = ORIENTED_EDGE ( 'NONE', *, *, #58, .F. ) ;
#2605 = DIRECTION ( 'NONE',  ( -0.000000000000000000, 1.000000000000000000, -0.000000000000000000 ) ) ;
#2606 = AXIS2_PLACEMENT_3D ( 'NONE', #357, #2045, #2072 ) ;
#2607 = DIRECTION ( 'NONE',  ( 0.000000000000000000, 1.000000000000000000, 0.000000000000000000 ) ) ;
#2608 = ORIENTED_EDGE ( 'NONE', *, *, #1717, .T. ) ;
#2609 = ORIENTED_EDGE ( 'NONE', *, *, #2275, .F. ) ;
#2610 = CARTESIAN_POINT ( 'NONE',  ( -28.50000000000000000, -2.500000000000002665, -48.50000000000000000 ) ) ;
#2611 = DIRECTION ( 'NONE',  ( -1.000000000000000000, -7.359432928386152326E-15, 0.000000000000000000 ) ) ;
#2612 = AXIS2_PLACEMENT_3D ( 'NONE', #1126, #2607, #720 ) ;
#2613 = CARTESIAN_POINT ( 'NONE',  ( 28.50000000000000355, -17.00000000000005684, -48.50000000000000000 ) ) ;
#2614 = EDGE_CURVE ( 'NONE', #1710, #1301, #2022, .T. ) ;
#2615 = CYLINDRICAL_SURFACE ( 'NONE', #2483, 1.649999999999998579 ) ;
#2616 = CIRCLE ( 'NONE', #1419, 2.050000000000003375 ) ;
#2617 = ORIENTED_EDGE ( 'NONE', *, *, #1282, .F. ) ;
#2618 = ORIENTED_EDGE ( 'NONE', *, *, #882, .F. ) ;
#2619 = ORIENTED_EDGE ( 'NONE', *, *, #205, .F. ) ;
#2620 = VECTOR ( 'NONE', #75, 1000.000000000000000 ) ;
#2621 = CYLINDRICAL_SURFACE ( 'NONE', #2464, 1.649999999999998579 ) ;
#2622 = CARTESIAN_POINT ( 'NONE',  ( -28.49999999999999645, -15.10000000000003695, 48.50000000000000000 ) ) ;
#2623 = EDGE_CURVE ( 'NONE', #2297, #174, #563, .T. ) ;
#2624 = ORIENTED_EDGE ( 'NONE', *, *, #652, .T. ) ;
#2625 = DIRECTION ( 'NONE',  ( -1.000000000000000000, -7.359432928386475759E-15, 0.000000000000000000 ) ) ;
#2626 = VECTOR ( 'NONE', #2415, 1000.000000000000000 ) ;
#2627 = DIRECTION ( 'NONE',  ( 0.000000000000000000, 0.000000000000000000, 1.000000000000000000 ) ) ;
#2628 = DIRECTION ( 'NONE',  ( 0.000000000000000000, 0.000000000000000000, -1.000000000000000000 ) ) ;
#2629 = ORIENTED_EDGE ( 'NONE', *, *, #2436, .T. ) ;
#2630 = ORIENTED_EDGE ( 'NONE', *, *, #2244, .T. ) ;
#2631 = ORIENTED_EDGE ( 'NONE', *, *, #2235, .F. ) ;
#2632 = DIRECTION ( 'NONE',  ( -1.000000000000000000, -7.615859162825007949E-15, 0.000000000000000000 ) ) ;
#2633 = CARTESIAN_POINT ( 'NONE',  ( -31.90000000000000568, -4.400000000000064304, -31.89999999999998437 ) ) ;
#2634 = AXIS2_PLACEMENT_3D ( 'NONE', #430, #1829, #133 ) ;
#2635 = EDGE_CURVE ( 'NONE', #237, #1476, #967, .T. ) ;
#2636 = CARTESIAN_POINT ( 'NONE',  ( 31.90000000000000568, -20.00000000000000711, 31.89999999999998437 ) ) ;
#2637 = CONICAL_SURFACE ( 'NONE', #2107, 1.649999999999998579, 0.7853981633974482790 ) ;
#2638 = FACE_OUTER_BOUND ( 'NONE', #546, .T. ) ;
#2639 = EDGE_CURVE ( 'NONE', #717, #631, #2423, .T. ) ;
#2640 = CARTESIAN_POINT ( 'NONE',  ( -28.50000000000000000, -18.00000000000000355, -48.50000000000000000 ) ) ;
#2641 = AXIS2_PLACEMENT_3D ( 'NONE', #1316, #1707, #663 ) ;
#2642 = ORIENTED_EDGE ( 'NONE', *, *, #693, .T. ) ;
#2643 = CARTESIAN_POINT ( 'NONE',  ( 31.90000000000000568, -1.900000000000089173, 30.24999999999998934 ) ) ;
#2644 = ORIENTED_EDGE ( 'NONE', *, *, #254, .F. ) ;
#2645 = CARTESIAN_POINT ( 'NONE',  ( -28.49999999999999645, -15.10000000000003695, 29.79286924942943671 ) ) ;
#2646 = DIRECTION ( 'NONE',  ( 0.000000000000000000, 0.000000000000000000, 1.000000000000000000 ) ) ;
#2647 = EDGE_CURVE ( 'NONE', #2240, #1238, #2219, .T. ) ;
#2648 = DIRECTION ( 'NONE',  ( 7.359432928386152326E-15, -1.000000000000000000, -0.000000000000000000 ) ) ;
#2649 = CARTESIAN_POINT ( 'NONE',  ( -35.99999999999998579, -5.265981236333662647E-15, -48.50000000000000000 ) ) ;
#2650 = CARTESIAN_POINT ( 'NONE',  ( -31.90000000000000568, -4.400000000000063416, -30.24999999999998579 ) ) ;
#2651 = FACE_OUTER_BOUND ( 'NONE', #1698, .T. ) ;
#2652 = CIRCLE ( 'NONE', #1452, 2.050000000000003375 ) ;
#2653 = ADVANCED_FACE ( 'NONE', ( #100 ), #959, .T. ) ;
#2654 = AXIS2_PLACEMENT_3D ( 'NONE', #2218, #317, #1195 ) ;
#2655 = EDGE_LOOP ( 'NONE', ( #2186, #400, #2302, #412 ) ) ;
#2656 = AXIS2_PLACEMENT_3D ( 'NONE', #2578, #2140, #672 ) ;
#2657 = FACE_OUTER_BOUND ( 'NONE', #1520, .T. ) ;
#2658 = ORIENTED_EDGE ( 'NONE', *, *, #1005, .T. ) ;
#2659 = VECTOR ( 'NONE', #737, 1000.000000000000000 ) ;
#2660 = LINE ( 'NONE', #2006, #1951 ) ;
#2661 = DIRECTION ( 'NONE',  ( 0.000000000000000000, 0.000000000000000000, 1.000000000000000000 ) ) ;
#2662 = ADVANCED_FACE ( 'NONE', ( #1723 ), #696, .F. ) ;
#2663 = CARTESIAN_POINT ( 'NONE',  ( -31.90000000000000568, -1.900000000000009237, 33.54999999999998295 ) ) ;
#2664 = DIRECTION ( 'NONE',  ( -3.469446951953827970E-15, -1.000000000000000000, 0.000000000000000000 ) ) ;
#2665 = DIRECTION ( 'NONE',  ( -0.000000000000000000, -1.000000000000000000, -0.000000000000000000 ) ) ;
#2666 = CARTESIAN_POINT ( 'NONE',  ( -28.50000000000000000, -4.400000000000037659, -48.50000000000000000 ) ) ;
#2667 = EDGE_CURVE ( 'NONE', #870, #200, #34, .T. ) ;
#2668 = ORIENTED_EDGE ( 'NONE', *, *, #1871, .T. ) ;
#2669 = FACE_OUTER_BOUND ( 'NONE', #220, .T. ) ;
#2670 = ORIENTED_EDGE ( 'NONE', *, *, #35, .F. ) ;
#2671 = CARTESIAN_POINT ( 'NONE',  ( -31.90000000000000568, -20.00000000000000355, -35.44999999999992468 ) ) ;
#2672 = DIRECTION ( 'NONE',  ( 7.313862828241198394E-17, -1.000000000000000000, -0.000000000000000000 ) ) ;
#2673 = CARTESIAN_POINT ( 'NONE',  ( 31.90000000000000568, -15.09999999999959286, -31.89999999999998437 ) ) ;
#2674 = DIRECTION ( 'NONE',  ( 1.000000000000000000, 7.885106708985495542E-15, 0.000000000000000000 ) ) ;
#2675 = FACE_OUTER_BOUND ( 'NONE', #772, .T. ) ;
#2676 = ADVANCED_FACE ( 'NONE', ( #234, #1103 ), #1272, .T. ) ;
#2677 = CARTESIAN_POINT ( 'NONE',  ( 28.50000000000000355, -17.00000000000005684, 48.50000000000000000 ) ) ;
#2678 = AXIS2_PLACEMENT_3D ( 'NONE', #708, #2648, #2625 ) ;
#2679 = ORIENTED_EDGE ( 'NONE', *, *, #2288, .T. ) ;
#2680 = ORIENTED_EDGE ( 'NONE', *, *, #1284, .T. ) ;
#2681 = DIRECTION ( 'NONE',  ( 0.000000000000000000, -0.000000000000000000, 1.000000000000000000 ) ) ;
#2682 = ORIENTED_EDGE ( 'NONE', *, *, #277, .T. ) ;
#2683 = EDGE_CURVE ( 'NONE', #2085, #191, #2557, .T. ) ;
#2684 = FACE_OUTER_BOUND ( 'NONE', #1855, .T. ) ;
#2685 = DIRECTION ( 'NONE',  ( -0.000000000000000000, 1.000000000000000000, -0.000000000000000000 ) ) ;
#2686 = CARTESIAN_POINT ( 'NONE',  ( 31.90000000000000568, -20.00000000000000711, 31.89999999999998437 ) ) ;
#2687 = CARTESIAN_POINT ( 'NONE',  ( 3.469446951953470301E-14, -4.399999999999812950, 50.14999999999999858 ) ) ;
#2688 = LINE ( 'NONE', #2722, #102 ) ;
#2689 = VECTOR ( 'NONE', #2728, 1000.000000000000000 ) ;
#2690 = EDGE_CURVE ( 'NONE', #1215, #2142, #790, .T. ) ;
#2691 = AXIS2_PLACEMENT_3D ( 'NONE', #728, #1914, #538 ) ;
#2692 = ORIENTED_EDGE ( 'NONE', *, *, #77, .T. ) ;
#2693 = CARTESIAN_POINT ( 'NONE',  ( -31.90000000000000568, -20.00000000000000711, -31.89999999999998437 ) ) ;
#2694 = VERTEX_POINT ( 'NONE', #2725 ) ;
#2695 = CIRCLE ( 'NONE', #1287, 2.049999999999999822 ) ;
#2696 = FACE_OUTER_BOUND ( 'NONE', #1273, .T. ) ;
#2697 = VECTOR ( 'NONE', #30, 1000.000000000000000 ) ;
#2698 = ADVANCED_FACE ( 'NONE', ( #2328 ), #2637, .F. ) ;
#2699 = CARTESIAN_POINT ( 'NONE',  ( -31.90000000000000568, -15.10000000000006359, -33.54999999999998295 ) ) ;
#2700 = CARTESIAN_POINT ( 'NONE',  ( -31.90000000000000568, -20.00000000000000711, -30.24999999999998579 ) ) ;
#2701 = CARTESIAN_POINT ( 'NONE',  ( 31.90000000000000568, -20.00000000000000711, -31.89999999999998437 ) ) ;
#2702 = VERTEX_POINT ( 'NONE', #1894 ) ;
#2703 = VECTOR ( 'NONE', #620, 1000.000000000000000 ) ;
#2704 = ORIENTED_EDGE ( 'NONE', *, *, #1067, .F. ) ;
#2705 = ADVANCED_FACE ( 'NONE', ( #2572 ), #216, .T. ) ;
#2706 = PLANE ( 'NONE',  #2502 ) ;
#2707 = DIRECTION ( 'NONE',  ( -0.000000000000000000, 1.000000000000000000, -0.000000000000000000 ) ) ;
#2708 = CARTESIAN_POINT ( 'NONE',  ( -31.90000000000000568, -20.89827560572980047, 31.89999999999998437 ) ) ;
#2709 = CARTESIAN_POINT ( 'NONE',  ( 30.15000000000007319, -15.10000000000004228, 50.14999999999999858 ) ) ;
#2710 = CARTESIAN_POINT ( 'NONE',  ( 0.000000000000000000, 0.000000000000000000, 56.00000000000000000 ) ) ;
#2711 = EDGE_CURVE ( 'NONE', #291, #717, #1485, .T. ) ;
#2712 = VECTOR ( 'NONE', #567, 1000.000000000000000 ) ;
#2713 = ORIENTED_EDGE ( 'NONE', *, *, #2358, .T. ) ;
#2714 = VECTOR ( 'NONE', #1857, 1000.000000000000000 ) ;
#2715 = ORIENTED_EDGE ( 'NONE', *, *, #882, .T. ) ;
#2716 = CARTESIAN_POINT ( 'NONE',  ( 31.90000000000000568, -20.00000000000000711, -35.44999999999987494 ) ) ;
#2717 = CARTESIAN_POINT ( 'NONE',  ( 36.00000000000002132, 0.000000000000000000, -48.50000000000000000 ) ) ;
#2718 = EDGE_CURVE ( 'NONE', #200, #774, #1117, .T. ) ;
#2719 = ORIENTED_EDGE ( 'NONE', *, *, #2635, .F. ) ;
#2720 = DIRECTION ( 'NONE',  ( -1.000000000000000000, -7.615859162824993749E-15, 0.000000000000000000 ) ) ;
#2721 = DIRECTION ( 'NONE',  ( 1.000000000000000000, 8.038962449648605390E-15, 0.000000000000000000 ) ) ;
#2722 = CARTESIAN_POINT ( 'NONE',  ( 30.14999999999999858, -4.400000000000042988, -48.50000000000000000 ) ) ;
#2723 = EDGE_CURVE ( 'NONE', #1725, #1946, #1475, .T. ) ;
#2724 = VERTEX_POINT ( 'NONE', #1952 ) ;
#2725 = CARTESIAN_POINT ( 'NONE',  ( -30.15000000000006608, -15.10000000000004938, -32.96770782520322030 ) ) ;
#2726 = ORIENTED_EDGE ( 'NONE', *, *, #2320, .T. ) ;
#2727 = AXIS2_PLACEMENT_3D ( 'NONE', #1185, #710, #119 ) ;
#2728 = DIRECTION ( 'NONE',  ( -0.000000000000000000, 1.000000000000000000, -0.000000000000000000 ) ) ;
#2729 = DIRECTION ( 'NONE',  ( -1.000000000000000000, -7.313862828241197162E-17, 0.000000000000000000 ) ) ;
#2730 = CIRCLE ( 'NONE', #1768, 1.649999999999991696 ) ;
#2731 = EDGE_LOOP ( 'NONE', ( #167, #2252 ) ) ;
#2732 = AXIS2_PLACEMENT_3D ( 'NONE', #987, #1258, #2485 ) ;
#2733 = EDGE_LOOP ( 'NONE', ( #2642, #599, #1986, #1090 ) ) ;
#2734 = DIRECTION ( 'NONE',  ( 0.000000000000000000, 0.000000000000000000, 1.000000000000000000 ) ) ;
#2735 = CARTESIAN_POINT ( 'NONE',  ( 31.90000000000000568, -20.00000000000000711, 33.54999999999998295 ) ) ;
#2736 = DIRECTION ( 'NONE',  ( -1.000000000000000000, -7.615859162825007949E-15, 0.000000000000000000 ) ) ;
#2737 = CONICAL_SURFACE ( 'NONE', #850, 3.549999999999942091, 0.7853981633974466137 ) ;
ENDSEC;
END-ISO-10303-21;
