:020000041000EA
:1000000000B5324B212058609868022188439860DF
:10001000D860186158612E4B002199600221596106
:100020000121F02299502B49196001219960352056
:1000300000F044F80222904214D00621196600F024
:1000400034F8196E01211966002018661A6600F04E
:100050002CF8196E196E196E052000F02FF8012189
:100060000842F9D1002199601B49196000215960AB
:100070001A491B48016001219960EB211966A021F2
:10008000196600F012F800219960164914480160C1
:100090000121996001BC002800D000471248134993
:1000A000086003C880F30888084703B5996A0420EC
:1000B0000142FBD001200142F8D103BD02B5186610
:1000C0001866FFF7F2FF186E186E02BD00000240BE
:1000D000000000180000070000035F00212200005C
:1000E000F4000018222000A00001001008ED00E03C
:1000F00000000000000000000000000074B24E7A12
:1001000000200420F7010010CB010010CD010010E9
:10011000C9010010C9010010C9010010C901001077
:10012000C9010010C9010010C9010010CF01001061
:10013000C9010010C9010010D1010010D301001045
:10014000C1010010C1010010C1010010C101001067
:10015000C1010010C1010010C1010010C101001057
:10016000C1010010C1010010C1010010C101001047
:10017000C1010010C1010010C1010010C101001037
:10018000C1010010C1010010C1010010C101001027
:10019000C1010010C1010010C1010010C101001017
:1001A000C1010010C1010010C1010010C101001007
:1001B000C1010010C1010010C1010010C1010010F7
:1001C000EFF30580103800BE00BE00BE00BE00BECA
:1001D00000BE00BEF2EB8871603005108030051063
:1001E0003802001090A31AE71E481F49086006C88D
:1001F00081F3088810471D480068002801D019487D
:10020000F3E70DA40ECC002902D000F012F8F9E7B4
:100210001749184A002000E001C19142FCD116495B
:100220008847164988471649884700BEFDE701C937
:1002300001C29A42FBD3704780300510E0000020D5
:10024000701300201043051000000420000004205B
:1002500010430510001004200010042000000000CE
:10026000704700000000000008ED00E0000000D032
:10027000701300200C810020AD4F0010D50200103B
:10028000A54F0010F8B5C04606480749091A8B105B
:10029000C90FC91810B5491003D0044B002B00D06A
:1002A000984710BD7013002070130020000000005C
:1002B000054B10B5002B03D00449054800E000BFF2
:1002C000FFF7E2FF10BDC04600000000886F00206D
:1002D0008491011010B5A4B004F0A6FFFA20C0006C
:1002E00002F01CF902F02CFC142311221F490AA869
:1002F00000F03EF80AA800F059F800282FD001AC11
:1003000009E02378002B25D1FA20800002F006F9BD
:100310000A2002F003F90AA800F096F80AA800F0F3
:100320001FF90028F4D00AA800F012F90028EFD134
:10033000202202A90AA800F019F9684602A900F0D3
:10034000A9FE83B220801B0ADBD001210AA800F09D
:1003500001F9D9E700210AA800F0FCF8D4E7FA2057
:100360000121400002F05AFBFEE7C04600C00340F6
:10037000F8B583601F00002304000160426003732E
:1003800003610D00002000211600A061E161202220
:100390002000A354243001F02DF820003B0032004F
:1003A0002900303000F084FD2000F8BD70B5040055
:1003B00013F05AFA002802D00024200070BD13F078
:1003C000F3F91B491B481C4B1C4A13F0FBF900288E
:1003D000F2D1012520682573194907F0DFFB0121BF
:1003E000102001F031F80121122001F02DF8012137
:1003F000132001F029F8606801F0C6F82A0063684C
:10040000D0269A403606A0687262726101F0BCF88C
:10041000A36820009D4030307562756100F062FD78
:10042000041EC9D00121074802F0F8FAC5E7C0460A
:1004300088910110A09101101027000004004000D5
:10044000404B4C00983A000030B50569040083B079
:10045000002D31D0012D01D003B030BD02F0D4FA0F
:100460002000303000F05CFD02F06EF9A269E36913
:10047000121A8B41002BEFDC01D1002AECD102F0E3
:10048000C3FA2C4B2C492D4A2D4813F09BF92025FB
:10049000434258410522615DC0B200F06DF8030C83
:1004A0000190C0B2635500282CD16B465B79002BBC
:1004B0002DD002232361CFE702F0A6FA00212148C4
:1004C00017F030F8032813D020232573E55402F0E9
:1004D0003BF900231C4A8018594102000B1E02DA26
:1004E00001221A4B5242E3610123A2612361B3E767
:1004F0002000303000F014FD20000121243000F0F5
:1005000083FFA9E70123237300232361A4E76B463C
:10051000DB79002BA0D002F017F900230A4A8018DB
:10052000594102000B1E02DA0122084B5242A2611D
:10053000E36191E71027000088910110040040005A
:10054000A0910110681E002080C3C901FFFFFF7F3A
:100550000069704710B5243000F074FF10BDC0462C
:1005600010B5303000F00CFD10BDC04610B5303075
:1005700000F00AFD10BDC04610B5012382B000286E
:100580000CD1FF2903D00131C9B2914216D3002208
:10059000012000020B04120603431343FF2418003A
:1005A000190A1A0C21402040090222401204084373
:1005B0001B0E1B061043184302B010BD0122E8E7D2
:1005C000F0B5DE4657464E464546E0B51500C7B085
:1005D0008A4604ACD11D436889B2060020009847C2
:1005E0000023A91D04E00133DBB2994200DA95E053
:1005F000E25C002AF7D0FF2A00D08FE00133DBB2A3
:1006000005359D4200DAAEE0E118E75C4A78BA1899
:10061000D2B2002A00D0AAE038005838C0B2023363
:10062000A62800D990E07D1CEAB29146E218524219
:10063000D0B2804603208446654610402A4200D14D
:100640007BE04246E55C0095920700D472E0AC4640
:10065000CA786244D5B20095032800D071E0AC4658
:100660000A796244D2B20092032203924A46151AD2
:10067000C018844602933300EAB24149A444934629
:100680009208914666460025002288469C463D48D1
:100690000197AB00F35811001F0053404246014040
:1006A0000740C91913400A0001355A40EBB2994579
:1006B000EFD80098664684461104090E51181002BE
:1006C0006144000E0918039D120E8A180320594632
:1006D000AC465D4681436144019F029BD2B2C9B2E0
:1006E000284212D0E518685C1218481CC0B2D2B279
:1006F00087420AD32018C05C02311218C9B2D2B2A4
:100700008F4202D3695C5218D2B2002A33D13A0028
:100710005046E11802F0ACFF380004E01A48736953
:1007200098470120404247B0F0BCBB46B246A946BC
:10073000A046F0BD0122039298E7002203920092A6
:1007400094E70222039291E700216018C05C013116
:100750001218C9B2D2B28F42F7D2002A0BD1002FA1
:10076000D5D13800DFE7094873699847D9E70848C9
:1007700073699847D5E7074873699847D1E7C0463A
:10078000808080807F7F7F7FAC910110E09101109D
:10079000FC9101102C920110F0B5CE46474680B571
:1007A0003D4C0E00A5440700002191466846FF22FB
:1007B0006D46984602F056FFD4232B708A9B40A8C2
:1007C0001C785B78AC70C47134192D3CE4B2EB70CA
:1007D00003721B19DB4343720023304A8372409239
:1007E0002F4A0B21BB686E70828086719847002863
:1007F0004BD1FB688B98984700283FD07B68062137
:1008000068469847AA782B791340FF2B33D12B7871
:100810006C781C43EB781C436B791C432BD1FB6831
:100820008B989847002829D043469A1C694638007F
:1008300092B2FFF7C5FE431C20D02B78D52B20D1D8
:1008400001366B78F6B2B3421BD14B46002B0AD06F
:100850004346002B07D04A462B199B781355013489
:10086000E4B2A045F7D8023883239B009D44C0BC66
:10087000B946B046F0BD0B487B699847012040421D
:10088000F2E709487B699847F8E73B6998470748CA
:100890007B699847F2E7C046F4FDFFFF0000FF04C4
:1008A000FCD4FFFF74920110A0920110609201101D
:1008B000F0B5CE46474680B5384C0E00A54407003B
:1008C000002191466846FF2298466D4602F0CAFE16
:1008D000D4232B70324B40A84093324B09218380A4
:1008E0002C239B1BC37100236E7003728671BB683F
:1008F000984700284BD1FB688A98984700283FD03A
:100900007B680621684698472A79AB781340FF2B0D
:1009100033D16B782C781C43EB781C436B791C43E8
:100920002BD1FB688A989847002829D043469A1C07
:100930006946380092B2FFF743FE431C20D02B7863
:10094000D52B20D101366B78F6B2B3421BD14B4682
:10095000002B0AD04346002B07D04A462B199B7820
:1009600013550134E4B2A045F7D8023883239B0025
:100970009D44C0BCB946B046F0BD0B487B69984762
:1009800001204042F2E709487B699847F8E73B6954
:10099000984707487B699847F2E7C046F4FDFFFF98
:1009A0000000FF02FED4FFFF74920110A09201101C
:1009B00060920110F0B5D646474680B5424C0E0015
:1009C000A5448046002192466846FF226D461F00DE
:1009D00002F048FED4232B708A9B40A859781C78DB
:1009E0009A783A4B2A714093394B4272838033197B
:1009F0002D3B5B18DBB2D2180023D243C3724346AF
:100A0000E9709B6801726E700C21AC708671C471C4
:100A100082729847434600284FD1FA20DB68800055
:100A20009847002841D0434606215B6868469847AE
:100A30002A79AB781340FF2B33D12B786C781C4389
:100A4000EB781C436B791C432BD14346FA20DB68BF
:100A500080009847002828D0BA1C6946404692B2C8
:100A6000FFF7AEFD431C20D02B78D52B20D10136CB
:100A70006B78F6B2B3421BD15346002B09D0002F3E
:100A800007D052462B199B7813550134E4B2A74284
:100A9000F7D8023883239B009D44C0BCBA46B046B9
:100AA000F0BD43460B485B69984701204042F1E79F
:100AB000434609485B699847F7E71B6998474346EF
:100AC00006485B699847F0E7F4FDFFFF0000FF056B
:100AD000FBD4FFFF74920110A092011060920110EC
:100AE000FA2330B55B0083B00093F13B0A00FF3B73
:100AF00002210500FFF7DCFE0400431C03D00024A4
:100B0000200003B030BD02486B699847F8E7C04643
:100B1000C892011000B5094A85B0118803AB19804D
:100B2000927814219A70009300220023FFF742FF6D
:100B3000013043425841404205B000BDE4920110EB
:100B4000F0B5C64605001F00012300B588B002AE0F
:100B500003AC72708846132200212000337002F02B
:100B600081FD132322004A21280001970096FFF7F8
:100B700013FE002815DB2378012B0FD16479072C95
:100B800012D8002C05D0122122004046694402F000
:100B90006FFD200008B080BCB846F0BD04486B690A
:100BA000984701204042F5E702486B699847F8E70B
:100BB000E8920110089301107047C04670B50124F7
:100BC00022000C4DD0262B6836069A4064207261B4
:100BD00001F0A4FC22002B68FA209A404000B26188
:100BE00001F09CFC2B6864209C40746101F096FC31
:100BF000002070BD48160020FA20F0B50124114BEA
:100C000083B01B7801AE8000337001F087FC2200B6
:100C10000D4DD0272B683F069A400220BA6101F0A3
:100C20007DFC0A4B320031001868012318F050FA9D
:100C30002B68FA209C4080007C6101F06FFC002052
:100C400003B0F0BDBC9301104C16002050160020DC
:100C5000F0B5D6464F4646460223C0B582B001AC39
:100C60000500238001F070FDFA2206000F0000232A
:100C700028000021920002F09FFC36184F41002FFF
:100C800002DA01261A4F76421A4B994601239846FA
:100C9000194B9A4618E00A2001F040FC4B464246A8
:100CA0001B68D0259A4053462D061868AA61022376
:100CB0002200210018F00CFA4B4642461B689A406D
:100CC0006A616378012B11D001F03EFD32003B00D8
:100CD000121A8B41002BDEDC01D1002ADBD100206F
:100CE00002B0E0BCBA46B146A846F0BD0120F7E725
:100CF000FFFFFF7F4C160020501600208022F0B529
:100D0000C1B00C00050000216846520002F0AAFCA8
:100D1000FF2C1FD801236A461370002C05D06B46A8
:100D200022002900581C02F0A3FC01252A000B4ECA
:100D3000D02733683F069A40BA61094A631C10689D
:100D400069466A4618F0C4F9336800209D407D6109
:100D500041B0F0BD01204042FAE7C0464C160020E9
:100D600050160020F0B5C646802200B5C0B00C0079
:100D7000070000216846520002F074FCFF2C27D8BF
:100D800003236A4601250120137001F0C7FB2A00E6
:100D9000114E694633689A401300D02212069046DD
:100DA00093610E4A631C10686A4618F091F9336823
:100DB0009D4043465D61002C05D06B462200380003
:100DC000591C02F055FC002040B080BCB846F0BD74
:100DD00001204042F8E7C0464C1600205016002083
:100DE000F0B5C64600B5264D82B02A60254A264C8D
:100DF000136002220C194B6822600C681340053204
:100E00005440C8322240802464010C1922601F4AD9
:100E10001F4F9446396061440B601E4B01240360F0
:100E20001D4B01AE43601D4B83601D4BC3601D4BCA
:100E300003611D4B4361FA201C4B80001B7833700B
:100E400001F06CFB22002B6802209A401300D02294
:100E500012069046936101F061FB320031000123DC
:100E6000386818F035F92B68FA209C40434680001A
:100E70005C6101F053FB02B080BCB846F0BDC046D7
:100E80004C1600204816002004300000042000000A
:100E900050160020BD0B0010650D0010FD0C001059
:100EA000510C0010F90B0010B90B0010BC9301108D
:100EB000F8B504000F001600002118221D0002F0F2
:100EC000D1FB00232000A761E6612562A3840A22EA
:100ED0000021263002F0C6FB002230232000E2541D
:100EE000F8BDC046002310B5040082B08169C26914
:100EF0000193036AFFF774FF200001A9FFF7F0FDDB
:100F0000002802D0002002B010BD2000FFF702FE32
:100F10000028F7D1242301220130E254F3E7C04630
:100F200010B584B004000A22002101A802F09AFB47
:100F30002423E35C002B01D104B010BD3223002236
:100F4000200001A9FFF7FCFD031E0CDD2522012175
:100F5000A1540B32A0542000CF321A4001A92630F0
:100F600002F086FBE8E7002325222000A3540B3281
:100F7000A3540021263A263002F074FBDCE7C04679
:100F80002523C05C7047C046F8B557464E464546D7
:100F9000DE468046E0B50F00161E22D000230B70FF
:100FA0003033C35C002B1CD0262343449A46124B9B
:100FB00000259946302300249B4609E02418A642C8
:100FC00015D943465A4601359A5CEBB29A4208D984
:100FD00053464A465B5D311B381903F0A3FF0028D6
:100FE000ECDCF0BCBB46B246A946A046F8BD0023E7
:100FF000BF19013F3B70F4E730930110030010006C
:101000000122002801D11A7170479A71FCE7C0468D
:1010100000230360013383717047C046F8B50400B4
:101020000F0016001D00002A27D0002B28D1822394
:1010300080219B001589C25A890053199BB28B42AB
:1010400002D3134DAD1AADB2E11D891800232A0059
:10105000300008F06FFD82239B00E25A3800AD1883
:10106000ADB2E55200236419E371318908F034FF11
:10107000300008F01BFC0020F8BD01234371FAE7A3
:10108000100008F013FC01232800A371F4E7C04608
:10109000FF0100008322F0B5804C9200A54487A890
:1010A0000C00002102F0DEFA7D4B1A78002A01D1F3
:1010B00001321A707B4D06A9280011F083FF002829
:1010C0000AD10023FF22100018401B0A13401B0204
:1010D0001843754B9D44F0BD7449754B019175499A
:1010E000754A0091802102940395890007A803F0B6
:1010F00019FFFF23421E04005B009A42E1D817F05B
:10110000ADF9002009F042FD879000285CD087A946
:1011100009F0D6FA6949879809F0E4FA5022684B39
:10112000879806A908F024FF050017F0A1F9002D03
:1011300035D101F009FB0027624E36184F41002FD0
:1011400010DA0126604F76420CE0002BB9D1012065
:1011500001F0E4F901F0F8FA32003B00121A8B4179
:10116000002B34DD6B46594A88219B186A4689005A
:10117000521812781B78002AE7D0002BA1D117F063
:101180006DF95349879809F09FFA01238798A2B215
:1011900007A90BF0CDFE00281ED017F069F917F053
:1011A0005DF9879800280FD0002109F089FA002105
:1011B000879809F089FA0021879809F093FA8798AF
:1011C00009F0DEFB0023879317F052F979E7002B33
:1011D000E5D1002AC6D1E2E787980CF081FF040030
:1011E00017F046F9002CDAD101F0AEFA0025354CA3
:1011F00024184D41002D14DA0124334D644210E0CF
:101200006B46324A9B181B78002B10D1012001F04D
:1012100085F901F099FA22002B00121A8B41002B5C
:1012200029DD6B462B4A9B181B78002BE8D017F062
:1012300015F9879800280FD0002109F041FA002104
:10124000879809F041FA0021879809F04BFA8798AE
:1012500009F064FE0023879317F00AF96B461B4AD6
:101260009B181B78002B00D02BE71B48684400F02C
:1012700035F8031C26E7002B01D1002AD1D117F045
:10128000EDF8879800289FD0002109F019FA002175
:10129000879809F019FA002187988EE7D4FBFFFFA1
:1012A000F2800020389301102C040000C09301103C
:1012B00048930110C4930110709301101110001095
:1012C000FD0F001000127A00FFFFFF7F22020000D6
:1012D0001D1000102102000023020000F0B50500DF
:1012E00083B0002856D002780024002A4AD0394919
:1012F00017F094FD061E50D0731B0B2B4ADD052200
:101300002800354917F0EAFB002843D1043EB542D6
:1013100040D22B0002E00133B3423BD01A78202A9E
:10132000F9D15A78322AF6D19A78302AF3D1DA787C
:10133000302AF0D11A79202AEDD12800274917F058
:101340006DFD061D002839D03000254F390017F0FB
:1013500065FD041E3AD0B44229D0631E1D782800D2
:1013600017F0CCFA002820D15F2D1ED02579002D52
:1013700006D0280017F0C2FA002816D15F2D14D02D
:1013800001220124FF232000184013401B021843B0
:1013900003B0F0BD00240022F4E70A21280017F072
:1013A0003BFB061EA8D10022ECE7201DCEE7202043
:1013B00017F0A4FA0028F8D13579D8E728000949B0
:1013C00017F02CFD002801D0861CBDE70022012467
:1013D000D8E7C046D0930110D4930110B893011000
:1013E000E0930110DC9301107047C0460023038096
:1013F00043607047002310B5040003704360083059
:10140000FFF7F2FF200010BD10B50B4B0B4C9A6A92
:10141000436882B0D31AA34201D802B010BD03784A
:101420004260002BF9D10029F7D00100044A684638
:101430000831FFF7DBFFF0E700400540FFA2E111B4
:10144000E893011001707047094A83009A1810B59B
:1014500014684022544080322240064CC000A4460A
:1014600063441A60044B9C466044416010BDC04612
:1014700004C0014004D0014000400140074B8000FF
:10148000C3181B68C90092000A435A400C2313403A
:10149000034A9446604403607047C04604C001405C
:1014A00004D001408000002905D0064B9C46022351
:1014B000604403607047044B9C4602236044036011
:1014C000F8E7C04604E0014004F00140D0231B06C9
:1014D0001B6830B50500584243412F205B428343CF
:1014E0000E48EC08844607202840800081402000F8
:1014F0000B4D3C3063448000A40041511B19002A6D
:1015000005D08022920194466344196030BDC02208
:101510009201944663441960F8E7C04630410140A7
:1015200000400140D023F0B5C6461B0698461B6814
:101530000C4F9B001600FA5804000D0000B5104235
:1015400009D1290014430D203200FC5000F092F91B
:1015500080BCB846F0BD01F05DFB43461B689B00B4
:10156000FA58EEE7747F002010B504000D2000F05B
:101570007BFAD0231B061B6802499B005A58A243E2
:101580005A5010BD747F00200123D02283401206E0
:1015900093629361094A83009A181168402251406E
:1015A00080320A400649C0008C4663441A60054BED
:1015B0009C460523604443607047C04604C0014018
:1015C00004D00140004001408023DB051868000F73
:1015D0007047C0460FB400B5084883B003F072FEF0
:1015E000049B002B07D005A91800019103F0C0FC53
:1015F000034803F067FE012003F0D2FCFC930110C6
:101600006CB00110EFF3108072B6034A1368002B20
:10161000FCD0BFF35F8F70472C0100D0BFF35F8F0A
:101620000022024B1A6080F3108870472C0100D012
:1016300070B5EFF3108C72B60D4D2B68002BFCD0FB
:10164000BFF35F8F0724CB08C618C05C01230C4092
:10165000A3401C000440034207D118433070BFF37D
:101660005F8F2C608CF3108870BD1000FFF7B2FF05
:101670002C0100D0F8B54746CE46884680B5EFF33A
:10168000108C72B61C4D2C68002CFCD0BFF35F8F01
:101690009A4222D807210126894602E0013293426C
:1016A00018D34D4637001540AF40D4080119045DEA
:1016B0002742F3D110003C430C70BFF35F8F002230
:1016C0000D4B1A608CF3108800280EDBC0BCB946A5
:1016D000B046F8BD01204042EFE7BFF35F8F002323
:1016E0002B608CF31088012040424346002BEDD044
:1016F0000898FFF76FFFC0462C0100D030B5EFF31C
:10170000108C72B60A4C2368002BFCD0BFF35F8F9D
:10171000072301220B409A40CD08435D9343435574
:10172000BFF35F8F002323608CF3108830BDC04669
:101730002C0100D0044A1078431CDBB2172B00D9CF
:10174000102313707047C0464812002010B5064B96
:10175000064C82B00100009318221F232000FFF7DF
:1017600089FF02B010BDC0460C940110241E002059
:101770000021044B044ABFF35F8F02C39342FAD1A6
:101780007047C046000100D0800100D0054B064ADA
:101790001360064A136053609360D3601361536112
:1017A000936170478080808000E400E004E400E002
:1017B0001F2318401E3B8340002905D0C021044A46
:1017C0004900535013607047802201498B50FAE75B
:1017D00000E100E001228240034B1B6813405A1EC7
:1017E0009341D8B27047C04600E100E00123834036
:1017F000014A13607047C04600E200E0064B10301B
:101800009B688000C358054A00209B1A2F229A42E9
:101810004041C0B27047C04600ED00E04C120020CD
:1018200070B50D00EFF3108672B60F4A1368002BE7
:10183000FCD0BFF35F8F0D4B10309B6884001B59A9
:101840000B4A934203D09D4201D001F0E3F9074BCC
:101850009B681D51BFF35F8FBFF35F8F0022024B68
:101860001A6086F3108870BD240100D000ED00E0FE
:10187000C1010010F0B557464E46DE464546E0B57C
:1018800085B0060000911700EFF3108B72B66A4A1C
:101890001368002BFCD0BFF35F8F0025674B5D57AB
:1018A0009A46002D00DAA9E06B00654C01935B19A4
:1018B0009B009846A146C1444B4652469B79103640
:1018C0001370604BB6009B6899590B1B2F2B33D9B3
:1018D0005D4B994200D0ACE0019B42469C465B4B7D
:1018E0006544AD0063535A4B0232A218043B9B1A65
:1018F0001B05584A5B0D651913436B80564B01213C
:10190000AB80FF23AB71009BEF71AB604B460B4389
:1019100019004C4B9B689951BFF35F8FBFF35F8FEA
:101920000022454B1A608BF3108805B0F0BCBB4613
:10193000B246A946A046F0BD01200A008243D379F1
:101940008C46BB4231D84546130044491B1B5B41C2
:101950005943090D3D4B63533D4B02356519043B1B
:101960005B1B1B053B4D5B0D2B43AA464D466B8015
:101970000425AC465546E044131F44441B1B1B057D
:101980005B0D1D434B46997100999D8099604946B6
:10199000DF71334B01431360BBE75800C018800070
:1019A0002018C179B9422FD902000623D356002B43
:1019B000F3DA02932B4B61460393131D9A460423DB
:1019C0005B429C46E14450464B461B1A1B055B0D8F
:1019D0009C46204B9571984663464046034393804E
:1019E000019B5A199200039BA418A380029B1C4AD6
:1019F000A371009B2260E771A3608AE701F00AF9F6
:101A0000002553465D574FE7908802934005131D0C
:101A10009A46031561469C464046D44463460430CA
:101A20002018181AE0230005400D1B0218430390EC
:101A3000C5E701F0EFF84FE7240100D0FD8000205A
:101A40004C12002000ED00E0C101001000A1FFFFDA
:101A50007C12002000E0FFFF01BDFFFFAAAA0000EA
:101A60000148804701BD0000F0B5DE4657464E46AE
:101A70004546E0B50C0083B0EFF3108872B6634AB8
:101A80001368002BFCD0BFF35F8F614B61499A68EC
:101A9000030010339F00D55901938D4243D0A542D6
:101AA00054D05D4EAA1B2F2A3DD85C4B9B461B6829
:101AB000994601231A009C4682404B4613401F2240
:101AC00099466346024093409A4680225B465046C0
:101AD0009850BFF35F8FEFF305839B46002B37D001
:101AE000019B5B4501D001F095F801232A009A4340
:101AF0009068844208D176E04B005B189B00F31895
:101B00009868844236D01A00062151560029F3DA2B
:101B1000844254D04B46002B27D0C02251463F4B25
:101B20005200995019603A4B9B68DD51BFF35F8FAB
:101B3000BFF35F8F0022354B1A6088F3108803B023
:101B4000F0BCBB46B246A946A046F0BD0D00EAE790
:101B50002A0063469A4390688442D5D106201056E5
:101B6000130000280ADA0D0031E0802351462B4A89
:101B7000D150D8E706201856002821DB4200111862
:101B8000890074188B46A1689960E179D9710621A2
:101B900061569971002924DBA488F11A6405241583
:101BA0005C44091909051E4C490D214399801318FD
:101BB0001C4A9B001178F31899711070AAE7130062
:101BC0005946002914D1FF31917117499180154967
:101BD0000A789A71154A9B1B5B415A43120D0A7091
:101BE00098E71149E2E70620105613000028C5DAED
:101BF0000F4A1049D21A083A5002400D0143998009
:101C00000D4952080A43DA8084E7C046240100D017
:101C100000ED00E0C10100104C12002000E100E0E6
:101C200000E0FFFFFD80002001BDFFFFAAAA000029
:101C30008612002000F0FFFF00F8FFFF10B58308B8
:101C4000040003202040FF24054AC000944684403D
:101C500081409B0063441A68A2430A431A6010BD86
:101C600000E400E070B501240443EFF30581EFF3D5
:101C7000108C72B6214A1368002BFCD0BFF35F8F23
:101C80001F4B05001F4AED1A6D416A43120D1E4D90
:101C90008900AE6852B27658A6421CD00621595629
:101CA00091421CD012215956914222D01E215956E0
:101CB000914220D02A2159560324914210D0134B2F
:101CC00019781A708171BFF35F8F00220B4B1A6075
:101CD0008CF3108870BDAB680D4C5C50EFE70024AE
:101CE0006100091989005B18FF21997109499980E0
:101CF000E5E70124F4E70224F2E7C046240100D01E
:101D00004C120020AAAA000000ED00E0FD80002097
:101D1000C101001001BDFFFF1F2110B5091A0248C3
:101D2000FFF7ECFC10BDC0460881002010B5084B41
:101D3000084C82B001000093002205232000FFF729
:101D400099FC002801DB1F23181A02B010BDC04601
:101D5000289401100881002070B504000E001500C1
:101D6000FFF7E8FC0100200000F006F8A680E580FF
:101D7000BFF35F8F70BDC046024B9C466144890033
:101D8000016070474000003470B5114C114DAC42F9
:101D90000FD2FF262368002B0CD0FFF7CBFC0100ED
:101DA0002000FFF7E9FFA680BFF35F8F0834AC4245
:101DB000F0D370BDFFF7BEFC01002000FFF7DCFF91
:101DC0002671BFF35F8F0834AC42E3D3F1E7C0461E
:101DD000681300207013002010B50400FFF7AAFC60
:101DE00001002000FFF7C8FFFF232371BFF35F8FBF
:101DF00010BDC04610B50400FFF79CFC0100200098
:101E0000FFF7BAFFFF23A380BFF35F8F10BDC0466B
:101E100010B504000120FFF799FC034BC3189B0089
:101E20002360BFF35F8F10BD40000034034B9C461E
:101E3000614489000160BFF35F8F70474000003448
:101E40000A4B1968EFF3108072B60A68002AFCD0BA
:101E5000BFF35F8F1B68BFF35F8F00221A6080F3B0
:101E6000108840BF002000217047C04694800020A9
:101E7000F0B5DE4657464E464546E0B587B0EFF32F
:101E80000583032201251A40954091008846A94602
:101E9000B34B03925C58B34B1D60B34B04934B465A
:101EA000B24843630823E55E002D37DAA3881BB2EE
:101EB000002B00DBADE0A379002B00D0EEE008237F
:101EC000E05E002820DB430062691B18DB00D318AA
:101ED0009E68DD68731C00D111E1A44801004144F3
:101EE000826A0B69B71A9B1A9F4215D30123026AB3
:101EF000039883401A420FD09C4800F01DFC8D428D
:101F000002DCCCD18642CAD940BF07B0F0BCBB4688
:101F1000B246A946A046F0BD0E61EDE762696B00CE
:101F200092465B19DB009A4453469E68DF6800F0D6
:101F300003FC8F42BADC00D103E1002F00DAE8E0B5
:101F40005246534652691B699346049A934200D104
:101F5000D9E052460821605E528800045946104379
:101F60009847009001910099019A0B0010001343CB
:101F700000D1CEE013000A00B61A9F41002806DB0C
:101F80007A4800F0D9FB009E019F36184F41534616
:101F90009E60DF6000229A5E002A00DA86E7530026
:101FA00099186069C900411802938B68C9689B46FB
:101FB000B94200DD7AE702D1B34200D976E70823BF
:101FC0009C46A444059565462281A446029B2C00AC
:101FD00006E053009918C90041188D68C968AB46DE
:101FE0009B18DB00C318B94206DC00D1B3E01C002B
:101FF0000023E25E002AECDA230064469C46534646
:102000001A806346059D1D80A3881BB2002B00DA51
:1020100051E72269EFF3108172B61368002BFCD0F0
:10202000BFF35F8F0123A7885B42A3803FB2236980
:10203000BFF35F8F00221A6081F31088002F00DA4F
:1020400039E72300083322009A4666697B00DB19D2
:10205000DB00F318996850468C460824115FDD6850
:10206000002910DB029306E0AB4244D00023E15E7E
:102070002000002906DB4C006418E4003419E368F2
:10208000AB42F1DD029B078000201F5E1980002F0C
:10209000DCDA1400A379002B00D110E70023A37130
:1020A00026000823E15E08364B1C00D12CE708000F
:1020B000A246656902E03E004B1C1AD04B005B183B
:1020C000DB00EF180A008C46E95E7B881BB2002B10
:1020D000F1DA01235B42DC17BB60FC60824205D071
:1020E000534631801B893B8053461A8160464B1C06
:1020F000E4D15446E5E6A3686345B7D9C2E76B1C53
:1021000000D0EAE6F8E65B4658461B699847002887
:102110001BD153461B8822692381EFF3108372B6CB
:1021200011680029FCD0BFF35F8F514662880A8096
:1021300022696580BFF35F8F0021116083F31088EF
:10214000B4E6864200D8F8E6B0E65B461A685B68FB
:102150000092019307E7B34500D848E74CE7C04633
:10216000A86F00203C700540711E00100040054023
:1021700070B52E4C2569002D04D00A212C48FFF79C
:10218000FBFD70BD2B4E0321300000F0CBFAE66062
:10219000FFF7D0FA284B03229C46D02322701B065F
:1021A0001B6801216370254B6044A3600F238000EE
:1021B00020610220638063694942A1801980023155
:1021C000198647311D83585218315A5275325C397D
:1021D00099521832013199521832013199521832FC
:1021E00001319952083518329D52023118329952F4
:1021F0001832013199521832013199521832013195
:1022000099521832013199521832013199520C4BBE
:102210000C49DC6001303562FFF702FB012103202D
:10222000FFF7C6FA084B1D60A7E7C04694120020CE
:10223000948000200040054040000034FFFF100063
:10224000A86F0020711E00103860054000487047DC
:1022500094120020F8B51F0008AB1B78040016008C
:10226000002B08D100F070FA32003B00121A8B41AB
:10227000002B00DA52E02269EFF3108072B6136887
:10228000002BFCD0BFF35F8F0223E15E63694A003D
:102290005218D2009B182269002936DB1D88658000
:1022A000BFF35F8F0025156080F31088069A9E604B
:1022B000DF601A61079A5A615A8801325204520C3F
:1022C000101C002A1FD082B25880080410432669CF
:1022D000EFF3108772B63268002AFCD0BFF35F8F2D
:1022E000A2881A80A1802369BFF35F8F00221A6041
:1022F00087F310880A4923788C4601329A40E368B4
:1023000063441A60F8BD0120DDE7BFF35F8F00234F
:10231000136080F3108801204042F3E70020F1E7CA
:102320003C20000070B501000469EFF3108C72B618
:1023300020680028FCD0BFF35F8F02200D5E4C693F
:1023400068004019C00024180869002D36DB268873
:102350004E80BFF35F8F002606608CF31088E36029
:1023600063880498013320615B0405985B0CA260CC
:1023700060611A1C002B1FD093B22804628018439E
:102380000A69EFF3108C72B61368002BFCD0BFF310
:102390005F8F8B8823808D800B69BFF35F8F002256
:1023A0001A608CF310880B7801329A40CB68084988
:1023B0008C4663441A6070BD0122DDE7BFF35F8F76
:1023C000002303608CF3108801204042F3E7C046ED
:1023D0003C20000010B543890A1493421ADD5300D3
:1023E0009B184269DB00D3180469EFF3108C72B6B6
:1023F0002268002AFCD0BFF35F8F5A88090494B288
:10240000090C8A4208D00369BFF35F8F00221A606B
:102410008CF31088002010BD8022120214435C80CF
:10242000012302698371BFF35F8F002111608CF378
:102430001088044902788C469340C26801206244A7
:102440001360E8E73C20000040787047F0B50600D4
:102450000F0006246442E517C646A4197D4100B565
:1024600082B08D4214D811D000F06EF922002B00FA
:10247000121A8B41002B15DC002B44D030003900A0
:1024800000F06CF902B080BCB846F0BD8442EBD9D4
:102490000024002500F058F922002B00121A8B416D
:1024A000002BE9DD00F050F922002B00121A8B41BD
:1024B000002B0ADB00230193144B220000931448E5
:1024C0002B00FFF72FFF0130D8D0A04629000024B1
:1024D000104A1148536A994204D8956A4545CDD2AD
:1024E0009942CBD10568EFF3108C72B62B68002BA4
:1024F000FCD0BFF35F8F0368BFF35F8F1C608CF36A
:10250000108820BFE6E7002AB8D0CBE7411E0010B4
:10251000941200200040054094800020F0B5C6468B
:1025200000B582B0040000F00FF9FA2206000F0097
:10253000200000230021920001F03EF8801979412B
:1025400004000D1E02DA01242E4D64420626764256
:10255000F71736196F41AF4214D811D000F0F4F8D4
:1025600032003B00121A8B41002B15DC002B46D0A9
:102570002000290000F0F2F802B080BCB846F0BD9F
:10258000A642EBD90026002700F0DEF832003B001F
:10259000121A8B41002BE9DD00F0D6F832003B0027
:1025A000121A8B41002B0ADB00230193164B3200D9
:1025B000009316483B00FFF7B5FE0130D8D000234A
:1025C0003900B0469C46124A1248536A994204D8D0
:1025D000966A4645CCD29942CAD10668EFF3108775
:1025E00072B63368002BFCD0BFF35F8F0368BFF374
:1025F0005F8F66461E6087F3108820BFE5E7002ADC
:10260000B6D0C9E7FFFFFF7F411E001094120020E3
:102610000040054094800020F0B557464E46DE4607
:102620004546E0B506000F0085B0EFF305839946F7
:102630008B46002B12D0384900204B6ABB4206D390
:102640008A6ADB1B591E8B41B2424041184305B0D8
:10265000F0BCBB46B246A946A046F0BD2F4B9A46F9
:10266000DB68984653461B784046039300F064F8B5
:102670004246039B040004339B009B580D001B1A29
:1026800039003000001BA941894510DC0DD020BF66
:10269000214A0020536A5B45D9D3926ADB1B591E3D
:1026A0008B41B24240411843D1E78342EFD900F059
:1026B0004BF832003B00121A8B41002B1ADB00232F
:1026C0000193174B3200009350463B00FFF72AFE60
:1026D000011E0FDD104B5A6A5A451BD39B6AB34249
:1026E00016D35046FFF776FE0B4A0020536A5B452F
:1026F000ADD3D2E7084A0020536A5B45A7D3002038
:10270000926ADB1BB24240415A1E934118439EE736
:102710005A45E6D120BFE4E700400540941200206E
:10272000411E001010B5024A0248FEF781FF10BD9D
:1027300044940110281E00200300416A0A00986A90
:10274000596A8A42FAD17047034B596A0A00986A5B
:10275000596A9142FAD1704700400540064A536ACF
:102760009942FCD807D1044B02E05A6A914202D147
:102770009A6A9042F9D8704700400540F8B5DE46A5
:102780004E4657464546E0B58B4605000A99180067
:10279000160000F097FB0A9B6C001F02324B641975
:1027A0009C46A4006444636881469F4200D96760E8
:1027B0002B1FDBB29846012B30D9C02380229B010E
:1027C000E31812011A60294BAD0059599A460029A5
:1027D0001BD17301E026226853401E4080234246ED
:1027E0005B01E3181E60012A30D9802380229B01FF
:1027F000E31812011A6053464A4667605A51F0BC0A
:10280000BB46B246A946A046F8BD586900F05AFB3F
:10281000013043001B18033BFDD2DAE75B46012B76
:10282000CBD1C02303229B01E3181A60023AA368AC
:102830001A42FCD07301E0262268AD0053401E40CE
:1028400080230A4A5B019246E3181E605A462168BB
:10285000514003220A401A6001225B469A40A36855
:102860001A42FCD0C1E7C04600800040301E002064
:10287000F0B546464F46D646C0B51F00344B44001F
:102880009C462418A4006444636888461600FF2B05
:1028900002D880235B006360031FDBB29A46012BE2
:1028A00030D9C02380229B01E31812011A60294B02
:1028B00085005959994600291BD17301E0262268E9
:1028C00053401E40802352465B01E3181E60012ADC
:1028D00030D9802380229B01E31812011A608023E3
:1028E0005B0063604B465F51E0BCBA46B146A84608
:1028F000F0BD586900F0E6FA013043001B18033BB5
:10290000FDD2DAE74346012BCBD1C02303229B0142
:10291000E3181A60023AA3681A42FCD07301E02659
:102920002268850053401E4080230A4A5B0191467D
:10293000E3181E6042462168514003220A401A6093
:10294000012342469340A2681342FCD0C1E7C0462F
:1029500000800040301E0020014B8000C0587047AE
:10296000301E0020F8B5040021481E0017000D009D
:1029700000F0A8FA0100380000F0A4FA069B360423
:102980001B031E432368002B20DB1A4B1A49E31854
:102990005A1E93418022920194465B421B0B174AB8
:1029A0001B0363441360164A13601F000A689743B1
:1029B000FBD1144B2560E2182123A060136023682B
:1029C000002BFCDA0823E6601360F8BD3F23226881
:1029D0001340AB42D9D1A3681B051B0D8342D4D150
:1029E000EE22E368D2021340B342CED1EDE7C046F7
:1029F000001BB7000040FDBF08C0004000E00040E1
:102A000000F0004004300000024B1A68024B5A608C
:102A10007047C0463C31002000800540194B1A4ADF
:102A200010B5DA618022194BD2051A60184C194A88
:102A3000146000290AD0E022174BD2041A60002843
:102A400009D18022144B12061A6010BDE022D20474
:102A50001A600028F5D043011B1A9B001818802328
:102A600000015B04984209D203000C4A13608022E3
:102A7000044BD2055860084B1A60E6E7084B180073
:102A8000F3E7C046008005402131B76A00B0054039
:102A9000FCFF01000820014000A005403C3100205F
:102AA000FFFFFF0010B580241C4BE4051C600028CC
:102AB0001AD001231A4C18431A4BDC611A4C4440BB
:102AC0001C62596298628021144BC905196017482D
:102AD00017490860E021C9041960002A07D1802243
:102AE000144B12061A6010BD0E4BD861EBE7530170
:102AF0009B1A9B009A18802312015B049A4209D208
:102B000013000D490B60074B5A608022094BD20518
:102B10001A60E8E7094B1A00F3E7C04600B0054029
:102B2000D3C007B0008005402D3FF84FFCFF0100E7
:102B30000820014000A005403C310020FFFFFF00BD
:102B4000024B9868431E9841C0B270470080054010
:102B50008023024A9B000B43D362704700800540EC
:102B6000002310B50100988A1B8B984710BDC04602
:102B7000162310B50100188802331B88984710BD32
:102B8000F8B54746CE4680B50F1E18D01423994697
:102B9000043304000025012698464B461888434616
:102BA00021681B88984701C4431E9841013506409F
:102BB000AF42F2D13000C0BCB946B046F8BD0126E4
:102BC000F8E7C046002370B504000D00988A054957
:102BD0001B8B984703000020002C01DB0130A04034
:102BE0002900984755420000AA23064A1B0113609A
:102BF0008D235B00D3600449044B19605368002B9C
:102C0000FCDA70470040024000B0FA000060024069
:102C10007047C04610B50148FEF7DCFC689401100F
:102C200070B5074D074EB54209D20024013E761B10
:102C3000B60808CD984723000134B342F9D170BDDE
:102C4000409101107C910110054B064A06491A601B
:102C5000064A074B1A6010000B689843FBD1704777
:102C600000E00040BFCDFBFE08C00040FE7F3C00FE
:102C700000F00040044BDB6C002B03D18022034B9F
:102C8000D2021A607047C046000011504C2011500B
:102C9000044A054B1A60054A1368DB018033FBD1F7
:102CA0007047C046FFFFFF0100F0004008C0004031
:102CB0004022034B9A675A671A67DA667047C04624
:102CC00000F0014010B5FEF753FD10BDF8B52749DF
:102CD000274C284D641AA6103200302E00D930221D
:102CE0002800920000F0C4FCBC2C3BD830202F23DD
:102CF0002C196407204A801BE40F9B1B052B16D957
:102D00003700002C02D0B300771CEA50001B3319A7
:102D10009B004108EB18C900C9181A605A600833B3
:102D20009942FAD1012303421CD09843C619B3003B
:102D3000EA50731C2F2E15D09B00EA50B31C2E2E88
:102D400010D09B00EA50F31C2D2E0BD09B00EA50B4
:102D5000331D2C2E06D09B00EA50731D2B2E01D064
:102D60009B00EA50054B9D60F8BDC0460001001075
:102D7000C001001000000020C101001000ED00E0C3
:102D8000002310B5294C82B0A367FFF72DFF012265
:102D9000274B1A60636C012BFCD10322254B1A6070
:102DA000224A936B012BFCD1013300930121224A6B
:102DB00022480433FFF7D6FD052301210093204A62
:102DC0002048FFF7CFFD0022022104201E4BFFF711
:102DD0004FFD0022012105201C4BFFF749FD002279
:102DE000002107201A4BFFF743FD00220021082095
:102DF000174BFFF73DFD8023DB00009300220021ED
:102E00000920134BFFF7BAFC0022104B00210620CB
:102E1000FFF72EFD0420FFF79FFD0E4900F052F84A
:102E200001000020FFF794FE02B010BD00800040BA
:102E30003CB0004030B00040002F68590080024094
:102E4000008C864700C00240001BB7004059730742
:102E5000006CDC0240420F0001480421014B18477E
:102E6000B0120020812B0010014B9B681847000016
:102E7000B0120020124A936F9B0815D29066D1665B
:102E8000002905D0FFE7FFE7FFE7516F106F70479C
:102E900004B580210906C2175140002800D0C8435C
:102EA00016F0E6F8002104BDF0B5146E556E576FAC
:102EB000166FFFF7E3FF1466556657671667F0BD98
:102EC000000000D0114A936F9B0813D21066516620
:102ED000002905D0FFE7FFE7FFE7516F106F70474C
:102EE00004B5002801D00020C04316F0C1F800212D
:102EF00004BDC046F0B5146E556E576F166FFFF7E0
:102F0000E5FF1466556657671667F0BD000000D0F0
:102F100094464A4A926F9208624601D228E0C0461F
:102F2000F0B5464E346E756E776F366F00F020F850
:102F30009446424A14665566576716676246F0BD66
:102F400094463E4A926F9208624601D254E0C046CF
:102F5000F0B53A4E346E756E776F366F00F04CF800
:102F60009446364A14665566576716676246F0BD42
:102F7000002B24DB11D000293EDA00B5C9434042C2
:102F800000D1013100F038F8C943404200D101318D
:102F9000DB43524200D1013300BD002AEBD10028AF
:102FA00001D1002905D00020C90FC90701D1C043B4
:102FB000410800B516F04CF80022002300BD00B512
:102FC00000290ADBDB43524200D1013300F014F840
:102FD000C943404200D1013100BDC943404200D144
:102FE0000131DB43524200D1013300F005F8DB43ED
:102FF000524200D1013300BD002923D1002B18D14A
:10300000002A0CD0BC460D4F38667A66002100239A
:10301000FFE7FFE7FFE77A6F386F674670470028E2
:1030200001D00748010000B516F012F80022002375
:1030300000BD02000B00002000217047000000D0FE
:10304000FFFFFFFF002B00D0BFE0130C28D1002AA8
:10305000E7D080B4114F39667A66FFE7FFE730B4F6
:10306000040C7B6F396F1B0423433B667A66FFE7D2
:10307000FFE7FFE7C04684B27B6F3D6F1B0423432D
:103080003B667A66FFE7FFE7C04600232C042D0C61
:103090007A6F386F00196941B0BC7047000000D0EA
:1030A000F0B594460025140E01D112020835140F14
:1030B00001D112010435940F01D192000235D40FD1
:1030C00001D152000135D40B0134254F7C66254CCB
:1030D0003C660E0C93B2FFE7FFE7FFE73C6F6643E9
:1030E000360C7703BE467343DF0B5B04C01AB9414D
:1030F000130C7343DB18C91ACE086643360CB6446A
:1031000093B273431F0F1B01C01AB941130C7343D1
:103110001F0B1B05C01AB941860D8F023E43664343
:10312000360C092D24DB520A7243801A7703460AB3
:103130006643360C16235B1BDE40DF40BF19644636
:103140006643821B7046043506330100D940A8400F
:10315000C01900D30131A24206D20023F0BD000005
:10316000000000D0FFFFFFFF121B0130F3D3F1E797
:1031700009277F1BFE406446A2B27243801A00D228
:103180000139220C7243130C1204821A99410B006C
:103190007046043513370100F940A840801900D368
:1031A0000131002B02D1A2420AD2F0BD013000D37E
:1031B0000131121BFAD2013BF8D1A24200D2F0BD7C
:1031C000013000D30131121BF7E7F0B51C0C00D021
:1031D00080E00CB400251C0A04D11B02160E3343F8
:1031E000120208351C0B04D11B01160F33431201C8
:1031F00004359C0B04D19B00960F3343920002359B
:10320000DC0B02D192185B4101351C009718644118
:103210000134464F7C66464C3C660E0CFFE7FFE7E8
:10322000FFE7C0463C6F6643360C7703BE4697B255
:103230007743C01B00D20139C01B00D201399FB2B5
:103240007743C91BC91B170C77437E04FF0B801BF8
:10325000B941CE086643360C0C2D33DBB644120B55
:103260001F053A431B0B97B27743C01B00D20139AD
:103270009FB27743C91B170C77433E043F0C801B5A
:10328000B941860D8F023E43664329277F1BFE40CE
:103290000C3D7746AF40BF1930BCA2B2ABB272430F
:1032A0007343801A9941220C7243130C1204801A42
:1032B000994102000B000137001BA941F9D2781E89
:1032C0000021F0BD0C277F1BFE4077467F0BAF40EF
:1032D000FF19E0E700245D1C07D0144F7D663966B6
:1032E000FFE7FFE7FFE7FFE73C6F95B29EB265435C
:1032F0006643401BB141150C1E0C65436643360402
:103300002F0C3E432D04401BB141994204D20200D0
:103310000B0020000021F0BD01D19042F7D3801AAC
:10332000994101349942F2D3F6E70000000000D041
:10333000FFFFFFFF48404140484018B4134B5B6813
:10334000019308BD18B4114B1B68019308BD944646
:103350000F4A926F920805D2624618B40B4BDB6895
:10336000019308BD0A4AF0B5146E556E576F166F7B
:103370006246FFF7F2FF064A1466556657671667FE
:10338000F0BD18B4014B9B68019308BD481500209F
:10339000000000D0FFB550404240504059404B40E3
:1033A000594000E0FFB5154F4C00640D03D0BC42FE
:1033B00004D10C0314D80020090D09055C00640D2C
:1033C00003D0BC4204D11C030AD800221B0D1B05EC
:1033D00001264B4009D44B4003D58B4200D1824299
:1033E000FFBD9942FCD19042FFBD0B43DB18034364
:1033F0001343F5D0C9434918FFBD0000FF07000083
:1034000000B5FFF7CFFF804100BDC04600B5FFF714
:10341000C9FF01D9002000BD012000BD00B5FFF7A4
:10342000B9FF01D9002000BD012000BD00B5FFF7A4
:10343000B1FF804100BD012040054A00121804D8A8
:103440005A00121801D80020704701207047000070
:103450000021002805D17047C1174840401AFAD012
:10346000C90713B5064B1B6898470CBC441CA24007
:103470001005120B0349091B09051943114310BD1F
:10348000907F00201F04000010B54C00620D8023C7
:10349000D218DB00D21A5B057E2A10DD9E3A13DAC1
:1034A000CC170903490819435242D1406400013442
:1034B0001532202A05DAD0400843604310BD0020B1
:1034C00010BD0846604310BDC80FC018013810BDBC
:1034D00018B4024B5B6A019308BD00004815002038
:1034E00010B50148FEF776F874940110132370B5F7
:1034F0001D78012D19D014DD1D48FFF739FB06009A
:103500001C48FFF735FB1C4C80223100200000F0E6
:10351000AFF8022D06D01948FFF722FB184B1860B0
:1035200070BD154C174BA364F5E7174B124C236085
:103530006360A360E36023616361A361E36123626D
:103540006362A362E36223636363A363E36323644D
:103550006364A364E36423656365A365E36523662D
:103560006366A366E36623676367A367E367D9E7D8
:103570005344000053460000481500204C3300001F
:10358000907F00208D350010E134001007B56046B3
:1035900001880A0A0230DF2AFAD1C9B2820804D3AC
:1035A000028840880004104300E00068014A50503F
:1035B000039007BD4815002051434343C9188C466A
:1035C000110C83B24B4310B4040C614392B280B22D
:1035D000504362431C041B0C001910BC59411304D6
:1035E000120CC018514161447047000010B50148E9
:1035F000FDF7F0FFBC930110132310B510481C78A1
:10360000FFF7B6FA0100012C0AD003DD80220D4835
:1036100000F02EF80C48FFF7A3FA0C4B186010BD11
:10362000084C5422200000F023F822000849803280
:103630002368002B00D1216004349442F8D1E9E7DB
:1036400053460000947F00204C330000907F002000
:10365000ED35001001480421014B1847C01200202D
:10366000812B0010014B1B6818470000C01200207E
:10367000014B5B6818470000C01200209A4200D23C
:10368000885470477047C046F8B55746DE464E46E8
:103690004546E0B599460A9B07009A460D9B884629
:1036A00093460B9C9B073BD10C9B9C423DD21E1B1F
:1036B0000B9415000C005E442A004B460135210096
:1036C0002020B847B542F7D1A0460B9C002C20D053
:1036D000454636195346321B013C185D29004B46BE
:1036E000B847002CF6D12B00350098460D9B9B0760
:1036F0000FD55B46EC1A0C9BA3420AD94646984666
:103700002A004B46310020200134B847013544459A
:10371000F6D32800F0BCBB46B246A946A046F8BD89
:1037200016001500002CD3D1E0E716001500002C80
:10373000CED1EEE7F0B54546DE4657464E46E0B5FB
:1037400085B09C4610AB1B78149F934698460F9CFF
:10375000129E139DBB074CD4002D42D1B44248D2D7
:1037600001233B4099460E9B013B9A46302304E0DF
:10377000524601341355A64201D9202CF8D14B46AC
:10378000002B00D183E00E9B013B99463023A542DC
:1037900005D82EE04A4601341355AC4229D0202CDE
:1037A000F8D1FB060CD57B0554D4A64263D0A542C4
:1037B00061D0119B102B50D0022B57D0202C32D12E
:1037C000202301930E9B5A4600930397634602956C
:1037D000FFF75AFF05B0F0BCBB46B246A946A0466B
:1037E000F0BD01233B40994601233B422AD1B4421C
:1037F000B9D3FB061CD57B05DBD4002CD5D1119B9E
:10380000102B5BD0119B022B6BD0302301240E9A1E
:1038100013704346002B10D17B073ED52B260E9A02
:10382000631C1655CDE72300013430260E9AD6547A
:10383000202CC5D04346002BEED02D260E9A631CBB
:103840001655BEE74346002B2FD0013DB44200D2AF
:1038500089E798E7119B102BB2D1BB0637D5202CF6
:10386000AED058230E9A13550134A7E7202CA7D0C9
:103870002300013407E0631E012CC0D0119A102AE6
:1038800031D0022AD1D162260E9AD65496E7FB0691
:10389000CED57B0500D488E78BE723003E0790D583
:1038A00020260E9A013316558BE70C233B405A1EF7
:1038B0009341ED1AB44200D255E764E7BB060ED43B
:1038C00078230E9A0224137030235370A1E7202C22
:1038D00000D175E778230E9A135501346EE758230B
:1038E000EFE76033EDE70E9AA61E91464E44BA0606
:1038F00002D55822327098E77822327095E7C04698
:1039000010B5002800D110BD01F092FCFBE7C046C5
:103910000B0010B5002802D049681B68984710BDFD
:10392000F0B55746DE464E464546E0B595B083466F
:103930000F00924698461E9A1F9B10001900209E69
:10394000FFF779FD002800D0EAE11E981F990122B7
:10395000C54B5242FFF754FD002800D014E11E98D9
:103960001F990122C14B5242FFF760FD002800D091
:10397000E9E01E981F990022BD4BFFF757FD002874
:1039800000D0C8E01E981F990022BA4BFFF738FDFF
:10399000002800D0BFE01E981F9900220023FFF7E7
:1039A0002FFD002800D0E4E000230B93229B5B0551
:1039B00000D406260024302307E0172106AA01348C
:1039C00052181355013E202C01D0092EF5D81E980F
:1039D0001F99FFF759FDA84BF2009B181A685B6806
:1039E000050008920993FFF737FD02000B001E98AF
:1039F0001F99FFF7A2FC089A099BFFF7C2FC0690EB
:103A00000791FFF765FD8146FFF722FD02000B00DD
:103A100006980799FFF791FC0022984B06900791B2
:103A2000FFF704FD002800D10DE101239C46E1448D
:103A30004846FFF70DFD02000B0008980999FFF7B3
:103A4000E5FC002802D0002399460135002E00D164
:103A5000D9E006954D46B94614E006AA94461723C8
:103A60000A216344280001341F19FFF72BFA303173
:103A7000397028000A21013EFFF724FA092D00D8E9
:103A800017E10500202CE8D14F46069D20240CAEFE
:103A900006AA17239446634499465B46B3460693A9
:103AA0000FE04B4628000A210134E618FFF7E2F93F
:103AB0003031280031700A21FFF7DCF9051E00D1F2
:103AC000E4E0202CEDD1069B5E469B460323229A20
:103AD0001340012B18D1219B002B15D00B9B002BE1
:103AE00000D1FDE0219B013B2193202B0CD93023F9
:103AF000219A07E0172006A9013409180B559442B2
:103B000000D3CCE0202CF5D1229B01940393219B80
:103B10000096029322E0229B52460493219B390097
:103B2000039358461E9B1F9C0296009301944346A4
:103B300000F04AF90400200015B0F0BCBB46B246C4
:103B4000A946A046F0BD229B5B070FD403224C4B35
:103B50002299019203912199009302914346524682
:103B600039005846FFF790FD0400E4E70422454B76
:103B7000EEE71E9A1F9B00200021FFF7DEFB0123CA
:103B80001E901F910B9311E7229B54469B0711D166
:103B9000219B042B0ED9219B55469C465E46043C36
:103BA00064442A004346013539002020B047A5422D
:103BB000F7D1B346344D26002B1F99465B46A346EA
:103BC0001C003200E87843463900013DA047013629
:103BD0004D45F6D123005C469B46229B04349B074F
:103BE000A9D55346219AE31A9A42A4D95E461500F4
:103BF0002200434639002020B04753460134E31ADF
:103C00009D42F5D897E72800FFF726FC02000B003D
:103C10001E981F99FFF791FB0022184B0690079101
:103C2000FFF7EEFB0CAE002800D031E706980799AD
:103C30000022124BFFF7FAFB002800D028E70123EF
:103C400001359D4324E70022069807990B4BFFF7A7
:103C5000D7FB002800D0F9E64B46002B5CD10123AE
:103C60009C46E144F2E6C046FFFFEFFFFFFFEF7F17
:103C700065CDCD4165CDCDC198B301100000E03FC9
:103C8000D4940110CC940110DC940110069B5E4684
:103C90009B460323229A1340012B00D181E0202C64
:103CA00000D131E70B9B002B27D02D233355013456
:103CB0002AE74F46069D202C00D1E7E63022331933
:103CC00007E0172006A9013409180A55202C00D155
:103CD000DCE6A342F5D12E220CAE0134F254D7E635
:103CE0000C23229A134257D0219B013B2193A342DC
:103CF00000D9FCE6202C00D106E7229B5B0703D508
:103D00002B2333550134FFE6229B1B0700D4FBE62F
:103D1000202333550134F7E6DB0700D496E69EE70F
:103D2000229B55469B0711D1219B032B0ED9219B2A
:103D300054469C465E46033D65442200434601349A
:103D400039002020B047AC42F7D1B346B9465F46B0
:103D50001C4EEC1C2A00B078434649460135B84752
:103D6000013EAC42F6D1229BBB464F469B0700D496
:103D7000E1E65346219AE31A9A4200D8DBE65E4612
:103D800015002200434639002020B0475346013435
:103D9000E31AAB42F5D3CEE6219BA34200D9A6E6B7
:103DA000B2E6219B002B00D179E70B9B002B97D02B
:103DB000219B013B21939C4200D298E6202C00D00D
:103DC00073E7A1E6D8940110F0B5DE4657464E469B
:103DD0004546E0B599B081468B4692469846229A70
:103DE000239B10001900FFF726FB002800D0CAE033
:103DF000229823990122824B5242FFF717FB002899
:103E000000D0C0E02298239901227E4B5242FFF756
:103E1000F7FA002800D0B6E0229823990022002368
:103E2000FFF7EEFA002800D0C9E1229B239C0893FB
:103E30000994089809998023269ADB001A400D926C
:103E40008022269C1201144022000B94269C07001D
:103E50000E001C4200D0ADE00B00034300D0D5E0C3
:103E6000002A00D00AE222000633249302231340E2
:103E70000C930223134200D002E2259B042B00D2B4
:103E80000FE2043B0B93002304250A93002222989F
:103E900023990023FFF7B4FA002800D003E25A4B1D
:103EA000269A134004930B9B0393249B0293089B35
:103EB000099C009301945946434652464846FFF7F1
:103EC0002FFD02002020269B1F27034059424B4113
:103ED0005B421840531C0893594643464530C84737
:103EE0000A9AD317D4185C40D30F0A936B1E0B9316
:103EF00008AB9C460025674401E0202D0FD0200030
:103F00000A21FEF7DFFF01357E19303131702000C4
:103F10000A21FEF7D7FF26000400092EEDD805235D
:103F200006930B9B59460593002304930A3303938E
:103F30000A9B4846029310AB0093089A43460195AA
:103F4000FFF7F8FB0C9B002B2DD05346C41A259B82
:103F5000A34228D94D465F4681461E00534639008C
:103F60001A19202043460134A847A642F6D85346E2
:103F700048462599C21A01320023914200D386E1B6
:103F8000013018180FE0269B0493259B0393249B74
:103F90000293229B239C0093019443465246594628
:103FA0004846FFF7BDFC19B0F0BCBB46B246A94677
:103FB000A046F0BD01432BD10B9B2200002B00D16A
:103FC00054E700230A93249B0A9A0024934200DDBD
:103FD00085E12298239900220023FFF711FA002897
:103FE00000D035E1269B084A02941A408023DB006A
:103FF00013430493259B0393089B099CCBE7C0467E
:10400000FFFFEF7FFFFFEFFFFFF7FFFF0623249384
:10401000B44B70009C46400D6044FFF71DFAB24A55
:10402000B24BFFF7AEF9B24AB24BFFF78BF936034A
:10403000B14B360B334304000D0038001900002249
:10404000AE4BFFF77AF9AE4AAE4BFFF79AF9020092
:104050000B0020002900FFF775F9FFF715FA0A9009
:10406000FFF7FAF9A84AA94B04000D00FFF789F9F8
:104070000022A74BFFF766F9FFF706FAA54A0600EC
:10408000A54B20002900FFF77CF9040030000D004B
:104090000C96FFF7E1F9A14AA14BFFF772F9020074
:1040A0000B0020002900FFF748F902000B00060072
:1040B0000F00FFF766F9320004000D003B003000EE
:1040C0003900FFF73FF900220E900F91954B200029
:1040D0002900FFF73CF90022934BFFF733F9020068
:1040E0000B0020002900FFF732F900228F4BFFF769
:1040F00029F902000B0020002900FFF728F90D0024
:104100008021040032003B000020C905FFF715F9AB
:1041100002000B0020002900FFF714F902000B0039
:104120000E980F99FFF713F90022734BFFF70AF966
:104130007F4B0C9C9C46644400222305FFF721F929
:1041400006000F0002000B0008980999FFF758F9C4
:1041500000280AD00A9B3000013B39000A93002254
:10416000714BFFF7F4F806000F000A9A3300633230
:104170003900C62A12D802222698042510400B9A2C
:104180000C90002A25D1259B042B05D9002800D0AE
:10419000A1E0259B043B0B93042541E002222698D5
:1041A00010400B9A0C90002A12D1259B052B76D932
:1041B000002872D1259B0525053B0B9334E0802216
:1041C00012069446229B0893239B6344099330E68E
:1041D00005250B4300D1F6E608980999554A564B38
:1041E000FFF71CF9002808D0089809990022534BC2
:1041F000FFF706F9002800D0E5E6249B002B1CD031
:104200000D9B002B19D0249B013B2493259BAB4293
:1042100004D90C9B002B5AD002230C9300230B9340
:104220000A9B002B00D131E60898099932003B0027
:10423000FFF78DF80890099128E6259BAB42EDD950
:104240000C9B002B43D000230B9302330C93E7E726
:104250008020269B3A4A00061A4080238446029416
:10426000089C099D2900DB0013430493259B6144AE
:10427000220003930B00009201938EE60524A8E62A
:1042800000230B930A93023304250C93FEE5534657
:104290008C46013B63441B1A72E602230C930525EE
:1042A000C2E70423EDE58020089E099F000639003F
:1042B0008446269A224B6144134004930B9B3200A0
:1042C0000393249B02930B0000920193F3E5259B3B
:1042D0005B1B0B93A4E7022304250C93A0E79C1A15
:1042E000013C76E601FCFFFFFB799F501344D33F6E
:1042F000B3C8608B288AC63F0000F03F0000F83F3B
:1043000061436F63A787D23F71A379094F930A4036
:104310000000E03F1655B5BBB16B0240EF39FAFE25
:10432000422EE63F00002C400000244000001840D0
:10433000FF0300002D431CEBE2361A3F80842E4120
:10434000FFF7FFFFF0B5DE4657464E464546E0B55F
:10435000A5B01E002E9B92460C93CD4ACD4B8046B5
:104360008B461A60002900D1EAE100233078994693
:10437000002800D1ECE1C84B4C460B93C74B454697
:1043800057460E930AE0631C984622003B005946AC
:10439000A84744463078002800D187E00136252818
:1043A000F1D108239A46043B9946023B9846013BCB
:1043B00000229C460D943078711C0300203BDBB238
:1043C000102B03D80B9C9B00E3589F460300303B07
:1043D00089460D9C092B3AD9002398462A2800D1FA
:1043E000C1E000239A462E284BD00300683BDBB285
:1043F000122B1ED80E999B00CB589F4663460E0089
:104400001A43D8E743460E001A43D4E74B460E0042
:104410001A43D0E710230E001A43CCE753460E0090
:104420001A43C8E780235B001A43FF3B9C46707821
:10443000E1444E4667284FD82428A4D90300253BE1
:10444000DBB2422B9FD896499B00CB589F46002356
:1044500094461E0000E00131B3009B195B001E185A
:104460000878303E0300303B092BF4D90123624623
:1044700089469C460023B0469A460E00E1442E2809
:10448000B3D13021802049428C46C000024370786D
:104490004B4684446146092900D86CE12A2800D1A2
:1044A0007AE101239C464E46E1449EE7A146A84698
:1044B000BA46CA4503D801235B4253449946534642
:1044C0004A4659460020C047200025B0F0BCBB46F4
:1044D000B246A946A046F0BD0300693BDBB20D938E
:1044E0000F2B00D94FE7012199408C466D49894631
:1044F00061464B4619400F91634649460B4200D036
:1045000028E10D9B0A2B3AD0072B00D03BE70C9BF0
:10451000190008C98846002B00D14BE12120024335
:10452000914614A98C461F220F2162448C465146A5
:104530000D950C91A24615000F9902E020290CD090
:10454000130064461C4020003730092C00D807387F
:10455000013168541A090F2BF0D80C9B54460D9D5D
:104560009A460F9133E10C9B02CB8846002947DB2A
:104570000C9301239C4670784E46E14431E70C9B36
:1045800002CB14935346002B00D138E19C460878A7
:104590000B000C908C44002801D100F098FC894657
:1045A0006146944603E05A780133002A01D08B42D9
:1045B000F9D1494662465B1A0C900F93530500D51A
:1045C00020E10223180010400D90134200D1CBE3EC
:1045D0000D930B1BB1469A465E460C9822003B0099
:1045E0003100A84753460134185D0028F6D1B34680
:1045F0004E460D9B002B00D0C7E1149B0C93C9E6DF
:104600000C9301239C46283849420243884670781F
:104610004E46E144E5E670786C2800D17FE18023C6
:104620005B001A43FF3B9C46E14402E780239B006A
:104630001A4301239C467078E144FAE670786828B2
:1046400000D173E180231A437F3B9C46E144F0E6AE
:10465000672800D103E1472800D15AE1452800D15D
:104660005AE10492072142460C9B039207335246BB
:104670008B43190002920CC92800009201930C91FF
:1046800022003B005946FFF79FFB040082E6C0462C
:104690004543001034310020FCB1011040B201103C
:1046A0008CB2011041900000462800D1DBE004925A
:1046B000072142460C9B0392073352468B43190055
:1046C00002920CC92800009201930C9122003B0039
:1046D0005946FFF725F904005CE6631C9846220062
:1046E0003B0059462520A847444653E60C9B04331B
:1046F0000D93631C9946920700D422E10C9B220083
:10470000187859463B00A84743464444012B00D83B
:1047100085E23300B8462E005F4625004C46994698
:1047200022004346013439002020B047AC42F7D183
:104730002C00BB46350047464E460D9B0C9329E6A0
:10474000DB4B3078984600239946002800D012E6CB
:104750000024AEE66F2800D188E000D80BE31023D8
:10476000782800D1CFE09A430A239C4600230F9378
:104770000A330D9380E05646B10089194900013390
:104780000E181878303E010030390929F4D9B246A4
:104790001E000133994628E60C9B023602CB8A465E
:1047A000C9435046C917084082460C933078731CA1
:1047B00099461AE610231000984311331843814696
:1047C00080201300C0000340024200D1A9E64B46FE
:1047D0000693082305935346049310230393002361
:1047E00002930F9B220001931CAB009359463B00A0
:1047F0002800FEF79FFF434604000C93CAE50123FF
:104800005B42C3E60F9B534501D953460F930223E6
:10481000180010400D90134200D1B7E10D93D1461E
:104820000B1B9A463300A1442E0022004D460C98E3
:10483000B9465F469B4608E04B463900541CB047DA
:104840005346185D002877D022009542F4D15B468C
:10485000BB464F46A94635004C461E00C9E680239C
:104860001B011A43FDE620231A4320E708239C4638
:1048700000230F9308330D9380231100DB001940B0
:104880001A4200D116E10D239A4310008023020042
:104890009B001A401492184200D0C2E1802302000B
:1048A0005B001A4091460C9A04320F92184200D0D5
:1048B000B7E2430600D59FE1030600D419E30C9B41
:1048C0001B880993002B00D0FCE11033984300298A
:1048D00000D1F7E1002399464346059353460493DC
:1048E0000D9B069003930023D2E0582808D062283D
:1048F00067D102239C4600230F9302330D93BBE73D
:1049000020231A43103B9C4600230F9310330D9332
:10491000B2E780231B011A4320231A43A1E6C023D8
:104920009B001A43F31C9946B07882E5C0231A43D2
:10493000F31C9946B0787CE535005E46BB464F4691
:1049400057E64346012B00D863E1631E43449A4671
:104950003300B9462E005F4655469B46A2462200CC
:104960004B46013439002020B047AC42F7D1350026
:104970005E46BB464F46A14654460C9B4A461878B5
:1049800059463B004444A847D7E6A1460F9B9845AB
:1049900000D832E64444E41A3300B8462E005F469D
:1049A00025004C4699462200434601343900202018
:1049B000B047AC42F7D12C00BB46350047464E46C7
:1049C0001BE680231000DB0018401A4200D10FE1E3
:1049D000112118008A430D920D9A802311009B002B
:1049E00019408C461A4269D1802311005B0019409E
:1049F00089460C9904310F911A4200D0CAE1130084
:104A00005B0600D5F0E013001B0600D459E20C9BB6
:104A100000229B5ED9175A184A4092B2D90F0C91C6
:104A2000002B00D1F9E1100014AA944642461F233E
:104A3000149252466344A84616944D460400B94663
:104A4000B2461F00159201E0202D0FD020000A2150
:104A5000FEF738FA01357E193031317020000A2115
:104A6000FEF730FA26000400092EEDD8149B4F46BD
:104A7000A94645469846159B56469A46169C0D9B58
:104A8000069343460593534604930A2303930C9BD2
:104A900002934B4601931CAB2200009359463B0006
:104AA0002800FEF747FE0F9B04000C9372E4C046FB
:104AB000853600100C239A431000E7E607220C9B72
:104AC00007339343013294469C4462460C920CCBCC
:104AD000D90F0F911100194300D191E0D91713910B
:104AE00012915140109113995940119110981199B8
:104AF000129A139B801A99411090119114AA0023C5
:104B0000944642469946149252461F336344A8463F
:104B1000B24616944E46109C119DB94615921F0040
:104B200001E0202E10D0200029000A220023FEF7E9
:104B300007FA013630322B00BA550D00220004006E
:104B4000002BEED1092AECD8149B10941195454600
:104B50009846159B4F46B14656469A46169C0D9B65
:104B6000069343460593534604930A2303930F9BEE
:104B700002934B4601931CAB2200009359463B0025
:104B80002800FEF7D7FD0400FFF704FC0F9B9845B3
:104B900000D8C1E18023DB000D9343460F9A1B1917
:104BA0009B1A994633002E004D46B9465F469B46F8
:104BB0000C9122004B46013439002020B047AC4212
:104BC000F7D143460C9901330F930B7835000C93C2
:104BD0005E46BB464F46002B00D10EE50D9B002BD9
:104BE00000D1F6E4002319E60C9B1B781A0015E7A8
:104BF00010239A430D92EFE60C9B1B78099361E614
:104C0000002399460028AAD1002200231092119374
:104C100074E70C9B2200187859463B00A8474C4685
:104C20008BE50C9AFA3BFF3B07329A4301339946D6
:104C300091444B460C931368526815921A4306D15F
:104C40001032904300220992002900D081E06122B5
:104C5000810600D54122D2B20A9214AA91460A9A3C
:104C600000210A3A149242461792524618925A4626
:104C70000991B3461F311E000F9B4944BA4619944F
:104C80001A950024674698468946159D16901B92F2
:104C90000AE03032D2B24B4601341A55A8454AD008
:104CA000202C4AD006000D003A00002330002900D5
:104CB000FEF746F9D2B2092AEBD9149B9C4662440E
:104CC000D2B2E8E76123820600D54123DBB20A3B7A
:104CD0000C93434614A91F228C46159353466244F5
:104CE000A046B2464C461797A9461700099D0D9E4F
:104CF0001490169308E03033DBB201343B55B542D3
:104D00000ED3202C0CD0050031002800FEF7DAF875
:104D1000CBB20929EFD90C9A94466344DBB2ECE795
:104D2000159B4D46A14644469846169B56461498F8
:104D30009A46179FD0E5B742B2D9179B5746984677
:104D4000189B5E469A461B9B09949B461698199C95
:104D50001A9D43460593534604930D9B0690039377
:104D600000230293099B05E70F9B984500D914E7A0
:104D700001330F932DE41023110099430D916928FD
:104D800000D0BAE080231000DB0018401A4200D1A6
:104D900022E61DE60C9B1B68DA0F1100002B00D1E8
:104DA0008CE0DA179818504014AA914642461F2307
:104DB000149252464B44A046A946169704006546F5
:104DC000B2461F000C91159201E0202D0FD020005B
:104DD0000A21FEF777F801357E1930313170200055
:104DE0000A21FEF76FF826000400092EEDD8149B67
:104DF000444698460C9BAC461900159B56464D46BA
:104E00009A46169F0D9B029106934346059353467F
:104E100004930A23039363463CE6002800D02EE661
:104E200002E60C9B1B689946002B03D11033984374
:104E3000002938D16123820600D54123DBB20A3B29
:104E40000C9343461693534614A91F228C4617937E
:104E50002B006244A0464D46B2461897994617006B
:104E6000149C0D9E159008E03033DBB201343B55A5
:104E7000B5420ED3202C0CD0050031002800FEF7DF
:104E800021F8CBB20929EFD90C9A94466344DBB2DE
:104E9000ECE7169B149444469846179B56464D469D
:104EA0009A461598189F43460593534604930D9BC5
:104EB0000690039300230293149BEBE50028A1D1F5
:104EC00072E70C9B1B68D9175A184A40A6E5802345
:104ED0001000DB0018409C460F901A420FD00220B1
:104EE000030013400F93104219D00023A1460F93E3
:104EF0004CE50C9B1B680993E4E40A0034E40223AC
:104F0000180010400D90134200D03EE54346002BA0
:104F100000D042E6FFF771FB01330F937FE4634655
:104F20000D93F3E70CB430B585B008AC08CC064D52
:104F30000A000094010028000394FFF703FA05B06B
:104F400030BC08BC02B018477D36001010B50C000C
:104F500084B00394012402A9029000930348130033
:104F60006242FFF7EFF904B010BDC04611390010DE
:104F700010B5094A0300146884B0002C08D001223F
:104F800000910648524203A9A047012004B010BD79
:104F900000F098F90020F9E73431002001390010C1
:104FA00000BEFDE710B5FFF7FBFFC04670B5FDF78B
:104FB00037FE074D074EB54209D20024013E761B4D
:104FC000B60808CD984723000134B342F9D170BD2B
:104FD0007C91011084910110030010B508001100AC
:104FE0001B68984710BDC046F0B5C64600B5437D66
:104FF00007000C001600002B46D0002A17DD0B78A6
:105000000A2B24D000239846012E13D00125290015
:10501000635C01350A2B26D0B542F8D1464509DC40
:10502000A419013C23780D3B5A4253413B7580BC87
:10503000B846F0BD4346E018A419F11A013C3B689C
:10504000984723780D3B5A4253413B75EFE7037D68
:10505000002BD7D102210F483B689847012EDFD0A3
:1050600001239846D2E7631E5B5C0D2BD4D08845A4
:1050700004DA4346C91AE0183B68984702210548FC
:105080003B68A8469847C7E7036811002000984787
:10509000CDE7C046E8B30110F0B5C6460B68060080
:1050A0000C0000B5802B06D05A1C2260E418267133
:1050B00080BCB846F0BD0F4B1D68002D16D00B1DEF
:1050C00098460D4F02E02D69002D0FD02B68002B64
:1050D000F9D03B68002B01D0AB42F4D12800414607
:1050E0002268FFF781FF2D69002DEFD101220023F7
:1050F000DBE7C046FC2C0020042D0020F0B545461F
:10510000DE464E465746E0B583B091461C008046C9
:105110000D00FDF719FB0023304A12184B41002BFC
:1051200002DA01222E4B52422E4908008A4613F021
:10513000D7FF07006B1C03D1404613F031FF050079
:10514000002C27D0284E294B1C68002C18D04B4629
:10515000002B21D1264B994602E02469002C0FD068
:105160002368002BF9D04B461B68002B01D09C42D2
:10517000F3D120002A004146B0472469002CEFD12A
:10518000002F26D1280003B0F0BCBB46B246A9468A
:10519000A046F0BD174ED6E7154B99460A239B460D
:1051A00002E02469002CEBD02368002BF9D04B4699
:1051B0001B68002B01D0A342F3D12A0041462000F6
:1051C000B0476B465A462000DA71D91D0122B0471C
:1051D000E7E7504613F034FFD4E7C04640420F00E3
:1051E000FFFFFF7F68130020E94F0010FC2C002018
:1051F000042D0020D94F00100A4A1368002B05D156
:105200000CE01A001B691032002B07D08342F8D142
:10521000002902D118691060196170470029FCD07B
:105220001060FAE7FC2C002010B500F0F1FA10BD78
:10523000F0B5CE46474680B583B06B460600DD1D0F
:105240002870FDF781FA0023194A12184B41002BF0
:1052500002DA0122174B524217490800884613F020
:105260003FFF164B81461C68002C14D0144F02E0FF
:105270002469002C0FD02368002BF9D03B68002B49
:1052800001D09C42F4D1200001222900FFF7ACFE9E
:105290002469002CEFD14B46002B05D1300003B020
:1052A000C0BCB946B046F0BD404613F0C9FEF5E7B4
:1052B00040420F00FFFFFF7F68130020FC2C0020FE
:1052C000042D002070B5040013F06AFE01230100D4
:1052D000050001222000FFF711FF084B1C68002C7D
:1052E00006D06368002B05D098472469002CF8D1BC
:1052F000280070BD2469002CF3D1F9E7FC2C0020B4
:10530000F0B5CE46474680B5A3B004000D00FDF7CA
:105310001BFA0023274A12184B41002B02DA012204
:10532000254B5242254E300013F0DAFE00232200B6
:10533000019307002B00224801A9FFF707FE214B2C
:10534000804699461C68019B002B1AD0002C2FD058
:105350001D4D02E02469002C0FD02368002BF9D0EA
:105360002B68002B01D0A342F4D12000019A02A99E
:10537000FFF73AFE2469002CEFD14B461C6800234E
:105380000193002C06D06368002B0BD0984724694A
:10539000002CF8D1002F07D1404623B0C0BCB9463D
:1053A000B046F0BD2469ECE7300013F049FEF3E7A6
:1053B0000194EFE740420F00FFFFFF7F68130020DA
:1053C00099500010FC2C0020042D00200FB400B5D3
:1053D00083B004A901C90191FFF792FF03B008BC93
:1053E00004B018477047C0460022014B1A7070473E
:1053F000FE8000204B790020FF2B0BD18B79002BF6
:1054000008D1CB79012B05D1082A03D9024B8A7820
:1054100009301A707047C046FE8000200120704796
:1054200010B5012913D112495379107909781B025B
:1054300003430020994200D010BD5378012B08D0BF
:10544000022BF9D1642200210020FDF72BFB012063
:10545000F2E7D37891781B021943480ADB0501D49F
:10546000012040427F238A05D20F1940FDF7AAFB95
:10547000FE80002000487047B4B4011070B50500EC
:1054800014000120012909D153780020012B05D1F6
:10549000637912791B021343072B00D070BD2100E2
:1054A0002800024A9F3301F05DFAF7E70CB40110BF
:1054B0000123037000487047ECB301104B780A7861
:1054C0001B0213438A7810B512041A43CB781B06CB
:1054D00013439622D200934200D010BD0022012037
:1054E00011004042FDF76EFB024B1860024B196041
:1054F0007047C0461C1E0020201E002010B5024B25
:105500001878FCF773F910BDFF800020154B70B5BB
:105510001A68002A22D0EFF3108172B610680028B2
:10552000FCD0BFF35F8F00200F4A596010701B68DA
:10553000BFF35F8F186081F31088002400250B4EA5
:105540003078FCF747F9002804D100240025290011
:10555000200070BD3078FCF749F9F8E7FA240025FF
:10556000A400ECE7A06F002001810020FF80002054
:1055700070B5040000200E0001F012FB002834D0AA
:10558000002001F023FB00282FD0FDF7DDF80023D9
:10559000174A12184B41002B16DB164D280013F04A
:1055A0009FFD002821D0002001F0FAFA00280FD139
:1055B00001200021404200F009FD0324644228003C
:1055C00013F03EFD200070BD01220B4B5242E4E778
:1055D000002001F0FBFA0028EAD021003200002070
:1055E00001F0FEFA041EEAD1E7E703246442E9E78A
:1055F00040420F0098800020FFFFFF7F10B5FDF7AD
:10560000A3F800230D4A12184B41002B02DA0122A5
:105610000B4B52420B4C200013F062FD00280CD0C3
:1056200001200021404200F0D1FC002001F01CFBD1
:105630000028F5D1200013F003FD10BD40420F00FB
:10564000FFFFFF7F98800020F8B5DE46574680B503
:1056500005000C00FDF778F80023364A12184B417C
:10566000002B02DA0122344B5242344908008A46A8
:1056700013F036FD002803D1C0BCBB46B246F8BDCE
:10568000002001F08DFA00284AD00026002C43DDCE
:105690002B4B9B4614E0A919002001F01FFB0700CB
:1056A00001200021404200F091FC002001F0DCFAD2
:1056B000FDF74AF8224BF61918605960B4422BDD09
:1056C000002001F02BFBA71B0200B84200DD3A00CE
:1056D000002AE0D101200021404200F077FC0020A8
:1056E00001F0C2FA002001F05BFA002814D000207B
:1056F00001F014FB0028E1D1FDF726F85B460F000E
:105700001A685B68002184460E4812184B419F427C
:1057100002D8D3D19445D1D9504613F091FCABE7D0
:1057200000200021064B18605960504613F088FC99
:10573000A2E7C04640420F00FFFFFF7F9880002095
:105740003815002020A1070030B52A4C85B0002173
:10575000200013F0A5FC00281CD1274B1A68002A52
:1057600016D0EFF3108172B610680028FCD0BFF39A
:105770005F8F01242148596002781B68D2B20470FF
:10578000BFF35F8F0020186081F31088002A17D0C4
:1057900005B030BD01200021404200F017FC002080
:1057A00001F014FA0500200013F04AFC002DEFD0A0
:1057B000134B1B68002BEBD0124A10689847E7E7A1
:1057C000FCF744FD0400FCF7BFFFFA22002392001F
:1057D00012184B41002B02DA01220B4B52420121DD
:1057E000029100210191094920000091FCF732FD4E
:1057F000CEE7C04698800020A06F002001810020E5
:105800001C1E0020201E0020FFFFFF7F0D550010F2
:10581000D02310B51B0684B01C68FCF717FDFCF7FD
:1058200013FEA04202D0002004B010BD294B00217D
:1058300000201B7801F066FD27480368002B45D047
:105840000120FCF773FAFF23244C254920701840EF
:10585000FBF7E6FF20780121FBF7AAFF0520FBF705
:10586000CDFF002824D1082200211E48FDF7FAFEB2
:10587000FCF7ECFC0400FCF767FFFA22002392001F
:1058800012184B41002B02DA0122174B5242012120
:10589000029100210191154920000091FCF7DAFCEA
:1058A0000028C0DB12480121FFF7A6FC0120BBE75E
:1058B0000120FBF74BFF0B4B01001800FCF7B6FA79
:1058C000002205200B49FBF7D5FFEBE7FCF784FA34
:1058D000B6E7C0467C30051098800020FF8000208D
:1058E00049570010A06F0020FFFFFF7F0D550010EB
:1058F000D0120020FD5400100048704750B5011030
:1059000000487047FCB4011010B504001748037834
:10591000002B20D0002C06D1154B16484380063BA7
:10592000FF3B038010BD052C1DD8134BA400E0588D
:1059300012490123013804E001330A800231142B9B
:105940000DD0C25C002AF7D1C022DBB25B0092000E
:1059500008481343E5E7112100F022F8DAE7CA23EB
:1059600004489B00DDE70020DCE7C046C88000203B
:105970000904000014280020E4B4011016280020B7
:1059800010B5024800F0E0F810BDC046847F00204A
:1059900010B508220149FDF76BFE10BD847F002081
:1059A00030B54B1E012900D1A7E0664A11780D09D8
:1059B0002C0030349F2900D9A2E00470012B00D1C3
:1059C000BEE00F21147821400C003034092900D9A1
:1059D00098E04470022B00D1B2E0547825092900E8
:1059E00030319F2C00D990E08170032B00D1A7E0CB
:1059F0000F2121400C003034092900D987E0C47000
:105A0000042B00D19CE094782509290030319F2C8B
:105A100000D97FE00171052B00D191E00F212140D9
:105A20000C003034092900D976E04471062B00D1EE
:105A300086E0D4782509290030319F2C00D96EE00A
:105A40008171072B00D17BE00F2121400C00303405
:105A5000092966D8C471082B00D171E01479250991
:105A6000290030319F2C5FD80172092B68D00F219B
:105A700021400C003034092958D844720A2B5FD0D9
:105A800054792509290030319F2C52D881720B2B73
:105A900056D00F2121400C00303409294BD8C47254
:105AA0000C2B4DD094792509290030319F2C00D939
:105AB000073101730D2B43D00F2121400C003034EE
:105AC000092901D937310C0044730E2B38D0D17914
:105AD0000C09220030329F2900D9073282730F2B24
:105AE0002ED00F220A4011003731092A01D8303256
:105AF0001100C173102B23D010300023037030BD70
:105B000007345AE737310C0063E707316CE7373168
:105B10000C0074E707317DE737310C0085E707316A
:105B20008EE737310C0095E707319DE737310C00E0
:105B3000A3E70731AAE737310C00C4720C2BB1D1AF
:105B4000C018DAE7847F002010B588B004000D2269
:105B500000216846FDF786FD0D22002104A8FDF70F
:105B600081FD4B236A466846137004A90D2213F089
:105B70005FFA1521082220006944FDF779FD08B07D
:105B800010BDC046F8B500F047F90C23194DFF22AF
:105B9000AB6705201849FBF76DFE184C4022002129
:105BA0002000FDF75FFD4027002301262121144A34
:105BB00066702783A260136063545F316184453946
:105BC0006354104A10496360E2602787A1620B604A
:105BD0006362E26213F0A4FA80239B052E64EB64F7
:105BE00090230A4A0120EA508022094B5202DA64CB
:105BF000F8BDC04600001150F9060020082D002015
:105C000084001050000110508000105010D001008E
:105C10000020115010B501210520FBF7C9FD10BD72
:105C200010B500220021024800F016F910BDC04650
:105C3000282D0020044B1970002904D080219023C6
:105C4000024A8902D1507047F48000200020115090
:105C50000B785B0602D14B78052B00D070478A7811
:105C6000014B1A60FAE7C04600001150F0B5C64675
:105C7000C87800B58007830F1800012B60D08F789B
:105C80000A794B797F213940FC091B024E001343EE
:105C9000334D32195201AA18977001276740577087
:105CA00000275B055B0DD7701383D076B846CA001A
:105CB000012C32D02B4FBC468F016244BC46AC4411
:105CC0006746BA6047461760002932D0264AC900A5
:105CD00090466246414451603F223F33934302283D
:105CE00037D0224937190A687F01D3180B60204941
:105CF000EF19FA608B422ED836197601AD19EB7E7A
:105D00001C499B064A4013438022120613436A68CB
:105D10001360012080BCB846F0BD174FBC468F0110
:105D20006244BC46AC446746BA62474617600029E5
:105D300008D1002364012C196360104BE360E8E78D
:105D40000020E7E70B4AC900904662464144516291
:105D5000C2E75B00C5E7FCF75DFFFA68CCE7C04629
:105D6000082D00208400105004001050806F002087
:105D7000FF0F105000001050800010500001105014
:105D800010B513F0CDF910BD10B57F200C002040E8
:105D90004000E409110000191A00034B4001C0182B
:105DA00000F05AF8012010BD082D00207F231800B4
:105DB00000B5084083B00B4204D14B424B41084A26
:105DC000013393668022C9094000064B4018400108
:105DD0000021C018120113F09BF903B000BDC046AA
:105DE00000201150082D00207F22130010B50B4019
:105DF0000A4200D110BDC9095B005B1804485B0171
:105E0000C018002300220349C37013F081F9F1E7A1
:105E1000082D0020FFF7FFFF80220A4B520410B527
:105E20001A60094B09491A6010000B689843FBD1AE
:105E30008022002152010648FDF714FC0922054B7F
:105E40005A6710BD00E0004000F0004008C000406C
:105E50000000105000001150002310B5C382013320
:105E6000828283760161040013F02AF9002804D0AD
:105E700080219023074A8902D150200013F000F9B5
:105E8000002802D00123237710BD200013F030F941
:105E9000FAE7C046002011507047C0467047C04620
:105EA00000207047002070477047C0467047C046CA
:105EB0007047C0467047C046024B5878431E984111
:105EC000C0B2704704180020024B18784007C00F7A
:105ED0007047C04604180020F0B5D6464F464646E7
:105EE000C0B52F4B07009A461B780E00FF2B50D1F0
:105EF000002941D0002154222A48FDF7B3FB00229B
:105F0000294C2A4B20001A70FBF766FF284B1C60B7
:105F1000284C2000143CFBF77BFF200001F0FAFD29
:105F2000254B264D1C60264B002B04D02800FFF784
:105F3000BFFA244B186024490024894621490023D4
:105F400088462A7810E043461B6862019B18002BA4
:105F500012D05B68002B0FD098472A780134E4B246
:105F6000511C2300A14209DBA242ECD89B1A5B0121
:105F70004B445B68002BEFD100200BE0534631000F
:105F800038001F70FFF7FEFD0028F5D03800FFF73E
:105F900041FE0120E0BCBA46B146A846F0BDC0466D
:105FA0000413002004180020FC170020F5800020B6
:105FB00058180020FC1200205C180020F3800020FC
:105FC000B1540010541600200CB60110F0B5DE4696
:105FD00057464E464546E0B5C84B91B002931B78F4
:105FE000FF2B00D13EE1C64BC64E9B465F46C64BDB
:105FF0000DAC0193C54B009335686A69EFF31081CE
:1060000072B61368002BFCD0BFF35F8FA961280024
:10601000210001F0AFFB6A69AB69BFF35F8F00211C
:10602000116083F31088002800D11BE16378082BEE
:10603000E2D89B00FB589F466368002BDCD0A06829
:106040009847D9E77F222179AF4D0A405300EB18DA
:106050009846C809804440460123303005799D4365
:106060000571057903339D430571002A00D100E1D4
:106070004346A74A1B7D1278934200D3EFE0A54A1E
:106080005B011568ED18002D00D1EBE0A368627983
:106090002078AD69A847AFE79F4A1378002B00D15D
:1060A000E0E01378013BDBB213701378002BA3D12F
:1060B0000122954D01212B78042013432B703423AA
:1060C000EA5C8A43EA54EA5C8243EA540133EA5CBC
:1060D0008A43EA54EA5C8243EA54237800209B46D0
:1060E00000F09EFC602223791A40602A00D1EFE084
:1060F000402A00D1F5E0DB06DB0E012B00D113E1D5
:10610000022B00D1C7E0002B00D0E1E0202A00D113
:106110001CE2002A00D0DBE06379092B00D9D7E02C
:106120007E4A9B00D3589F46774D2B78DB0700D4DF
:1061300062E7FFF7BFFE5FE7019BDB78DB0700D478
:106140005AE76068FFF7AAFE56E76F4D2B78DB072A
:1061500000D451E728780007C00FFFF7A9FE4BE7EE
:1061600023786A4999468B46694B6A4998468A461C
:1061700039001A7847460023B04600254E46894626
:1061800010E053461B686A019B18002B00D176E093
:10619000DB68300098473A780135EDB2511C2B008E
:1061A0008D4244DC9542ECD39B1A5B015B44EFE7E4
:1061B000237858499946564B8A4698463100BB4643
:1061C0004E461A7800250023474689460FE053467D
:1061D0001B686A019B18002B55D0DB68300098477C
:1061E0003A780135EDB2511C2B008D4207DC954207
:1061F000EDD39B1A009A5B0194466344EDE7019D41
:10620000542200212800FDF72DFA1022FF214448D6
:10621000FDF728FA28002022FF2114304E465F4661
:10622000FDF720FA00F0F2FBFFF740FEE4E6364D02
:10623000542200212800FDF715FA1022FF21281D05
:10624000FDF710FA28002022FF21143046464F4661
:10625000FDF708FA00F0DAFB2379AB70CCE6501CAE
:10626000984213DA11B0F0BCBB46B246A946A0462C
:10627000F0BDA3686279207800F0E6FBBCE64646F4
:106280004F46214DE6E74E465F46CBE71F4D9B1A32
:106290005B015D19FAE67023217A0B4218D1C80917
:1062A00082460F330B405B0098461948EB18534465
:1062B0001B7D00789946834266D216485B010068D0
:1062C00081469944002A00D15FE14B46002B68D1FA
:1062D00020780021FFF76AFD80212078FFF766FD16
:1062E0008AE6104800F09CFB012158460EAAFFF7F1
:1062F000C5F8002800D07FE6EAE7C0460413002076
:1063000064B501105C180020041800200CB60110C0
:10631000F380002054160020F580002088B501107D
:10632000081800207D540010237A0F2BD0D8CF4AB4
:10633000EB181B791578AB423ED3691C9942C7DB39
:106340005D1BCB4B6D01ED18686900F069FB012105
:1063500058466B690EAA9847002800D04CE6602288
:10636000150023791D401A42B2D163790A3B012BF3
:10637000AED800F055FB63790A2B00D199E158465D
:106380000EA900F0D9FA37E6431C4B4500DAF7E0D6
:106390004B461B1A5B019946B5488144002A00D13F
:1063A000F3E04B46586900F03BFB4B460121584651
:1063B0005B690EAA98479CE7AE4A5B011568ED1829
:1063C000002DC1D184E7A37999466B789945D6D041
:1063D0006B78002B00D033E14B466B70002B00D163
:1063E0002BE148460138C0B2FFF78AFA002800D1F5
:1063F0007EE143780793022B00D079E10122C17935
:10640000B1468B11491113400A40302112015B0142
:1064100013432A78A8468A4313432B7009239A46CC
:1064200082445646BA46C37882781B021343C31887
:1064300005938E4B04938E4B08938E4B09938E4B92
:106440000A93059BB34200D855E1737801220B2BC8
:1064500003D13378F278F6187378042B00D044E136
:10646000059B00279B1B9BB20693049B0B921D78F8
:10647000002303931BE0099A7B011568ED18002D9A
:1064800000D132E1310058462B69069A984784467C
:10649000082803D9069A824200D313E1049B0137EE
:1064A0001D78FFB26B1C03979F4200DD1DE1BD42CA
:1064B000E1D8039B5D1B089B6D019C466544E1E7A9
:1064C0006B780CAA02321370584601230EA900F013
:1064D00049FA91E5E3881A0AD8B20F2A00D9F7E6FB
:1064E00066499300CB589F460EA800F09FFA584685
:1064F000A179FFF795FB02222B7813432B707BE5E4
:10650000E388012B00D0E3E608222B78584693431A
:106510000EA92B7000F010FA6EE5022029780CAB62
:106520009A1C8B068908DB0F01400B4313805846E9
:1065300002230EA900F016FA5EE5E388012B00D0D5
:10654000C6E608222B7813432B7018E7237A0F2B0B
:1065500000D9BDE6EB181D79444B1B789D4228D22B
:10656000444B6D011B685D19002D00D1B0E66869D0
:1065700000F056FA012158466B690EAA9847B8E612
:10658000002A00D0A4E60023994662790220130075
:1065900003928343012B15D0002A00D098E62B00EC
:1065A0004344534430331B790CAA9B07DB0F023260
:1065B000BCE75A1CAA4200DA8AE6ED1A2C4B6D01A0
:1065C000ED18D4E7E388002B12D1029B1878039BC7
:1065D000012B23D0FFF7EAFB43460221EB1853447B
:1065E00030331A790A4301211A711A790A431A7150
:1065F0004B46002B00D1FFE4586900F011FA4B46DE
:1066000001215B690EAA58469847002000F008FA5D
:106610003523EB5CDB0700D5EEE4B0E6FFF7E4FBE7
:1066200043460221EB18534430331A798A431A71D6
:106630001A7903998A431A71DAE7FFF737FC9EE665
:1066400000215846FFF7F6FA5846FFF799FBAB785A
:10665000074903930491054B064998461A7805911A
:10666000002329001D008A461BE0C046F38000205D
:106670000CB601105416002018180020B0B50110F7
:10668000059B6A011B689B18002B4DD0DB685846A0
:10669000984743461A780135EDB2511C2B008D42C4
:1066A0002EDC9542ECD39B1A049A5B01944663441A
:1066B000ECE70CAB9A1C584601230EA9157000F0AC
:1066C00051F999E40B9A012A4FD0002A3CD00023BB
:1066D000B07804E00133DBB20F71934234D2C118B9
:1066E000C9B241440D79FF2DF4D04E464546574678
:1066F00000236B70ECE54E465746FFF7D5FB3EE6B0
:106700005546542200212800FCF7ACFF1022FF213F
:10671000281DFCF7A7FF28002022FF211430FCF7DA
:10672000A1FF039BAB7057E65546FAE7FEF7A2FEC2
:10673000021E00D1CCE5D37891781B020B4358465A
:106740000EA900F00FF9D4E565463B002A003100A0
:106750000A9800F07FFEAC46049B039A1B786644BF
:106760000133934200DB6CE6BFE7174B296999427E
:10677000ADD1079AABE7FFF793FB021E00D1A7E567
:10678000584613780EA900F0EDF8B2E52189FFF71D
:10679000BBF8021EF4D19BE5022A0FD0FFF782FB63
:1067A000021EC8D194E5FFF7A7F8021E00D18FE5BD
:1067B000122358460EA900F0D5F89AE5FFF7A0F885
:1067C000021EB8D184E5C0461D6E0010F8B55746CC
:1067D0004E46DE4645460C00E0B516001F00002A76
:1067E0003CD0702398461E4B00259B461D4B9A4675
:1067F0001AE05B461B78200099465346997800F0D2
:10680000EBFD00281CD021004846FFF72FFA002896
:1068100016D0A378DA09012A19D00A9A0135137023
:106820002378E418B54219DA6378052B08D1E378A8
:106830009B079B0FBB4203D14246A3781A42D8D094
:106840000020F0BCBB46B246A946A046F8BD0B9A54
:10685000013513702378E418B542E5DB0120F0E739
:106860000413002004180020702270B58B780C00EF
:106870001A4201D0002070BD064B20001D78064B47
:10688000997800F0A9FD0028F4D021002800FFF736
:10689000EDF9F0E704130020041800200B007F201E
:1068A00010B51840DB0934334000044AC018044BCB
:1068B0001168C01800F04CFD10BDC04658180020EB
:1068C000041800200B007F2010B51840DB0934337A
:1068D0004000044AC018044B1168C01800F060FD65
:1068E00010BDC046581800200418002070B57F2441
:1068F0000F480C4064000419CD0964193034207924
:10690000C00701D5002070BD01262579094835430F
:1069100000782571FFF738FA0028F4D10122237995
:10692000934323712379033293432371EAE7C046EB
:10693000041800200413002070B5094C060008223A
:1069400020000D00FCF794FE00238021E360A3608B
:106950002B783000994300220023FFF7C7FF70BD5A
:10696000E4170020F8B5CE4647469046254E80B540
:106970008146082230000D001F00FCF779FE4346D7
:10698000B3600023F381EC79AB7924021C43231C10
:10699000BC4200D93B1C9FB2B381002C0DD0002F0C
:1069A00017D04246002A2BD0402F1BD89FB23378F5
:1069B0007F2B1CD80021144A0FE080212B78002265
:1069C000994348460023FFF791FFC0BCB946B04643
:1069D000F8BD7F230022317899433B004846FFF7FA
:1069E00085FFF2E740239FB233787F2BE2D9064C34
:1069F0003A0041462000FCF73BFE80212200ECE7F4
:106A00000020E2E7E4170020A417002010B51422AC
:106A100000210248FCF726FE10BDC046E417002006
:106A2000014B18617047C046E417002010B5054CB3
:106A3000010008222000FCF71BFE0023A360E36096
:106A400010BDC046E417002070B5384C1D002378F7
:106A50000600DA09C9098A4210D00020002D00D0B2
:106A600070BD21003000FFF7F3F82369002B03D03D
:106A700022000321300098470120F1E77F2B06D840
:106A8000A068002834D02A002949FCF7F1FDE289EA
:106A9000A1685219E38892B24919E281A160934238
:106AA00014D03F2D12D9A389981A051C80B2402812
:106AB0002AD82078ADB27F2828D800219A4232D037
:106AC0001B4A2B003000FFF711FFC9E72369002B99
:106AD00005D0220002213000984700280AD08021EA
:106AE00023780022994330000023FFF7FFFEB7E729
:106AF0000020B5E700213000FFF758F93000802171
:106B0000FFF754F90120ABE74025D2E79A4207D0BE
:106B1000074C2A002000FCF7ABFD80212200D0E7C3
:106B200080210022CDE70022CBE7C046E4170020F9
:106B3000A417002070B50400FFF7BEF9002800D1AB
:106B400070BDFFF7C1F90028FAD1C8236343124D85
:106B5000EE18F1780029F3D010335D19280000F009
:106B6000F3FD3F28ECD90020F178FFF797FE0028CD
:106B7000E6D0280000F0E8FDF1783F2807D9074B60
:106B8000E201D21800204023FFF7B0FED8E7002032
:106B9000FFF798FED4E7C046DC1600205816002008
:106BA00010B50400FFF788F9002801D1002010BDBE
:106BB000FFF78AF90028F9D1C8226243024B01305D
:106BC0009B181B791840F2E7DC160020C82310B58B
:106BD00043430248181800F099FD10BDEC16002040
:106BE000F8B5C824802344431C4F103405003C19D9
:106BF0005B029A4200D31A4A200092B200F008FECB
:106C00000600FFF759F9002801D13000F8BDFFF761
:106C10005BF90028F9D1C8236B43FF18FB78002BE0
:106C2000F3D0200000F090FD3F28EED90020F97845
:106C3000FFF734FE0028E8D0200000F085FDF97849
:106C40003F2807D9074BEA01D21800204023FFF75D
:106C50004DFEDAE70020FFF735FED6E7DC16002010
:106C6000FFFF000058160020F8B50400FFF724F9D4
:106C7000002801D10020F8BDFFF726F90028F9D13E
:106C8000C82565432E00134F2436F619300000F056
:106C90003DFD0028EED07F190020B978FFF7FEFDFA
:106CA0000028E7D00C4DE40165192900402230008E
:106CB00000F0AEFDB978041E08D003002A000020C1
:106CC000FFF714FE0028D5D02000D4E70020FFF7FE
:106CD000F9FDCFE7DC1600209816002070B5C82417
:106CE00044430C4B0500E41880235B029A4200D316
:106CF000094A200092B200F051FE0600200000F088
:106D000005FD3F2801D8300070BD2800FFF7ACFF1B
:106D1000F9E7C04600170020FFFF0000C82310B5A8
:106D200043430248181800F00FFD10BD0017002063
:106D3000F0B50025184C83B0C82200212000FCF7D4
:106D400091FC164B21001D70FF236371E1235B0250
:106D5000A360200008234022A37338310095073B2D
:106D6000103000F09DFC27000123210020002600A8
:106D7000402278310093B837243000F091FCC036BF
:106D80003800FBF729F83000FBF726F8E5612762A9
:106D90002663656303B0F0BDDC160020D816002022
:106DA0000A4A116B136A00290CD0002B07D000236C
:106DB000D36153631363002313620120704753634D
:106DC0001363FAE7002BF8D0D161F4E7DC1600205A
:106DD00070B50F4C052200212000FCF743FC0D4D3F
:106DE0002B78DA0707D50C4C9B070CD50121200026
:106DF00000F0B0FE70BD2000103000F08BFE2B784C
:106E0000054C9B07F2D4200000F084FEEEE7C0465C
:106E1000DC160020D816002000170020F0B54B79B2
:106E2000060083B0022B02D18B79022B03D0002500
:106E3000280003B0F0BD204FBB78002BF7D18B7832
:106E400009253B700C780C196378242B07D00CE0D3
:106E50002378E4185D196378ADB2242B05D19542EF
:106E6000F6D90020FFF766FEE2E71A00052B15D0E1
:106E7000042AF6D163790A2BF3D1104B27780193BA
:106E80000133009330000223E119023AFFF79EFC20
:106E90000028CCD00E35ED19ADB2E2E7210030006C
:106EA000FFF7E2FC0028C2D0A3787B7023785D193D
:106EB000E4186278ADB2DBE7DC160020DE160020B5
:106EC000F8B5602314001278050013400020202B31
:106ED00007D1304A6379277916781B023B439E42DB
:106EE00000D0F8BD6378222B1AD007D8202B34D0DD
:106EF000212BF6D101293ED00120F2E7232BF0D13E
:106F0000012940D00329F7D1234B002BF4D0E1789D
:106F1000A37809020020194300E000BF0120E0E748
:106F2000012930D00329E7D101252E00A378E47888
:106F3000023924021C43147126402432100071408F
:106F400000F008FE154B002BD6D06208002031005F
:106F50002A4000E000BF0120C3E701290BD003292C
:106F6000CAD10F4B002BC7D0083200201100FEF70A
:106F7000A5FA0120B5E7072321002800094AFFF7F9
:106F8000F1FC0120ADE721002800FFF7D5FC01202E
:106F9000A7E7C046DC16002000000000000000004B
:106FA000BD540010E4160020F0B54F464646D646C4
:106FB000C0B5364D8046EA780C001F008A423CD0AE
:106FC000AB788B4210D00020E0BCBA46B146A84650
:106FD000F0BD2F4B002B04D02E4800F0ADFB002855
:106FE00051D00020FFF7A6FDAB78A34201D00120CD
:106FF000EAE7294B002B02D0002000E000BF002070
:10700000FFF732FE0028F2D1244C200000F07EFB76
:107010000028ECD1002FEAD0BF06E8D1243C40463E
:10702000A178FFF73BFC0028E1D000230022404676
:10703000A178FFF75BFC0120C6E79AB210239A46BD
:10704000174EAA443100504600F0A8FC154B002B07
:10705000BFD06B79FF2BBCD0002FBAD0F21991466C
:1070600003E001364E45B4D06B7932789A42F8D1BC
:10707000504600F061FB0028F3D15346103B59798C
:1070800000E000BFEDE700E000BFAAE7DC1600204B
:1070900000000000EC160020000000000017002097
:1070A00058160020000000009322F0B5134C85B064
:1070B000002120009200FCF7D5FA23002000802652
:1070C00040270F4D4D337600FF3329300295009352
:1070D00000220023002103970196FF3000F0D4F92D
:1070E0004035201D283400230122002103970295FA
:1070F0000196009400F0C8F905B0F0BDA819002071
:107100002819002010B5054C200000F0F3F92000EC
:107110002538FF3800F0EEF9012010BDD01A00200C
:1071200070B5084C002520003130FF30257000F08C
:10713000F1FC20000C3000F0EDFC2A23FF33E55475
:10714000657170BDA8190020F8B557464546DE4662
:107150004E46E0B54B7980460F00FF2B5BD1404B8C
:1071600099462A234946FF33CB5C002B53D14E79F5
:10717000002E50D1BB783C780B703B793C19002B2A
:1071800046D098235B004B449A460C234B449B46C5
:10719000A51803E0AC423BD22378E4186378052BB2
:1071A000F8D1AC4234D221004046FFF75DFB002805
:1071B00031D0A3780136F6B2DB09012B32D050462C
:1071C00000F0A8FC2A234946A278FF33CA54637909
:1071D00022791B021343234A5B0594465B0D9421DD
:1071E00063445A4253414A4602204900525C5B00C4
:1071F000824313434A46535451464046083900F0EF
:10720000E3F9002807D02378E4183B79B342C5D8C6
:10721000E01B80B200E00020F0BCBB46B246A946AD
:10722000A046F8BD584600F075FC5A46A3780C3AC3
:107230005371637921791B020B430A495B058C4624
:107240005B0D634459424B41022011795B0081433D
:107250000B43594600200839137100F081F9D2E739
:10726000A819002000FEFFFFF8B52A2506001F48D8
:10727000FF35455D1F008D4215D043798B4201D00B
:107280000020F8BD1A4B002B04D039040020090C53
:1072900000E000BF174C3000210000F061F9002829
:1072A0001DD00120EDE79A235B00C35A002B0DD1BE
:1072B000114B002B04D000201049BAB200E000BFEF
:1072C00030000F4900F080F90120DAE796235B00D7
:1072D000C1583130BAB2FF3000F060FBE8E73A0045
:1072E0002100300000F008F90120CAE7A8190020A9
:1072F00000000000AC190020000000002819002048
:10730000D01A002000B5030083B0002910D000205F
:10731000012B07D80A78002A04D00C48C254012057
:10732000012A01D003B000BD1800FEF7D5FDF9E732
:1073300001236A46002001A99380FEF7CDFD0028B5
:10734000F0D00122014B1A70ECE7C046F81700207C
:10735000037870B5DB0704000E00DD0F002B17D19A
:1073600003785B0701D5280070BD01213000494238
:1073700011F09EFE2378DB07DD0F002B0AD1237866
:107380005B0708D40422237801251343237002E00D
:107390000025E8E70025300011F052FEE3E7C04683
:1073A00070B50C00012106004942200011F080FE5A
:1073B00033785B07DD0F002B04DB200011F040FE6B
:1073C000280070BD3378DB0704D40422337893435C
:1073D0003370F2E70025F0E7437902791B0213438B
:1073E000C2785B0592075B0D920F022A1DD0032A1B
:1073F0000CD00020012A08D102394A425141124AD8
:107400009446614499424041C0B2704702394A1ED5
:1074100091410E4A494211408022D20094460020F8
:10742000614499424041C0B2EFE7022905D00020F3
:1074300040229A424041C0B2E7E7054A98184342C9
:107440005841C0B2E1E7C046FF03000040FCFFFF27
:1074500000FEFFFF8A1870B5914207D27F264C7854
:10746000052C04D00C7809198A42F8D870BD340074
:107470008D782C4064000419ED0963550C780919C6
:107480008A42ECD8F2E7C046F0B5C64600B582B0F5
:10749000150008AA40CA040017886A46928D012088
:1074A00090460A0021780240814320001143217058
:1074B0003A00009331000123083000F0F1F8002E6B
:1074C00001D0002F08D10A9B0120636043466380EE
:1074D00002B080BCB846F0BD26001C363000FAF77A
:1074E0007BFC0023002D01D0330000266361A661E0
:1074F000E9E7C04601207047F8B502240B78070081
:107500001C4063425C41144B64421C40134B080016
:107510009C4608300D001600644400F0F7F800287F
:1075200007D1002E05D0344203D101242B781C4210
:1075300001D00020F8BD38006978FFF7AFF90028C6
:10754000F7D02B781C42F4D1002300223800697850
:10755000FFF7CCF9EEE7C04640FEFFFFFF01000059
:10756000F8B50D000835060028000C0000F0CEF834
:10757000002803D0012723781F4201D00020F8BD46
:1075800030006178FFF78AF90028F7D02800628878
:10759000616800F03DF9237805001F4000280BD0FA
:1075A000002FEBD10300626830006178FFF79EF98D
:1075B0000028E3D02800E2E7002FDFD13000617817
:1075C000FFF780F9DAE7C046F8B5CE46474680B502
:1075D0008A8906000C000B78002A07D101251D427C
:1075E00040D00020C0BCB946B046F8BD9B0733D49C
:1075F0002A4B4025994627000837380000F0A4F8A8
:107600008542EED80122237890461A42E9D1300013
:107610006178FFF743F90028E3D0380000F094F8D0
:10762000424623781A40854231D8002AD9D14A46A9
:10763000638802401D1C934200D9151CADB2002284
:107640006178002D00D062682B003000FFF74EF902
:107650000028C6D02800C5E7FE2380251B029946D6
:10766000AD00C8E74978FFF719F90028B9D02378A9
:107670001D42B6D1638800226178002B00D0626879
:107680003000FFF733F90028ABD06088AAE7002A62
:10769000A7D130006178FFF715F9A2E7C0FF00001D
:1076A000F0B5C64600B504006846057E80208846D1
:1076B00017001E000002824226D8E068002803D08E
:1076C0000121494211F0F4FC2069002803D0012176
:1076D000494211F0EDFC4346236073045B0CED035B
:1076E0001D430023E0686381A780E5802381002893
:1076F00001D011F0A5FC2069002801D011F0A0FCF8
:10770000012080BCB846F0BD0020FAE710B504891E
:1077100041898288A3B288B28C4207D31B1A9BB2DC
:10772000101C9A4200D9181C80B210BD5100091AD1
:107730005B189BB2F4E7C04603894089181A43429C
:107740005841C0B27047C04610B50489418982884B
:10775000A3B288B28C4207D31B1A9BB200209A4274
:1077600001D9D21A90B210BD5100091A5B189BB210
:10777000F4E7C04670B5040000690E00002803D08D
:107780000121494211F094FC25896089A288A9B29F
:1077900083B2854232D3CD1AADB2002D28D0AA4291
:1077A00008D291422FD3891A8BB263819A4203D8AF
:1077B0009B1A9BB29A42FBD9E28821685204520C70
:1077C00053433000C918FBF753FF63890125591C47
:1077D00089B2A2888B420DD900215200891A89B240
:1077E00020696181002801D011F02AFC280070BDB9
:1077F000618989B252009142F2DBEFE75500ED1A40
:107800004D19ADB2C9E789188BB26381CEE7C04686
:10781000F0B546464F46D646C0B5060000698946D3
:107820009046002803D00121494211F041FC3189E2
:107830007289B5888BB294B2914254D31F1BBFB2E8
:10784000002F4AD0BD4205D2AB4251D25B199CB247
:107850002F0074814346B8453DD89FB2A54203D856
:10786000641BA4B2A542FBD9F28831685204520CC1
:10787000904662432B1B9BB2891842469F4225D9F2
:1078800053439BB21A0048469A46FBF7F1FE434623
:1078900048467D1B64195C4331685044A2B2FBF733
:1078A000E7FE7189B588CB199BB26A00994216D957
:1078B0009B1A9BB230697381002801D011F0C0FB84
:1078C0003800E0BCBA46B146A846F0BD48467A4307
:1078D000FBF7CEFEE5E73B1CBFE773899BB26A006E
:1078E0009342E7DBE4E76F003F1BDF19BFB2A7E776
:1078F0005B1B9CB2ACE7C046F8B50400C0680E0044
:10790000002803D00121494211F0D2FB25892089AA
:107910006189A288ADB283B28FB2884229D3DB1BC2
:107920009BB29A4209D8E779FF0906D1E06800289E
:1079300001D011F085FB3800F8BD2B0095421DD316
:107940009B1A9BB29342FBD2E28820685204520CED
:1079500053433100C018FBF78BFE6B1C9BB2A2880F
:107960009D4217D9002352009B1A9BB20127238105
:10797000DCE75100C91B5B189BB2D2E7E2882068A4
:107980005204520C53433100C018FBF771FE01350D
:10799000A288ABB252009342E8DBE5E7F0B54E4671
:1079A0005746DE464546E0B589460600170083B0D7
:1079B000002A67D0C068002803D00121494211F095
:1079C00077FB3389F2799BB298467389B5889BB26D
:1079D000D20940D198455ED26A00D31A43449BB283
:1079E000AB425DD2EB1A1A1C9BB2BB4200D93A1CC7
:1079F00097B27B1B9BB20193F3885B045B0C9A46A6
:107A00004346DB199BB29B464446A84503D3641BFF
:107A1000A4B2AC42FBD25346634330682D1BADB2D7
:107A2000C018BD424BD3524649467A43FBF720FE6D
:107A3000B3885B00D84501D89B4503DB5A46D31A6F
:107A40009BB29B465B463D003381F06800281AD00C
:107A500011F0F6FA17E0F2885204520C9246AF4247
:107A600020D298454DD34246D21A92B26900781B73
:107A700080B2D21901908A4233DA4346FB189BB296
:107A80009B46C1E70025280003B0F0BCBB46B246C8
:107A9000A946A046F0BD4246D31A9BB2AB42A1D341
:107AA0000025D2E7002DD0D07F1B574398465A19A6
:107AB000002392B2B94493462F000193A4E75346A2
:107AC0005D43ADB22A004946FBF7D2FD019B290078
:107AD000E21853465A43306892B24944FBF7C8FD56
:107AE000A6E75A1992B29346D21B92B2904693429D
:107AF0000CD94346591A8BB29846FB189BB29B4649
:107B000082E76900CA1A424492B2B0E7914200DDAE
:107B10007AE7EEE710B50400C068002803D0012121
:107B2000494211F0C5FA2069002803D001214942D9
:107B300011F0BEFA0023E06863812381002801D0A0
:107B400011F07EFA2069002801D011F079FA0120A5
:107B500010BDC04670B50400C0680D00002803D0F9
:107B60000121494211F0A4FA2069002803D0012123
:107B7000494211F09DFA7F21E379ED011940E06857
:107B80002943E171002801D011F05AFA2069002838
:107B900001D011F055FA012070BDC046F0B54E4637
:107BA0008146474ADE464A44531E9A41802357463F
:107BB00045465B029C46E0B5424B1204624485B0E8
:107BC0001A60414B0C0041491A6010000B68984341
:107BD000FBD180460620FAF7BFFE4B465A680223C7
:107BE0001A4001924A460090802004320292384A9C
:107BF000E70D4A446602136093463B0032000225BB
:107C0000400007E00099914206D3023592197B416A
:107C1000854201D0002BF5D0434680260393009B7C
:107C20002F02AA4698467F1B760003E05346FF1AB0
:107C3000012E3FD0390040463500013EFBF742F9A6
:107C40008442F3D22B0055469A465046330298465A
:107C500068434B4642461D611B6880265340FF2205
:107C60007601120213404E44336080239B019C46F0
:107C7000029A019B6244136002215C464B465B689A
:107C800021604C46276807246740C8343C40346074
:107C900003240B4013600F4B4B441C601160010028
:107CA0000098FBF70FF905B0F0BCBB46B246A946F9
:107CB000A046F0BD5546039B28009846C9E7C0463C
:107CC0000040FCBF00E0004000F0004008C0004061
:107CD000043000002420000010B506F0D9FE10BDCD
:107CE000F8B501230B72040006F006FF0500431CE3
:107CF0000BD10F4B186859680E4B22689860D960F9
:107D00001900200052699047F8BDFAF71DFDFA22CC
:107D100006000F000023280000219200FBF74CFC16
:107D2000801979410029E7DA012003494042E3E75D
:107D3000A0B1011008130020FFFFFF7F70B5094DAF
:107D400004002B78002B08D00123074920000B7278
:107D50002368DB699847012070BD00F0AFFB012369
:107D60002B70F1E7FA8000202013002010B50400EA
:107D7000036804499B6998472368200002491B6AED
:107D8000984710BD081300202013002000207047E2
:107D90007047C04610B5FAF7D7FC002905D0FA2283
:107DA00000239200FBF7CCF810BDFA218900FBF705
:107DB00089F8F9E78368002B04D107E01A68002AE4
:107DC00006D013008B42F9D1002005E003000833F0
:107DD0001960002301200B607047C04602008368D1
:107DE0000832002B04D109E01A001B68002B05D0D3
:107DF0008B42F9D11B680120136000E0002070471E
:107E00004368002B04D107E01A68002A05D013004C
:107E10008B42F9D1002004E0031D196000230120EA
:107E20000B6070474368021D002B04D109E01A0063
:107E30001B68002B05D08B42F9D11B680120136011
:107E400000E000207047C046F0B55746DE46464683
:107E5000C0B53E4B82B01A685B680092019383689C
:107E60008246002B2CD0082353449B46FAF76CFC27
:107E700053469B6804000D005F46002B20D0002273
:107E80001E0094469846B268F36820002900801AC4
:107E90009941002902DB14001D00BC4637003668FA
:107EA000002EF0D162464346002A48D01168504661
:107EB0000B6813604B68984753469B68002BD5D1DD
:107EC00053465C68002C29D000255646237A002BA7
:107ED00031D0210063682572300098472468002C57
:107EE000F4D1B168B246002918D0009C019D0E0063
:107EF00003E004000D00002E0ED03300220098682D
:107F0000D9682B00121A8B413668002BF1DCF2D1B4
:107F1000002AEED1002EF0D100940195009B019C27
:107F20005246180021001361546102B0E0BCBB4608
:107F3000B246A846F0BD2468002CC7D1D1E719008D
:107F400053465C68002CBFD1CFE7C046A0B10110FA
:107F500070B50F4C0F4D104A24184D41A900A00FC9
:107F60000843A90F69400D4B6040FBF725FB4A0110
:107F7000C30E1343CA0E58405140094B094AFBF740
:107F80001BFB4A00C30F1343CA0F5840514070BD3A
:107F9000157C4A7FB979379EB9E5E41C6D4758BF17
:107FA000BB49D094EB113113F0B504684568060065
:107FB00023002A00C6468068F16803430A4300B5DF
:107FC000134304D1FAF7C0FB03000B43FAD0230696
:107FD0002A0A60402F061A43230A3B43070CBC467B
:107FE00069404B40984663460F041F4342400304D8
:107FF0005A4043467B4032607360C20E4B011343CC
:10800000C90E40010843B360A10FAB000B43A200AF
:1080100012196B41F060D101580E520EDB0108437A
:108020001A4304001500430FD1001943C000001982
:10803000694180BCB846F0BDF0B5DE4657464E46B5
:108040004546E0B5AD4C97B005942478002C00D19E
:10805000D5E00EAB0D93AA4BAA4F0293AA4BAB4DA2
:108060009B465B461E685C689B680B935B46DB68BF
:108070000C93A74B05931B78DBB20693FAF764FBCE
:10808000FFF766FFA34B70409B69614008900A911F
:10809000DB0433D5A04BDA6BE0231340402B2DD00B
:1080A000EFF3058399469D4B3E68984600239A4618
:1080B0002B004D467C68994630002100002D1AD0D7
:1080C000FAF74CFBEFF3108272B643461B68002BA5
:1080D000FBD0BFF35F8F3B68B34212D0BFF35F8F1B
:1080E00043465146196082F310883E687C68300030
:1080F0002100002DE4D1FAF7A9F9E3E7FAF78AFDA8
:10810000CEE77B68A342E9D1824B1400DE69FAF71F
:108110001BFB0A220023801859414D4602000B1E0A
:1081200002DA01227E4B52420CC72A686B681000AB
:108130001900012780185941374007430022009059
:1081400001912F606960BFF35F8F744B1A6084F3F5
:1081500010887449029B8C461B787349DB0063448A
:108160009868884249D00021FFF7F2FE089D0A9CDA
:1081700045404C40EFF3108672B6684A1368002BF6
:10818000FCD038000199FFF7E3FE0B9B58400C9B95
:108190005940BFF35F8F059B069A1B78934208D026
:1081A0005B460CCB5C405B4655409A68DB685040B0
:1081B00059405F460D9B0E955C609860D960180031
:1081C000FFF7F2FE109A119B0E9C0F9DBA60FB60A8
:1081D000059A3C607D6013780133DBB21370BFF306
:1081E0005F8F00224D4B1A6086F3108817B0F0BCE9
:1081F000BB46B246A946A046F0BD9A60B3E74B4BDA
:10820000009001919C464A4B4A4C9846A1466568AD
:108210002468A10DAB02A2020B4310001900001943
:1082200069410290039102990027890E8A460399B9
:1082300089010191514601980843029901908901F1
:10824000009100980199001BA9410D0061460400AE
:1082500040C98C46A4197D414145DAD14B461C608A
:108260005D600EAB1800069407950D93FDF790FB2B
:108270000E9B0F9C08930994264B9B69DB0400D44A
:10828000FAE0254BDA6BE0231340402B00D1F3E0FA
:10829000EFF305839A46402300249B460023009376
:1082A00001941E4B5C469846164F00239946534650
:1082B0003D687E68A24628001C003100002C1AD0C0
:1082C000FAF74CFAEFF3108272B643461B68002BA4
:1082D000FBD0BFF35F8F3B68AB422DD0BFF35F8F06
:1082E00043464946196082F310883D687E6828003D
:1082F0003100002CE4D1FAF7A9F8E3E7048100206B
:10830000F780002040150020D0000020C000002091
:10831000F88000200000064000800040300100D0BE
:10832000FFFFFF7F00000340FFFFFF00001C042051
:1083300000200420C80000207B68B342CED1230077
:10834000160054469A46009A019B100019008018A6
:108350005941504BDA6901231340034300930191C3
:10836000FAF7F2F90A2200238018594102000B1E85
:1083700002DA0122484B52423A607B60012C66D1FE
:10838000464DA346009B019C2B606C60BFF35F8F42
:108390000023434C236086F31088FAF7D5F9804612
:1083A0008946EFF3108672B62368002BFCD0BFF32A
:1083B0005F8F059B1B78002B52D13A4BDA681F2A3E
:1083C0005DD05A691F2A5CD0DA691F2A5FD05B6AC8
:1083D0001F2B59D0FAF71EFCFF23FF223249DB0086
:1083E0000A70324A0291944600980199052263442A
:1083F0005A60FFF7ADFD82460C0006980799FFF71B
:10840000A7FD53466140584012901391404649469B
:10841000FFF79EFD80460C0008980999FFF798FD2C
:10842000434658406140149012A81591FFF7BCFDD7
:10843000149815991E4B9B46129A139B5C4622601A
:1084400063600123059AA060E16013700CE0BFF344
:108450005F8F00234246136086F31088013C24E7B7
:10846000114B0293124B9B46BFF35F8F00220C4BC4
:108470001A6086F31088F4E5FAF7CCFB08E70023CE
:108480009B465B46DAB2A9E71C3B9B46F9E7022311
:108490009B46F6E700000640FFFFFF7FC00000207C
:1084A000300100D000000340F780002008000340A6
:1084B000D000002010B5FFF7BFFD10BD10B501F0D2
:1084C00033FC00F059FB00F081FD00F04DFE06F09A
:1084D00027FB01F0B7FC09F047FA00F085F906F038
:1084E00091FA10BD40BA80B27047C04600BA7047DA
:1084F000F0B5C646584D04002B68884600B5002BE1
:1085000003D02A7A824200D179E0544E2701EB68E9
:10851000002B02D02A7DA24267D0AB69002B03D08A
:108520002022AA5CA24256D06B6A002B03D02C22D8
:10853000AA5CA24229D03B191B01F318DB7B002C5B
:1085400032D0B27A022A65D0012C32D08D2252006C
:10855000B25C022A62D0022C2FD0414AB25C022ABD
:1085600000D16EE0032B0DD83E4D9B00585906F00C
:1085700073FE00223F193F01F719FB7B9B005A5104
:108580000423FB7380BCB846F0BD381900011030DD
:108590004146AA6A3018984700236B623B191B01B9
:1085A000F318DB7B002CCCD18D225200B25C022A66
:1085B0004CD02B4AB25C022A3ED02B4AB25C022A33
:1085C000D0D12A4AB25C9A42CCD104223B191B0179
:1085D000F318DA73D6E73819000110304146EA691A
:1085E000301898470023AB619EE73819000110301E
:1085F00041462A69301898470023EB608DE7070150
:108600003818164E000110306A6830189847002359
:108610002B607CE7F27B9A4296D1D6E72022FF328C
:10862000B25C9A42D1D0022CC7D00D4AB25C022A69
:1086300007D0032CC1D195E70D4AB25C9A42BCD158
:10864000C3E70B4AB25C9A42F3D1BEE72022FF3265
:10865000B25C9A42E9D1B8E784280020BC28002007
:108660002A020000742800203A0300003F030000A3
:108670002F020000564BF0B54546DE465746984659
:108680004E460301E0B59B461D1843462D015C197B
:10869000E37A070089B0012B00D996E04D4A9B0090
:1086A000D6580192002E00D185E0103545442800AF
:1086B00010F076FCA022123081B29200362000F039
:1086C0007DFF8146002869D005AE0C2200213000D4
:1086D000FAF7C8FF2089FFF705FF01233080B37048
:1086E0003100FF330C224846B38001F05BFA3A4B6D
:1086F0000C269A464346013D029703936A786F1C05
:108700003B0000242E2A07D15AE05A780134E4B203
:10871000591C2E2A49D00B00002AF6D1DA1B92B23E
:1087200090461D002200B218524534DC2200310070
:10873000484601F0EBFA731C9BB2A419424639007B
:10874000484601F06BFAA4B22B78661CB6B2002B37
:10875000D4D1039B0022310048469846029F01F085
:10876000D5FA1E4B02340422049304A9A3B248464E
:1087700001F054FA3B0001995B448C461B014344D1
:10878000DA7ADB7B16499B00920058586244352305
:10879000494606F0D7FC484601F088F809B0F0BC1D
:1087A000BB46B246A946A046F0BD5B1B9BB29846AD
:1087B00022000D00B7E70021FFF79AFEA672EDE751
:1087C00000233D0000229846ADE70648F8F702FF77
:1087D000BC280020B4280020FEFF0000000100019A
:1087E00074280020809501107047C046012800D9E8
:1087F0007047054B8000002902D00A68C250F7E795
:10880000024A1268C250F3E7B42800209CB9011054
:10881000F8B54746CE46454E454B80B58D273400CA
:10882000002598467F00A37A022B32D029D8002B4E
:108830001DD0404B9946FFF73DFEB37A80B2022B24
:108840003FD0F35D022B42D04346F35C022B47D06E
:108850004B46F35C022B4CD002230122A37200236F
:108860002081E372280022736373FFF703FF013551
:108870001134EDB2FF34042DD5D1C0BCB946B04699
:10888000F8BD032B4ED12368002B13D10023A37214
:10889000EDE7237B013BDBB22373002BE7D1637B46
:1088A0000133DBB26373042B29D023732800FFF755
:1088B000E1FEDCE7013B2360002BD8D10023A3724B
:1088C000D5E733898342B6D0F35D022BBCD1173391
:1088D000FF33F35A8342AED04346F35C022BB7D149
:1088E0008A239B00F35A8342A5D04B46F35C022BAC
:1088F000B2D1CE239B00F35A8342ADD19BE7E37AFA
:10890000002B08D10C4A5268002A04D0012263735C
:10891000E2722273CAE700212800FFF7E9FD002375
:10892000A372A4E70548F8F755FEC046BC2800200E
:108930002A0200003A030000B42800209895011094
:108940000122F0B5150000260540104205D000298F
:1089500024DD067801393602013001292ADD8F1E17
:1089600001233C009C43831CE4180023028802304E
:108970009B18A042FAD1490801394900791A012906
:1089800013D0F3181A0C1B041B0CD318180C1B045F
:108990001B0CC018002D02D180B2F0BD00200306D0
:1089A00000041B0C000E1843F6E7FF2102788E43EB
:1089B0001643E6E70023E2E7F8B557464E46DE46A3
:1089C0004546E0B591460A9A8A4611681B680A0432
:1089D000120C090C52181904090C52181B0C9B1884
:1089E0001A0C1B041B0CD3181F0C1B041B0C0400BB
:1089F000FF18002825D000239B46FF330126984608
:108A0000658960682900FFF79BFFC019070C000407
:108A1000000C3F182E4209D05B46414673403A068F
:108A20009B463B0A120C0B401A4317002468002C8B
:108A3000E6D15B46002B04D03A063F04120C3F0EF1
:108A400017435046FFF74EFD04004846FFF74AFD26
:108A50002318DB191A0C1B041B0CD318180C1B044D
:108A60001B0CC018C04380B2F0BCBB46B246A9463E
:108A7000A046F8BD10B582B0049C0094FFF79CFF9F
:108A800002B010BD0122F0B51500002605401042CD
:108A900005D0002925D00678013936020130012998
:108AA0002BDD8F1E01233A009A430023841CA41857
:108AB000028802309B18A042FAD1490801394900C6
:108AC000791A012914D0F3181A0C1B041B0CD318A3
:108AD000180C1B041B0CC018002D03D1C04380B21E
:108AE000F0BD0020030600041B0C000E1843F5E740
:108AF000FF2102788E431643E5E70023E1E7C046F5
:108B0000F8B5CE464746040080B500282FD0002394
:108B10009946FF3300270126984665896068290039
:108B2000FFF70EFFC019070C0004000C3F182E427F
:108B300009D04B46414673403A0699463B0A120C0F
:108B40000B401A4317002468002CE6D14B46002B3B
:108B50000AD038063B04000C1B0E1843C04380B2F9
:108B6000C0BCB946B046F8BDF84380B2F8E701484A
:108B7000F6E7C046FFFF000003220B4B00219343A2
:108B80000A4A19711360FA220949120198180860FB
:108B900001211A6001710749995007490B60C621EC
:108BA000064B5A527047C046C36F0020B86F002072
:108BB000BC6F0020A00FA00F3831002040310020F2
:108BC000F0B5DE4657464E464546E0B583B0002830
:108BD0006FD0830700D07EE00300434A083B14684F
:108BE0009C4200D974E0414A0C301568854200D29D
:108BF0006EE01A79002A00D173E0FA221988120176
:108C000091420ED85888814690420AD8A446181B33
:108C100080B28046CC44484506D0624612888242E3
:108C200002D03348F8F7D6FC6618B54202D07288F5
:108C30004245F6D100221A712E4A924612680192DC
:108C4000934202D25246019313602B4AC8209346A6
:108C50000700125A5846521A4244C2539D423DD907
:108C6000B34214D03279002A11D1B5420FD0019A03
:108C7000964229D0FA22318812011980914206D0F9
:108C80004046621850805A88A4469146CC446345B9
:108C90000FD062461279002A0BD1019A93420FD06D
:108CA00063461980FA231B01994202D04B4664188F
:108CB000638003B0F0BCBB46B246A946A046F0BDF7
:108CC000534662461A60EBE7524601931360D1E7C0
:108CD0000A48F8F77FFC0A48F8F77CFC0948F8F7DF
:108CE00079FC0948F8F776FCB86F0020BC6F0020CB
:108CF000209601103831002040310020DC95011011
:108D0000B895011054960110F8950110F8B5DE469B
:108D100057464E4645464A4ACB1CE0B513400B2BFE
:108D200052D9FA221201934251D899424FD8454A5A
:108D30001768874200D979E0434A1268824200D816
:108D400074E0082252429446844461460D8862468B
:108D50002C00D21B083CA1B292B28B46891A89B270
:108D6000994266D32AD07E19B0463679002E30D18A
:108D7000FA2109018D425FD0414615000988083566
:108D8000894632495D190C68ADB27E1944454BD015
:108D90000021317149463180614672800D803188F1
:108DA000FA263601B14201D079184D80C8255C46BB
:108DB0002749141B4A5B14191B194B53F0BCBB46C3
:108DC000B246A946A046F8BD0C239942AFD900206F
:108DD000F4E71E001436B6B2B142EFD31600FA2102
:108DE00008369E19B6B209018D4225D0174CB91923
:108DF000A04624688C4201D94446216000240C71AD
:108E000064460D80FA254A80268009882D01A942F2
:108E100001D079184E805C46121BC8240C490D5BAA
:108E200052199B180B53C9E70E60B1E70948F8F7D0
:108E3000D1FB0948F8F7CEFB0848F8F7CBFBC04652
:108E4000FCFF0000B86F0020BC6F0020383100200C
:108E5000403100207096011088960110A8960110EC
:108E6000F8B5DE4657464E464546E0B5002833D0B5
:108E70004E4BC61C1E40B3460B2E34D9FA231B01A1
:108E80009E4229D8584527D8494BFA2798461B684F
:108E900059469C46474B3F01186863461A1A93B2DD
:108EA0001204120C7F1A974211D9082149428A46AE
:108EB000841899462579835A11001A00002D04D18F
:108EC0005646711AC918594510D29F42F0D8C4218C
:108ED000394B5A5A01325A520020F0BCBB46B246B6
:108EE000A946A046F8BD0C239B46CBE75A46143250
:108EF00091422DD34946FA260C3A891889B2360197
:108F0000B1424DD047183B804B467B8001233D71D9
:108F1000218023713B88B34201D0C3185980C825F2
:108F200025494B5B08335B449BB24B5302354E5B88
:108F30009E421DD3214B1968A4451BD0A218914213
:108F400031D320000830A407C7D01D48F8F742FBF2
:108F50000122C8254E46184922714A5B921B9B1874
:108F60005A469BB24B5302354F5B08329F42E1D2C7
:108F70004B53DFE763461B79002B08D1DEE76346DE
:108F80001B889C46844463461B79002B04D08C4587
:108F9000F5D143461960D1E7434660461860CDE7F6
:108FA0000848F8F717FB0848F8F714FBFCFF000027
:108FB00038310020B86F002040310020BC6F002005
:108FC000EC960110A8960110BC9601101F4B204A88
:108FD000F0B59446454600229846282357464E460B
:108FE000DE4692469B46033208249146E0B5194E70
:108FF000194F1A4BB34461465046326808604946DF
:1090000003338B43002C0CD095880021002200E014
:1090100003000132196058191900A242F8DB6246B8
:10902000136043467C80043680C39846B34506D01F
:109030003268D36817689C46D4889368DBE7F0BC35
:10904000BB46B246A946A046F0BDC046103200203D
:10905000746F00204CB60110446F0020946D002006
:1090600070B5092820D8134B8000C558FEF78EFE36
:10907000EB681C68002C11D022681A60A30715D178
:109080002A689388D18801339BB29380994203D395
:10909000FEF77EFE200070BDD380F9E72A681388B2
:1090A00001331380FEF774FE0024F3E70248F8F75B
:1090B00091FAC0464CB601103097011070B50C0003
:1090C000092812D8002910D00A4B8000C5588B07F8
:1090D0000CD1FEF75BFE2A689388013B9380EB6816
:1090E0001A6822601C60FEF753FE70BD0248F8F754
:1090F00071FAC0464CB60110549701100C20404242
:109100007047C04670B505000E00140082B0002AFA
:1091100024D043680A689A4201D102B070BD23602E
:10912000200001A9019201F0DFFF200001A906F053
:10913000C1F8210001AA28000AF0A6F935233268F7
:109140006A60E95C303B0B40052BE6D1002AE4D095
:109150008906E2D5280008F079FCDEE70148F8F737
:1091600039FAC046749701107047C046F0B54746BB
:10917000CE4680B504000F0090461E0083B0002844
:109180006AD00B9B002B67D0002900D17BE04346BF
:10919000002B00D17CE0002E00D17EE04F4B00255B
:1091A00063610022352320006560A560E560A58528
:1091B0000021E25420300C22FAF754FA0A9BE563AE
:1091C000E361474B1A7899463823E2540C9B256497
:1091D00023613B68002B45D043461B68002B2FD0F2
:1091E000A3603368002B2ED13900200001AAFFF7BD
:1091F00089FF20000B9B984700282DD1394B9846BA
:109200001E683823E55CFF2D01D10025E054382786
:109210003820002E48D080223300520002E01B6824
:10922000002B41D09C4255D0013A002A0DD0D95D87
:10923000A942F4D10135EDB2FF2D09D02554EAE75A
:109240003368002BD0D0E360CEE72748F8F7C2F9A7
:10925000002300252354DEE7002003B0C0BCB9463C
:10926000B046F0BD390001AA2000FFF74BFF43468E
:10927000A1681B68E268994211D0A36033689A42E2
:10928000B7D0E360B5E74346184F002B00D082E724
:10929000164B9846002E00D080E7144E7EE73368C8
:1092A0009A42A6D0E360A4E7FE2D11D00135EDB2BD
:1092B0004B461D70434626601C603523E35C9B06CD
:1092C00001D42000C9E7200008F05EFB2000C4E7BD
:1092D0000025EDE70648F8F77DF9C046FD9000103F
:1092E000008100207C6F0020989701109CB901102C
:1092F00084970110F0B504000D0017001E0083B024
:10930000002922D0002F23D0002E24D02B68002249
:10931000002B15D03B68A1688B4200D0A360336856
:10932000E1688B4203D1002A04D003B0F0BDE360B2
:10933000002AFAD16A4629002000FFF7E3FEF4E78D
:109340006268002A09D10122E4E7144D002FDBD125
:10935000124F002EDAD1114ED8E7684601A90193C9
:10936000009201F0C1FE684601A905F0A3FF69461D
:1093700001AA20000AF088F835232A686260E15CBF
:10938000303B0B40052BDED1002ADCD08906DAD534
:10939000200008F05BFB0122BCE7C0469CB901102D
:1093A00070B5041E18D04368002B2AD13525635DA3
:1093B0009A0615D401221A4219D11A4B1A68A242F0
:1093C0002CD0194A1368A34204D124E01A68A2429F
:1093D00003D01300002BF9D170BD22681A60FBE79F
:1093E000200008F011FB0122635D1A42E5D019004C
:1093F00091433432A1541B07DFD5200007F0BEFC97
:10940000DBE7051D2800002101F06EFE0021280089
:1094100005F050FFCAE723681360DDE700221A60F9
:10942000CFE7C046786F00207C6F0020014B1860AA
:109430007047C046786F002010B5002803D0352251
:10944000835CD90700D510BD0121194381545A0707
:10945000F9D54268002AF6D09B06F4D508F0F6FA52
:10946000F1E7C04670B5041E03D03525435D5A07A9
:1094700000D570BD04221343435506F0EBFE0523CF
:10948000625D1340052BF4D16368002BF1D0920686
:10949000EFD5200008F0DAFAEBE7C04610B5002857
:1094A00004D035220421835C194200D110BD8B43C6
:1094B000835409F0A1FEF9E7021E0ED0084B18688C
:1094C000002809D0382102E00068002804D0435C5D
:1094D0000133DBB29342F7D170470020FCE7C0466E
:1094E0007C6F0020F0B5C6460500002600B50028B8
:1094F0002DD00F230227984609E02B69002B37D087
:10950000280098470136F6B2002C20D02500FEF73F
:109510003DFCAB7B002B28D0013BDCB2AC73FEF7EB
:1095200037FC002C13D16B7B2C681F42E5D14246DF
:109530002B7B1340022B0ED0012B11D0002B1AD104
:1095400028000136FFF73CFBF6B2002CDED13000DC
:1095500080BCB846F0BD29000920FFF7AFFDD1E778
:1095600029000820FFF7AAFDCCE70448F8F732F8F5
:109570000348F8F72FF80348F8F72CF8C8970110BC
:10958000E09701100498011010B5FEF7FFFB0022D0
:10959000084B1A70FEF7FCFB074B1868002803D134
:1095A00007E0C068002804D0436F002BF9D001F019
:1095B000E5FD10BD02810020A0800020F0B5C12390
:1095C0004F464646D6468046C0B50D0017000400FB
:1095D0005B009A4242D000220C0491460C439F4209
:1095E00008D83D00433BFF3B9D43012D24D03B4821
:1095F000F7F7F0FFA0239B009F42F8D10300032759
:1096000003330335BB43BD435B199BB218001030D5
:1096100080B2AB4260D385425ED8FFF721FC061EC4
:1096200016D04B4603604346C3181333BB43436015
:109630002B4B8460C3600BE00820FFF711FD061E72
:1096400006D04B4684600360436007734373C58153
:109650003000E0BCBA46B146A846F0BD00239846AB
:10966000204B00269A4600230327994607E04246EE
:10967000ED1AADB21060002DEAD08046002409201A
:10968000FFF7EEFC00281BD05246E31CBB43D31A65
:109690001A1C9BB2AB4200D92A1C4946041993B24A
:1096A00013344281104ABC43016044600581C260AA
:1096B000002EDCD1ED1AADB20600002DDDD1C7E7DA
:1096C000FEF764FB0122094B1A70FEF761FB002EC6
:1096D00002D03000FFF706FF0026B9E71898011006
:1096E00080000100EC0500008200010002810020E2
:1096F000F0B5032705AC20CC03302688B8430C0412
:109700000C430918B1420DD8002D00D02D181A7342
:109710000222002118005A73013A19605D609C60B2
:10972000DA81F0BD0020FCE770B5041E36D0028956
:109730008A421ED98A1A07E0C91A238989B29B185E
:1097400023812468002C23D063898B42F4D3227BAD
:109750000D040D43120704D18B4202D0637B9B079B
:1097600008D52068A560002801D0FFF7BBFE0023C4
:10977000236070BD636820001B1BC91889B2FFF706
:10978000C5FA002807D08442EBD00648F7F722FF3D
:109790000548F7F71FFF0548F7F71CFF0448F7F7E0
:1097A00019FFC046809801104C9801106498011070
:1097B00034980110030070B500281FD08022520297
:1097C00091420CD2002917D002898CB2A21892B211
:1097D000944204D8057B01207F2D02D870BD012062
:1097E000FCE75D68691A1D001035A942F6D359607F
:1097F00059891A8164185C810020EFE70148F7F766
:10980000E9FEC0469C98011010B5002815D08023B1
:109810005B0299420FD200290BD043898AB29A4247
:1098200009D89B1A44684381038961189B1A4160D7
:109830000381002010BD0120FCE70148F7F7CAFEB4
:109840009C98011010B5002915DB002829D00029AB
:109850000FD003898AB2D3189BB29A421FD84468AA
:10986000611A047B7F2C16D841604189038152180C
:109870004281002010BD4942002812D043898AB29B
:109880009A420CD89B1A44684381038961189B1A39
:1098900041600381EDE704001034A142E4D20120CD
:1098A000E8E70148F7F796FE9C98011010B50028EC
:1098B00002D0FFF717FE10BD0148F7F78BFEC04638
:1098C0009C98011003000020002B04D01B6801307D
:1098D00080B2002BFAD1704710B5041E09D0FEF7F4
:1098E00055FAA37B0133A373FEF752FAA37B002B37
:1098F00000D010BD0148F7F76DFEC046A8980110D2
:1099000010B5002818D0002916D088421AD0026855
:10991000002A01D111E01A0003890C891B19038167
:1099200013681000002BF6D110895389834206D1A9
:10993000088911601B18138110BD0200F4E7034869
:10994000F7F748FE0248F7F745FEC046D8980110E1
:10995000BC98011010B50C00002821D000291ED0A1
:10996000884220D00368002B07D002892189521831
:10997000028118001B68002BF7D1028943899342AA
:1099800017D1228904609B180381FEF7FFF9A37B9E
:109990000133A373FEF7FCF9A37B002B06D010BDA7
:1099A0000029FCD0F1E70448F7F714FE0348F7F765
:1099B00011FE0348F7F70EFEBC980110A89801109D
:1099C000D8980110F8B54746CE46804680B59146F6
:1099D0000F001E00002900D192E00B89934200D2B3
:1099E0008EE0002800D18BE04B460289F3189A42A2
:1099F00000DA85E0002544894B890CE0B4423AD076
:109A00003A899A4230D042461289A24243D04A460D
:109A1000002A00D172E05B1BA41B9C4200D91C00F1
:109A20004C4500D94C464346796858682200801955
:109A30004919F9F71DFE4B4636192D191C1BA3B207
:109A4000994643465C892200B4425CD37B89AB4291
:109A50005CD3D3D13F68002F22D0B4420AD07B8997
:109A60003A8900259A42CED13A68002ACBD0062006
:109A7000404225E0002543461B689846002B23D032
:109A80007B893A8993422ED04246548942461289B4
:109A90000026A242BBD142461268002AB7D0E6E7B0
:109AA0004B46002B2CD1B44221D043461B89934214
:109AB00024D143461868431E9841052340429843E9
:109AC000C0BCB946B046F8BD4B46002B18D13A8908
:109AD0007B8900209A42F3D13868431E98410523C0
:109AE00040429843ECE73A68002ACDD0BFE74346AE
:109AF0001B689846002B01D05A89D6E70020DFE783
:109B000010204042DCE70348F7F764FD0248F7F70E
:109B100061FDC046089901102099011010B5002977
:109B200004D000230A89FFF74DFF10BD10204042EA
:109B3000FBE7C046F0B5C64605008846170000B5ED
:109B400000280DD000290BD0002F09D06C89002BE4
:109B50000BD0A34209D32D681B1B9BB2002DF5D15E
:109B60000026300080BCB846F0BD002603E0002D82
:109B7000F7D000236C89E41A221CA4B2BC4200D99D
:109B80003A1C94B2424669683F1B9019C9182200DA
:109B9000A619BFB2F9F76CFDB6B22D68002FE6D159
:109BA000DFE7C046F8B5CE464746050088469146F1
:109BB00080B5002824D0002922D0038993421CD3E9
:109BC00016000027002A02D112E0002D1BD06C895C
:109BD000B44200D9340043466868D9192200F9F725
:109BE00047FD361B2D683F19002EEED1B9450DD12A
:109BF0000020C0BCB946B046F8BD01204042F8E79D
:109C000010204042F5E70348F7F7E4FC0248F7F775
:109C1000E1FCC0463C99011054990110F0B5D646BC
:109C20004F46464605008A46C0B5002805D144E0A7
:109C30002D68DB1B9BB2002D3FD06F899F42F7D967
:109C4000298998188146814237DB6868C018FB1A59
:109C50009A422EDD9BB21A0051469846F9F708FD4C
:109C60004B46DF1BBBB29946002B1CD02F68002F40
:109C700029D03B894B4520D34E46002401E0002FDC
:109C80001ED07D89B54200D9350043461919786840
:109C90002A005144F9F7ECFC761B3F686419002E4A
:109CA000EDD1A14512D10020E0BCBA46B146A8468C
:109CB000F0BD5146F9F7DCFCF5E701204042F3E73F
:109CC0000448F7F787FC10204042EDE70248F7F719
:109CD00081FCC0463C990110549901100B0070B5ED
:109CE000150011891A00FFF769FC041E06D0002335
:109CF00029002A89FFF766FE002801D1200070BDE7
:109D00000148F7F767FCC0466C99011005E04389EC
:109D10008B4205D8C91A006889B20028F7D170476C
:109D200043685A54FBE7C0467047C04610B5041E4E
:109D300020D0037D042B03D0072B0AD0032B11D195
:109D4000200003F059FE0523002807D0431C0BD048
:109D500010BD03F051FE0028F8D10923200023751F
:109D600004F0BEF90020F3E70822638B00201343C0
:109D70006383EDE70148F7F72DFCC0468099011099
:109D800070B50600806F002803D0FFF78FFD002319
:109D9000B367746F002C18D06068256800280CD059
:109DA000FFF784FD21000320FFF788F9002D0AD07A
:109DB0002C00606825680028F2D121000320FFF7FD
:109DC0007DF9002DF4D1002373670123F46E5B420B
:109DD0003386002C16D06068256800280CD0FFF769
:109DE00065FD21000320FFF769F9002D0AD02C0042
:109DF000606825680028F2D121000320FFF75EF992
:109E0000002DF4D1346F002C16D06068256800282E
:109E10000CD0FFF74BFD21000320FFF74FF9002D79
:109E20000AD02C00606825680028F2D121000320A8
:109E3000FFF744F9002DF4D100236822F36633675D
:109E4000B35270BD10B5FEF735FB044A800494464A
:109E5000034B800C6044188010BDC04600C0FFFF5B
:109E60003413002010B5037D0100012B03D0012025
:109E7000FFF724F910BD0148F7F7ACFB8C990110EE
:109E8000F8B5031E1BD0048DC16A466A5D8E0F4F64
:109E9000601A80192A1CBD420CD892B2821A07D5CA
:109EA000891B09D48022520291420BD200208CB22D
:109EB0005C85F8BD3A1CF0E700240020F8E7044870
:109EC000F7F788FB0348F7F785FBC046D01600007C
:109ED000A0990110C4990110F8B500281DD0037D88
:109EE000012B34D0048D1D4A61188BB293421BD9CB
:109EF0001300466A458E1A4FC46A0385B218291C9E
:109F0000BD420BD889B20919511A11D5A41B1BD413
:109F100080235B029C421DD24485F8BD391C89B266
:109F20000919511AF2D403E09C42E1D81A00E0E783
:109F300043850C4B121B9A42EFD90222438B1343E9
:109F4000438304F0CDF8E8E700234385E5E70648BE
:109F5000F7F740FB0548F7F73DFBC046A02D000092
:109F6000D0160000670B0000E0990110C4990110A1
:109F7000F8B54E46DE46574645460400E0B51E009D
:109F8000002800D1B7E0002900D1B4E0037D002B08
:109F900000D0ADE00B6802834360007A002837D11F
:109FA000201D08F07DFB002800D1A7E02368002BCE
:109FB00001D143682360E78A002F37D1514B9A467D
:109FC0001D888023DB019C464F4B98464F4B99469A
:109FD000102343449B460135ADB24D451BD043464B
:109FE0001A681268002A03D118E0D268002A15D036
:109FF000D18AA942F9D16346013B9BB29C46002B12
:10A00000E9D153461D806346E38202256D4250E04C
:10A01000FFF752FAC7E7C0252D02E0E704335B459E
:10A02000DED15346E5821D80002DEED0384B3949F4
:10A030001A68096852181A6000232265013A62649E
:10A04000A265E265344A6362A262344AE362603325
:10A05000E252828D002A3AD0131C282A3CD3862152
:10A06000283B1A1C9BB289008B4233D892B262867D
:10A0700048230122E252403302212000E65003F03F
:10A0800047FD051E15D102232375002F05D0244A54
:10A090001368A34218D1E3681360224B1A681C604E
:10A0A000E26004F071FC01221F4B20001A7004F0E2
:10A0B00017F82800F0BCBB46B246A946A046F8BD3A
:10A0C000DA68A24211D01300002BF9D1E5E786220D
:10A0D0009200CCE70A1CC9E728238621283B1A1CDA
:10A0E0009BB289008B42C1D9F4E7E268DA60D4E719
:10A0F0000A256D42DDE710256D42DAE704256D4241
:10A10000D7E7C0463413002014B70110FFFF00004A
:10A1100030130020B0800020A02DA02DA02D000025
:10A12000A4800020A080002005810020C44BF0B551
:10A130004E4699465746DE4645464A46E0B51B68B8
:10A1400089B001331360BF4A13780692013313704C
:10A15000BD4B9A46BD4B079353461C68002C00D15B
:10A16000C2E000239B4644E0012290460B2B00D81E
:10A17000E3E0062D00D10AE1637A1B0753D5042DD5
:10A1800000D0E5E14B461F68236AFA21FF1A9423A9
:10A19000E658AF4B4900F018F8F794FE874200D814
:10A1A000BFE143460133DBB2984601230593666F56
:10A1B000002E00D1FDE04023E25E53009B185B00BF
:10A1C000BB4241D9257D032D5AD0092D00D109E18B
:10A1D0004346002B00D0ECE0237F627F0133DBB2EB
:10A1E000E56823779A4200D810E1A3462C00002CA2
:10A1F0007AD0257D002D00D1E8E1012D00D1E2E1EA
:10A200000A2D00D1DCE1069BA27F1B789A4200D187
:10A2100013E1A3774223E35C022DA5D1052B00D8DF
:10A220008BE001239846666F002E00D176E14B4605
:10A230001F68236AFF1A002305934023E25E530040
:10A240009B185B00BB42BDD87068356800280CD0F5
:10A25000FFF72CFB31000320FEF730FF002D0AD062
:10A260002E00706835680028F2D131000320FEF717
:10A2700025FF002DF4D10023257D6367032DA4D194
:10A280004B46226A1B689B1A282B00D8B1E090230A
:10A29000E6582000FFF774FD53465A461B68002A13
:10A2A00000D169E19C4200D199E1E368D360059B4C
:10A2B000002B00D050E1237D2569E768012B00D1F8
:10A2C0008AE121000120FEF7F9FE0023079C23709C
:10A2D000002E07D00D2128004942B0472378002BDB
:10A2E00000D039E73C1E84D15A4D0024296800294A
:10A2F00004D11BE00C00C968002917D00B7D0A2B84
:10A3000000D066E14B460A6A1B689B1AF02BF1D914
:10A310002B68002C00D13CE1994200D168E1CE6865
:10A32000E6600120FEF7CAFE311EE7D109B0F0BC9D
:10A33000BB46B246A946A046F0BD9923E35C9846C9
:10A34000002B00D18AE0236F002B00D053E1E36E95
:10A35000002B00D146E19A23E35C0B2B00D908E1E6
:10A36000424698213C4BD25C635C934200D209E1A7
:10A370006023E15A002925D1200004F0A9F9002822
:10A3800026D0257D00239846062D00D0F4E6638B69
:10A39000DB0600D5B4E0637A1B0700D543E7666FA0
:10A3A000002E00D043E7002305934346002B00D145
:10A3B00012E79023E658012D00D86DE70A2D00D052
:10A3C00067E769E7200003F03DFA002800D1F0E0DC
:10A3D00098230022E2549932A35C062BD1D8013392
:10A3E000A354CEE74B46226A1B689B1AF02B00D978
:10A3F0004DE74346002B00D049E7237F627F0133BE
:10A40000DBB2E56823779A4200D9EEE60023079A8B
:10A41000237713708C33E358002B0AD02100206976
:10A420009847079B1B78002B00D095E6002800D0AA
:10A43000DBE6200003F054FED7E6A346E468D6E648
:10A44000B080002007810020A0800020058100202E
:10A45000B84C0A00B480002023B701103023E25E1C
:10A460006849238E8B4202D801331AB222864023D8
:10A47000E35E934200DD7CE6200003F0DFFB257DF8
:10A48000002807D0236F002B00D072E6E36E002B6C
:10A4900000D16EE6022D14D03C22A35E3E21625E06
:10A4A000DB109B184222A15C57480A1C0C2977D864
:10A4B000D2B2825C93408022120293426EDA402232
:10A4C000A3520023482023866033E15A255A628E26
:10A4D0000B1CA94200D92B1C9BB250005B0885B213
:10A4E000191CAB4200D2011C4A23E152023BE2524A
:10A4F000002222332000E25204F018F8257D38E6CD
:10A500004B461F68236AFF1A282F00D847E74346A7
:10A510000133DBB298460023059348E600230593F8
:10A5200050E69B23FA21E35C3848490058438019E0
:10A53000F8F7C8FC874200D831E7200004F05AF849
:10A54000002800D06FE69B22A35C0133A3546AE687
:10A55000072D00D116E666E6238B626A216D029311
:10A56000E38A20000193231D0093230003F034FCB1
:10A57000A1E601239846FCE59C423FD15246E368A0
:10A58000136094E60133DBB26354934200D2F9E6E0
:10A59000EEE6994229D1CE682E60C2E61C4B8EE7CA
:10A5A0000C22D2B2825C934080221202934286DB5C
:10A5B000F4E7200003F094FD002800D008E7E0E66F
:10A5C0001448F7F707F81448F7F704F81348F7F7B3
:10A5D00001F81348F6F7FEFF1248F6F7FBFF1248A2
:10A5E000F6F7F8FF1148F6F7F5FF1148F6F7F2FF16
:10A5F0001048F6F7EFFF1048F6F7ECFF0F48F6F7B4
:10A60000E9FFC046FE7F00002CB70110F8240100CE
:10A61000FF7F0000609A0110349A0110089A01101F
:10A62000509B01108C990110F89A0110C09A0110EA
:10A63000A89B0110809B01108C9A0110249B011093
:10A6400070B5041E16D06068256800280CD0FFF78E
:10A650002DF921000320FEF731FD002D0AD02C003A
:10A66000606825680028F2D121000320FEF726FD4E
:10A67000002DF4D170BDC04610B5041E08D040684E
:10A68000002801D0FFF712F921000320FEF716FD84
:10A6900010BDC04670B5051E0DD00320FEF7E0FCCE
:10A6A000041E06D010222900F8F7E2FF6068FFF7C9
:10A6B00013F9200070BD0148F6F78CFFD09B011004
:10A6C000002800D00161704710B5002804D0037D38
:10A6D000012B02D08423C15010BD0148F6F77AFF48
:10A6E000EC9B011010B5002804D0037D012B02D093
:10A6F0009023C15010BD0148F6F76CFF149C011067
:10A7000010B5002806D0037D012B03D90A2B01D0F8
:10A71000FFF736FB10BDC04610B50C1E47D0002811
:10A7200048D003688B4204D12FE0DA68A24224D0DB
:10A730001300002BF9D10023E360237D002B0FD100
:10A74000638BDA0729D4E36E002B36D1236F002BFD
:10A7500036D1636F002B36D100232375E38210BD01
:10A760000A2BF0D0012BF7D02000FFF709FB237D47
:10A770000A2BE8D0012BEFD0E2E7E268DA60002391
:10A78000E360237D002BEBD1DAE7CB680360002385
:10A79000E360237D002BE3D1D2E7022213436383DE
:10A7A000200003F09DFC237D012BD5D0CBE707488B
:10A7B000F6F710FF0648F6F70DFF0648F6F70AFF12
:10A7C0000548F6F707FF0548F6F704FF3C9C011023
:10A7D000589C0110789C0110909C0110AC9C0110B9
:10A7E000F0B54E464546DE465746E0B505000E003C
:10A7F00087B0002876D0037D012B00D1B0E00A2B72
:10A8000000D19BE0026D9246426A059290228258E6
:10A81000934602699146C28A9046002B69D1002A6C
:10A820006FD10023002698462C6F002C16D060684C
:10A83000276800280CD0FFF739F821000320FEF725
:10A840003DFC002F0AD03C00606827680028F2D148
:10A8500021000320FEF732FC002FF4D1EC6E002C17
:10A8600016D06068276800280CD0FFF71FF8210079
:10A870000320FEF723FC002F0AD03C006068276805
:10A880000028F2D121000320FEF718FC002FF4D19C
:10A890006C6F002C16D06068276800280CD0FFF77A
:10A8A00005F821000320FEF709FC002F0AD03C0028
:10A8B000606827680028F2D121000320FEF7FEFB24
:10A8C000002FF4D1002E2CD12B7D012B45D0290057
:10A8D0000120FEF7F3FB5B46002B03D00D21484619
:10A8E0004942D84707B0F0BCBB46B246A946A0468D
:10A8F000F0BD29001C48FFF70FFF01221B4B1A7007
:10A9000092E71B4A1368834208D1C368136000238F
:10A91000EB6086E7DA68AA421CD01300002BF9D15D
:10A92000F5E72B8B51460293434601932B1D009371
:10A9300028002B00059A03F04FFAC5E729000D48BF
:10A94000FFF7EAFE2B7D012B07D029000120FEF73F
:10A95000B5FBC7E7EA68DA60D9E70748F6F73AFED9
:10A960000648F6F737FEC046A0800020058100208B
:10A97000A4800020B48000208C990110C49C011098
:10A9800010B50121FFF72CFF10BDC046F0B5C6463B
:10A99000060000B50120FEF763FB041E24D09C22B4
:10A9A00000212000F8F75EFE64236D4A6675E252CE
:10A9B0006C4B4022A362FF23E372F93BA352E3876F
:10A9C000694B44322363694B1B682362684B1B78D5
:10A9D000A377684BA364684BA3509423674AE25063
:10A9E000200080BCB846F0BD654B082798461D681E
:10A9F000002D0AD02800438BED681F42F8D0BB43DE
:10AA00004383FFF793F9002DF4D15E4B1B68002BB5
:10AA100011D00021554A10681A6A821A914201D851
:10AA200011001C00DB68002BF6D1002C03D00121A3
:10AA30002000FFF7D5FE0120FEF712FB041E06D012
:10AA4000D422514B9A581388013B1380A7E7434601
:10AA50001B68002B16D0454A0021106802E0DB6815
:10AA6000002B09D01A7D092AF9D11A6A821A91425B
:10AA7000F5D811001C00F2E7002C03D000212000C3
:10AA8000FFF7AEFE0120FEF7EBFA041E07D0D4223A
:10AA90003D4B9A581388013B9BB21380D4E7434641
:10AAA0001B68002B16D0314A0021106802E0DB68D9
:10AAB000002B09D01A7D082AF9D11A6A821A91420C
:10AAC000F5D811001C00F2E7002C03D00021200073
:10AAD000FFF786FE0120FEF7C3FA041E07D0D4223A
:10AAE000294B9A581388013B9BB21380D3E773B26A
:10AAF000002B32DB002E22D0320043461B68013A85
:10AB0000D2B2002B1BD019490F680021884607E0FC
:10AB1000186A3A1A90461C000A00DB68002B08D01D
:10AB2000597D8A42F4D8F8D1186A3D1A4545F4D3C4
:10AB3000EFE7002C03D001212000FFF751FE012098
:10AB4000FEF78EFA041E00D14AE7D4220E4B9A5823
:10AB50001388013B9BB21380C5E77F22CDE7C04637
:10AB6000A02D0000A02DA02DFFFF1802B080002016
:10AB7000078100200100A02D21AD001000DD6D0037
:10AB8000A0800020B48000204031002010B540207B
:10AB9000FFF7FCFE10BDC04630B5040085B00028AC
:10ABA00000D19DE0037D002903D0042B1AD0072B90
:10ABB00018D0012B00D168E0022B4AD0002B5DD1C8
:10ABC000E38A002B4FD04B4A1368A34205D184E09F
:10ABD000DA68A24200D17DE01300002BF8D10023F7
:10ABE000E36040E0A36F002B44D0638BDB0600D40E
:10ABF00079E0238B626A216D0293E38A200001933E
:10AC0000231D0093230003F0E7F8237D012B04D9D3
:10AC10000A2B02D02000FFF7B3F8374A1368A3428B
:10AC200014D1E368136000230122E360334B1A70F0
:10AC3000334B1B68A34225D0237D012B13D1314810
:10AC4000F6F7C8FCDA68A24241D01300002BF9D114
:10AC5000E9E721002848FFF75FFD0122274B1A7022
:10AC6000237D012BEBD021000120FEF727FA0020E5
:10AC700005B030BD244B228D9A42B6D12000FFF79B
:10AC800055F8F5E702F07EF8F1E7204900200D00C5
:10AC90000C354B681B68002B05D0DA6F944211D03D
:10ACA000DB68002BF9D104318D42F2D12100184824
:10ACB000FFF732FD237D012B18D021000220FEF783
:10ACC000FDF9D4E7D867DB68002BE6D1EBE7E26853
:10ACD000DA60A8E7E268DA6081E7E36813607EE79C
:10ACE0000C48F6F777FC0C48F6F774FC0B48F6F7BF
:10ACF00071FCC046A4800020A080002005810020B7
:10AD0000A88000208C990110A02D000014B701101C
:10AD1000AC800020F89C0110189D0110349D01109A
:10AD2000F0B5C6460800140000B500294AD0002A34
:10AD30002CD00B7D012B48D01389098D264ACB18C6
:10AD40009BB293421ED913009046476A468E234A0F
:10AD5000C56A0385B844311C964200D9111C42468D
:10AD600089B24919511A21D5ED1B1CD480235B02ED
:10AD70009D422DD245852000FEF798FD002080BC25
:10AD8000B846F0BD9942DED81A00DDE7002BF5D1B8
:10AD90000B7D012B03D010224B8B13434B830121DE
:10ADA000FFF7FAFEEBE700234385E4E743850C4B0E
:10ADB000521B9A42DFD90222438B1343438303F091
:10ADC0008FF9D8E710204042D9E70648F6F702FC91
:10ADD0000548F6F7FFFBC046A02D0000D016000086
:10ADE000670B0000E0990110C4990110F8B5041E2A
:10ADF00032D00023866F777B83678433C558002D5C
:10AE00000CD00023320021000069A84700280BD095
:10AE10000D301ED00520A6674042F8BD3189FFF7EE
:10AE20005BF83000FEF742FDBF0610D5238D0C4ABB
:10AE3000934201D0013323858423E558002D06D0A9
:10AE40000023002221002069A8470D3001D00020F6
:10AE5000E3E70D204042E0E710204042DDE7C04636
:10AE6000A02D0000F0B54F464646D646C0B5204D51
:10AE7000204F2B7801332B701F4B994601239846A6
:10AE80004B461C68002C1BD008262B78A27F9A42C8
:10AE90001BD04246A377638B1A421ED11E4216D1A5
:10AEA000E3689A46A36F002B07D0002320003B7075
:10AEB000FFF79CFF3B78002BE2D15446002CE4D1F5
:10AEC000E0BCBA46B146A846F0BDE468F6E7B34335
:10AED00020006383FEF72AFFE2E702221343638325
:10AEE000200003F0FDF80322638B93436383D5E7CF
:10AEF0000781002005810020A080002010B5FFF709
:10AF0000B1FF054A13780133DBB21370DB0700D4BD
:10AF100010BDFFF70BF9FBE70681002030B50400F8
:10AF200085B0002800D198E0037D012B00D16FE0AF
:10AF30001021428B0A434283042B36D1A36F002B8E
:10AF40004BD0238B626A216D0293E38A2000019328
:10AF5000231D0093230002F03FFF237D012B04D922
:10AF60000A2B02D02000FEF70BFF3F4A13689C42D9
:10AF700018D1E368136000230122E3603B4B1A7091
:10AF80003B4B1B689C4230D0237D012B3AD02100E3
:10AF90000120FEF793F8002005B030BDDA68944236
:10AFA00033D01300002BF9D1E5E7072BC6D0022BD5
:10AFB0001ED016D8C38A002BE9D02E4A13689842B7
:10AFC00008D1C36813600023E360E0E7DA689442C5
:10AFD00040D01300002BF9D1F5E7274B228D9A4280
:10AFE000AFD12000FEF7A2FED6E701F0CBFED2E7FC
:10AFF00021001D48FFF790FB01221C4B1A70237D96
:10B00000012BC4D11D48F6F7E5FAE268DA60B2E731
:10B010001B4900200D000C354B681B68002B05D028
:10B02000DA6F944211D0DB68002BF9D10431A942C8
:10B03000F2D121001348FFF76FFB237D012B0FD0C6
:10B0400021000220FEF73AF8A5E7D867DB68002B5D
:10B05000E6D1EBE7E268DA60B5E7102040429BE713
:10B060000948F6F7B7FAC046A08000200581002005
:10B07000A8800020A4800020A02D00008C99011041
:10B0800014B70110AC800020349D011010B50028C9
:10B0900006D0054B054A186812688018186010BD64
:10B0A0000348F6F797FAC04630130020B08000201E
:10B0B000509D011010B5002A10D000290DD08A8DA6
:10B0C000002A0AD0131C282A00D22823283B1A1C45
:10B0D0009BB2834200D9021C90B210BD0148F6F722
:10B0E00079FAC0466C9D011070B505000E0000286D
:10B0F00002D00368002B00D170BD1D4A10680028E3
:10B1000004D10CE0002C0AD020002B680268C4682F
:10B110009A42F7D10121FFF763FB002CF4D1154BC4
:10B120001C68002C0AD022682B682000E4689A4230
:10B13000F7D10121FFF754FB002CF4D1002EDBD016
:10B140003368002BD8D00C4B1A68002AD4D02B6857
:10B150001168994205D0D268002ACDD01168994271
:10B16000F9D133681360D268002AF0D1C4E7C04631
:10B17000A0800020A4800020AC80002070B5446F27
:10B180000600002C18D06068256800280CD0FEF757
:10B190008DFB21000320FDF791FF002D0AD02C002C
:10B1A000606825680028F2D121000320FDF786FFA2
:10B1B000002DF4D10023736770BDC046F0B5C646BC
:10B1C000634B00B51C88002C31D0624B9C46002399
:10B1D00062461380604B1F68002F00D172E05F4B06
:10B1E0005F491D880022002388461600944200D83B
:10B1F000A3E0531CB1B29BB28D421BD8591B01393D
:10B20000C9B2795C01291BD002291DD000290CD0BC
:10B210009D4253D952490968CB181B7D012B00D898
:10B2200091E09A1892B20123DFE76246138080BC56
:10B23000B846F0BD414609688919097D0129E3D165
:10B240001A0001360123D1E7911C89B29D4221D910
:10B25000434E3668F3181B7D042B20D14B1CA342B0
:10B260001DDAD31C04329BB292B28D421AD8491B0C
:10B27000C9B2795C09029D421BD85B1BDBB2FB5C47
:10B280000B43591E374E89B2B14200D9364B438623
:10B290000123AAE75B1BDBB2FB5C042BDED0634619
:10B2A0001980C4E72E4E36687118097D09029D4247
:10B2B000E3D92B4E3668F3181B7DE1E75B1BDBB24D
:10B2C000FB5CABE7264B00221E68002315001435FB
:10B2D000944232D9715D531C9BB2012926D00229B8
:10B2E00009D00029A1D0F3181B7D012B2BD99A1866
:10B2F00092B20123EAE7F3181B7D911C89B2042B5B
:10B30000CDD14B1CA342CADAD51C7118ADB20B7D4E
:10B310007519297D1B020B43591E124D043289B247
:10B3200092B2A94206D843860123CFE71A0001351D
:10B330000123CDE70C4B4386F6E7002B00D176E7DF
:10B3400063461A8073E7634602321A806FE7C0468D
:10B35000EE800020EA800020BC800020EC800020ED
:10B36000B8800020B3050000B4050000F0B5D64653
:10B370004F464646C0B5C3680500587B1A7B00029D
:10B3800010430C00FDF7AEF8C0074FD401239A46D6
:10B39000FE339846274E3268E36894465A79197905
:10B3A00012020A439979288909041143DA79278915
:10B3B000120660440A43811AC91B2DD4587B1A7B9C
:10B3C00000021043FDF78EF85346034207D1276869
:10B3D0002000FFF751F9002F17D03C00DBE7EB68A6
:10B3E000587B1F7B000207430120FDF77BF8414695
:10B3F0003843EA6883B2276808401B0A1073537306
:10B400002000FFF739F9002FE7D100242C60E0BCC1
:10B41000BA46B146A846F0BD101AF7D56346D21A0F
:10B4200091B268682981FEF77FF9EFE72000FFF706
:10B4300007F9EAE78C7F0020F0B55746DE464E4616
:10B440004546E0B583B007000C1E019246D02D4B57
:10B450009B46662398462C4B9A465B46E1681D68DE
:10B460004A790B7912021A438B79C8791B0413436A
:10B4700000061843FDF73AF8238906009946E36869
:10B48000AD1B587B1A7B00021043FDF72BF84B468F
:10B49000ED1A03231840431E98412D1A2AD46068E0
:10B4A0002568FEF70FFA4346FB5A984227D84246D2
:10B4B0001B1ABB5252462389128820009B18524601
:10B4C0001380FFF7D9F84346FB5A002B0ED0002D0E
:10B4D00001D02C00C1E7019B002B0DD0002003B050
:10B4E000F0BCBB46B246A946A046F0BD002DF5D043
:10B4F0002C00B2E72000F2E70448F6F76BF80448A6
:10B50000F6F768F8F41B0020E8800020BC9D0110CD
:10B51000949D0110F0B5DE4657464E464546E0B5CF
:10B52000017D040083B0032901D800F0C6FCAB4BB9
:10B530001B78DB0654D4AA4BAA4F00933B889C4649
:10B54000009B1A686346002B00D199E0217D0629F3
:10B5500000D995E0636A991A481E00D552E1654604
:10B560008146D01A461EEE4200D54DE19E4D6868D8
:10B57000002801D100F0CFFC9C4B994201D900F08A
:10B58000C7FC028989B28A4201D200F0BEFC2B8935
:10B59000521A5B1A2B81438992B299420AD900262A
:10B5A000B446C91A634602814381006889B243895F
:10B5B0008B42F6D3FEF728F9636A009A190A1360E2
:10B5C000EA68517119021371090E1B0E9171D37142
:10B5D000238D002B00D069E2200002F009FD57E026
:10B5E0007F4B834D1A6800936023C35A9946836D3D
:10B5F0009A46436D28689F1A59D4934254D04B46BB
:10B60000D346824500D16CE1666CB046371A62D4ED
:10B61000744F3E88B446002E00D1D3E0636B002BFC
:10B6200095D0A26B121A00D488E7724A9DB2128894
:10B630003C23E15E94466346CA1092B29B1A5B1BA0
:10B640009BB2591808B219B2A087002903DA6346E1
:10B65000D21AAB189BB23E22A15EC0108A10891A82
:10B6600040225B189BB2E3871B18A352002363633D
:10B670003B889C46009B1A686346002B00D065E718
:10B68000636AD11A0BD4218D013BCB189B1A06D4C7
:10B6900003B0F0BCBB46B246A946A046F0BD0222AC
:10B6A000638B13436383F3E753461B1AA7D5524BAF
:10B6B0001B689F7BDB7B1B023B436027E353023706
:10B6C000E65B9E4200D2E353666C8346B0466265F9
:10B6D000A065371A9CD5F343C34200D50CE1236D16
:10B6E0001B1A00D508E14A23E75A463B1900628B32
:10B6F00011408C46134200D08CE1E68F4433B146B2
:10B700004026E35A9A463C21635E6146DB104B4477
:10B71000A35343460236C31AA1539BB26064BA4591
:10B7200001D300F0EDFB8020000102405042424175
:10B73000608E01325043021C80B2984200D91A1C1C
:10B74000130053449BB2534500D280E14822A352D8
:10B75000E26E216F2000FFF76FFEE16E02002067AE
:10B760002000FFF769FE276FE0667B427B415B426A
:10B77000238600232377002800D16DE164211F4A2E
:10B78000635A12889B186352638B1A0500D4B6E083
:10B79000002F00D1C2E2F9684A790B7912021A43EC
:10B7A0008B79C8791B04134300061843FCF79EFEEF
:10B7B000E36CC01A00D5A2E0638B114A094F134015
:10B7C00063839DE049465B4451448B4200D108E1CC
:10B7D000636B002B00D024E752E7C046FC800020BA
:10B7E0008C7F0020F080002008310020FEFF000048
:10B7F000F41B0020B0800020B8800020E8800020EA
:10B80000FFF7FFFF8146D01A002800DAE4E048463F
:10B81000218DC14200D5DFE69A4200D145E1656F36
:10B82000002D00D17FE2E868437901791B020B43C8
:10B83000817909041943C3791B060B43934200D154
:10B840000DE1561EB446D11A00D5B2E2A8462D68C5
:10B85000002D5BD0E868437901791B020B438179A5
:10B8600009041943C3791B060B43934200D1F8E046
:10B870004146C9688A460979894651464E46497902
:10B8800009020E435146897909040E435146C9798C
:10B89000090631436646711AD8D4991A0129D5D4BC
:10B8A000C148FEF7F7FE071E00D195E6009B196818
:10B8B0004346D868437902791B0213438279120404
:10B8C0001A43C3791B06134342461289D2188A1AB7
:10B8D00000D5A8E24346290038001F60FFF746FD67
:10B8E0007AE6B24B1B689F7BDB7B1B023B4399458F
:10B8F00000D2E2E64B4687E6200002F079FBAC4F2F
:10B90000636B002B00D119E628688AE69B1A00D4E5
:10B9100062E6037B407B00021843FCF7E3FDC007AF
:10B9200000D559E6A048FEF7B5FE4346186000284A
:10B9300000D151E6009B1A684346D86841790379E3
:10B940000902194383791B040B43C1790906194382
:10B9500043461B895B18D31A00D5A4E23988636A71
:10B960005B1A218D5B189B1A00D435E643461B6891
:10B97000DB68587B1A7B00021043FCF7B3FD43469B
:10B980001B68C00700D5A1E2009E228D316858686F
:10B99000521A616A891889B21981FDF7C5FE4346BA
:10B9A0001B681D89DB68587B1A7B00021043FCF77B
:10B9B00099FD0322030013405A1E9341EB1832688D
:10B9C0009BB23B80616A9B18228D5218934200D132
:10B9D00002E67848F5F7FEFD0222638B134363838A
:10B9E000FAE53021635E002B00DAF1E6804500D0F5
:10B9F000EEE64321635CFF2B00D1E8E10133DBB2CB
:10BA00006354032B00D9E2E100D0E1E6200002F00C
:10BA1000B1F975E79A43482362830022E752223343
:10BA2000E2523C21635EE18FDB105B1840216352E0
:10BA3000831B023162529BB260646A21625AD3183E
:10BA40009BB29A4225D8BB4224D2635280E601229F
:10BA500048235242E2527BE66833E0528EE60023EE
:10BA6000984651482B8902899A4200D8B4E52B6840
:10BA7000002B00D1B0E5FEF70DFE002800D1ABE5AC
:10BA80004346002B00D19BE118602900FFF76EFCB4
:10BA9000A2E5494B6A22DB1BA352638EFB189BB2C3
:10BAA000BB42D4D3223AA35252E63F4D2B8998464B
:10BAB000EB68587B1A7B00021043FCF713FD03234D
:10BAC00003405A1E934143449BB23B80228D9342D4
:10BAD00000D932E1616F002900D173E1EB68587B36
:10BAE0001A7B00021043FCF7FDFC636F9846C00709
:10BAF0006CD40123994601339A464346002B0BD15F
:10BB0000DEE143461B6840469B46FEF7B5FD5B46BB
:10BB1000002B00D16CE1D846009A3B8812689C4605
:10BB200093464246D268DC445179107909020143B8
:10BB30009079664600040843D179090601434046DE
:10BB400000894018301A00D54CE1507B137B00026D
:10BB50001843FCF7C7FC4B460342D2D0EB68587B36
:10BB60001A7B00021043FCF7BDFC53460342C8D1C8
:10BB7000EB6801201A7B5B7B1B0213439B46FCF79F
:10BB8000B1FC5B46EA68034398B21373030A53732C
:10BB90002B899B46FCF7A6FC032303405A1E9341C6
:10BBA0005B443B80ADE7C04608310020B8800020F0
:10BBB000F0800020289E0110FFFF000043461B6814
:10BBC00040466367FEF758FD636F9846002BF5D13A
:10BBD000009A3B8812689446228D9C4461466162BB
:10BBE000934200D98EE1D21A22852000FEF748F94F
:10BBF0006B681A89002A03D0C84A136000236B605F
:10BC0000EB68587B1A7B00021043FCF76BFCC00703
:10BC100004D52021C24A13780B431370656F002DA1
:10BC200073D0BE4B03279946BD4B98461FE0FDF7E6
:10BC300067FE00236B60EB68587B1A7B00021043A1
:10BC4000FCF750FCC0070AD5434620221B7813435B
:10BC500042461370237D042B01D1033323752B68D7
:10BC600028006367FEF708FD656F002D4DD0EA6878
:10BC7000537911791B020B43917909041943D37944
:10BC80001B060B43616A8B423FD100990B602B89E5
:10BC9000507B9A46137B00021843FCF723FC384084
:10BCA000431E9841636A5344C018238D60629A46CC
:10BCB0002B899B46EB68587B1A7B00021043FCF7EC
:10BCC00011FC3840431E98415844824500D214E18B
:10BCD0002B899A46EB68587B1A7B00021043FCF7CD
:10BCE00001FC3840431E9841238D50441B1A238584
:10BCF0002000FEF7C5F869680B89002B9BD04B46E6
:10BD00001868002893D1196093E70122638B1A42C7
:10BD10000FD09343022213436383B9E4002800D178
:10BD20004BE5C16838E57F48FEF7B4FC6067FFF774
:10BD300053FC012213436383AAE4EB68587B1A7B0C
:10BD400000021043FCF7CEFBEB681A7B5B7B1B0207
:10BD500013439846C00753D4238D40462B81FCF7EC
:10BD6000C1FB2989800702D5013989B22981686818
:10BD7000FDF7DAFC2B899846EB68587B1A7B0002AA
:10BD80001043FCF7AFFB032303405A1E9341434487
:10BD90009BB200993B80228D0968606A591810187F
:10BDA000814200D015E6606F8C46002800D095E6F1
:10BDB00014E75C48FEF76EFC002801D1FFF70CFC8D
:10BDC000606762E600990968C91861620BE748225A
:10BDD000638EA15ACB189BB2994201D901235B42D1
:10BDE000A35213E68A1B26D442466267228DF5E6EB
:10BDF000009A3B881268944600229C449046F3E7E0
:10BE00001800FCF76FFB3E231840FCF76BFB424623
:10BE1000454B1A40104383B298464246EB68120ADB
:10BE200018735A7398E7C91A434689B2586819813A
:10BE3000FDF77AFC4EE55B46C91AEB682981587B11
:10BE40001A7B00021043FCF74DFB800702D52B89BB
:10BE5000013B2B8129896868FDF766FC2B8999468F
:10BE6000EB68587B1A7B00021043FCF73BFB032373
:10BE700003405A1E934142464B44D0689BB23B80DC
:10BE80004179027909021143827912040A43C17986
:10BE900009061143009A8C4612689A188A42A3D068
:10BEA0002248F5F797FB4346511A89B25868198121
:10BEB000FDF73AFC009B1A6850E51D48F5F78AFB30
:10BEC000009A3B88126894469C448DE7DB685D7B52
:10BED0001A7B2D0215432800FCF704FB3E23184073
:10BEE000FCF700FB4346104A1B6815402843D968FD
:10BEF00082B2120A08734A7346E50E48F5F76AFBE8
:10BF000057469AE50C48F5F765FB0C48F5F762FBD8
:10BF10000B48F5F75FFB0B48F5F75CFB807F0020D3
:10BF20000381002008310020FFC0FFFF609E011048
:10BF3000DC9D0110BC9E01109C9E0110189E0110FA
:10BF4000089E0110F89D0110F0B5DE4657464E469A
:10BF50004546E0B5040091B0002801D100F0C8FDCD
:10BF6000AE22954D954FAB5A0133AB5243683B60BF
:10BF70004389132B11D8B622AB5A0133AB52B222EC
:10BF8000AB5A0133AB522000FDF790FC11B0F0BC6E
:10BF9000BB46B246A946A046F0BD894E31687069DD
:10BFA00006F0F2FF002816D1F02273691340E02B4F
:10BFB00011D0310033001431228920000091103358
:10BFC0000621FCF757FD8046002809D0B422AB5A61
:10BFD0000133AB52D3E7BC22AB5A0133AB52CEE7AD
:10BFE0003B68587B1A7B00021043FCF77BFA010B7D
:10BFF0008900C9B21329BED923898B42BBD30B0058
:10C000004046704A143B9BB2138091466E4A1060C2
:10C01000924662898A4200D302E32368002B01D151
:10C0200000F059FE14212000FDF7EEFB638920008B
:10C0300098464246654B41461A804B461B889946B6
:10C040009B1A9BB29B46FDF7DFFB206843895B454B
:10C0500000D290E75246436859461360FDF7D4FB7F
:10C060004A46238943449B1A62899BB22381002A52
:10C0700001D000F023FE226812899A4201D000F01C
:10C080001AFE3B689846424650781B7800021843D7
:10C09000FCF728FA43461870000A58703B68984627
:10C0A0004246D0789B7800021843FCF71BFA4346BF
:10C0B0009870000AD8703B689846424652791B79BE
:10C0C00012021A4343469B791B0413434246D0791C
:10C0D00000061843FCF70AFA434642461871030A61
:10C0E0005371030C9371030ED371394B099318608C
:10C0F0003B6898464246527A1B7A12021A434346DC
:10C100009B7A1B0413434246D07A00061843FCF77F
:10C11000EDF9434642461872030A5372030C9372B8
:10C12000030ED3722B4B089318603B689846424627
:10C13000D07B9B7B00021843FCF7D4F943469873ED
:10C14000000AD8733B68587B1A7B00021043FCF747
:10C15000C9F9C3B205933F231F4A034007930B92CB
:10C16000137023899B46800700D15FE21B4A01338D
:10C170009BB20D930C9213809B4500D9FBE6184BA4
:10C1800019680A933B68002900D131E172680020E8
:10C1900091463269A046924672694C460692382210
:10C1A00094465A46A9460E9255460A00B246BB46E8
:10C1B00006000F911CE0C04640310020B8800020EE
:10C1C0001C310020EE800020BC800020EC8000208C
:10C1D0008C7F0020F41B0020FC800020F0800020D9
:10C1E000A0800020D1681600002900D1FCE00A00E0
:10C1F000117D002901D100F08BFC0A2901D100F04A
:10C2000084FC012901D100F07DFC107A002805D0C2
:10C210006146615C0131C9B28842E3D159781F7827
:10C22000108B090239438842DCD1D9789F78D08AB3
:10C23000090239438842D5D15168A942D2D1116847
:10C2400006988142CED1444690460E9A5F46934668
:10C250004246D2684D460F99424501D100F001FD9A
:10C26000002E01D100F067FCF26042464046D160EA
:10C270000A9A1060414501D100F0F6FC00225946AF
:10C28000924EF360924B32601A609946914B318125
:10C290001A709A46904B74609B461A80059B1B0748
:10C2A00003D50122637B1343637343469B6F002BCB
:10C2B00011D04046FEF79AFD0D3000D13AE24346D8
:10C2C0009B6F002B04D00C9B1B88002B00D031E20D
:10C2D0000B9B1B7807934346804C079A2360110001
:10C2E00004231940134200D1D9E143461B7D022BA0
:10C2F00000D16EE342460999526A09688A4200D128
:10C3000023E25346187808230340881A0AD440468B
:10C31000008D521AD04205D44246518B02220A4364
:10C3200041464A83002B00D01EE25B461A88002A51
:10C330000BD080234146CB58002B03D00869984787
:10C340000D3045D000235A461380534610211B78E8
:10C35000194200D0A6E34B461A68002A20D0434673
:10C360009B6F002B01D000F0B9FC43465D8B2B0086
:10C370000B400D4201D000F009FC84214046455895
:10C38000002D01D100F00AFC41460069A8470300D6
:10C390000D331DD0002803D04B4642461B689367DF
:10C3A00053461A7820231A4207D04246926F002A39
:10C3B00000D1D1E3517B0B435373002323605346D9
:10C3C0001A7810231A4200D0A5E3404601F088FEF7
:10C3D00000254B46706825601D60002800D1D5E51A
:10C3E000FDF764FA7560D1E544464D465F46564612
:10C3F0003B4A1068002851D072682900944632697F
:10C4000065469146A2463822B8468C4602E0C0688E
:10C41000002840D0017D0A2900D09AE3047A002C3C
:10C4200004D0A95C0131C9B28C42F0D159781C7892
:10C43000078B090221438F42E9D1D9789C78090200
:10C440002143C48A8C42E2D141684945DFD1016869
:10C450008B4671698B45DAD1059AA046544653073D
:10C4600000D590E5930700D46BE3099B1A68436AF3
:10C47000D51A05D4058D9B1AEB4201D400F0E2FBDE
:10C480000D9B002B00D17EE50223428B1343438397
:10C4900001F026FE77E5544665464746114A116885
:10C4A0000792002900D1CBE07268A84694467269D1
:10C4B0000691934600229146383292464D460A0034
:10C4C000B9465F46B3466646A44613E008310020ED
:10C4D000807F002003810020E8800020A8800020C9
:10C4E000B4800020AC800020D1681500002900D164
:10C4F000A2E00A00107A002805D05146715C013193
:10C50000C9B28842F0D1D9789C78D08A09022143F7
:10C510008842E9D11168B94201D00029E4D14F46DF
:10C52000A946454690464A4664460699B4465E4644
:10C53000002A00D1AEE042464846D268C260424678
:10C54000D16007990A6005994A0700D51BE5CA061C
:10C5500000D5D5E00B009B0700D414E54346587D79
:10C56000FEF714FA8146002800D1AAE2050072699C
:10C57000336904C543604346DB8A099EC3823B6836
:10C580001A785B781B021343038303230375336814
:10C5900001334362C362FEF779FD4B464A46986514
:10C5A00018655864D86533684946013B536543466E
:10C5B0001B6913614B464246DA670C23527A1340DB
:10C5C0004A46537243461B7A13720A9A13681160E3
:10C5D000CB6002F0D9F90122D44B48461A70FEF71D
:10C5E000EDFD3B6828009A7BDB7B1B0213431A049A
:10C5F00013434A461366568E06F052F82A0001008D
:10C600003000FEF757FD4B4612215886484601F090
:10C610007FFA002800D065E2484601F061FDB2E4EF
:10C62000C34A20001380FDF7EFF82AE55A46C14BB4
:10C630000D920C931A80A2E5644645464F465E462D
:10C64000587B1A7B00021043FBF74CFF400700D5D4
:10C6500099E4BC22AB5A09990133AB520A3AAB5A5E
:10C6600038680133AB520C9A096812880578521861
:10C670004178B14B090229430291C17885780902BA
:10C6800029430191AD49009108997068096801F04A
:10C6900017FC78E4C2216A5A01326A5253E7150046
:10C6A0001000022342461D40528B03426DD040468B
:10C6B000007D0238012800D9F0E110231000184055
:10C6C0001A4200D017E242469D4B1B6813629A2320
:10C6D000D0524046FEF772FD43461B7D9A1E012A4A
:10C6E00009D8032B75D14346099A5B6A1268013B4E
:10C6F000934200D184E253461B780822134011E68E
:10C700000D99587888461E78099A08990002304396
:10C71000126809680290D8789E78874D00023043ED
:10C720000190281F00902B006046424401F0C8FB96
:10C73000FFF729FC43465B8D002B00D158E1B22264
:10C74000AB5A804C0133AB5242E6002B00D1BFE222
:10C75000534608221B781343524613704346012266
:10C760005B8B93434246538390234246D358002B1E
:10C7700003D00E211069494298470A984146FDF7B7
:10C78000CBFF4046FDF76EFB22E6D20600D528E13E
:10C7900042466B4B40461B6813629A23D552FEF704
:10C7A0000DFD43461B7D092BA5D8674A9B00D35836
:10C7B0009F464046FEF7AEFE53461B789A069CD530
:10C7C0004246518B02220A4341464A8307220A7598
:10C7D00093E7079BDB068ED5089B38681968099B91
:10C7E0001A68002D05D043465B6C01338B4200D1A3
:10C7F00002E10C9D07782D884F4BAA1845782D0231
:10C800003D4302958578C0780002284301904B484B
:10C810000090404601F0E0FA42234246D35C052BEB
:10C8200000D968E700234046138601F091FE534685
:10C8300008221B78134075E54046FEF76BFE534611
:10C840001A780B9B19781023194206D04146086DBF
:10C8500008990968884200D109E20823134061E57C
:10C860004046FEF757FE0B9B1B78DB0600D442E7E1
:10C8700043461A6D089B1B689A4200D03BE743462B
:10C88000DB6E002B00D036E74046FDF739FF0A9BF0
:10C8900041461B68434505D108E2DA688A4200D167
:10C8A000EEE11300002BF8D18846ECE14046FEF79C
:10C8B00031FE53461B789A0600D41EE743465A8B36
:10C8C00002231343424640465383FDF719FF0A9B58
:10C8D00041461B68434505D1E8E1DA688A4200D148
:10C8E000CEE11300002BF8D18846CCE14046FEF79C
:10C8F00011FE534610211A780B9B1B780B409106B2
:10C9000000D452E14146488B02210143002B06D05E
:10C910004346186D089B1B68984200D158E1434676
:10C920005983082341460B751340FBE40581002021
:10C93000EC800020F0800020303100202C310020DD
:10C94000B0800020A88000203CB70110079BDB06C8
:10C9500000D4D0E6089B196843465B6CDB43CB42AE
:10C9600000D5EFE143461B6D5B1A00D5EAE10423D5
:10C9700042461375D36F002B00D10AE19B69002B4F
:10C9800000D15CE14146002208699847002800D0A8
:10C99000A7E14046FEF7BEFD5B461B88002B02D098
:10C9A0005A46013B138043465B8ED0485A00110023
:10C9B0009B00824200D201008B4200D381E19BB2F6
:10C9C000482241468B5253461B789A0600D5F7E61B
:10C9D00093E643461A6D089B1B689A4200D1B7E65E
:10C9E00089E69A2342464046D552FEF7E7FBD8E651
:10C9F000404601F0FDFAA2E64546511C6962E96233
:10CA00006B64C37B817B1B020B4319040B432B66B6
:10CA10000423013A2B756F8E6A650435280005F0F2
:10CA20003FFE2A0001003800FEF744FB4346420067
:10CA300058868300AD481100824200D201008B422B
:10CA400000D3F2E09BB2482241468B521E328B5AF1
:10CA5000002B00D1E6E0086F013B8B52002800D18B
:10CA6000DAE003680B67FDF707FE43461B6F002BF8
:10CA700000D1CEE00023422241468B544246138629
:10CA80008823D358002B06D04146002208699847D6
:10CA90000D3000D19CE443465A8B02231343424697
:10CAA000538328E643465B8B0B4200D065E6902318
:10CAB0004246D358002B00D15FE610691F399847D2
:10CAC0005BE6B822AB5A0133AB5243469B69002B5D
:10CAD00001D1FFF758FA40460021B93A006998475A
:10CAE000FFF751FA00214846FDF77AFEFFF74BFAAF
:10CAF0007F48F4F76FFD9A2342464046D152FEF735
:10CB00005DFBE9E57B48F4F765FD7B48F4F762FDE2
:10CB10007A48F4F75FFD4246528B1A4200D02CE669
:10CB200042468033D358002B00D126E60F211069EE
:10CB30004942984721E6C2216A5A01326A52FFF7F8
:10CB40009DFB059BDB0700D49AE46D4B1B680362D9
:10CB500096E46C48F4F73EFD43466B4A1B8D9342C6
:10CB600002D042460133138584234246D558002D16
:10CB700001D1FFF722FC002341461A000869A847AB
:10CB80000D3001D0FFF719FCFFF722FC1000FCF775
:10CB90008DFE4046FDF7F4FEFFF71AFC2B004146E0
:10CBA0002800FEF7BDF8FFF7F2FB002B00D154E69A
:10CBB0004346196D089B1B68994200D04DE64346D9
:10CBC000DB6E002B00D048E6414606330B7544E689
:10CBD0004346DB6E002B00D0A1E643464046598316
:10CBE000FDF78EFD0A9B41461B68434504D15DE07D
:10CBF000DA688A4244D01300002BF9D1884642E01B
:10CC0000404601F069F8534608221B781340FFF7AD
:10CC100089FB01235B4231E7C86E00280CD0036812
:10CC2000CB6620E73948F4F7D5FC30490B008A423F
:10CC300000D808E793B206E73548F4F7CBFC35484F
:10CC4000F4F7C8FC41460D9D0191AC46324902976C
:10CC500000910899314B0968624401F0BDF8FFF773
:10CC600092F92F48F4F7B6FC2E48F4F7B3FC41468E
:10CC7000C96E002900D0F0E5514613430B70ECE576
:10CC80008846CA68DA600122274B41461A700A2397
:10CC900042461375254B1A681960CA6001F074FE8C
:10CCA000534608221B781340FFF73CFB43460A9A81
:10CCB000DB681360E7E71E48F4F78CFC1D48F4F7C7
:10CCC00089FC0A490B008A4200D879E693B277E6DC
:10CCD0001948F4F77FFC1948F4F77CFC1848F4F77E
:10CCE00079FC0D3001D1FFF773FB52E71C110000F6
:10CCF000E09E0110889F01105C9F0110349F01107D
:10CD0000B080002008A00110A02D000058A0011044
:10CD100070A0011084A001102C31002030310020BF
:10CD2000B09F0110DC9F011005810020B48000201D
:10CD3000149F0110089F011038A00110F89E0110E7
:10CD4000A4A001100C9A099D38682D6812880778F4
:10CD500052194578094B2D023D4302958578C078DC
:10CD600000022843019006480090404601F034F844
:10CD7000534608221B781340FFF7D4FA30310020C5
:10CD80002C3100201021024A13780B431370704796
:10CD900003810020F0B54F464646D646C0B59946B9
:10CDA00008AB80460E0092461F7800285DD004250F
:10CDB000BB0003201D40FCF753F9041E4DD0002397
:10CDC0008772036046603389AB424BD35B1B0381A0
:10CDD00014213000FCF7EEFC061E34D16368AD026E
:10CDE0005F684346E760D88AFBF77CFB43463870B0
:10CDF000000A7870188BE768FBF774FBB870000ABC
:10CE0000F8704846E768FBF771FB030EFB71E368B7
:10CE1000020A9846A023DB0138717A71020CE818E7
:10CE2000534603431800BA71FBF75CFB4346187383
:10CE3000000A5873E3689E74DE742000E0BCBA46B2
:10CE4000B146A846F0BDC021094B20005A5A002423
:10CE500001325A52FDF710FCEFE73000FCF726FDD7
:10CE60000024EAE70348F4F7B5FB0348F4F7B2FB04
:10CE700040310020E0A00110C0A00110F0B54746ED
:10CE8000CE4680B505000C0090461E0085B00028F7
:10CE900038D0007A00282BD1180005F001FC071EBD
:10CEA0002AD06368228999460621434620000096CD
:10CEB000FBF7E0FD4B461874000A5874EB7AAD7A24
:10CEC000AC211A48425A0132425206220095019280
:10CED000414632002000029705F0B8FD0500200011
:10CEE000FCF7E4FC280005B0C0BCB946B046F0BD74
:10CEF000FCF7E2FA071ED4D104252000FCF7D6FC8B
:10CF00006D42EFE7180005F0CBFB071EF4D0656813
:10CF100043462289062120000096FBF7ABFD2874CA
:10CF2000000A6874FF230025CAE7C046403100208C
:10CF3000F0B54E46DE4657464546E0B58DB0061E76
:10CF400004910192079301D100F0D9FB6223418E35
:10CF50000291C35A5B081A1C8B4200D9DCE092B2E2
:10CF6000002A00D0D6E0049B002B01D100F0C7FBC3
:10CF7000337D9A1E022A0AD9072B08D00B20404283
:10CF80000DB0F0BCBB46B246A946A046F0BD019A22
:10CF9000002A00D124E16423F35A934200D2B2E381
:10CFA0006623F35A00931F2B00D9B1E31A1E336F87
:10CFB00000D0B7E0002B00D0BFE3F36E002B00D011
:10CFC000BBE36823F55A002D01D000F0DBFB079A84
:10CFD000673B1340002291460992002B00D088E164
:10CFE000019B02995B1B1A1C9BB28B4200D90A1C45
:10CFF00093B2984600230593089300239B464B4623
:10D00000B2464746D9462E00069313E05B46002BF6
:10D0100000D189E31C60F619019BB6B2B34200D877
:10D0200063E29B1B029A1F1C9BB2934200D9171C00
:10D03000A346BFB2012239003620FCF7BFFA041E16
:10D0400000D187E2A022049B00219B19436092003B
:10D050003620FCF7B3FA051E00D13FE22100FCF7B1
:10D060004FFC2800FCF72EFC009B9C46604483B2DA
:10D070000093202B00D914E25346DB6D0320F318F4
:10D080000393FBF7EDFF041E00D10AE20023456085
:10D09000837203602B89142103812800FCF78AFB2B
:10D0A000051E00D0D1E163685A689046E26052469E
:10D0B000D08AFBF717FA42461070000A5070E268F7
:10D0C00090465246108BFBF70DFA42469070000ACC
:10D0D000D070E26803989046FBF708FA4346424650
:10D0E0001871030A5371030C9371000EE368D07139
:10D0F000A0209846C001FBF7F5F943461873000AD3
:10D100005873E3689D74DD744B46002B00D07DE7B7
:10D11000A14680E7029226E70A1C92B2002A00D1BB
:10D1200021E7F7E7F26E9246002B00D1D0E1131E03
:10D1300000D146E71A001B68002BFBD191469A46A6
:10D140000423927A0298920013404A461289D11819
:10D15000884200DA55E3811ACB1A98B26823F55A4F
:10D16000002D4AD0854200D951E301992B1C8D42F4
:10D1700000D997E099B2814200D98AE09BB2E91ABE
:10D1800089B20993002900D1E8E11800019B83428C
:10D1900000D039E3002B00D08AE04B464D4699463B
:10D1A00053462B60019964228C46F36D6344F3650A
:10D1B000B35A5B1AB3526623009AF252002A03D084
:10D1C000336F002B00D1F9E14B46002B06D0DB6812
:10D1D000002B03D0079A920700D4DFE10020CFE6AE
:10D1E0006623F35A0093F36E9A46002B74D053468D
:10D1F0001A001B68002B9DD1A0E70199002900D1DE
:10D20000BCE2012307990B4000286ED0002A6CD0A5
:10D21000019A571B874200DD0700BCB2002B00D0EB
:10D2200016E24B465B681A001B68002BFBD1137B90
:10D230003F2B06D851895368049A5B189A4200D153
:10D24000C3E1012221000020FCF7B8F90890002872
:10D2500000D14AE2049B2C195B194360FCF732FBB6
:10D26000009BA4B29C46604483B2009300230593C4
:10D27000019BA34200D863E2019B02991B1B1A1C6D
:10D280009BB28B4200D987E193B20995984625005D
:10D29000B3E6031C9BB2E91A89B20993002900D0B6
:10D2A00073E75BE10B1C99B2814200D866E7F0E7B7
:10D2B0004B465F68002F00D1B8E1002304004D46C3
:10D2C0008846089305933B89E3183B813B68002B14
:10D2D00000D11CE11F00F6E76833F35A002B00D0A1
:10D2E00050E299465346F3665CE70995002B00D15E
:10D2F00076E60223079A1A4000230A920893002335
:10D300009A4603934B466946B146029A0B93019B9A
:10D310008A825A1B6B46029992B29B8A914200D92B
:10D32000131C9EB21B041C0C1C43029B3100934235
:10D3300013D90A9B002B07D14B465B8B5B060CD4A1
:10D34000039B002B00D11CE1BD4BF1180323994333
:10D35000029B994200D9190089B2A022362092007E
:10D36000FCF72CF9071E00D1ADE003689B46002BAB
:10D3700000D0DFE1438932000693049B8460591991
:10D380004068F6F775F93800FCF79CFA009B9C465C
:10D39000604483B20093202B00D990E04B46DB6DB4
:10D3A00003209846FBF75CFEA844041E00D186E0EB
:10D3B0005B464760837203603B8914210381380018
:10D3C000FCF7F8F9071E76D163685B689B46E3605B
:10D3D0004B46D88AFBF786F85B461870000A5870EF
:10D3E000E3689B464B46188BFBF77CF85B469870CE
:10D3F000000AD870E36840469B46FBF777F85B4627
:10D400005A461871030A5371030C9371000EE368B6
:10D41000D071A0209846C001FBF764F8434618730A
:10D42000000A5873E3689F74DF74039B002B40D09D
:10D430005346002B00D177E11C60AD19019BADB2C2
:10D44000AB4200D844E1A24663E75646CA46C02232
:10D450007C4D2000AB5A0133AB52FDF70DF9802211
:10D46000738B1343B8227383AB5A0133AB52089BBF
:10D47000002B02D01800FCF719FA5346002B02D0FB
:10D480005046FDF7DDF86623F35A002B06D0336FC4
:10D49000002B03D1F36E002B00D193E0012040421A
:10D4A0006EE556462F00CA463800FCF7FFF9654D79
:10D4B000D5E70394C1E7039B4E469A46C7E7039B13
:10D4C0004E469A46F0E7039B4E469A465D4DC6E7A8
:10D4D000002A00D08BE65C48F4F77CF82000564622
:10D4E000FCF7E4F9CA46574DB9E7069B56460021BA
:10D4F000CA469946099B002B00D146E14A46576827
:10D500004D46A146002F11D088461C00DBE67B89E2
:10D5100078682200C0180499F6F7AAF87B89E31806
:10D520007B813B68002B00D0D4E64146099A2B89C9
:10D53000944663442B816823F152089B002B71D0E1
:10D54000089C68682100FCF7DBF92B8922899B186D
:10D550002B8125E656463B4DCA4680E7C01A1D0082
:10D56000019B80B2AB4200D94BE64B465F68002F6F
:10D5700000D1DCE000234D468846099C05930893C2
:10D58000A1E64B46DB6E002B00D0DDE64B461B6F61
:10D59000002B00D0D8E6E0E60A1C75E6587B1C7B21
:10D5A000000204430820FAF79DFF4B462043DA6847
:10D5B00083B21B0A107353730020E1E4F36E002B57
:10D5C00000D001E62148F4F705F8002D00D0C4E0B2
:10D5D00000230893019B0594A34200D94CE66823DD
:10D5E000F55200234D469A466968002900D105E1AD
:10D5F0000A68002A00D195E0059800E01A000B891E
:10D60000C3180B8113681100002BF7D105991389FA
:10D610008C46634413815389634453812B8963444B
:10D620002B81BDE5059B002BDED1B9E5019B9C4616
:10D63000624492B24B461A8168234D46F152AFE5DF
:10D64000B705000040310020F8A00110B4A201107D
:10D650002100A04210D9079B9B0702D4738B5B0665
:10D660000AD46C4B39049C460323090C614499434A
:10D67000814200D9010089B2A02200209200FBF76C
:10D680009DFF0890002830D00368002B52D1089AE3
:10D69000538950689846230423439360049B3A04BB
:10D6A000120C5919F5F7E4FF0898FCF70BF9009BE9
:10D6B000019A9C46604483B200932B199BB29A4214
:10D6C00079D902220799099511401D000A9116E6A1
:10D6D000B3465A46039B4E469A460B9B9946069B79
:10D6E000991A002389B2059304E78022B821738B2D
:10D6F00013437383484B5A5A01325A52C3E61020DF
:10D700004042FFF73DFC8022738B13437383C5E6D1
:10D71000B821414B5A5A01325A528022738B13431B
:10D720007383BBE60A0071E73C48F3F753FF5219D5
:10D7300092B27FE73A48F3F74DFF3A48F3F74AFFD2
:10D74000002D16D04B465F68002F09D000232C0017
:10D7500009959A464D469846B5E53348F3F73AFFA2
:10D760004A461B89BA46EB18138168234D46F75287
:10D77000E6E6290068234D46F152E1E6019AF252AD
:10D7800000230BE52948F3F725FF6823F152089B96
:10D79000002B08D04B464D46A146002B00D0CFE6CB
:10D7A0002348F3F717FF059B002B18D14B46002B9E
:10D7B00012D1A14696E54346191B89B2002DD9D056
:10D7C0004B465F68002F10D000232C0009959A4625
:10D7D0004D468846059376E54D46A146E0E44B4626
:10D7E000002B0BD04D46A146FEE64A461B89BA46A1
:10D7F000EB18138168234D46F152A1E60D48F3F76B
:10D80000E9FE0D48F3F7E6FE0C48F3F7E3FE0C489B
:10D81000F3F7E0FEB70500004031002030A2011010
:10D82000C0A1011034A10110D4A1011000A2011067
:10D8300044A201107CA2011068A10110A0A1011056
:10D8400080A10110F0B54E46DE4657464546E0B58C
:10D850000C00060083B0002800D1BFE0C56E002D8B
:10D8600000D1AFE0002900D1B5E02B899A468B4268
:10D8700000D88EE0438E8B4200D2B2E00422AB7A15
:10D8800036209B469B001A4053465F1ABFB2D119FF
:10D890009146A02289B29200FBF790FE80460028B4
:10D8A00000D192E068682A8903899B1A4246516830
:10D8B000E3183A009BB24944FCF73CF9B84200D067
:10D8C00078E0EB68587B1A7B00021043FAF70AFEF7
:10D8D00008230700C2B21F40184262D137331340F9
:10D8E00099460122012349460B4202D099438946B9
:10D8F0001700E9684A790B7912021A438B79C879C3
:10D900001B04134300061843FAF7F0FD5A46231888
:10D91000009241463A003000FFF73CFA071E54D00F
:10D920006868FBF7CFFF662398464246F35A1B1AF6
:10D93000B35253466868E41A0189A4B2611889B2E7
:10D94000FBF7F2FE2B894846E418EB682C811C7B20
:10D950005B7B1B021C43FAF7C5FD2043E96882B2DA
:10D96000120A08734A736868FBF7ACFF4346F35A20
:10D97000C0184346F0527868FBF7A4FF4346F35AB9
:10D98000C0184346F0522B683B602F603B68002B69
:10D990000DD0002003B0F0BCBB46B246A946A0465D
:10D9A000F0BD372313409946092208279AE76822D9
:10D9B000B352EEE7B8210C4B40465A5A01325A5244
:10D9C000FBF774FF01204042E4E7B821064B5A5AA6
:10D9D00001325A52F6E70548F3F7FCFD0448F3F725
:10D9E000F9FD0448F3F7F6FD40310020F8A20110DC
:10D9F000D4A201101CA3011070B5040082B000284D
:10DA000000D171E0C36E002B0CD01D001B68002BF1
:10DA1000FBD1EB68587B1A7B00021043FAF762FDDA
:10DA2000400740D0A022002136209200FBF7C6FD1F
:10DA3000011E4BD00022E36D200000920132FFF75F
:10DA4000A9F9002842D0C3689B0753D10389002B52
:10DA50004DD1E36E002B24D01A001B68002BFBD1A4
:10DA6000106068230022E2522022E36D40680133F7
:10DA7000E365638B13436383FBF724FF6623E25A5A
:10DA8000801880B2E052002802D1002002B070BDA0
:10DA9000236F002BF9D1E36E002BF6D11748F3F773
:10DAA00099FDE066DDE7EB68587B1E7B00020643CC
:10DAB0000120FAF717FD3043EA6883B21B0A10739E
:10DAC00053732022638B13436383DEE78022638BCF
:10DAD000B82113436383B8230120094A4042D35A33
:10DAE00001339BB25352D1E70648F3F773FD064862
:10DAF000F3F770FD0548F3F76DFDC0468CA30110E8
:10DB0000403100202CA3011060A3011048A3011094
:10DB1000F0B54746CE4680B5032704000D0083B01C
:10DB20000F4200D175E0002800D16FE00226A0224C
:10DB30000E40B107CB0F98464B0F190036209200CC
:10DB40009946FBF73BFD011E4CD043894B4563D3FF
:10DB50004246E36D200000922A00FFF71BF90028DF
:10DB600040D0C3683B424ED10389002B48D1E36EBD
:10DB7000002B2FD01A001B68002BFBD110606823EC
:10DB80000022E252673B2B40002E1BD1002B06D017
:10DB9000E36D0133E3652022638B134363834068A5
:10DBA000FBF790FE6623E25A801880B2E05200280C
:10DBB0000ED0236F0020002B0ED003B0C0BCB9469E
:10DBC000B046F0BDE26D0132E265002BE7D0E2E73E
:10DBD0000020F2E7E066D2E7E36E002BEDD11048BB
:10DBE000F3F7F8FC8022638BB82113436383B823D7
:10DBF00001200C4A4042D35A01339BB25352DCE716
:10DC00000948F3F7E7FC0948F3F7E4FC0848F3F7A1
:10DC1000E1FC0848F3F7DEFC0748F3F7DBFCC046FD
:10DC20008CA301104031002060A3011048A3011013
:10DC30000CA40110B4A301102CA40110F0B5C64629
:10DC4000050000B5002841D0026F002A39D0140029
:10DC5000636826689B7B002E07D0012B31D13400EE
:10DC6000636826689B7B002EF7D1012B29D1EB6ED0
:10DC7000E16823608023EA666A8B1B0113432E67E9
:10DC80006B834A790B7912021A438B79C8791B048A
:10DC9000134300061843FAF729FC23890700984626
:10DCA000E3684744587B1A7B00021043FAF71AFCDA
:10DCB000032303405A1E9341DB190020EB646E637B
:10DCC00001E00620404280BCB846F0BD0148F3F7B1
:10DCD00081FCC04668A40110F8B5071E45D0066F48
:10DCE000002E3CD073689B7B012B38D10500336834
:10DCF0006C350367C36E002B04D121E01D001B6847
:10DD0000002B1DD0D9684A790B7912021A438B79FE
:10DD1000C8791B04134300061843FAF7E7FBF168C0
:10DD200004004A790B7912021A438B79C8791B04D3
:10DD3000134300061843FAF7D9FB2B68241ADDD4E5
:10DD400033602E603368002B0CD04222BB5CFF2B6B
:10DD500001D00133BB54002300207B6301E0062087
:10DD60004042F8BD6822BB52EFE70148F3F732FCAE
:10DD70008CA4011070B5041E28D0036F002B02D0B4
:10DD8000438B5B0700D570BDFFF7A6FF0028FAD1D3
:10DD900060234821E25A605A131C824200D9031CB6
:10DDA0004A209BB25D105B082352628E51008D4267
:10DDB00001D28BB2235252189B184822A35204223C
:10DDC000638B1343638300232386DCE70148F3F767
:10DDD00001FCC046A4A40110F0B55746DE464E46ED
:10DDE0004546E0B583B01F000CAB904604CB0190D4
:10DDF0001B8808009B466B461B8F91469A46002F56
:10DE00004BD0002A4CD0FAF771FBA0220500142158
:10DE100022209200FBF7D2FB061E37D04389132B3A
:10DE200041D944685846FAF75DFB2070000A6070DB
:10DE30005046FAF757FB2B0AA0702571000A637150
:10DE40002B0C2D0EE070A3714046E571FAF74EFBE6
:10DE5000030A20726372030C000EA372E07213486F
:10DE6000FAF740FB2073000A60731148FAF73AFB97
:10DE70000023A073000AE07323746374A374E37433
:10DE80003A004B4631000198FEF7F8FF03B0F0BCB2
:10DE9000BB46B246A946A046F0BD0648F3F79AFB3A
:10DEA0000548F3F797FB0548F3F794FB145000007F
:10DEB0002DA00000C4A40110E0A40110FCA40110D6
:10DEC000F0B557464E46DE464546E0B587B01F00E2
:10DED00010AB059204CB06001B8808009A4612ABD3
:10DEE0001B8891469B46002E65D0002F00D16CE028
:10DEF000002A67D0FAF7FAFAA022804614212220DD
:10DF00009200FBF75BFB051E55D04389132B5FD9AD
:10DF100044685046FAF7E6FA00232070000A607061
:10DF200058469A46FAF7DEFA434623711B0A637194
:10DF300043461B0CA3714346A0701B0E000AE07001
:10DF4000E3710598FAF7D2FA030A20726372030CA0
:10DF5000000EA372E0722048FAF7C4FA2073000A98
:10DF600060731E48FAF7BEFA534623746374A374B1
:10DF7000E3744B46A073000AE0732A896C6806219B
:10DF8000009328003B00FAF775FDAC212074144B78
:10DF9000000A60745A5A280001325A52062301932B
:10DFA00053464A46009339000296FF3304F04EFD73
:10DFB0002800FBF77BFC07B0F0BCBB46B246A94685
:10DFC000A046F0BD0748F3F705FB0748F3F702FB4F
:10DFD0000648F3F7FFFAC046145000002DA00000D9
:10DFE00040310020E0A40110C4A40110FCA40110E1
:10DFF000F8B54546DE4657464E46E0B5051E63D0A9
:10E00000006DFAF773FAA0226B6A06009946EB8A54
:10E0100014219B462B8B22209A466B8D92009846AA
:10E02000FBF7CCFA071E49D04389132B4FD944681C
:10E030005846FAF757FA2070000A60705046FAF70F
:10E0400051FA330AA0702671000A6371330C360E40
:10E05000E070A3714846E671FAF748FA030A2072A5
:10E060006372030C000EA372E0721A48FAF73AFAD0
:10E070002073000A60734046FAF734FA0023A07355
:10E08000000AE07323746374A374E3746A8D6B6A8B
:10E0900039009B18EB622A002B1D2800FEF7EEFECC
:10E0A00003226B8B002807D193436B83F0BCBB46E4
:10E0B000B246A946A046F8BD1343F6E70322022064
:10E0C0006B8B40421343F0E70348F3F783FA0348AE
:10E0D000F3F780FA105000002CA50110FCA40110E9
:10E0E000F0B5DE4657464E464546E0B5040089B0D9
:10E0F000002800D10EE2037D012B00D107E2CF4BB7
:10E100001B6883423FD0C56E002D35D04823C65AC8
:10E110001833C35A9A46031D007A9846002800D047
:10E12000E0E1180004F0BCFA81464B46002B00D118
:10E13000E4E12368002B02D14B465B682360371C67
:10E14000564500D95746E968BFB24A790B791202A1
:10E150001A438B79C8791B04134300061843FAF756
:10E16000C5F92B89626C9B1A1B18BB4213D960231B
:10E17000E35ABB4200D12AE1638B9A0700D522E122
:10E18000802293436383002009B0F0BCBB46B246B3
:10E19000A946A046F0BD99230022E254236F002B2C
:10E1A00000D124E11A001B68002BFBD19246A44B3E
:10E1B0000693A44B07934346B8460593E9684A790A
:10E1C0000B7912021A438B79C8791B04134300069A
:10E1D0001843FAF78BF9636CC01A2B89C0184045B5
:10E1E00000D983E1EB68587B1A7B00021043FAF7F1
:10E1F00079F9400700D584E1236F002B0BD044222E
:10E20000638B1A4207D1E26E002A00D127E1116820
:10E21000002900D11EE1237DEE68022B0CD0737B18
:10E22000377B1B0210201F43FAF75CF93843EE6876
:10E2300083B21B0A307373736B689F7B012F5ED1AF
:10E24000606AFAF753F9030A30727372030C000E16
:10E25000B372F072608DEE68FAF744F9B073000A99
:10E26000F073628D636AEE689B18E362AB7A1F42BB
:10E2700000D0C1E014239B46B3443022A35E002BA0
:10E2800001DA00232386636B002B00D1C4E06868A9
:10E2900043684289F31A9BB2D21A428102894660CE
:10E2A000D21A002392B2028133747374A97A0133B3
:10E2B0000B400321013B8B431833F3189B4500D0DF
:10E2C00022E1059F230006210097FAF7D3FBAC2239
:10E2D00030740699000A70748B5A686801338B5247
:10E2E0004A46E37A029206220192A27A2100009223
:10E2F0003A0004F0ABFB002800D0FAE0EE682B688F
:10E30000E366237D022B03D00322638B9343638355
:10E310007279337912021A43B379F0791B041343EB
:10E3200000061843FAF7E2F82B8906009B46EB68D3
:10E330005E44587B1A7B00021043FAF7D3F803239C
:10E3400003405A1E93419E19236D9B1B00D52665E1
:10E35000EB682E89587B1A7B00021043FAF7C2F84B
:10E36000800701D1002E71D000232B60236F002B7A
:10E3700040D0E9684A790B7912021A438B79C8793F
:10E380001B04134300061843FAF7B0F85346D96844
:10E3900006004A790B7912021A438B79C8791B045B
:10E3A000134300061843FAF7A1F8361A6BD4534604
:10E3B0001D60AA46E56E002D00D0FFE6638B682243
:10E3C0000021A152DCE62000FFF712FEDCE6236FFD
:10E3D000002B00D0D0E69933E35C002B00D0CBE6D5
:10E3E000802198224900A1520232A354C4E600239E
:10E3F0009A46DCE62567DCE74946059A1248FCF7B1
:10E4000059FE81239B041843FAF770F818239B46A2
:10E410007061B344EE6830E7079B1B6863637279F1
:10E42000337912021A43B379F0791B0413430006BF
:10E430001843FAF75BF8EE68A06328E7A88000208D
:10E4400040310020B0800020B40500002800FCF717
:10E4500013F9AFE71089618E884200D3DBE66421AF
:10E46000615A002900D1D6E66621615A1F2900D9D8
:10E47000D1E6A021194200D0CDE6002A9FD080220B
:10E48000934363837FE670239B46236FA3445F46D9
:10E49000002B04D122E01F001B68002B1DD0D9687F
:10E4A0004A790B7912021A438B79C8791B041343FA
:10E4B00000061843FAF71AF8E96806004A790B795A
:10E4C00012021A438B79C8791B04134300061843C0
:10E4D000FAF70CF83B68361ADDD4BB462B605B4676
:10E4E0001D6067E7FAF7E8FF81461EE6E26E638B80
:10E4F000C3E78022638B1343638345E604204042D5
:10E5000042E60648F3F766F80548F3F763F805486E
:10E51000F3F760F80448F3F75DF8C0468CA50110E6
:10E52000A4A5011064A501104CA5011010B5002888
:10E5300008D04222835CFF2B01D001338354FFF7C4
:10E54000CFFD10BD0148F3F745F8C046B8A501104E
:10E55000F0B5C646040000B5002846D0026F002A78
:10E5600040D015006B682E689B7B002E07D0012BD6
:10E5700038D135006B682E689B7B002EF7D1012BBC
:10E5800030D1E36EE9682B608023E266628B1B0169
:10E590001343266763834A790B7912021A438B79F6
:10E5A000C8791B04134300061843F9F79FFF2B8912
:10E5B00007009846EB684744587B1A7B00021043DB
:10E5C000F9F790FF032303405A1E93414222DB19BF
:10E5D000E3646663A35CFF2B01D00133A3542000E6
:10E5E000FFF77EFD80BCB846F0BD0148F2F7F2FFB0
:10E5F000DCA50110F8B54546DE4657464E46E0B567
:10E60000051E59D0006D0138F9F770FFA0226B6A22
:10E6100006009946EB8A14219B462B8B22209A46B2
:10E620006B8D92009846FAF7C9FF071E41D04389C7
:10E63000132B44D944685846F9F754FF2070000A58
:10E6400060705046F9F74EFF330AA0702671000A39
:10E650006371330C360EE070A3714846E671F9F72A
:10E6600045FF030A20726372030C000EA372E0726E
:10E670001448F9F737FF2073000A60734046F9F732
:10E6800031FF0023A073000AE07323746374A37442
:10E69000E3746A8D6B6A39009B18EB622A002800CC
:10E6A0002B1DFEF7EBFBF0BCBB46B246A946A046CD
:10E6B000F8BD01204042F6E70348F2F78BFF03481C
:10E6C000F2F788FF10500000F8A50110FCA401101B
:10E6D000F0B54546DE4657464E46E0B5050083B0E8
:10E6E000002800D1BAE0C36E9846002B00D1B3E0F9
:10E6F0009A22835CFF2B01D0013383544346DB68AD
:10E70000587B1A7B00021043F9F7ECFEC00700D5D6
:10E7100089E00023152100934346D86842790379A4
:10E7200012021A438379C6791B041343A0223606CA
:10E730001E436B6A22209946EB8A92009B462B8BE4
:10E740009A466B8D0193FAF739FF071E00D180E0DE
:10E750004389132B00D884E044685846F9F7C2FE79
:10E760002070000A60705046F9F7BCFE330AA070B2
:10E7700026716371000A330C360EE070A371E671E6
:10E780004846F9F7B3FE030A20726372030C000EC9
:10E79000A372E0723448F9F7A5FE2073000A607393
:10E7A0000198F9F79FFE0023A073000A2374637495
:10E7B000A374E374E0736A8D6B6A7C689B18EB62E8
:10E7C000009B002B38D0667B237B36021E43274BF1
:10E7D00011201E40F9F786FEFF22304383B21B0A48
:10E7E0001040207363734346D9684A790B7912024B
:10E7F0001A438B79C8791B04134300061843F9F7B1
:10E8000075FE2B6D01301B1A00D528652A003900D2
:10E8100028002B1DFEF732FB03B0F0BCBB46B2460E
:10E82000A946A046F0BD434619894B424B4100938F
:10E830004B1E994114316FE7434642462100586808
:10E840001289038914319B1A9BB20122FBF772F9DA
:10E85000C9E701204042DFE70020DDE70448F2F786
:10E86000B9FE0448F2F7B6FE10500000FFC0FFFFEB
:10E8700014A60110FCA4011010B5FCF73FFB164BC9
:10E880001B68002B1DD0F9F785FAFA300400072029
:10E89000FAF7E6FB00281BD000231049104A03605A
:10E8A000C3600B6882604460002B04D107E019004C
:10E8B0001B68002B02D05A68A21AF8D503600860C2
:10E8C00010BD084B1B68002BDDD1074A1360F7E72A
:10E8D0000648F2F77FFEC046A0800020846F00202B
:10E8E00079E80010B4800020C080002038A6011014
:10E8F00070B5050043689847F9F74CFA1E4B2A6833
:10E900001C681419231ADE0F002B1ADA14180720BA
:10E91000FAF7A6FB00282BD0002318490360184BF8
:10E92000C56083600B684460002B04D107E01900C8
:10E930001B68002B02D05A68A21AF8D50360086041
:10E9400070BD0720FAF78CFB002811D00C4B0B4947
:10E9500083600B680660C5604460002B04D1EEE75D
:10E9600019001B68002BE9D05A68A21AF8D5E5E710
:10E970000448F2F72FFEC046581E0020846F002086
:10E98000F1E8001038A60110184B10B51A68002ADB
:10E9900022D1174A1268002A1FD001221A60F9F703
:10E9A000F9F9FA3004000720FAF75AFB002819D0C9
:10E9B00000231049104A0360C3600B688260446002
:10E9C000002B04D107E019001B68002B02D05A6805
:10E9D000A21AF8D50360086010BD084A1268002A20
:10E9E000DBD1F9E70648F2F7F5FDC046C08000200C
:10E9F000A0800020846F002079E80010B4800020FF
:10EA000038A60110F8B53823CE46994680234746EC
:10EA1000DB059846194D80B5194E1A4FA9442C684C
:10EA2000444525D2F9F7B6F924180720FAF718FB60
:10EA3000002820D00023036033688760C5604460ED
:10EA4000002B03D05A68A21A0BD50360306008353A
:10EA50004D45E4D1C0BCB946B046F8BD5A68A21ACB
:10EA600003D419001B68002BF8D103600860EEE79F
:10EA70000548F2F7AFFD0548F2F7ACFD6CB70110A1
:10EA8000846F0020F1E8001078A6011038A601106C
:10EA9000F8B5CE46474680B5F9F77CF9134E050028
:10EAA000134C144F12E02168002917D04B68EA1A62
:10EAB00014D40A68072022608A683B609046CA68BE
:10EAC0009146FAF7FBFA4346002B0BD13378002B23
:10EAD000E9D0FAF759FD21680029E7D1C0BCB94651
:10EAE000B046F8BD4846C047F0E7C0460281002066
:10EAF000846F0020581E002010B5084C2368002B9E
:10EB000008D0F9F747F923685B68181AC30F013B6F
:10EB1000184010BD01204042FBE7C046846F002032
:10EB200010B5F9F7C7FC044A80049446034B800CE7
:10EB30006044188010BDC04600C0FFFF361300209F
:10EB4000F0B55746DE464E464546E0B504000F0098
:10EB50008BB0002800D191E1002900D18BE19622F1
:10EB6000B84DAB5A0133AB524389072B00D8B4E000
:10EB7000B54B466819685869994604F005FA05903E
:10EB800080467078337800021843F9F7ABFC824670
:10EB9000F078B37800021843F9F7A4FCAB4B9B461E
:10EBA00019684B465B690493002900D1D6E04B46B7
:10EBB0005B6803934346002B46D0049B013300D18E
:10EBC000E6E0042300229C4606910B00089159467A
:10EBD0009046BB460794099105E0D9681A000029C0
:10EBE00000D1B6E00B00598A8142F6D11F7A002F7E
:10EBF00006D038240399095D0131C9B28F42ECD1A6
:10EC00001968002905D0049C61405C46A7680F4242
:10EC1000E3D16746197C0F4203D14146002900D158
:10EC2000B4E0998A5145D8D15968002900D118E13A
:10EC30004C462769B942D0D10693099B08999B4657
:10EC4000069B079C98463CE0043300229C460791B3
:10EC50000B0059469046BB460694089104E0D968DB
:10EC60001A0000294BD00B00598A8142F7D11F7A34
:10EC7000002F06D038240399095D0131C9B28F42B3
:10EC8000EDD11968002902D0049C8C42E7D1674677
:10EC9000197C0F4203D14146002900D174E0998AC2
:10ECA0005145DCD15968002900D1D3E04C46276991
:10ECB0008F42D4D10393089B07999B46039B069CE4
:10ECC0009846002A00D1B8E04346DB68D36043464B
:10ECD0004246D9605B461A6016E00832AB5A0133EF
:10ECE000AB52043AAB5A0133AB522000FAF7DEFDC7
:10ECF0000BB0F0BCBB46B246A946A046F0BD5F468D
:10ED0000069C4346002B29D0F379B2791B021343AA
:10ED100009D04F4B2289191D009120001121F9F7CC
:10ED2000A9FE002872D108212000FAF76DFD002805
:10ED300000D09DE04346002B17D01D6A002DD4D093
:10ED40004246506A524641460092414B2200A84733
:10ED5000CEE743465F46079C002BD5D17B68049ADB
:10ED60009A42C2D100239846CEE7059B002B05D1DD
:10ED70004B46F0225B691340E02B50D1A422AB5AE2
:10ED80000133AB520A3AADE7984688E7984648E720
:10ED9000042300229C4607910B0059469046A34647
:10EDA0000697089104E0D9681A00002934D00B00B6
:10EDB000598A8142F7D11C7A002C06D03827039952
:10EDC000C95D0131C9B28C42EDD16446197C0C4257
:10EDD0000BD1414600292ED0444606992468496843
:10EDE0008C4202D01C68A14225D0998A5145DAD1C3
:10EDF0005968002903D04C462469A142D3D1180098
:10EE0000089B5C4680469B4607995AE79C22AB5A72
:10EE10000133AB52023A65E75C46069F71E74B4609
:10EE200099892000083109B2FAF70CFD032120006E
:10EE300002F05CFCA2E79846D7E7AA22AB5A01335E
:10EE4000AB5261E7403100201C310020C48000201B
:10EE50002C3100201800089B80469B460799069C91
:10EE60002FE71800099B80469B460899079C28E7D6
:10EE70000448F2F7AFFB0448F2F7ACFB0348F2F7A3
:10EE8000A9FBC046E4A60110C8A60110B0A6011057
:10EE9000F0B5CE46474680B5002968D0002800D19D
:10EEA0006DE03A4E3568002D38D02B0002E0DB686B
:10EEB000002B02D09842FAD101239C46002A37D079
:10EEC0000C682B00002C03D11FE0DB68002B0FD057
:10EED0009842FAD0598A9142F7D11968A14201D0DB
:10EEE0000029F2D10820404208E043460C681A800D
:10EEF000634604604282002B15D00020C0BCB94696
:10EF0000B046F0BDDB68002BF2D09842FAD0598AA7
:10EF10009142E7D0DB68002BF7D1E9E7002A05D062
:10EF20000B6842820360C5603060E6E700239C46C0
:10EF3000174B98461A88174B9A421AD0013292B250
:10EF40008027FF01002DD0D0124B99462B0002E004
:10EF5000DB68002BC9D05C8A9442F9D1013FBFB273
:10EF6000002F0FD04A4507D0013292B2EEE70A498E
:10EF700094E7C0221202E3E7C0221202E6E7102063
:10EF80004042BBE743461A80ACE7C046C48000203D
:10EF900036130020FFFF00009CB90110F0B5CE46EB
:10EFA000474680B504000E009046994685B000287B
:10EFB00000D191E0002900D18EE0002A00D18BE041
:10EFC0000D9B002B00D187E00C9B002B00D183E030
:10EFD000438A002B59D03289444B9A4200D97EE0B3
:10EFE00008213000FAF7E6FB3700002856D17B896C
:10EFF000072B00D876E0608A7D68F9F773FA2870ED
:10F00000000A68704846F9F76DFA0023A870000AF4
:10F01000E870AB71EB71237C1B072BD43889F9F7AF
:10F0200061FA2871000A6871237CDB0745D54346E5
:10F03000F0221B681340E02B2ED0E37A0C9A3800A4
:10F04000029211220192A27A0D990092424603F097
:10F05000D5FE0500B74202D03800FAF727FC94210C
:10F06000234B5A5A01325A52280005B0C0BCB94647
:10F07000B046F0BD4346F0221B681340E02BCDD1D3
:10F0800004227B7B13437B73C8E700220100FFF758
:10F09000FFFE051E9FD0E7E7637FCFE7A022082190
:10F0A00022209200FAF78AFA071E18D03389002B23
:10F0B0009DD03100FAF74EFC99E743463A89112179
:10F0C000009338000D9BF9F7D5FC002800D10948C2
:10F0D000A871000AE871AAE710256D42C4E701256E
:10F0E0006D42C1E70448F2F775FAC046F7FF000029
:10F0F00040310020FFFF000000A7011070B582B072
:10F10000069D002818D0002916D0002A14D0002D02
:10F1100012D00468002C06D12C1D01940095FFF735
:10F120003DFF02B070BDF0262640E02EF4D06E68A0
:10F13000B44204D10400F0E710204042F1E704207B
:10F140004042EEE7F0B504000E0015001F0083B04A
:10F1500000283DD000293BD0002A39D0007A002871
:10F1600030D11368F0221340E02B0FD1207F00280C
:10F170002BD1A369002B09D01B4A1268934205D0FA
:10F180002000183003F08CFA002804D1280003F086
:10F1900087FA00281FD02368002B0AD1031D019392
:10F1A00000903B002A0031002000FFF7F7FE03B07B
:10F1B000F0BDF0221A40E02AF0D0426893420FD10D
:10F1C0002300ECE7FAF778F9E3E7FAF775F9DBE7FC
:10F1D00010204042EBE7A221044B5A5A01325A5206
:10F1E00004204042E3E7C04698B9011040310020B6
:10F1F00070B504000D001600002821D000291FD092
:10F20000438A002B15D004222B680F496360237CAE
:10F21000A68213430A682374131E03D106E0DB6839
:10F22000002B03D09C42FAD1002070BDE2600C603C
:10F23000FAE700220100FFF72BFE0028E3D0F4E7F5
:10F2400010204042F1E7C046C4800020002801D0D1
:10F25000016242627047C046010010B5002810D01C
:10F260000B4A136883420DD0002B07D01A00DB68CD
:10F27000002B03D08B42F9D1CB68D3600020F9F783
:10F280001DFF10BDC36800201360F9F717FFF8E7F2
:10F29000C480002010B50020F9F7E2FE041E06D05D
:10F2A00028220021F4F7DEF9FF23E37263772000C0
:10F2B00010BDC04610B5002811D00268002A0ED03B
:10F2C00000290CD00B68002B09D0094B1B68002BC0
:10F2D00005D01C68944203D0DB68002BF9D110BD27
:10F2E0000A681A60DB68002BF9D00268F1E7C046B3
:10F2F000C4800020F0B546464F46D6460500C0B54E
:10F3000090460E009946002800D19BE0002900D1CC
:10F3100098E0A0229A21362092004900FAF74EF98F
:10F32000071E00D18EE09A2243895200934200D2F8
:10F330008FE04346032B5DD0B379002B00D183E0EF
:10F34000454B18689A227C685200002130602000EA
:10F35000F4F788F90123237063709A463333EB5C2A
:10F36000A3703068F9F7C2F8030A637103021B0E39
:10F37000A371C82342465B00D34052462071000E61
:10F38000E0711A4255D14346032B4ED02E23EB5C3D
:10F390007E2123772F23EB5C494263773023EB5C9C
:10F3A000A3773123EB5CE3773223EA5C123BE25430
:10F3B0001333EA5C123BE2546322CB33E254230062
:10F3C000EC335970D131DA709970F0232E3AE2544F
:10F3D0000133343AE25442460133E2544B46002BA7
:10F3E00002D003234A4613803800E0BCBA46B14637
:10F3F000A846F0BD7379032B9ED09A224468002161
:10F4000052002000F4F72EF9012323706370333388
:10F41000EB5CA3703068F9F769F8030A63710302C3
:10F4200020711B0E000EA371E0717379043B012B58
:10F43000ACD82B7923736B796373AB79A373EB79B6
:10F44000E373A3E70027CFE7F9F734F8024B18601E
:10F4500078E70248F2F7BEF8DC80002030A7011000
:10F4600070B5050082B000286BD0046A002C68D00B
:10F470000023A06A6382431C0AD0F0231E309B0342
:10F48000984200D36BE001233B2800D973E0A382AC
:10F49000E06A431C2BD0F0231E309B03984252D3CA
:10F4A0000122206B52426281E281411C00D168E05E
:10F4B0001E30984200D368E03B2800D968E0012361
:10F4C000A381238200236381E379DB0726D41C22F6
:10F4D000A256FF23217F002A21DAFF22403B8B42E4
:10F4E0009B41120413402E4A9446634417E0206B5C
:10F4F0006689431C2FD0F0231E309B03984231D2E3
:10F5000001233B2803D93C21F3F7DCFC83B2A38120
:10F5100023829E42D6D2E379DB07D8D5236A0093B3
:10F52000636A019363790A2B04D00A236371002371
:10F53000A371238121006A4628001C3101ABF9F731
:10F54000D9FE02B070BD01263B280DD86681E68148
:10F55000206B431CCFD1A389B34213D9DBE7104BF7
:10F56000A38295E70E4BD2E73C21F3F7ABFC86B2C2
:10F570006681E681ECE73C21F3F7A4FC83B2A38229
:10F5800086E7A389002BC6D09CE7A281228299E757
:10F590003C21F3F797FC80B2A081208292E7C0461D
:10F5A000FFFF000070B5154C2378002B1CD1144DC3
:10F5B0002B68002B1CD1FFF76DFE286000281AD0A5
:10F5C0002022437A0F4E1343437244223100FFF747
:10F5D0005FFC432231002868FFF70AFE00220A4937
:10F5E0002868FFF733FE237800200133237070BDB5
:10F5F0000648F1F7EFFF01204042F8E7F9800020CC
:10F600003C2800209CB9011069FB001070A7011074
:10F61000002330B52F4D83B003624362EB780400C2
:10F62000002B02D02C4BDB6883622B79002B3BD064
:10F63000294B1B69E3626B79002B30D0264B5B6949
:10F6400023634B7C0A7C1B0213438A7C12041A43FB
:10F65000CB7C1B061343E361AB79002B27D101223E
:10F66000E3799343E371EB79002B2CD12B7A002BB8
:10F6700013D0194C206AF8F739FF01A90190002036
:10F68000F9F7B4F86B7A002B07D0606AF8F72EFF11
:10F6900001A901900120F9F7A9F803B030BDA26AD1
:10F6A000D3009B1ADB08CBE7A36A5B08C2E70A4BCF
:10F6B0009869F8F71BFF0122E37920621343E37195
:10F6C000EB79002BD2D0044BD869F8F70FFF6062BA
:10F6D000CCE7C046402800204C280020F0B5CE469C
:10F6E0004746002380B5046A85B062790600E3616D
:10F6F000062A03D00622A371627123810E276F446C
:10F700003B00012221003000FFF7F4FDB946051E41
:10F7100058D03B884068191DF030442900D96EE06C
:10F7200039220227C2545A1C92B28754B28D944691
:10F7300067469A1C92B23F0A87546746DA1C92B217
:10F7400087541A000A32442A59D837274754591D7A
:10F7500089B2333F4754991D89B2033F4754D91D9D
:10F7600089B2023747541900093189B28C46190011
:10F77000083189B21937475406216746C1554946B1
:10F7800092B20B330A8099B2FF238354432907D8DE
:10F790004222D21B401892B20021F3F763FF4421AA
:10F7A000F031280089B2F9F7BFFF164B290018681D
:10F7B000154B164A019300964323FFF7EFFB2800F1
:10F7C000FAF774F8A379FF2B17D00133DBB2A371DA
:10F7D000052B12D80122FA209A40FA2180005043CA
:10F7E000F430FF3080B24900F3F744FB80B220814F
:10F7F00005B0C0BCB946B046F0BD7820F7E7044874
:10F80000F1F7E8FE3C2800209CB9011098B90110DE
:10F8100098A70110F0B54546DE4657464E46E0B57E
:10F82000056A80466B7985B0032B04D003236B7186
:10F830000023AB712B810E2303226B442900404629
:10F840009946FFF757FD061E78D04B461C8847683F
:10F85000221DF037442A00D98DE0392302213B557F
:10F86000631C9BB2F954A31C9BB2F954E31C9BB2DA
:10F870003E31F9540A239B46A3445B46442B00D9EE
:10F8800079E03223BB540422631D9BB2FA54E86929
:10F890009246F8F72BFEA31D9BB2020EFA54E31D0D
:10F8A0009BB2020CFA54230008339BB2020AFA54AA
:10F8B000230009339BB2F85423001033442B5AD849
:10F8C000372259467A54220051460B3292B2B9542B
:10F8D00022000C3292B20339B95422000D3292B296
:10F8E0000231B954220020000E3292B21931B954BB
:10F8F00006220F3080B23A544A469BB21380FF2250
:10F900001134A1B2FA54432907D84222121A92B2F2
:10F9100078180021F3F7A6FE4421F031300089B2B7
:10F92000F9F702FF154B310018684346144A00935B
:10F930004323FFF7E3FB3000F9F7B8FFAB79FF2B68
:10F9400017D00133DBB2AB71092B12D8FA20FA21A0
:10F9500080005843F430FF3080B24900F3F78AFA50
:10F9600080B2288105B0F0BCBB46B246A946A0468D
:10F97000F0BD1420F5E70348F1F72CFE3C280020E9
:10F9800098B9011098A70110F0B55746DE464E46CB
:10F990004546E0B5070087B0002800D1CFE0066AF1
:10F9A000002E00D1CBE07379012B04D001237371B9
:10F9B0000023B371338102AA94460E2303226344C9
:10F9C000310038009946FFF795FC8046002800D1A9
:10F9D0009FE04B461C884568221DF035442A00D91B
:10F9E000B7E0392302212B55631C9BB2E954B98D32
:10F9F000A31C9BB2080AE854E31C9BB2E9540A23F7
:10FA00009B46A3445B46442B00D9A2E03223AB546F
:10FA10000422631D9BB2EA54F0699246F8F766FD32
:10FA2000A31D9BB2020EEA54E31D9BB2020CEA54E2
:10FA3000230008339BB2020AEA54230009339BB225
:10FA4000E85410239C46A44463460393442B00D9F6
:10FA50007FE036235A46AB54013293B25246EA5401
:10FA6000B069F8F743FD22000C3293B2020EEA545B
:10FA700022000D3293B2020CEA5422000E3293B2ED
:10FA8000020AEA5422000F3293B20732E8541300FC
:10FA9000442A5ED83722039920006A542200514636
:10FAA000113292B2A9542200123292B20339A954EF
:10FAB0002200133292B20231A9542200143292B2BF
:10FAC0001931A9540622153080B22A544A469BB2F5
:10FAD0001380FF221734A1B2EA54432907D84222E7
:10FAE000121A92B268180021F3F7BCFD4421F031DC
:10FAF000404689B2F9F718FE174B41461868174B74
:10FB0000174A019300974323FFF748FA4046F9F755
:10FB1000CDFEB379FF2B19D00133DBB2B371052BC6
:10FB200014D80122FA209A40FA2180005043F43080
:10FB3000FF3080B24900F3F79DF980B2308107B001
:10FB4000F0BCBB46B246A946A046F0BD7820308145
:10FB5000F5E70448F1F73EFD3C2800209CB9011070
:10FB600098B9011098A70110F0B557464E46454682
:10FB7000DE46BF4BE0B55F6816003D6A8DB0002DD4
:10FB800000D195E02B79002B00D191E053892B2BEC
:10FB900000D88DE053681A78022A00D088E032320B
:10FBA000BA5C002A2AD02E21785C197F884200D0C6
:10FBB0007EE0012A22D02F21587F795C884277D1BC
:10FBC000022A1BD03021987F795C884270D1032AA9
:10FBD00014D03121D87F795C884269D1042A0DD0B4
:10FBE0002021585C1231795C884261D1052A05D008
:10FBF0003322B95C123A9A5C914259D159791A79F7
:10FC0000090211439A79D87912040A430006104375
:10FC1000F8F76CFC2B6898424AD1964B0A221800E0
:10FC200000210393F3F71EFD73892B2B40D93289F2
:10FC300034009146002292463E00AB46D0464F46E5
:10FC4000F0320492250007E02D68D21AFF1A92B212
:10FC5000BFB2002D2BD06B899342F5D96B6802930C
:10FC6000BA4200D320E1844B089605935B463E00E0
:10FC7000C346A246A84615000993029B595DFF2979
:10FC800000D10CE1AB1C9BB29946AB4200D225E1FE
:10FC9000434658896C1C844200DBF7E0029B5A19EA
:10FCA00057783B290ED8059B890059588F46260066
:10FCB0003000F9F7FBFD0DB0F0BCBB46B246A946DB
:10FCC000A046F0BD6D497D198D4200DD06E14F442F
:10FCD000BBB299464D46854200D2DDE02D1A361A58
:10FCE000ADB2B6B2B54200D3F8E043461B689846C1
:10FCF000002B00D1F2E05B680293BEE7A5B2EAE711
:10FD0000042F00D0EAE05E498D4200D9E6E00523E9
:10FD10000635ADB201935B4A9C46002101925A46DA
:10FD2000039CAB46644425000B914C4606969946CD
:10FD300007922DE03E1C042F00D90426F6B22300C2
:10FD4000320040460BA9F9F7F5FE864200D0C5E027
:10FD5000042F00D8CBE003233B4200D0BEE0023B9F
:10FD60002B700B98F8F7C2FB4B46019A9B00D050C2
:10FD7000231D043F9BB2FFB29C4200D9AEE001229A
:10FD80009446E1444A4601350A2A00D144E11C0068
:10FD90002B78002BCED0079B5D469B46069E4346A4
:10FDA000588998E7042F00D098E035498D4200D952
:10FDB00094E004230635ADB20193ACE7042F00D0E4
:10FDC0008CE02F498D4200D988E002230635ADB280
:10FDD0000193A0E7012F00D080E02B498C4200D195
:10FDE0007CE001230335ADB2019394E7012F75D177
:10FDF000049BF02B72D124498C426FD00023033531
:10FE0000ADB2019387E7042F68D11D498D4265D8B3
:10FE100003230635ADB201937DE7B9075ED11749DB
:10FE20007D198D425ADC4B46FD18ADB2002F00D132
:10FE300051E7391C082F00D908210823CFB20193BC
:10FE400069E7032F4AD90D497D198D4246DC3D00F3
:10FE500007234D440427ADB201935CE7042F3DD145
:10FE600007498D423AD806230635ADB2019352E7D1
:10FE70001C31002040280020A4B70110FDFF000025
:10FE8000F9FF00004C280020FEFF00001A68002A3D
:10FE900026D05268177804E7B54200D2EDE6099BF8
:10FEA000D84654469B46089E039B1B78002B0AD0DD
:10FEB00000225B4B03991B680A70012B2DD0022B8B
:10FEC00004D0032B2DD04346002B30D000236C27C9
:10FED00098462C3304936389049AB3E65646E7E6C2
:10FEE0003B2900D9F6E64F4A8900525897464B46BF
:10FEF0000193079B5D46069E9B46042F09D00AABE3
:10FF000018790123019A039997008B54444BF850B8
:10FF100045E70B98F8F7EAFAF3E76C23EC2704932C
:10FF2000D9E7012398466B33EC270493D3E7039B6F
:10FF300037005B785D46C2462600002B00D1B7E64D
:10FF4000374A74681379052B23D0062B33D0022B44
:10FF500000D0ADE66B79062B00D0A9E6039B9B7819
:10FF6000002B00D1A4E653463D6A90682B81F8F738
:10FF7000BDFAA861637C227C1B021343A27C38007B
:10FF800012041A43E37C1B061343EB61FFF7FCFCEE
:10FF90008EE66B79022219009143012925D0043B9A
:10FFA000012B00D984E62100386AFFF731FB3800C5
:10FFB000FFF756FA7CE66B79DA1E022A02D9012B8A
:10FFC00000D075E63B6A5A790C2A04D00C225A718B
:10FFD00000229A711A81144938000B000A00F9F7BF
:10FFE00089F93800FFF77AFB62E62100386AFFF7EB
:10FFF0000FFB35220823BA5C1342D8D0396A4A79FC
:020000041001E9
:10000000082A03D04B7153468B710B81CA693800A3
:10001000343103F0E1F84BE60448F1F7DBFAC0466F
:100020004C28002094B801109CB90110DCA70110E5
:10003000F0B5D6464F464646C0B5036A040084B0C4
:10004000002B00D177E05A79002A00D173E0012912
:1000500068D0022909D0002901D1FFF701FA04B0C4
:10006000E0BCBA46B146A846F0BD364B1A001900AE
:100070009846F9F73FF9236A9A465B790C2B05D02D
:1000800052460C2353710023937113810E230422D3
:10009000514620006B44FFF72DF9061EDFD06B465A
:1000A000DF894568BB1D9946F035442B46D832237D
:1000B0000422EB557B1C9BB2EA545346D869F8F7EF
:1000C00015FABB1C9BB2020EEA54FB1C9BB2020C3D
:1000D000EA543B1D9BB2020AEA547B1D9BB2E854D2
:1000E0004A46FF23F91D89B2AB54432907D83D2264
:1000F000D21B681892B20021F3F7B4FA4421F03110
:10010000300089B2F9F710FB0F4B310018684346F5
:100110000E4A019300944323FEF740FF3000F9F7A5
:10012000C5FB9CE70C2A03D00C225A7100229A715D
:1001300014221A8193E70648F1F74CFA0548F1F7C3
:1001400049FAC0469CB901103C28002098B901101A
:10015000F0A7011098A7011070B505000C00002849
:100160000DD0002911D0036A002B0BD148220021A9
:100170002000F3F777FA0223E3712C6270BD044884
:10018000F1F728FA0348F1F725FA0348F1F722FAC4
:1001900028A8011048A8011038A80110F8B5041EBD
:1001A00049D03523C35CDB0745D59023828D056A92
:1001B0009B009A423CD3002D33D02B79002B21D1C8
:1001C000482200212800F3F74DFA29001D4A343156
:1001D000200002F0CFFFFFF7E5F9061E28D101232A
:1001E0002B713433E35C5B0708D46B79022B03D0AB
:1001F0000223A8716B7128813000F8BD2000FFF741
:100200006DFAF9E7104B1E78002E17D0013EF6B2BA
:100210001E70002ED4D10D4F3868FFF71DF83E60D8
:10022000CEE74820F8F71CFE051E01D02062C7E784
:1002300001267642E0E710267642DDE70448F1F732
:10024000C9F9C04631000110F98000203C28002087
:100250006CA80110036A10B5002B06D05A79052A44
:1002600004D8022A04D8002A09D110BD0A2A04D1D0
:1002700000229A71FFF7CEFAF7E70C2A04D8002281
:100280009A71FFF72BFAF0E70148F1F7A3F9C0469E
:1002900090A80110F0B5CE46474680B5046A060026
:1002A000637985B0052B04D0052363710023A37106
:1002B00023810E276F443B00032221003000FFF70B
:1002C00019F8B946051E00D174E03B884068191D35
:1002D000F030442900D970E039220227C2545A1C58
:1002E00092B28754B28D944667469A1C92B23F0AE6
:1002F00087546746DA1C92B287541A000A32442A9D
:100300005BD837274754591D89B2333F4754991D4D
:1003100089B2033F4754D91D89B2023747541900A7
:10032000093189B28C461900083189B2193747540E
:1003300006216746C155494692B20B330A8099B2ED
:10034000FF238354432907D84222D21B401892B27C
:100350000021F3F787F94421F031280089B2F9F739
:10036000E3F92200164B290018681832009643233F
:10037000FEF7C4FE06002800F9F798FAA379FF2BD0
:1003800016D00133DBB2A371092B11D8FA20FA2160
:10039000C0005843F430FF3080B24900F2F76AFDE4
:1003A00080B22081300005B0C0BCB946B046F0BD77
:1003B0002820F6E701267642E0E70248F1F70AF93D
:1003C0003C28002098A70110F0B5CE46474680B5DE
:1003D000046A050085B0002C20D06279002A1DD067
:1003E000A369002103930023A361E3612362636295
:1003F0002363E362A362E3812361A3820A2A12D00A
:10040000043A012A0FD96171A171210023812800CA
:10041000343102F0C7FE2379002B68D105B0C0BC8F
:10042000B946B046F0BD00236371A37123810A333E
:100430000722210028006B44FEF75CFF071E48D00E
:100440006B465B8946689846062343449946F036D6
:10045000442B61D836234246B35443460422013329
:100460009BB2F2540398F8F741F8434602339BB22B
:10047000020EF254434603339BB2020CF25443463D
:1004800004339BB2020AF254434605339BB2F05444
:1004900043464A46D91DFF2389B2B354432908D89D
:1004A00043463D22D21A701892B20021F3F7DAF8CF
:1004B0004421F031380089B2F9F736F9184B390088
:1004C000186803AA43230095FEF718FE3800F9F7D1
:1004D000EDF9144928000B000A00F8F70BFF210082
:1004E0002800343102F05EFE2379002B96D00E4BAB
:1004F0001D78002D0DD0013DEDB21D70002D02D0F4
:10050000002323718AE7064E3068FEF7A5FE3560AA
:10051000F6E70648F1F75EF80548F1F75BF8C046E4
:100520003C2800209CB90110F98000206CA8011023
:1005300098A70110F0B5CE46474680B56D4B85B003
:100540001D68002D20D02C6A002C1AD06379002B56
:1005500017D0A18A002905D0628A013292B2628244
:10056000914216D0228A002A03D0511E2182012AEC
:1005700016D0E289002A04D0511EE181012A00D15F
:100580009DE02D68002DDED105B0C0BCB946B04657
:10059000F0BD2800FFF718FF2800FFF7FFFDF0E788
:1005A0000A2BEED85449D9400A40D2B2002AE8D0EA
:1005B000042B04D0042363710023A37123810E272D
:1005C0006F443B00032221002800FEF793FEB9464A
:1005D000061E57D03A884368101DF033442800D9CE
:1005E00085E0392102279954511C89B25F54A98DA5
:1005F0008C466746911C89B23F0A5F546746D11CFE
:1006000089B25F540A218C469444614644296ED8CD
:10061000372119540420511D89B25854911D89B2B3
:1006200003385854D11D89B20230585410001C2789
:100630001100083080B21F544846093189B2018048
:1006400006205854110067460B31F93089B2D8554D
:10065000432907D83920821A92B258180021F3F79B
:1006600001F84421F031300089B2F9F75DF8234BED
:1006700031001868224A43230095FEF73FFD300001
:10068000F9F714F9A379FF2B2FD00133DBB2A37153
:10069000092B2AD8FA20FA2180005843F430FF3081
:1006A00080B24900F2F7E6FB80B2A38A628A208119
:1006B0009B1A012B00DC64E75B10238261E70A2BA5
:1006C00000D95EE70F49D9400A40D2B2002A00D1D2
:1006D00057E72800FFF7DEFDA389628A9B1A012BEA
:1006E00000DC4EE75B10E3814BE71420DDE70648B2
:1006F000F0F770FF7C6F0020320400003C280020DF
:1007000098B901102204000098A701101C4B10B5E5
:100710001C68002C05D11DE0013A1A812468002CC8
:1007200018D0236A002BF9D01A89012AF4D8F5D100
:1007300000221A815A790C2A0DD0062A0BD0012AE0
:100740000DD0032AEAD19B792000012B14D9FEF7A2
:10075000C5FFE3E710BD2000FEF7C0FFDEE79B7991
:100760002000052B02D8FFF70FF9D7E7FFF72CFE83
:100770002000FFF713FDD1E7FFF74CF8CEE7C046A6
:100780007C6F002010B5FFF71FFE10BDF0B5574677
:100790004546DE464E46E0B59046070085B0002847
:1007A00000D1C4E0B84D002A00D133E100239946BE
:1007B0002A7D9B4603930A332E0000249A46CC469A
:1007C00002930193002A2DD023000A243868009058
:1007D000706881460098484500D184E0708A012AFB
:1007E00051D0604501D384469A4601339AB21BB278
:1007F0000A2A54D00A2C05D16EE001339AB21BB2FA
:100800000A2A1FD05A00D218D200AA18107D002838
:10081000F3D03E6850688642EFD192689045ECD1A3
:100820001C0028E0A0B2431C9AB21BB20A2A00D1D5
:10083000DAE01836327D002AC8D1023082B203B223
:100840000A2ADFD1012900D0E1E063001B19DB0097
:10085000EB181B7D2600002B00D0B6E03868730033
:100860009A19D200AA18506000229B19DB00EB18DD
:100870005A8242469A60200005B0F0BCBB46B246A0
:10088000A946A046F0BD3268002A32D05845ACD304
:10089000029301339AB283461BB20A2AAAD1009866
:1008A000012900D0B3E00A2C00D085E05446092C81
:1008B00026DC630099461B19DB00EB582600002B51
:1008C00000D02DE14B4600221B19DB00EB181A75F6
:1008D0006300002FC2D1C7E71836327D1C00002A02
:1008E00000D071E79EE7B068804500D076E71C0035
:1008F000C1E7039A904200D277E70390019374E72F
:10090000019B0A2B03D1029B092B00DD7FE01C0019
:100910001E005B0099461B19DB00E8589A46002828
:10092000D0D0F8F7C3FF00235246AB50CAE70A23E2
:100930009946019302930023534D0024287D2A00F9
:1009400006009A469B4618000097002E23D1A3B2BA
:1009500001339EB21BB20A2E4FD01832167D002EE4
:100960000DD0578A012E1BD0874201D338009946FB
:1009700001339EB21BB20A2E2AD00A2C18D00129AC
:1009800045D163001A19D200AA18127D2600002A48
:1009900000D169E719E02300578A0A24012EE3D128
:1009A0001668002E1BD05745E2D3BA460293DFE704
:1009B00018321C00167DC8E763001B19DB00EB181A
:1009C0001B7D2600002B00D149E73048F0F702FEDE
:1009D000009F01291BD10A2CD3D14C4667E75F4504
:1009E000C6D3BB460193C3E7012910D1EC23EB5CCE
:1009F000002BEAD10926092430E7012907D1EC238D
:100A0000EB5C002BE1D10926092412332CE70124E9
:100A1000644230E700230A2099469A469B460A33EF
:100A200002932A0000232E7D03900190002E2FD1E7
:100A300098B2441CA6B224B20A2ED5D01832167D24
:100A4000002E27D1841CA2B224B20A2A5BD06200F5
:100A50001219D200AA18107D002804D038685268F4
:100A6000904200D107E70134A2B224B20A2AEED1A3
:100A70000129CCD11E005B009B19DB00EB181B7D0C
:100A8000002BA2D13400E9E6001C0020BCA8011014
:100A90001C000A233868009050688446009860451E
:100AA00000D1E8E6508A012E0ED0484501D3814698
:100AB00003940134A6B224B20A2E0DD00A2BC6D15B
:100AC00018322300167DB1E71668002E16D058455F
:100AD000EFD383460294ECE70098012997D1039C59
:100AE0000A2B00D1E3E61E005B009B19DB00EB182C
:100AF0001B7D002B00D068E73400B0E65045D8D30A
:100B000082460194D5E7012900D080E71E00182312
:100B10007343EB181B7D002B00D056E734009DE695
:100B20000148F0F757FDC046A4A80110F0B54F46A4
:100B30004646D646C0B582B09A466B460700884600
:100B400091469E8E002854D0A0221C210E20920097
:100B5000F8F734FD051E45D043891B2B4FD9446857
:100B60003000F7F7BFFC3423A071000AE071FE5C8F
:100B7000062E41D12000062251460830F2F778FDBA
:100B8000200006220B991230F2F772FD2000042299
:100B90000A990E30F2F76CFD200004220C991830EF
:100BA000F2F766FD002301222370E37004336371C2
:100BB000144B62700732A270290042462671380039
:100BC00000934B4602F006FD0F4A2800138B0133B9
:100BD0001383F8F76BFE002002B0E0BCBA46B146C2
:100BE000A846F0BD0120084A4042938C013393840B
:100BF000F2E70648F0F7EEFC0548F0F7EBFC054895
:100C0000F0F7E8FC060800004031002028A8011099
:100C10001CA90110E8A80110F0B54746CE465400C3
:100C200080B5A4182C4BE4001A199046127D0500DB
:100C30000F0085B0012A4CD926000C36F618022A7E
:100C400010D02E239946814480231B0100934A46ED
:100C500033003900280002F0BDFC05B0C0BCB94625
:100C6000B046F0BD42468E21528A49008A421BD8C6
:100C70002E20872181464900A9448A42E4D30122DB
:100C80000434E418154B039201932B1D009332009A
:100C90004B46494628000294FFF748FF0028D3D16D
:100CA000032342461375CFE72E2291460434E418FD
:100CB0000A4B1C398144FF390193031D03910093B2
:100CC00049464B46064A0294FFF730FF0028BBD145
:100CD000E6E70448F0F77EFC001C0020A0B90110F4
:100CE000A8B9011060A90110F0B5C646204C96279E
:100CF0002600002300B5984684B0F0367F000AE055
:100D0000012D21D0032D30D0042D01D102232375D4
:100D10001834B44214D0257D002DF9D0638A0133F4
:100D20009BB26382BB42EBD32068002803D0F8F764
:100D3000BDFD43462360434623751834B442EAD1CF
:100D400004B080BCB846F0BD042BEDD8A068231DCC
:100D500001000293074B2E310193031D0093064AB5
:100D60000B000395FFF7E2FED2E704232375CFE7DC
:100D7000001C0020A0B90110A8B9011070B5604C8A
:100D80000500237D002B02D0A368984253D02C236A
:100D9000E35C002B02D0236A9D4256D04423E35CDF
:100DA000002B03D0A36B9D4200D17BE05C23E35C6E
:100DB000002B02D0236D9D425DD07423E35C002B99
:100DC00003D0A36E9D4200D183E08C23E35C002B13
:100DD00003D08023E3589D4242D0A423E35C002B40
:100DE00003D09823E3589D4267D0BC23E35C002BDB
:100DF00003D0B023E3589D4248D0D423E35C002BBA
:100E000004D0C823E3589D4200D16DE0EC23E35C9D
:100E1000002B03D0E023E358AB4200D070BDD825AF
:100E20006059002803D0F8F741FD00236351EC23FB
:100E30000022E254F2E72068002803D0F8F736FDDC
:100E40000023236000232375A1E7A069002803D0B5
:100E5000F8F72CFD0023A3612C230022E2549DE728
:100E6000A06F002803D0F8F721FD0023A3678C238F
:100E70000022E254B1E7A06C002803D0F8F716FD79
:100E80000023A3645C230022E25496E7A826A0591D
:100E9000002803D0F8F70AFD0023A351BC23002249
:100EA000E254AAE7206B002803D0F8F7FFFC0023E8
:100EB000236344230022E25478E79026A0590028B7
:100EC00003D0F8F7F3FC0023A351A4230022E2543B
:100ED0008BE7206E002803D0F8F7E8FC0023236698
:100EE00074230022E25470E7C026A059002803D0E2
:100EF000F8F7DCFC0023A351D4230022E25485E759
:100F0000001C0020F0B54546DE4657464E46E0B58B
:100F100004000D008BB0002915D0802246685200D5
:100F2000737831781B020B43934202D13379062B3D
:100F300010D0614B20001A8D01321A85DA8B0132F4
:100F4000DA83F8F7B3FC0BB0F0BCBB46B246A94657
:100F5000A046F0BD7379042BEBD1F378B2781B0275
:100F60001343082BE5D1544B310099464A465B8B1D
:100F700028000133538302F0BDF9310004220E3101
:100F800008A8F2F775FB31000422183109A8F2F71E
:100F90006FFB6B68002B5FD108339C46B4446346FB
:100FA0000593002307930693023398463423EB5CA2
:100FB000062B7DD1089800283AD0290001F0E4FFE3
:100FC000071E35D1F022089B1340E02B30D02A00B9
:100FD000414608A8FFF7DAFB002829DB374B0599C3
:100FE0009A4643001B18DB009846D3464046C3444C
:100FF0005A4602230C301375956050440622F2F7CE
:1010000037FB5A4640465782524612589346002AAA
:101010000ED05246802387502A001B010093594668
:101020002800059B2E3202F0D5FA5846F8F73EFC10
:10103000F379B2791B0213438022520093421DD0F0
:101040009218934204D04B464A469B8D01339385B8
:101050002000F8F72BFC76E7089AD21A51424A4151
:10106000D2B2079208229446B44462460592099A85
:10107000934218D101239846069397E7069B002BCD
:10108000E6D0079B002BE3D129000233059A039396
:1010900008AB2E3102932B1D009328000B00019208
:1010A000FFF744FDD4E700230693023398467DE71B
:1010B0000348F0F78FFAC04640310020001C0020A2
:1010C000B0A90110F0B54E464546DE46574604002D
:1010D000E0B508680E0085B02100904601F054FF8D
:1010E000002800D0A0E0F02332681340E02B00D1AC
:1010F0009AE0002A00D197E0220001213000FFF79A
:1011000045FB051E54DB2E239B464C4BA3449946BE
:1011100043001F18FF004F449A463B7D002B1FD110
:101120000123BC603B750393454B59460193231D36
:10113000009320005B46434A0296FFF7F7FC431EEC
:10114000984143464042002B03D03B7D012B1FD8E2
:101150000BD005B0F0BCBB46B246A946A046F0BDD8
:101160004246002A2DD0012B12D14446402105E0F1
:10117000237B19424AD12468002C34D06289238908
:101180009A42F5D12368002BF2D02F48F0F722FACB
:101190002E4B80221D702B005344DB0012010C33B8
:1011A000009241465A4620004B4402F013FAD0E721
:1011B0004346002B03D0264A938C0133938468B2B4
:1011C000C7E7012303931E4B59460193231D009348
:1011D00020005B461B4A0296FFF7A8FC002826D099
:1011E00001204042B5E74046F8F776FB53464A46B1
:1011F0005B19DB00D058002801D0F8F757FB4B46AD
:1012000042465544ED005A510020A2E7A021424633
:101210000E208900F8F762FD80460028E6D10C4ACE
:10122000938C01339384DBE71020404291E73B7DB0
:10123000012BE9D1788200208BE7C046001C0020FA
:10124000A0B90110A8B90110D4A90110FB80002099
:1012500040310020F0B5CE46474680B504000E0070
:10126000150085B0002800D106E1002900D100E179
:10127000002A00D1FAE02100106801F085FE002864
:1012800000D09AE0F0232F683B40E02B7AD06368CF
:10129000A2687B401A420AD0794A3B041B0C934255
:1012A00005D0E768002F00D1DDE025000C35754B37
:1012B0009C461B7899464A465100734B4944C900E5
:1012C00059180A7D012A03D98A68A24200D176E022
:1012D0001A7D012A03D99A68944200D17DE02C221C
:1012E0009A5C012A03D91A6A944200D181E044220F
:1012F0009A5C012A03D99A6B944200D17FE05C2268
:101300009A5C012A03D91A6D944200D17DE07422BF
:101310009A5C012A03D99A6E944200D17BE08C2218
:101320009A5C012A04D980229A58944200D178E02C
:10133000A4229A5C012A04D998229A58944200D196
:1013400075E0BC229A5C012A04D9B0229A589442D2
:1013500000D173E0D4229A5C012A04D9C8229A5899
:10136000944200D171E0EC229A5C012A04D9E02277
:101370009A58A24200D16FE0320029002000FFF706
:10138000A1FE15E0012202AB69781A805D329A70E5
:1013900021320A40DA70AA781A71EA785A718021EB
:1013A000220009010091200031002E3202F012F9D2
:1013B00005B0C0BCB946B046F0BD344BEFE7496854
:1013C000B94200D084E732494A46CB8D2000013330
:1013D000CB853100FFF720FCEAE75A68974200D03E
:1013E0007DE763460200187031002000FFF714FC0F
:1013F000DEE7DA69974200D079E70120F1E75A6B1E
:10140000974200D07BE70220EBE7DA6C974200D0EE
:101410007DE70320E5E75A6E974200D07FE704207E
:10142000DFE7DA6F974200D082E70520D9E7942200
:101430009A58974200D084E70620D2E7AC229A5807
:10144000974200D086E70720CBE7C4229A589742FC
:1014500000D088E70820C4E7DC229B580920BB4263
:1014600000D089E7BDE704204042A1E70948F0F732
:10147000B1F80948F0F7AEF80848F0F7ABF8C04605
:10148000A9FE0000FB800020001C0020A8B901106C
:101490004031002090A90110F0A9011028A80110E6
:1014A000030010B5012484B0029106492E33019146
:1014B0000549064A009103941900FFF737FB04B071
:1014C00010BDC046A0B901109CB90110A8B9011007
:1014D000012310B50C00010084B00393054B2E319D
:1014E0000193054A0B0002940094FFF71FFB04B020
:1014F00010BDC046A0B90110A8B90110F0B54E4604
:10150000DE465746454662220F24E0B5714E724FC3
:10151000B35A85B00133B352BB68050099461B78B6
:101520008B461C40A400132C15D94389032B12D9D8
:1015300043681B78002B24D0082B1AD17869E83334
:101540000340E02B24D0396801F01EFD00281FD194
:101550002B89072B24D82800F8F7A8F96A22B35A58
:101560000133B35205B0F0BCBB46B246A946A04613
:10157000F0BD7022B35A0133B3520A3AB35A013361
:10158000B3522800F8F792F9ECE75046F8F78EF9D5
:101590002800F8F78BF97422B35A0133B352E1E70C
:1015A0002800F7F7ADFA00287CD10E239A46A24412
:1015B00051462800F8F7FEF800287BD02B8919192E
:1015C00089B28B42E4D8A0220E209200F7F7F6FFF2
:1015D00082460028DCD02300428908339A42D4D3C3
:1015E000494622004068F2F743F821005046F8F7D8
:1015F0000BF900286AD129005046F8F78FFA002825
:10160000C3D12800F8F752F955466B68210028002D
:101610009A46F8F7CFF80028B3D16B6899464A4646
:101620003B7D13737B7D5373BB7D9373FB7DD373C2
:101630003B7C13747B7C5374BB7C9374FB7CD374B2
:1016400053461870E8739A78DB781B021343234AD9
:10165000934238D909339BB2002290465246937088
:101660001B0AD3704A46FF2313724B4642462100A1
:101670009A72DA724846F7F705FA4B46602298727A
:10168000000AD872B35A28000133B3525B46029362
:10169000012301934346002200931149FF3301F0D7
:1016A000D5F96EE72800F8F701F96822B35A01333B
:1016B000B35257E751462800F8F7A6F80028A4D0FF
:1016C0000848EFF787FF08339BB2C5E70648EFF7F6
:1016D00081FFC046403100201C310020F7FF000090
:1016E0003031002030AA0110FCA90110F0B54746A6
:1016F000CE4680B5038906000F0087B01A1C1C2B4C
:1017000000D91C2293B21D00A0220835ADB22900D9
:10171000222092009846F7F751FF041E40D04389DB
:10172000AB4242D37368456899466F700323002724
:10173000310042462B702F7105336F71AF71EF711D
:10174000F8F740F94B461A7B5B7B05A81B02134355
:101750004A46927B12041A434B46DB7B1B0613431B
:10176000059300F09DFF061E17D0AF70EF706189E2
:101770002800F7F787F96021A8700D4B000AE87080
:101780005A5A200001325A52012300210193029635
:101790000097FE3305AA01F059F92000F8F786F802
:1017A00007B0C0BCB946B046F0BD0248EFF712FF23
:1017B0004031002064AA0110F0B54746CE4680B5FE
:1017C000038906000F0087B01A1C1C2B00D91C22AD
:1017D00093B21D00A0220835ADB22900222092004C
:1017E0009846F7F7EBFE041E40D04389AB4242D344
:1017F0007368456899466F700B2300273100424695
:101800002B702F71033B6F71AF71EF71F8F7DAF83E
:101810004B461A7B5B7B05A81B0213434A46927B0F
:1018200012041A434B46DB7B1B061343059300F05F
:1018300037FF061E17D0AF70EF7061892800F7F7E9
:1018400021F96021A8700D4B000AE8705A5A200057
:1018500001325A5201230021019302960097FE3370
:1018600005AA01F0F3F82000F8F720F807B0C0BC93
:10187000B946B046F0BD0248EFF7ACFE403100205B
:1018800064AA0110F0B5CE46474680B51700A022E5
:10189000304B89B01B68060089463620082192002B
:1018A0000693F7F78BFE051E4BD043894468072B40
:1018B0004DD9736806934B465B68162F0AD01A0AF7
:1018C000237162711A021B0EE371234B120E9846AC
:1018D000A2710DE004224A4490461A0A62711A026B
:1018E0002371120E1B0EA271E3714A46012313727B
:1018F00027700027082120006770A770E770F7F7AE
:10190000C1F87821154BA070000AE0700793144BC2
:1019100028005A5A01325A520423049307AB039306
:1019200002234246019302960097013B06A901F06B
:1019300057F92800F7F7BAFF09B0C0BCB946B0465E
:10194000F0BD8221064B5A5A01325A52F4E705483B
:10195000EFF740FE9CB90110F81B00209404000032
:101960004031002090AA0110034B044A1A60044B36
:10197000044A1A607047C046FC1B0020E0000001CA
:10198000F81B0020E000000270B5846A0500002CFE
:1019900026D01B4E326802E02468002C11D0636808
:1019A0009342F9D1237B0133DBB2022223736272AB
:1019B000EB6B002B03D031002800013A9847002040
:1019C00070BD0620F7F74CFB002806D03368846012
:1019D000436004730B48EFF7FDFD01204042EFE741
:1019E0000620F7F73DFB041EF7D0054E3368436031
:1019F0000023836003730360A8620133D5E7C04608
:101A0000FC1B0020CCAA0110002370B5846A0600DC
:101A10008362002C18D0F36B2568002B0ED0211D9B
:101A200000223000984721000620F7F747FB002DE1
:101A30000AD02C00F36B2568002BF0D12100062082
:101A4000F7F73CFB002DF4D1002070BD836A70B520
:101A5000002B19D01C68002C16D0012504E0012BA6
:101A600013D02468002C0FD0637A022BF7D1F6F73D
:101A700021FD0521F1F726FA002900D1013161810C
:101A800065722468002CEFD170BD6389013B042B83
:101A9000E7D9ECE7806A002807D00A6802E000680E
:101AA000002802D043689342F9D17047F0B5C6468A
:101AB00017007A2200B5634E0C00B35A05000133BB
:101AC000B3524189072922D9436818009846F6F78E
:101AD000D9FF00285FD1A16A00292AD00C003A68FA
:101AE00002E02468002C24D063689342F9D1434675
:101AF0001B78112B25D0162B10D08422B35A01331A
:101B0000B3522800F7F7D2FE80BCB846F0BDF7F715
:101B1000CDFE8022B35A0133B352F5E78C22B35A7B
:101B20000133B352637A012BEBD180239B00A36076
:101B3000E7E72800F7F7BAFE7C22B35A0133B35225
:101B4000E2E7434618795B791B02034340468079FC
:101B5000000418434346DB791B0603433A480068F8
:101B6000904220D0002BC8D08822B35A0133B35200
:101B700043465E78637A022B06D0012BC1D163897C
:101B8000002B01D0B342BCD9022E41D8012363817E
:101B900001236372B5E72800F7F788FE7E22B35A67
:101BA0000133B352B0E7002B24D143465F78002FB6
:101BB00042D18622B35A0A370133B3520A2342462E
:101BC00053700C680126002C08D19AE7012B28D00D
:101BD0002468002C00D194E743465F78637A022B97
:101BE000F4D1022F0BD8012161816672F0E70968F8
:101BF00000291CD04A689342F9D10C00B4E7F6F7EB
:101C000059FC3900F1F75EF90029ECD089B2EBE715
:101C1000F6F750FC3100F1F755F90029B6D08BB238
:101C2000B5E76389002BDCD0BB42D1D9D9E77C2250
:101C3000B35A0133B35264E78A22B35A0133B35221
:101C4000BFE7C04640310020FC1B0020F0B5C6466F
:101C5000194B00B51D68002D2AD002239846174E57
:101C6000174FAC6A002C03D11FE02468002C1CD055
:101C70006389002BF9D0013B9BB26381002BF4D127
:101C8000637A012BF1D1626833689A42EDD0434602
:101C900092226372BB5A21000133BB5228007C3A66
:101CA000FFF7F0FD2468002CE2D12D68002DD8D17B
:101CB00080BCB846F0BDC0467C6F0020FC1B0020F5
:101CC0004031002010B5041E09D04069002801D021
:101CD000F7F7ECFD21000520F7F7F0F910BD0148FA
:101CE000EFF778FC10AB0110F8B5CE4647468946B1
:101CF000804680B5814200D16CE0002902D00B689B
:101D0000834264D143465C68002660684379027967
:101D10001B02134333D080277F022500616828000F
:101D20004A780B7812021A438B78CC781B04134341
:101D300024061C43F7F7C6FD3618BE4244DA2800D5
:101D4000B6B2F7F7B3FD002CE7D1274B1A689045E0
:101D500036D04B46002B43D043464A461B6813609F
:101D600041460420F7F7AAF9204A1388B34234D336
:101D70009B1B30001380C0BCB946B046F8BD437809
:101D800002781B0213438278414612041A43C37837
:101D900008311B061343424653601422F1F768FCD6
:101DA00001212000FFF708FD2000F7F78BFD06005A
:101DB0002000F7F77BFD43465C68002CABD1C4E7FD
:101DC000424612681A60CBE70948EFF703FC09485E
:101DD000EFF700FC0848EFF7FDFB0848EFF7FAFBC8
:101DE0000748EFF7F7FBC0467C7F0020E480002027
:101DF0003CAB011028AB01101CAB011078AB0110FB
:101E00005CAB0110F0B545464E46DE465746002312
:101E1000E0B583B00193434B05008946984643469D
:101E20001868002869D06A7B2B7B12021A43AB7BAF
:101E3000EE7B1B04134336061E43002300249C46FE
:101E4000002100224369B34224D00134002A46D045
:101E5000D37F9B46C37F9A460368DA450CD9002B93
:101E600044D059698E4250D0013401001800C37F1C
:101E70009A460368DA45F2D8002B4BD05A6996424D
:101E800004D08C460200D3460134EEE78C460200B3
:101E9000010018002B7C9A4657466B7C1B021F439F
:101EA000AB7C1B041F43EB7C1B063B4387699F42B3
:101EB000CBD12B7987899B46BA465F466B791B024B
:101EC0003B439A45C1D18246534661461B68100088
:101ED0008C46002B09D0020051461800B2E782461A
:101EE00053461B688C46002BF5D10200002A0FD107
:101EF000019B4B4501DA012C91DC019803B0F0BC49
:101F0000BB46B246A946A046F0BD01001800C1E795
:101F100010006146FFF7E8FE019B9C46844463463F
:101F20000193E5E77C7F002070B50025094B1C6814
:101F3000002C09D0E37F20002468002B05D0013B52
:101F40000500C377002CF5D170BD2900FFF7CCFE4A
:101F5000EEE7C0467C7F0020F0B557464E4645462A
:101F6000DE460F24E0B5CF4D47686B8E89B0013354
:101F70006B863B7806002340052B00D09CE0F87967
:101F8000BB7900021843F6F7ADFA8346F878BB78C0
:101F900000021843F6F7A6FA3B781C40A4008442DE
:101FA0007BD8001B83B230000193F7F78BFC84468B
:101FB000BD4B029098461B8863440A2B00DD79E1F3
:101FC000BA4B1C689946002C00D180E07A7B3B7BA1
:101FD00012021A43BB7BF97B1B0413430906194306
:101FE00003E02468002C00D171E063698B42F8D1D2
:101FF0007B7C3A7C1B021343BA7C12041A43FB7CA1
:102000001B061343A2699A42EBD17B793879A289E6
:102010001B0203439A42E4D14622AB5A0133AB522E
:10202000F879BB7900021843F6F75CFAC00400D1D6
:1020300030E15B46DB04190C0591BA7920231000CE
:10204000184004901A420AD10B000A0001998C46EC
:1020500063449BB29A420FD8954A93420CD8776852
:10206000F878BB7800021843F6F73CFA0F233A7869
:1020700013409B00984243D263680393039B002B59
:102080000BD14B461B68A34200D0FEE14A462368B1
:10209000210004201360F7F711F8EB8E30000133B4
:1020A000EB86F7F703FC0027380009B0F0BCBB460D
:1020B000B246A946A046F0BD4422AB5A30000133D7
:1020C000AB52EB8E0133EB86F7F7F0FBEBE7042026
:1020D000F6F7C6FF041E00D113E11C220021201DCB
:1020E000F1F7C0FA0F23E3774B461B6823604B469A
:1020F0001C602000142239000830F1F7B9FA98E783
:10210000C01A83B2F8799A46BB7900021843F6F7F1
:10211000E9F97368C0049B4600235A46070C137004
:1021200053709370D3703B0A537153465946DB1971
:1021300017719AB28B71130ACB716368069203937D
:1021400097429BD8002B00D18CE119000123A446B3
:1021500000221C00AA461FE09F4200D1CFE0D079A8
:10216000917900020843874200D2C8E0002D07D0D1
:10217000A979ED792D022943CB1A59424B411C40D4
:10218000517813780902194393781B040B43D178D3
:102190000906194300D1C2E015004A685379107945
:1021A0001B0203439F42D7D25246AA4615005A4605
:1021B000584611700A0A42700A0C82705246090E83
:1021C0000794C1706446002A00D185E09179D279E4
:1021D00012020A43974200D25FE70699994200D95A
:1021E0005BE75146330A4B70BA1A330C8B7053427B
:1021F0005A41079B0E701340049A360ECE70079317
:10220000002A00D0A2E0002B71D0039E75686B7984
:102210002A791B0213436AD15A465B4652781B78CF
:1022200012021A435B469B781B0413435A46D2782A
:1022300012061A4300D11FE106990FE05A78197867
:1022400012020A43997809041143DA7812060A4304
:1022500000D191E0D97998790902014353685A79FC
:102260001879120202439142E8D0029A43469446FA
:1022700042461B8863441380049B002B00D012E766
:10228000019A059B944601226344A383A37F1343D1
:10229000A37708E7E089F6F725F9C00400D1C8E67E
:1022A00027E7C04640310020E48000207C7F0020EA
:1022B000EBFF0000040001003800FFF7A3FD002839
:1022C00006D04346A4461B8863440A2B00DC77E60D
:1022D000AB8F0133AB87E0E6069A9A4200D9DCE681
:1022E000049B6660002B32D1079B002B8ED1029A93
:1022F0004346944642461B8863441380C0E75546D4
:10230000CBE6029C38002100FFF77CFD8442DFDC35
:102310000420F6F7A5FE041E00D0DEE6D8E7210073
:10232000330A537033021B0E16709370360E3B1A2D
:10233000D6705A4253410A001A40049B64460792E1
:10234000002B03D1002A00D05FE7D0E7039EA37FD4
:10235000DB0709D5079B002B06D075686B792A79B6
:102360001B02134300D157E7029A43469446424664
:102370001B886344138096E69D4200D17FE0029A59
:102380004346944642461B8863441380049B002BBB
:1023900066D1019B01229C46059FA37F6744BFB283
:1023A0001343A783A37721006A782B7812021A437C
:1023B000AB78EE781B04134308311422143728003D
:1023C00036061E43F1F754F9B8B2F6F78BF800233E
:1023D000A870000AE87014212800AB71EB71AB7291
:1023E000EB72F6F74FFBA872000A6768E872002EDE
:1023F00013D0756814213000F7F706FA3100380061
:10240000F7F77EFA6A782B7812021A43AB78EE78E7
:102410001B04134336061E43EBD14B461B68A342F5
:1024200004D119E01A68A24205D01300002BF9D19B
:102430001748EFF7CFF822681A6021000420F6F75A
:102440003DFE3800F7F73EFA43461B88834219D316
:1024500042461B1A138027E64A4623681360ECE7BE
:10246000A78BA0E7049B6660002B00D1CEE6A37F7C
:10247000DB0700D478E770E75D4500D07FE70548CB
:10248000EFF7A8F80448EFF7A5F80448EFF7A2F82B
:102490005CAB01109CAB0110D0AB0110ECAB011098
:1024A000F0B54546DE4657464E460723E0B58DB0AB
:1024B00005910A928A8D0500143AD1170B409B189A
:1024C000DB109BB207930F2341680A7809911340F0
:1024D000052B00D0D3E04389132B00D8CFE0C87977
:1024E0008B7900021843F5F7FDFFC304DB0C04935E
:1024F00080239B0118400B902B89143B9BB20393C4
:10250000002B00D1B6E0079B0024DB009BB298466D
:10251000142399465E4B4F469B46434608930899C1
:10252000039A0B1C914200D9131CA0229BB21421C8
:102530000E2092000293F7F741F88246002846D019
:102540004389132B00D8A0E0142240680999F1F7C1
:102550008FF853465B680693029B002B00D18BE0FB
:102560006A89D31B9BB2BA4200D28BE0B946029E65
:102570001EE001946B6841224B440093210003004C
:102580000020F7F7B5F88046002829D02800F7F793
:10259000A3F95B46361B414650467D613B61B6B2AE
:1025A000F7F7AEF9002E20D0002291462D686B89F6
:1025B0001C1CB34200D9341CA4B2002CF4D005205A
:1025C000F6F74EFD071ED4D15046F7F76FF90120FC
:1025D00040420DB0F0BCBB46B246A946A046F0BD95
:1025E00039000520F6F76AFDEEE74F46E719BFB25E
:1025F000049B039AD804059BC00C9B8D133B93420C
:1026000002DD0B9B002B02D080239B011843F5F7C2
:1026100069FF069EB071000AF0710298143080B212
:10262000F5F760FF0023B070000AF070B372F37228
:1026300014213000F6F726FAB072000AF072059EF7
:10264000514673690A9A30009847124A5046138ED1
:1026500001331386F7F72AF90799039B8C460298F2
:102660001B1A9AB2049B039263449BB20493002A00
:1026700000D054E70020ACE7E719BFB2B8E7062066
:102680004042A6E70448EEF7A5FF0448EEF7A2FF94
:10269000C51C0110403100202CAC01100CAC011005
:1026A000F023F0B505682B40E02B34D01C4B1868A4
:1026B000002817D0352101220227435C1A420ED090
:1026C0009C0822420BD04468002C08D086686C40DD
:1026D000264218D01F4202D1C3689D4213D0006821
:1026E0000028EAD10F4B186800280DD03523C25CB2
:1026F000303B1340052B07D14368002B04D0FF2348
:102700002B407F2B00D0F0BD5621074B00205A5A9A
:1027100001325A52F7E7054B18680028F3D1C5E794
:102720007C6F0020786F002040310020183100209D
:10273000F8B557464E464546DE464A22E0B5BC4D02
:102740004668AB5A04000133AB5233780F001A09C4
:10275000042A10D0F7F7AAF85C22AB5A0133AB5227
:102760000E3AAB5A0133AB520020F0BCBB46B24626
:10277000A946A046F8BD0F221340F0789B0098466A
:10278000B37800021843F5F7ADFE238981468342F2
:1027900014D86389434505D323894B4502D3434667
:1027A000132B13D82000F7F781F85222AB5A0133CC
:1027B000AB52043AAB5A0133AB52D5E701002000CB
:1027C000F6F7B2FF63894345E6D2EBE741463000B6
:1027D000F6F758F9002800D0B5E0737C327C1B0274
:1027E0001343B27C12041A43F37C1B061343914A31
:1027F00091465361717B327B09021143B27BF07BBE
:1028000012040A43000610434A4610613522B95C9F
:10281000BB321A40E02A10D1890649D4737A112BB1
:1028200000D1E4E0002800D0A4E04E22AB5A200002
:102830000133AB52F7F73AF896E7C90728D4FF22DD
:102840001A407F2A79D07C4B1B689A46002B74D0A3
:1028500035239B4609E0514600F096FB002814D131
:1028600053461B689A46002B67D05745F8D05A4606
:1028700053469B5C01221A42F2D053465B68002B00
:10288000EED04A4650698342E5D14B4618691EE0B6
:102890007A68002AD3D0934200D1D1E018003900E1
:1028A00000F072FB4B46002800D0CBE05B69C6E726
:1028B000494638001431FFF7EDF800283DD04B466B
:1028C0004A46186952695D4BBA469A424ED0002872
:1028D00052D1F379B2791B021343C022934306D03D
:1028E0002000FFF739FB041E00D13DE746684B4648
:1028F00052465F601A609E600F2332784146134053
:102900004A469B0020009381F6F77EFF737A062BE0
:1029100041D024D8012B65D0022B41D14A46390041
:1029200020001432FFF7C2F800234A4613605360B8
:10293000936093811361536116E7737A112B63D00F
:102940004B4618696EE72000F6F7B0FF5022AB5AED
:102950000133AB52023AAB5A0133AB5204E7112BAD
:102960001ED139002000FCF7EBF8DDE7002803D189
:10297000BA46AEE700239A46390000F005FB00286E
:102980004ED14B46F0221B691340E02B48D05346F2
:10299000002B9ED149E739002000F9F7D5FAC3E7AB
:1029A0004B465146586900F0EFFA00280ED14B46CD
:1029B000F0225B691340E02B08D04346200019B297
:1029C000F6F740FF02212000FEF790FE5822AB5A96
:1029D00020000133AB520A3AAB5A0133AB52F6F73F
:1029E00065FFA1E739002000FEF788FD9CE743461C
:1029F0008822F3189978DB78D2011B020B439342AB
:102A000000D00FE7BA4664E743468822F318997866
:102A1000DB78D2011B020B43934291D1BA4658E7AF
:102A20002000F6F743FF4E22AB5A0133AB529BE630
:102A3000403100201C3100207C6F0020E0000001AC
:102A4000BA4644E7BA46186941E7C046F0B54E4673
:102A50004546DE465746E0B583B01D000CAB1B78FB
:102A6000060099460DAB1B7888469B461700837B72
:102A7000002A00D183E0002902D00A68002A02D18E
:102A80000E9A04329046012B00D09BE014213000B6
:102A9000F6F790FE8246002800D089E073897468BA
:102AA000132B00D891E05B46257263723A682D02C1
:102AB0001D43130A6374130EE374452323704B46BE
:102AC00063708A234846DB0103434520110C2274BE
:102AD0001B0212040343120C52189BB29B182A02C9
:102AE0002D12A17415433089ADB25D19F5F7FAFCCA
:102AF000030AE3705346A371E371354B8346A0701C
:102B000018889A46F5F7EEFC030A6371534652465D
:102B10001B8820710133138043461B681A0A190E63
:102B2000237362731A0C1B041B0C5B199B185B4408
:102B30001818030C0004000C1B18A2731A0C9B1825
:102B4000DB439AB2120AE173A372E2724821214B6D
:102B50005A5A01325A520E9B9B8D002B02D0328959
:102B60009A421FD80E9B3A0031005B690E98984735
:102B700003B0F0BCBB46B246A946A046F0BD012B4F
:102B800020D14389132B13D9416801AF4B7C0A7CB8
:102B90001B0213438A7C12041A43CB7C1B0613438B
:102BA0000193D3E73A0030000E99FFF779FCDFE795
:102BB0005C235C210220074A4042D35A01339BB276
:102BC0005352D5E70448EEF705FD0448EEF702FD41
:102BD000E2800020403100203CAC011048AC0110E4
:102BE000F0B54E464546DE465746E0B587B01D0077
:102BF00010AB1B780600019311AB1B7889469B46EE
:102C000014AB1C889046837B002A00D1AFE00029DA
:102C100002D00A68002A02D1129A04329146012B8E
:102C200000D0DBE0002C00D1B5E0282C00D9CDE0AD
:102C30006D4FE31C1F403B0014339BB23900300042
:102C40000293F6F7B7FD002800D0B5E022007068C7
:102C50001399F0F70DFDBC4200D2A0E079080023E3
:102C6000002770685A00825A0133BF188B42F9DB83
:102C700014213000F6F79EFD8246002800D09BE02C
:102C800073897468132B00D8ABE05B4625722D0264
:102C900063721D4343461B681A0A62741A0E190CAC
:102CA0002374E2741B042A022D122A431B0C5B18A6
:102CB00092B2D31803934023029AA17495081D433E
:102CC000019BEDB22570637030892D021D43F5F72D
:102CD00009FC5246A271E271444A030A92468346B5
:102CE000A070E3701088F5F7FDFB5246030A63718C
:102CF00013882071013313804A461368190EE1735B
:102D000003991A0A8C46237362731A0C1B041B0C5A
:102D100063449B18A2732A022D121543DB19ADB22E
:102D20005B195B44C018030C0004000C1B181A0C40
:102D30009B18DB439AB2120AA372E27248212C4B11
:102D40005A5A01325A52129B9B8D002B02D0328963
:102D50009A422BD8129B424631005B6912989847E1
:102D600007B0F0BCBB46B246A946A046F0BD012B59
:102D700034D14389132B1FD941684B7C0A7C1B0239
:102D800013438A7C12041A43CB7C1B06134305931E
:102D900005AB9846D2E714230027029368E77068D2
:102DA00000213A1B0019F0F75DFC57E7424630005E
:102DB0001299FFF775FBD3E75C235C2102200C4AD4
:102DC0004042D35A01339BB25352C9E75C210620DB
:102DD000074B40425A5A01325A52C1E70548EEF7B2
:102DE000F9FB0548EEF7F6FBFCFF0000E28000204F
:102DF000403100203CAC011048AC0110F0B5574602
:102E00004E46DE464546E0B583B01D000CAB1B7850
:102E100006009A460DAB1B7889469B46837B1700BC
:102E2000012B00D09FE0002A00D17BE01421F6F7AF
:102E3000C1FC8046002800D08BE073897468132B96
:102E400000D893E05B46257263723A682D021D43F9
:102E5000130A6374130EE37445232370534663709F
:102E60008A235046DB0103434520110C22741B02C8
:102E700012040343120C52189BB29B182A022D1203
:102E80001543A1743089ADB25D19F5F72BFB030A28
:102E9000E3704346A371E371364BA070451918885F
:102EA0009846F5F71FFB030A6371434642461B88A9
:102EB0002071013313804B464519002B2FD01B681E
:102EC000180EE07318041A0A000C627340191A0CE9
:102ED000A27312182373130C1204120C9B181A0CF1
:102EE0009B18DB439AB2120AA372E2724821224B6A
:102EF0005A5A01325A520E9B9B8D002B02D03289B6
:102F00009A4220D80E9B3A0031005B690E98984790
:102F100003B0F0BCBB46B246A946A046F0BD174B75
:102F20001B68CDE74389132B13D9416801AF4B7C54
:102F30000A7C1B0213438A7C12041A43CB7C1B06B7
:102F400013430193D2E73A0030000E99FFF7A8FA35
:102F5000DEE75C235C210220074A4042D35A01335A
:102F60009BB25352D4E70648EEF734FB0548EEF720
:102F700031FBC046E2800020403100209CB90110A6
:102F80003CAC011048AC0110421E030010B50332E6
:102F900014D80224352220008A5C104014420CD040
:102FA0004A689A420CD089685A40114208D1CA43F3
:102FB0008B439B1A5A425341D8B210BD0120FCE703
:102FC0000020FAE7F0B55746DE464E464546E0B5E6
:102FD0008A460278644904008B5C87B05B0729D578
:102FE00002AB984605AB994620239B461D3B9C4669
:102FF000534604258A464426110042460193002088
:1030000030291FD08300181853464000013440185F
:10301000217830385B5C1D42F4D1A0462E2954D172
:10302000914507D0434659785C1C53465B5C01C20E
:103030001D42E4D1002007B0F0BCBB46B246A94611
:10304000A046F0BD61785F460B00BB43582B16D0FD
:10305000534604275B5C01340097009F1F42DCD07D
:1030600030277F42B84688444746072FD5D8534675
:10307000C00001344018217830385B5CEDE75346DE
:10308000A17890465B5C5246033405E0000140188D
:1030900021783038535C01341D42F7D11E420ED0E6
:1030A00067463B40023B5F1EBB411F275B42BB4361
:1030B0000A316133C91A000108432178EAE7013C6B
:1030C00092464246A0462E29AAD090460A1E019951
:1030D0008A4601D01B07ADD5434602AA9B1A9B1016
:1030E0000133042B3DD8214A9B00D3589F468023AF
:1030F0005B0498429ED2029BFF2B9BD81B06184371
:103100005346002B03D0F5F7F1F953461860012020
:1031100091E780235B02984200D38BE7029BFF2B51
:1031200000D987E7039AFF2A00D983E71B06120418
:1031300013431843E4E7FF2800D97BE7029BFF2BEA
:1031400000D977E70399FF2900D973E7049AFF2A8A
:1031500000D96FE71B0609040B43120213431843FF
:10316000CEE70348EEF736FA5D2F051084B901105B
:1031700078AC011010B5002A0FD00A61026C002A49
:1031800008D0130002E01B68002B03D09942FAD14B
:10319000002010BD0A600164FAE70148EEF71AFA50
:1031A00084AC0110036C10B5002B0FD0002404E098
:1031B0001A681C00002A09D013009942F8D10B6844
:1031C000002C01D0236010BD0364FCE70148EEF73A
:1031D00001FAC046A4AC0110002310B50B730133F3
:1031E0004A600B810C00F5F765F90A21EFF76AFEDA
:1031F0000020618110BDC046036C002B04D000226A
:103200001A721B68002BFBD17047C046F8B5374BCC
:1032100000271D681426002D3BD02C6C002C0FD1EC
:1032200034E0013B9BB26381042A3BD8022A50D888
:10323000013A012A01D8002B3CD02468002C25D06B
:10324000237B002B01D0013B23736389227A002B5F
:10325000E7D1042A1ED8022A29D9637A002B02D189
:103260000422637322722800211DFEF731F9637A6C
:1032700066810133DBB2012B2ED905230021A36027
:103280002800236998472468002CD9D12D68002D87
:10329000C3D1F8BD072AD0D10121280023692772A4
:1032A0009847CAE7072AC8D1002BC6D1F4E7013AEC
:1032B000012AC2D8022328002372211DFEF7F0F84C
:1032C000637A0133DBB26372022B07D9084BA36028
:1032D000B3E7002BB1D1C0E76372AEE7F5F7EAF8C8
:1032E0000A21EFF7EFFD0A316181A6E77C6F00202C
:1032F00003001400F0B5CE4647460E00010080B52D
:1033000085B0070006222E3102A8F0F7B1F931008E
:1033100004220E316846F0F7ABF93100009B04221D
:10332000183101A89846F0F7A3F93C6C002C35D071
:103330004346002B37D108239946B1440AE0002DBB
:1033400005D06368002B66D0019A93425BD0246855
:10335000002C23D0257A032DF1D92B1F022BF6D870
:1033600063689846002BF2D10622494602A805F070
:10337000CDFA0028EBD0062D00D170E0237B002B86
:1033800000D173E0637B022101336373380023694A
:103390009847637B092B4FD8434647E005B0C0BC34
:1033A000B946B046F0BD083607E0002D02D063688C
:1033B000984517D02468002CF0D0257A032DF4D935
:1033C0002B1F022BF6D863684345F3D10622310048
:1033D00002A805F09BFA0028ECD0062D38D0237BFC
:1033E000002B4AD0637B02210133637338002369C9
:1033F0009847637B092B25D80023012123723800CD
:1034000023699847D6E731000622083102A805F063
:103410007DFA00289BD0637B02210133637338005F
:1034200023699847637B092B06D800232372012167
:103430003800236998478AE70723237296239B0065
:10344000638184E70723237296239B006381B1E79E
:10345000002302212372380023699847AAE74346D4
:103460000221237238002369984770E73800211D34
:10347000FEF72EF86423237369E73800211DFEF759
:1034800027F86423237395E7F0B5C64607000D00BF
:10349000160000B500292AD00B68002B27D0002A7F
:1034A00025D01268002A22D0046C002C1FD0144AA8
:1034B000904603E02468002C19D02B6862689A4279
:1034C000F8D11B041B0C4345F4D133884345F1D09C
:1034D000237A052B11D8032B0CD8013B022BE9D8FA
:1034E000002302212372380023699847E2E780BC59
:1034F000B846F0BD06232372DCE7072BDAD1EFE7ED
:10350000A9FE000070B5438904000E000E2B32D9CD
:103510004068457B037B2D021D43E37B002B03D1D9
:103520003833CB5C0133E3730378DA070BD5012B17
:103530003CD00622254905F0E9F9002803D10822EC
:10354000637B13436373082D21D0C123DB009D42AD
:1035500011D13523F35C1B0714D50E212000F6F79B
:1035600053F900282DD01A4B5A8C01325A84DA8B29
:103570000132DA8306E0164B1A8D01321A85DA8B96
:103580000132DA832000F6F791F9002070BD35236F
:10359000F35C1D42F6D00E212000F6F735F9002825
:1035A000F0D131002000FFF7C3F8EEE74378002B9D
:1035B000C9D183785E2BC6D11022637B134363731A
:1035C000C1E731002000FDF79DFCDEE7A8B901103E
:1035D00040310020F8B5CE46474680B599466B4647
:1035E0000700188C0E009046F4F77CFF0E210400B3
:1035F0003000F6F7DFF8002819D1756806222C7321
:10360000240A494628006C73F0F732F80622414636
:10361000A81DF0F72DF83423FB5C062B0ED13100EA
:103620003800BB699847C0BCB946B046F8BD022017
:10363000044A4042538901335381F4E70248EDF7CD
:10364000C9FFC04640310020C4AC0110F0B5574658
:103650004546DE464E46E0B587B00593109B88464A
:1036600099464B4B119D9A464A4B4B4F9B460490B3
:10367000002A47D093461E000021380003F052FF75
:103680000400831C24D053465B6A9D420ED85246E8
:10369000926A4A4508D30220404207B0F0BCBB46BC
:1036A000B246A946A046F0BD9D42F4D130680368F9
:1036B0009A6A002A02D0904730680368196B4A461C
:1036C0002B008847002C5EDB032CD5D10020E4E7DB
:1036D000049805F065FC0400584605F061FC41467D
:1036E0000291059901220191594652420300039229
:1036F000009138002100049A04F05EFB0028CCD130
:103700000124C0E70021380003F00CFF4E460400FE
:10371000831C22D053465B6A9D4205D85246926A6A
:10372000B242B8D29D42B6D15B46186803689A6A25
:10373000002A03D090475B4618680368196B320073
:103740002B008847002C1EDB032CBFD00021380043
:1037500003F0E8FE0400831CDCD1049C200005F08B
:103760001FFC01235B4203934346029300230100A5
:10377000220038000193009304F01EFB002800D0C3
:103780008BE70124C6E7E01C43425841083884E730
:1037900000400540F01C0020681E0020014B18600E
:1037A0007047C046F01C002010B5044B01220021D8
:1037B0001B68034804F03CF910BDC04638130020D4
:1037C000681E0020F0B5D6464F464646C0B584B0C8
:1037D0000700904699460E00EEF7B6FF0400380049
:1037E0000D0005F0DDFB8246002E2FD0300005F0E5
:1037F000D7FB424603000121494203910021019277
:1038000002913A0051461348009604F0D5FA002878
:1038100012D1FA220023484600219200EFF7CCFE95
:103820000019694100290DDB0090019143463200E7
:1038300000213800FFF70AFF04B0E0BCBA46B146E9
:10384000A846F0BD012004494042EDE700220023D4
:10385000D1E7C046681E0020FFFFFF7F014B1868BC
:103860007047C046F01C002030B583B0FFF7F6FF6C
:10387000041E0ED0200004F091FD05002000F4F796
:103880005DFA0300002D12D00020002B0FD003B0F2
:1038900030BD684604F0E6FF0F4C6946200004F096
:1038A000E7FF002815D02000FFF778FFE2E7FFF7D9
:1038B000D5FF040004F08EFD2000F4F757FA064B04
:1038C0009C4206D1236820005B6B98470020FFF7DD
:1038D00065FF01204042DAE77013002010B5052093
:1038E000EFF73AF8030C642003495843EFF7EAFA7C
:1038F0000338FDD210BDC0469A3B0000184B70B58E
:10390000C4580500002C14D02168002906D0636833
:10391000A268144804F03CFC002323600C202056CD
:10392000002810DA0D202056002803DA00220C4B64
:10393000EA5070BD04F068FC0D20205604F048FCED
:10394000FF236373F2E704F05FFC0C20205604F0C1
:103950003FFCFF230D20237320560028E6DBE9E718
:103960004C080000B0B90110F0B5C64600B53E4C99
:103970003E4B84B0C4500023062122000126236060
:10398000013BA381019112310500009138482100CB
:10399000231D0832029604F039FB00285DD06368CD
:1039A00034485A1D1203DB011A43334B01681A4095
:1039B00030238B43314990460B60036830009843B5
:1039C0000860802120682E4B4904C3181960A16843
:1039D00080224B005B18DB00C3181F009202C8371F
:1039E0003A60C0229202BA6042467A60254ADC33CD
:1039F0001A601D220123009604F0AEFA224B2168C2
:103A00009C466144090D06311820C9B2EDF71CFD32
:103A1000012200211820EDF731FD01211820EDF7DA
:103A200041FDA16823684A005218D2009B18174A2A
:103A3000D8331A60002004F0D5FB2073002004F076
:103A4000D1FB237B40B2607318430437000604D4D3
:103A5000002004B080BCB846F0BD2800FFF74EFF40
:103A600006204042F5E7C0460C1E00204C0800002E
:103A7000B0B9011078C00140FFFFFF9F78D001402E
:103A80003820000018771C240000E0AF01E000009F
:103A9000F0B54546DE4657464E46E0B587B01500C0
:103AA00098460291002900D12FE19B4BC4589B4BB3
:103AB00021689C466144090D06311820C9B2EDF712
:103AC000C3FC964B21689C466144090D06311D20BC
:103AD000C9B2EDF7B9FC012200211D20EDF7CEFCA3
:103AE000D02380221B0692049A6143462068A16875
:103AF000002B00D12AE1029B002B00D102E101271B
:103B00003A00CC268A40B446036893430360636856
:103B100099464B005B18DB00C21894446246126859
:103B2000C31892464A460532160303967C4EB346A6
:103B300056465A4616403200039E164332004E4601
:103B4000F601324366463260764A3E009446802251
:103B5000634412061A601A60802200235204009205
:103B6000019304F0A3F93900A36820681A1D91405D
:103B700094468022920182181160190008318E400B
:103B800099001660EA004118013A0A615A00D218F9
:103B9000D200654E8218D8321660109E761BF60051
:103BA000B14601267642B246D1444E460E611F26EA
:103BB0005E4911606168314011600C216156A02698
:103BC0008F405B4AF605B7508A011600B146059250
:103BD000584A80274A4499461300029E7F041A6877
:103BE0003A42FCD10D2201270296A2564B4697403D
:103BF000B9469346A0224E464D4FD205D651A02637
:103C0000F605B1464B4E5A46B24692018027914482
:103C100052449A461300029E7F041A683A42FCD12D
:103C200053460296444EC9023140A0263B4AF6054F
:103C30008218120DD20004929A18D20311433F4AFF
:103C4000B2460A4311006246059F029E9200574405
:103C500003923E60039EAA0886197E60BA60F960EE
:103C6000049F3549BA465F46E2445646FF020F407C
:103C7000F60310993E43324F37438E08B21A4E4630
:103C80000399103141183160414649197160B260A1
:103C900001229A401300F76001680B4303600C2275
:103CA000284B80219C46A256490492016244136825
:103CB0000B42FCD10D22234B80219C46A256490485
:103CC0009201624413680B42FCD100212A00404655
:103CD000EFF7C8FC2068A1684B005B18DB00C01838
:103CE000194BD83003608022D02392041B065A61FE
:103CF000FFF7F4FD002007B0F0BCBB46B246A94672
:103D0000A046F0BD43460293F9E64346002B00D09F
:103D1000CBE605204042EEE74C0800000000E0AF93
:103D20007F00FEFFD0100000206000004060000017
:103D3000440400000C000050FD7F00FF190040000B
:103D4000290040001000005003A00000029B002B3F
:103D5000C2D001273A00CC268A40B4460368544EAC
:103D6000934303606368B34699464B005B18DB00DE
:103D7000C218944462461268C31892464A460132F9
:103D80001203039256465A4616403200039E1643CB
:103D900032004E46F601324366463260454A3E00E6
:103DA00094468022634412061A601A60802200231F
:103DB00052040092019304F079F83A00A068216857
:103DC000031D9A409C4680239B01CB181A60020079
:103DD0000832964082001E60EB008A18013B136196
:103DE00043001B18DB00344ECB18D8331E60464608
:103DF00016611F26314A89461A60626832401A608D
:103E00000C23E3562E4A9F409846A023DB059F5083
:103E100043469B019B462B4BA02780225B44190005
:103E2000FF05029E5F4452040B681342FCD14246D8
:103E3000D2029046244A49469146B24642464E46F0
:103E4000224B3240CB181B0DDB001B18DB03134346
:103E50001F4AAD081A4353463B6063469B00CB188C
:103E60007B6001238340BD60FA600D68194A2B43D3
:103E70000B6080215A44490413680B42FCD1012293
:103E8000A368216818339A408A608B681A42FCD074
:103E90000122A16820688A400368934303600023DD
:103EA00018220093013304F057F82068A16813E743
:103EB0007F00FEFFD0100000206000004060000086
:103EC000440400000C000050FD7F00FF0000E0AF44
:103ED000190040001000005010B51720EDF754FBFA
:103EE000D024802324061B040022012163621720B2
:103EF000EDF7C4FA1820EDF747FB80235B046362FB
:103F00001920A361EDF740FB80239B04636263618A
:103F100010BDC04670B5D024802524062D04A561AF
:103F2000142004F0DDFA6561FA2004F0D9FA1820B3
:103F3000EDF72AFB80235B04A36270BD002300B56C
:103F400085B003930C4BD2021A4008230907114392
:103F50000A4A00930A4302AB52BA00210292042299
:103F6000FFF796FD002803D1039840BA05B000BDC5
:103F700005204042FAE7C04600F8FF0F0400004069
:103F800010B5134BD2021A400B071A43114B8AB0DB
:103F900013434C1E0493634263411B010833009397
:103FA0000422002104ABFFF773FD00280CD1631E2F
:103FB0009C410323082261429943053102AB8900E9
:103FC0009B1858580AB010BD05204042FAE7C04679
:103FD00000F8FF0F0400004010B5134BD2021A4046
:103FE0000B071A43114B8AB013434C1E04936342D0
:103FF00063411B01083300930422002104ABFFF747
:1040000047FD00280CD1631E9C4103230822614216
:104010009943053102AB89009B1858580AB010BD6E
:1040200005204042FAE7C04600F8FF0F02000040BA
:1040300010B5134BD2021A400B071A43114B8AB02A
:1040400013434C1E0493634263411B0108330093E6
:104050000422002104ABFFF71BFD00280CD1631ED6
:104060009C410323082261429943053102AB890038
:104070009B1858580AB010BD05204042FAE7C046C8
:1040800000F8FF0F01000040F0B55BBADE4657466E
:104090004E464546E0B5734CD20222400907114313
:1040A000714A85B00A430393704B02A9C458704B00
:1040B0008A4652BA9C46216818206144090D06318F
:1040C000C9B20292EDF7C0F9694B21689C46614480
:1040D000090D06311D20C9B2EDF7B6F90122002104
:1040E0001D20EDF7CBF9D023802201271B06920477
:1040F0009A613A00A16820688A4003686568934322
:1041000003604B005B18DB00C618CC3632689C4657
:1041100090466A1C1303574A9B46914642464B46BB
:104120001A4013005A46ED011A432A433260524A9C
:10413000634694468022C318634412061A601A60CC
:104140008022002352040092019303F0AFFE3A0054
:10415000A0682168031D9A40994680239B01CB18D3
:104160001A6002003D00083295401D603F23820026
:104170008A18136143001B18DB00404DCB18D8335D
:104180001D60002515613E4A1F351A606268802651
:104190002A401A600C23E3563A4A9F409C46A023CB
:1041A000DB059F5063469A01A023DB05D718364BE9
:1041B0007604D5182B683342FCD16546ED02AC4637
:1041C000324D2B4BA84665464646CB181B0DDB00EF
:1041D0001B183540DB032B432D4D2B4355463D60CB
:1041E0004D46AE0002258E197E60BD60FB60012346
:1041F00083400D682B430B60264B80219C4649046D
:10420000624413680B42FCD10122A3682168183371
:104210009A408A608B681342FCD00122A168206812
:104220008A400368934303600023182200930133FC
:1042300003F092FEA16823684A005218D2009B182E
:10424000154AD8331A60D02380221B0692045A6183
:10425000FFF744FB002005B0F0BCBB46B246A946C0
:10426000A046F0BD00F8FF0F040000C04C0800009D
:104270000000E0AF7F00FEFFD010000020600000D3
:1042800040600000440400000C000050FD7F00FF6F
:10429000190040001000005003A00000F0B5DE46F9
:1042A00057464E464546E0B585B002ACA246724C34
:1042B000D202224009070A43704901270A430292A9
:1042C000524653606E4BC4586E4B21689C46614405
:1042D000090D06311820C9B2EDF7B6F8694B21680F
:1042E0009C466144090D06311D20C9B2EDF7ACF8BA
:1042F000012200211D20EDF7C1F8D02380221B06EA
:1043000092049A613A00A16820688A40036865684F
:10431000934303604B005B18DB00C618CC36326851
:104320009C4690466A1C1303574A9B469146424658
:104330004B461A4013005A46ED011A432A43326095
:10434000524A634694468022C318634412061A6098
:104350001A608022002352040092019303F0A6FD0C
:104360003A00A0682168031D9A40994680239B016A
:10437000CB181A6002003D00083295401D603F23B3
:1043800082008A18136143001B18DB00404DCB18D4
:10439000D8331D60002515613E4A1F351A606268DA
:1043A00080262A401A600C23E3563B4A9F409C46D5
:1043B000A023DB059F5063469A01A023DB05D71895
:1043C000364B7604D5182B683342FCD16546ED0296
:1043D000AC46334D2B4BA84665464646CB181B0DC5
:1043E000DB001B183540DB032B432E4D2B4355467A
:1043F0003D604D46AE0002258E197E60BD60FB60BB
:10440000012383400D682B430B60274B80219C4682
:104410004904624413680B42FCD10122A36821685D
:1044200018339A408A608B681342FCD00122A1683D
:1044300020688A4003689343036000231822009396
:10444000013303F089FDA16823684A005218D200A5
:104450009B18164AD8331A60D02380221B06920478
:104460005A61FFF73BFA002005B0F0BCBB46B246EC
:10447000A946A046F0BDC04600F8FF0F040000C0EA
:104480004C0800000000E0AF7F00FEFFD0100000ED
:104490002060000040600000440400000C00005058
:1044A000FD7F00FF190040001000005003A0000035
:1044B000F0B5DE4657464E464546E0B585B002ACFF
:1044C000A246724CD202224009070A4370490127D2
:1044D0000A430292524653606E4BC4586E4B216899
:1044E0009C466144090D06311820C9B2ECF7ACFFB7
:1044F000694B21689C466144090D06311D20C9B2F3
:10450000ECF7A2FF012200211D20ECF7B7FFD0231A
:1045100080221B0692049A613A00A16820688A40B2
:1045200003686568934303604B005B18DB00C618A3
:10453000CC3632689C4690466A1C1303574A9B4609
:10454000914642464B461A4013005A46ED011A4323
:104550002A433260524A634694468022C318634419
:1045600012061A601A6080220023520400920193FE
:1045700003F09CFC3A00A0682168031D9A4099460C
:1045800080239B01CB181A6002003D000832954041
:104590001D603F2382008A18136143001B18DB0053
:1045A000404DCB18D8331D60002515613E4A1F359C
:1045B0001A60626880262A401A600C23E3563B4A40
:1045C0009F409C46A023DB059F5063469A01A02391
:1045D000DB05D718364B7604D5182B683342FCD14F
:1045E0006546ED02AC46334D2B4BA8466546464624
:1045F000CB181B0DDB001B183540DB032B432E4D66
:104600002B4355463D604D46AE0002258E197E6017
:10461000BD60FB60012383400D682B430B60274B7B
:1046200080219C464904624413680B42FCD101225C
:10463000A368216818339A408A608B681342FCD0C3
:104640000122A16820688A40036893430360002325
:1046500018220093013303F07FFCA16823684A000D
:104660005218D2009B18164AD8331A60D0238022E1
:104670001B0692045A61FFF731F9002005B0F0BC27
:10468000BB46B246A946A046F0BDC04600F8FF0FA3
:10469000020000C04C0800000000E0AF7F00FEFFF9
:1046A000D0100000206000004060000044040000C2
:1046B0000C000050FD7F00FF19004000100000506A
:1046C00003A00000F0B5DE4657464E464546E0B52D
:1046D00085B002ACA246724CD202224009070A43BE
:1046E000704901270A430292524653606E4BC458E8
:1046F0006E4B21689C466144090D06311820C9B2F1
:10470000ECF7A2FE694B21689C466144090D063115
:104710001D20C9B2ECF798FE012200211D20ECF704
:10472000ADFED02380221B0692049A613A00A16854
:1047300020688A4003686568934303604B005B18F8
:10474000DB00C618CC3632689C4690466A1C1303C0
:10475000574A9B46914642464B461A4013005A46DA
:10476000ED011A432A433260524A6346944680223E
:10477000C318634412061A601A6080220023520490
:104780000092019303F092FB3A00A0682168031D98
:104790009A40994680239B01CB181A6002003D0085
:1047A000083295401D603F2382008A181361430040
:1047B0001B18DB00404DCB18D8331D600025156158
:1047C0003E4A1F351A60626880262A401A600C2310
:1047D000E3563B4A9F409C46A023DB059F5063461F
:1047E0009A01A023DB05D718364B7604D5182B6821
:1047F0003342FCD16546ED02AC46334D2B4BA84607
:1048000065464646CB181B0DDB001B183540DB0305
:104810002B432E4D2B4355463D604D46AE000225A1
:104820008E197E60BD60FB60012383400D682B43C1
:104830000B60274B80219C464904624413680B425D
:10484000FCD10122A368216818339A408A608B68E2
:104850001342FCD00122A16820688A400368934378
:104860000360002318220093013303F075FBA16855
:1048700023684A005218D2009B18164AD8331A608F
:10488000D02380221B0692045A61FFF727F80020EC
:1048900005B0F0BCBB46B246A946A046F0BDC04636
:1048A00000F8FF0F010000C04C0800000000E0AF5E
:1048B0007F00FEFFD010000020600000406000007C
:1048C000440400000C000050FD7F00FF1900400070
:1048D0001000005003A00000F0B5DE1C1D000323F3
:1048E000040083B09E43012924D024230420164FC2
:1048F000D2023A4009072A430A4380210430C905FD
:1049000080000A43201804364260002100960422E9
:104910002000E318FFF7BCF8061E0FD12100089B0A
:104920002831994203D02A001800EEF7A1FE30008A
:1049300003B0F0BD002010361133D8E7052103483D
:104940004942F0F743FDF2E700F8FF0FF8AC011021
:10495000F0B557464E464546DE46E0B50F0003210A
:104960008BB002921A0003338B4306009846022F45
:1049700022D0029B27493F07DB020B4017431F430E
:10498000C023300044461B0614993B4328300434AE
:104990007362884201D0EEF76BFE310000232200E3
:1049A000300024310093FFF773F80BB0F0BCBB4626
:1049B000B246A946A046F0BD174B184C9A460823AC
:1049C000994618339B46434604AD9046039305E051
:1049D0005A466B681A4218D1013C10D353462B60DB
:1049E0004B460422009300212B003000FFF750F8C3
:1049F0000028EDD0039B42469846002CB9D10848C8
:104A0000F0F760FC06204042CFE7039B4246984601
:104A1000F3E7C04600F8FF0F04400040E703000042
:104A20002CAF0110836870B5CC0B0500E403A342E2
:104A30000DD0802263405204934219D2FF22120407
:104A400013420CD1FF221202134201D1AC6070BD9F
:104A5000012128000A4A230AFFF734FEF6E7230C57
:104A600001212800074AFFF72DFEAB686340E9E704
:104A7000230E0121044AFFF725FEAB686340DDE702
:104A80000A0001000B0001000C000100F0B5C64651
:104A9000033083089C4600B58E1E002B1BD0013BC3
:104AA000072B57D933000B435B0753D1C008C40011
:104AB00032000B00A0460F1930CB30C2BB42FBD1F5
:104AC0004000844507D04346CA5ACB185B881B0474
:104AD00013434246B35073885BBA73808B1C1A68C9
:104AE00013BA73608B1D186803BAB3600B000A33E6
:104AF0001B681BBAF3608A23DB059A4203D030009F
:104B000080BCB846F0BD80231B059842F7D10B004E
:104B10000A000D00B232AE3310681B882E352A69A8
:104B20001C18944222D83A31C9180818814246D23A
:104B30000027002404E0DD2A1CD0C91888422CD9A3
:104B40004B780233CA189042F7D30A78302AF2D150
:104B50000C00F2E7634632009800301893885488BE
:104B60001B04234308C28242F8D1B4E701235B420D
:104B7000B360C4E78A1C90468A78002ADDD1424699
:104B80005278502AD9D142469278F22AD5D142465B
:104B9000D278012AD1D10F00CFE7631E9C41A40037
:104BA000002F01D002221443AA8BD20601D5012284
:104BB00014438422B15CB1520432B4549FE7002400
:104BC000F2E7C046F0B5C6460E0005000B0000B582
:104BD00001211A4AFFF776FD330001212800174A08
:104BE000FFF770FD002E25D00323032798464024AD
:104BF0000BE0012003F074FC013C3300012128008C
:104C00000E4AFFF75FFD002C0FD0012128000B4A50
:104C1000FFF70EFA0028ECDB3A0002404245E8D1EB
:104C2000FF28E6D080BCB846F0BD31000448F0F75C
:104C3000CDFBF7E7002301279846D8E71F000100C6
:104C400014AD0110F0B5D6464F464646C0B5C37CFC
:104C500005000F00924682B0002B05D1006802F0DB
:104C60005BFD012800D097E0280002F05BFDAB7CE3
:104C7000002B05D101212800FFF7A4FF0123AB740D
:104C8000EB7C002B00D16EE0FA24A40003E0013C91
:104C9000002C00D180E0082200212800FFF770F9E5
:104CA000431CF4D0C30500D4BFE0C02203035B0D56
:104CB000591ED200914200D3B1E0800700D5AEE08A
:104CC0002C0028340022022128000094FFF704FE63
:104CD00000283BD1298D6A8D0B00134300D1A4E03D
:104CE0000123EB74604B9C460B005340634500D09E
:104CF000A1E0D24392B2914200D099E00B2900D8B2
:104D0000A0E0237AAB730F2362791340022B23D8E0
:104D1000627A944666466A7BB21AD2B2142A3ED9A7
:104D20000C291DD0012B3CD0022B60D01B2900D8B0
:104D300094E0E3792D8AE3185A89954200D08AE0FD
:104D4000524610331C1B0C1B3C60136002B0E0BCCD
:104D5000BA46B146A846F0BD0B2040420C29F5D119
:104D600004204042F2E7042200212800FFF734F932
:104D700083B298463D4B040099461B88434502D0B8
:104D8000862303422DD14346002B42D14B46424657
:104D90001A80A40600D577E701204042D6E76E735B
:104DA000BEE710295DD9E379E318DA78920004327E
:104DB0009B181A7B1C1B091B882A46D15A7B6C2A1C
:104DC00043D1DA7C002A3AD11A7D102A37D15A7D94
:104DD000182A34D15246183918333960012013602B
:104DE000B4E70104090C2248F0F7F0FACBE71029E8
:104DF0002ED9E2790220A218D3789B000433D3186D
:104E000092781C1BD2070C1B144352463C60136063
:104E10009CE7042200212800FFF74AFBB6E70123A4
:104E200001212800134AFFF74DFC0023EB74B3E780
:104E3000022040428AE71048F0F7C8FAACE70A209F
:104E4000404283E70320404280E7092040427DE75B
:104E5000072040427AE70620404277E7052040429B
:104E600074E70820404271E7FFFF0000E680002061
:104E700038AD01100D00010064AD0110F0B5DE4643
:104E8000574645464E460400E0B585B09A468846EA
:104E9000934602F047FCA37C002B05D101212000A2
:104EA000FFF790FE0123A374A37B002B24D02F4F88
:104EB0002F4EBB6A99460EE0A17B002903D1237BCC
:104EC000627B9A421CD14B46ED1AB54245D8FA2076
:104ED000800003F0D7FA200003AA02A9BD6AFFF7F9
:104EE000B1FE0128E8D103990298FFF7CFFD010038
:104EF000200002F01DFCDFE7237B627B9A42D6D0C4
:104F00005A4651460C3292B20A80D2430B714A8003
:104F1000524641465171002251468A7141468E1EC9
:104F2000711E8E41012176428E43514601330E3669
:104F30000A814A81CE7123735B4603320F33934358
:104F40000091002202212000FFF702FD05B0F0BC15
:104F5000BB46B246A946A046F0BD637B227B05480E
:104F6000F0F734FA02204042F0E7C0460040054026
:104F700040420F0090AD0110F0B557464E464546F1
:104F8000DE46E0B5294E9246B76A9846284AB36A8B
:104F90000500894683B0DB1B93422ED8254B9B46E8
:104FA00010E0022820D0002803DB01005846F0F76B
:104FB0000DFAFA20800003F065FAB36A1C4ADB1B85
:104FC00093421AD86946280001AAFFF73BFE041E47
:104FD00023D00128E5D101990098FFF757FD010082
:104FE000280002F0A5FBE4E70099019B4A0028682D
:104FF0005208C90F02F042FADBE7434652464946DF
:1050000002240D48F0F7E2F96442200003B0F0BC3E
:10501000BB46B246A946A046F0BD009A424500D91B
:10502000424601990C9803F095FCEEE700400540DC
:105030003F420F00B4AD0110E0AD0110F0B5CE4617
:10504000474680B5060083B0040008001700894673
:1050500003F0A6FF431C9846443605001A00494653
:105060003000EEF705FB4346F2183B0A1770537009
:105070003B0C3F0E9370D7702A00802321326F1DA6
:105080001B019A4220D80822238AFF3201339BB2A7
:1050900090466263063AFF3A23821B041343E3639C
:1050A00000232A002364230000212000A763153277
:1050B0002833FFF7E3FE002806D13B0042460221D9
:1050C00020000096FFF758FF03B0C0BCB946B046B9
:1050D000F0BDC046F0B5CE46474680B5060083B069
:1050E0000400080099468846170003F059FF44362B
:1050F000451C3A004946701903F02CFC2A00414631
:105100003000ED19EEF7B4FA2A0080231C321B019F
:105110009A4220D8218A0A9B013189B21B0321823D
:105120000904194302231943002308272364230099
:10513000FF37E163200000216763A56328330C3A41
:10514000FFF79CFE002806D12B003A000221200028
:105150000096FFF711FF03B0C0BCB946B046F0BDE2
:10516000F0B5D6464F464646C0B50400060082B0AC
:1051700008001F009246894603F012FF431C984620
:10518000443605001A0049463000EEF771FA4346EE
:105190005246F3181A7000225A709A70DA706B1D1A
:1051A000F318390A5970390C1F7099703F0E290095
:1051B000DF702F008023253109371B0199421FD84A
:1051C0000821238AFF3101339BB288466163063987
:1051D000FF3923821B040B43E363226423002A006C
:1051E00000212000A76319322833FFF747FE00286B
:1051F00006D13B004246022120000096FFF7BCFE8C
:1052000002B0E0BCBA46B146A846F0BD836870B5AE
:10521000CE0B04000D00F6039E420DD08022734099
:105220005204934239D2FF22120413422CD1FF229E
:105230001202134221D1A66080226D046D0C12026D
:105240002A4301212000FEF7F3FEC025A3680600D3
:105250006D05AB420FD080226B405204934238D28E
:10526000FF221204134228D1FF22120213421CD142
:10527000C0235B05A360300070BD01212000194AE6
:10528000330AFFF71FFAD6E7330C01212000164A34
:10529000FFF718FAA3687340C9E7330E0121134AD8
:1052A000FFF710FAA3687340BDE7C0230121200077
:1052B0000C4A5B03FFF706FADAE7C0230A4A5B01F0
:1052C00001212000FFF7FEF9C023A2685B055340CF
:1052D000CAE7182301212000044AFFF7F3F9A36865
:1052E0006B40BDE70A0001000B0001000C0001004B
:1052F000F0B5C646CE0B0D008168040090461F0035
:1053000000B5F6038E420DD0802371405B049942B4
:1053100066D2FF231B04194259D1FF231B021942F5
:1053200025D1A660802243466D046D0C12022A43EB
:10533000012B23D03B0001212000FEF7AFFFC02549
:10534000A3686D05AB420FD080226B40520493429C
:105350001AD2FF221204134222D1FF221202134258
:105360002DD1C0235B05A36080BCB846F0BD0121F0
:1053700020001F4A330AFFF7A5F9D2E73B000121BD
:105380002000FFF79FF9DAE718231A4A01212000CD
:10539000FFF798F9FF22A36812046B401342DCD098
:1053A000C023154A5B0101212000FFF78BF9C023C0
:1053B000A2685B055340FF2212021342D1D0C023E2
:1053C000012120000A4A5B03FFF77CF9C9E70121AC
:1053D0002000094A330CFFF775F9A16871409CE77A
:1053E0000121044A330EFFF76DF9A168714090E77F
:1053F0000A0001000C0001000B000100F8B5CE46C8
:10540000474604000D0080B5012900D1E4E1D74BE7
:10541000C82798463F02C02641462000FFF702FBFE
:105420003A0001212000FEF703FEA3687605B3428F
:1054300012D0802273405204934200D3E7E0FF224F
:105440001204134200D0EFE0FF221202134200D0F8
:10545000FAE0C0235B05A36041462000FFF7E2FAB3
:105460003A0001212000FEF7E3FDC022A3685205A7
:1054700006009146934212D0534080225204934238
:1054800000D39EE1FF221204134200D08DE1FF22DF
:105490001202134200D080E1C0235B05A360F6072F
:1054A00000D4A1E1012D00D19BE1B14DB14E3100FD
:1054B0002000FFF7B7FA03232A0001212000FFF79D
:1054C00001F9C022A36852059146934212D053407D
:1054D00080225204934200D354E1FF22120413426B
:1054E00000D037E1FF221202134200D02AE1C0238C
:1054F0005B05A36031002000FFF794FA2A00012128
:105500002000FEF795FDC022A36852059146934204
:1055100012D0534080225204934200D307E1FF226D
:105520001204134200D0F6E0FF221202134200D010
:10553000E9E0C0235B05A36041462000FFF772FA53
:105540003A00C027002301212000FFF7BBF8A36821
:105550007F05BB4212D080227B405204934200D38D
:10556000C8E0FF221204134200D0B7E0FF2212026B
:10557000134200D0AAE0C0235B05A360C02701202E
:1055800002F0AEFF31002000FFF74CFA01232A00A1
:1055900001212000FFF796F8A3687F05BB4211D0D8
:1055A00080227B405204934200D386E0FF22120403
:1055B000134200D075E0FF221202134269D1C023CA
:1055C0005B05A36031002000FFF72CFA2A00C025FC
:1055D00001212000FEF72CFDA3686D05AB420FD022
:1055E00080226B40520493424AD2FF22120413429B
:1055F0003AD1FF22120213422ED1C0235B05A360D1
:10560000012002F06DFFC0BCB946B046F8BD1823BA
:10561000594A01212000FFF755F8FF22A368120420
:105620007340134200D10FE7C023544A5B010121AC
:105630002000FFF747F8C023A2685B055340FF2214
:105640001202134200D104E7C023012120004C4A7A
:105650005B03FFF737F8FCE6C02301212000484A2E
:105660005B03FFF72FF8C8E7C023444A5B01012121
:105670002000FFF727F8C023A2685B055340B8E776
:105680001823012120003C4AFFF71CF8A3686B4057
:10569000ABE7C02301212000394A5B03FFF712F872
:1056A0008DE7C023354A5B0101212000FFF70AF88E
:1056B000C023A2685B0553407DE718230121200029
:1056C0002D4AFEF7FFFFA3687B406FE7C02301214F
:1056D00020002B4A5B03FEF7F5FF4CE7C023274A67
:1056E0005B0101212000FEF7EDFFC023A2685B05EE
:1056F00053403BE71823012120001F4AFEF7E2FF39
:10570000A3687B402DE7C023012120001C4A5B03D6
:10571000FEF7D8FF0DE7C023184A5B0101212000E6
:10572000FEF7D0FFC023A2685B055340FCE61823B8
:10573000114A01212000FEF7C5FF4A46A3685A40DE
:105740001300ECE6C023012120000D4A5B03FEF7A5
:10575000B9FFCCE6C023094A5B0101212000FEF716
:10576000B1FFC023A2685B055340BBE60048101898
:1057700008C40000084410180C0001000B000100D0
:105780000A00010018231A4A01212000FEF79AFF9F
:105790004A46A3685A4013009FE6C0230121200017
:1057A000144A5B03FEF78EFF76E6C023124A5B01C4
:1057B00001212000FEF786FFC023A2685B0553404D
:1057C00065E618230A4A01212000FEF77BFF4A46BE
:1057D000A3685A40130055E6B827084B3F02984685
:1057E00019E6074D074E62E60748EFF76BFD59E6ED
:1057F0000C0001000A0001000B0001000038101825
:1058000008B400000834101808AE011080220023EC
:1058100052008281034A0160836083730361835075
:105820007047C0464C08000010B5FEF767F810BD81
:1058300070B514006A46260005001800137C80220B
:105840001236120196421FD836222026AE542A0064
:10585000002636325670D6702E0091703A36002BE4
:105860000CD101002200300003F074F82B0002215B
:1058700028002833A21DFFF701FB70BD0023310073
:10588000A2B2F4F757F9F1E705204042F5E7C04628
:1058900010B5040082B06946200001AAFFF7D2F9D2
:1058A000431C14D0031DF6D0012812D00228F2D1D7
:1058B0000099019B4A0020685208C90F01F0DEFDE3
:1058C0006946200001AAFFF7BDF9431CEAD102B0E6
:1058D00010BD01990098FFF7D9F80100200001F0F0
:1058E00027FFD8E7F0B50227C64698464B001F4071
:1058F000802300B516001C32040082B04D081B0145
:105900009A422BD83304008A1B0CA363089B0130F6
:1059100080B21B0320823B4300040343E363200067
:1059200000233200414623646563443003F012F8DB
:10593000230032000021200028331032FFF79EFAA6
:10594000002807D143462A00009339003300200085
:10595000FFF712FB02B080BCB846F0BD0520404204
:10596000F8E7C04610B50400002909D0837C002B5D
:1059700000D110BD002300218374FFF723F9F8E75D
:1059800001F0D0FEA37C002BF3D101212000FFF712
:1059900019F90123A374ECE7F0B506000D004436B5
:1059A000082204006F49300083B0EDF761FE2A043D
:1059B000E8B2120E2B0C00D1CAE06B492D0E2D025D
:1059C0000B402B434C216054013162544E25002181
:1059D000615323655423E0540133E2541422082711
:1059E00025000133E152238AA26301339BB2123AAC
:1059F00023821B041343FF372835E36320002B0069
:105A0000676321642232FFF739FA002806D1142394
:105A10003A00022120000096FFF7AEFA322002F091
:105A20005FFD40210022238A616301339BB23C3930
:105A30002382A1631B0402390B436264E363226483
:105A40002B00002120001432FFF718FA002806D19D
:105A500004234022022120000096FFF78DFA002245
:105A600020004249FFF7EAFA012220004049FFF7EF
:105A7000E5FA082220003F49FFF7E0FA042220005F
:105A80003D49FFF7DBFA002220003C49FFF7D6FA38
:105A90003B4B60689B6A3B4A191A91425BD92000D4
:105AA0001322FF215A30EDF7DDFD5C23E722E2549B
:105AB00003330732E25401332F3AE2540233403ABF
:105AC000E25431496D3A3000EDF7D2FD2922238AA4
:105AD000A26301339BB2273A23821B041343082796
:105AE000E3630023FF37236400212B00200067635A
:105AF0003732FFF7C3F9002806D129233A000221E3
:105B000020000096FFF738FA322002F0E9FC02216B
:105B10000022238A616301339BB223821B040B435F
:105B2000A263E36322642B00002120001032FFF700
:105B3000A5F9002806D100900023022202212000AE
:105B4000FFF71AFA322002F0CBFC002003B0F0BDC0
:105B500001235B4236E7C01A0C4B9C46604402F0BE
:105B6000E1FC9CE78C2C0510FF00FFFF24AE011028
:105B700030AE011038AE011048AE011054AE011025
:105B800000400540EF49020064AE0110F0490200F8
:105B9000F0B5C6460700040000B54437142282B0B1
:105BA0000E0038001749EDF763FD238A8322013385
:105BB0009BB223821B04E36300232364230052006F
:105BC00062639046F23AA26300212000283310322B
:105BD000FFF754F9051E0DD1142342460021200081
:105BE0000097FFF7C9F9051E09D1062239003000D8
:105BF000EDF73EFD280002B080BCB846F0BD02259E
:105C00006D42F7E7982C0510F0B55746DE464E4634
:105C10004546E0B5B14B89B09B6A040043600F0074
:105C2000FDF7A2FE002812D1FEF756F90A25FEF76D
:105C300071F9AB4E142200212000FEF77FF9B0422B
:105C400012D00120013D02F04BFC002DF2D1A548FD
:105C5000EFF738FB06256D42280009B0F0BCBB46C3
:105C6000B246A946A046F0BD0022002120009E4B6E
:105C7000FEF70AFA0028EAD1002200212000FEF7F0
:105C80007FF910231D2200212000FEF71BFD0028B4
:105C9000DDD19923042200212000FEF713FD002806
:105CA000D5D1BE23062200212000FEF701FC0028EA
:105CB000CDD10823012120008C4AFEF703FD0A25DF
:105CC000402601212000894AFEF7B2F9064209D197
:105CD0000120013D02F004FC002DF2D18448EFF7D1
:105CE000F1FAB7E70023814A01212000FEF7EAFC20
:105CF00020008049FEF796FEB822C0250121200031
:105D00001202FEF795F9A3686D05AB4212D080220E
:105D10006B405204934200D3E4E2FF221204134288
:105D200000D0D3E2FF221202134200D0C6E2C02309
:105D30005B05A36020006F49FEF774FEB8220121C5
:105D400020001202FEF774F9C026A368050076054C
:105D5000B34212D0802273405204934200D3A4E293
:105D6000FF221204134200D093E2FF2212021342D8
:105D700000D086E2C0235B05A360ED0700D497E363
:105D800020005D49FEF74EFEC822C02501212000FB
:105D90001202FEF74DF9A3686D05AB4212D08022C6
:105DA0006B405204934200D3EFE2FF2212041342ED
:105DB00000D0DEE2FF221202134200D0D1E2C02363
:105DC0005B05A36020004C49FEF72CFEC822012190
:105DD00020001202FEF72CF9C026A3680500760504
:105DE000B34212D0802273405204934200D3AFE2F8
:105DF000FF221204134200D0D8E2FF221202134203
:105E000000D0CBE2C0235B05A360ED0700D453E3D1
:105E100002212000FFF7F2FA032304222000374971
:105E2000FFF766FA0023042220003549FFF760FAE5
:105E3000344B354A9A46354B53449A5A9146FA2286
:105E40005200914500DBC7E0314A9B5C002B00D03B
:105E5000C2E04B46502B00DCBEE03A002D4B2E4EEC
:105E60004F46A04650251C009146564403E001359C
:105E7000AF4200DCB0E009222100701B02F02EFED0
:105E80000028F4D140235B4253449B4680231B02ED
:105E90004F469946214B444600269846350020003F
:105EA0002900FEF7BFFD4B466A04520C1A435B46BD
:105EB00040369B190093012140232000FEF748FD46
:105EC000002800D0D3E14645E8D1154BBB469946A2
:105ED0000023270003901C0043E0C046004005401B
:105EE000ADBEEDFE78AE0110B30402000E0001005D
:105EF000CCAE0110003810180048101810400018DF
:105F000044400018C4B901100E0300009E6803004D
:105F10000D03000098AE0110AB6B0300C06B0300D3
:105F20009C290510FF22120413423FD1FF221202C6
:105F3000134249D1F023DB02BB604B46802276043A
:105F40001B19403B760C1202009301212B003800F4
:105F50003243FEF7FDFC002842D1C0239B009C4247
:105F60003ED0BA252600AD0040341723A542AD41EE
:105F70009D43E14BF0229C46BB68D20290464035DF
:105F800066449342D9D05340802252049342C9D3ED
:105F90000023DA4A01213800FEF794FB4246BB6831
:105FA0005A401300FF2212041342BFD00723D44AE1
:105FB00001213800FEF786FBF023BA68DB0253406C
:105FC000FF2212021342B5D0F02301213800CD4A3E
:105FD000DB00FEF777FBADE7CB48EFF773F939E667
:105FE0003C00CA4B04222000C949039DFFF780F9F9
:105FF00001212000FFF702FA2000C649FFF706F949
:1060000003235F460340012B00D032E12000C24948
:10601000FFF7FCF8C00700D52FE1FA268023B60071
:10602000984606E00120013E02F05AFA002E00D107
:1060300034E201212000B94AFDF7FAFF434603424A
:10604000F0D0F02304222000B549FFF751F92023B6
:1060500001212000B34AFEF735FBFA262023B600C3
:10606000984606E00120013E02F03AFA002E00D1E7
:1060700019E2082200212000FDF782FF4346034277
:10608000F0D00121A84A2000FDF7D2FF0222C3B2BE
:1060900013430121A44A2000FEF714FB0823F02239
:1060A00000212000FEF70EFB022301219B4A200065
:1060B000FEF708FB012120009C4AFDF7B9FFC3074A
:1060C00000D483E10F230121994A2000FEF7FAFA58
:1060D00000230121964A2000FEF7F4FA0121944A98
:1060E0002000FDF7A5FF042200212000FDF774FF2A
:1060F000C30700D573E1C026A3687605B34212D06A
:10610000802273405204934200D3BEE1FF22120466
:10611000134200D0ADE1FF221202134200D0A0E1F1
:10612000C0235B05A360C02601212000814AFDF742
:1061300027FFA3687605B34212D080227340520431
:10614000934200D37CE1FF221204134200D06BE1A2
:10615000FF221202134200D07BE1C0235B05A36043
:10616000200001F0DFFAA37C002B05D101212000E3
:10617000FEF728FD0123A3746F4B26001900443657
:1061800008222C3130009846EDF772FA6B4BF6225C
:10619000DB21E36420000023920089025144226540
:1061A000636558309946EDF763FA0822FF3292464C
:1061B0006263FC2292009346A2630222238A00219A
:1061C00001339BB223821B041343E3634B462364D6
:1061D000283399468022A1444B462000D200FEF786
:1061E0004DFE002806D15B46524602212000009653
:1061F000FEF7C2FE4146132238313000EDF738FA7F
:10620000238A832201339BB223821B04E36300238E
:10621000520092466263F33AA263236400214B4624
:1062200020001032FEF72AFE002806D11323524622
:10623000002120000096FEF79FFE636C002B00D02B
:10624000C0E0002220003E49FEF7F8FE01222000B7
:106250003C49FEF7F3FE002F00D1C7E000230622E1
:10626000009320003B003849FEF734FFF4E40500BA
:10627000F2E43648EFF726F8C8E63448EFF722F89C
:10628000CBE6C023012120001E4A5B03FEF71AFA69
:1062900070E5C0231A4A5B0101212000FEF712FAC3
:1062A000C023A2685B0553405FE51823012120004D
:1062B000124AFEF707FAA368734051E5C023012193
:1062C0002000104A5B03FEF7FDF930E5C0230C4ABD
:1062D0005B0101212000FEF7F5F9C023A2685B05F0
:1062E00053401FE5182301212000044AFEF7EAF974
:1062F000A3686B4011E5C04614FD07000C000100C7
:106300000B0001000A000100A4AE0110BA0045FF15
:10631000FCFF070008341018003810180E000100A8
:1063200024200018080001001E0001001F000100C9
:106330000F00010008850000842C051006100200E3
:1063400024AE011030AE011054AF0110F8AE0110B0
:106350001823012120005A4AFEF7B4F9A3687340BC
:1063600046E5C02301212000564A5B03FEF7AAF947
:1063700025E5C023544A5B0101212000FEF7A2F964
:10638000C023A2685B05534014E5182301212000B7
:106390004B4AFEF797F9A3686B4006E5C02301213D
:1063A0002000484A5B03FEF78DF92BE5C023464ADF
:1063B0005B0101212000FEF785F9C023A2685B057F
:1063C00053401AE54148EEF77DFF3AE70123C0B29A
:1063D0000343012120003E4AFEF774F972E683B2BE
:1063E000042200212000FEF763F884E6424643467B
:1063F000D26C4C3306929B8806AE04AF3900200065
:10640000B380FFF7C5FB002809D1049A069B9A4286
:1064100000D021E4BA88B3889A4200D01CE4390045
:10642000002001F0FDFF19E7C023274A5B0101218D
:106430002000FEF747F9C023A2685B05534087E6BA
:106440001823012120001E4AFEF73CF9A36873407F
:1064500079E6C023012120001A4A5B03FEF732F9D6
:106460007BE6C02301212000164A5B03FEF72AF9D0
:1064700056E6C023144A5B0101212000FEF722F9F1
:10648000C023A2685B05534045E618230121200084
:106490000B4AFEF717F9A368734037E60D48EEF78D
:1064A00011FFFFF7D7FB0C48EEF70CFFFFF7D2FB0D
:1064B0000A48EEF707FF63E40848EEF703FFA7E496
:1064C0000C0001000A0001000B0001003CAF0110AC
:1064D0001F0001000CAF011024AF011008AE011025
:1064E0004423F0B5DE46574645464E469A46E0B54B
:1064F0006D4B8244070087B08846150019000B22B7
:1065000050469B46EDF7B4F84F239C46BC44634687
:106510004022002118000393EDF7A4F83B8A83245E
:1065200001339BB23B821B04FB6300233B64283393
:106530009C464B22BC4463466400BA630021380089
:106540007C6310320493FEF799FC8146002864D1E5
:1065500053462200009300214B233800FEF70CFD28
:106560008146031E00D09AE045224433BA5CFB5CAE
:1065700012021A434623FB5C1B0413434722BC5CF4
:1065800024061C433B004833002C5AD0002D61D117
:1065900052461E00BA46059202930622414630003A
:1065A00002F0B4F9002803D1671EBD423DD33C0080
:1065B00001350636AC42F0D8059B574626009A4670
:1065C0004022514603987E6402F0C4F90B225946DA
:1065D0005046EDF74DF84B223B8ABA6301339BB22C
:1065E000493A3B821B0413430824FB630023FF3416
:1065F0003B6400213800049B7C635932FEF73EFC6B
:10660000002807D153462200009302214B23380073
:10661000FEF7B2FC322001F063FF484607B0F0BC41
:10662000BB46B246A946A046F0BD029B61009C460F
:10663000091949000639062230006144EDF718F8BF
:10664000B5E70126002D24D0062241461800EDF7BB
:106650000FF8B5E71D00029343460026B846270011
:106660001C0003E001360635BE4207D00622210099
:10667000280002F04BF90028CFD0F3E74746029BF1
:10668000A0460A2E07D07200921952009B180136BC
:10669000DAE7002694E704235B429946BDE702232C
:1066A0005B429946B9E7C04664AF011070B504007B
:1066B0000D001E0082B0C82A00D878E0C8229000E1
:1066C00082183D4920005200FEF7B8FC320020003D
:1066D0003A49FEF7B3FC20003949069AFEF7AEFCB2
:1066E00020003849079AFEF7A9FC5622238A6263E4
:1066F00001339BB2523A2382A2631B04023A134332
:1067000065642500E3630023260028352364002107
:106710002B00200012324436FEF7B0FB002806D1D1
:1067200004235622022120000096FEF725FC0123B7
:106730006E226364238A626301339BB26A3A2382C6
:10674000A2631B04023A1343E36300230021236482
:1067500020002B001232FEF791FB002806D1042303
:106760006E22022120000096FEF706FC8E210022F8
:10677000238A616301339BB28A392382A1631B049C
:1067800002390B436264E36322642B000021200082
:106790001432FEF773FB002806D104238E22022157
:1067A00020000096FEF7E8FB002002B070BD002A32
:1067B00000D084E7013282E770AF011080AF011092
:1067C0008CAF011098AF0110F0B557464E464546C4
:1067D000DE46E0B5A9B0339F89469246DD490822DE
:1067E00004009846FEF72AFC002F00D1ADE10223F9
:1067F0003A009A43D84B9A4213D0D84B9F4200D1CB
:106800002BE2D74B9F4200D12DE2D64B9F4200D0C6
:1068100034E204230593002304938023DB020393D3
:1068200004E0002305938033049303934346402BF5
:1068300000D923E244230022862125002600E754C4
:106840000133E2540133E2540133E254238A616399
:1068500001339BB282392382A1631B0402390B43AB
:106860002835E36322642B000021200014324436D3
:10687000FEF704FB002806D1042386220221200013
:106880000096FEF779FB3B0020005A1E9341B64963
:106890000022FEF765FC1722B4493000ECF7E8FE51
:1068A00000225B235F21E2540133E2540133E254BE
:1068B0000133E254A1336354013163540131635411
:1068C000013163540821238AFF3101339BB28B4687
:1068D0006163E8392382A1631B041D390B43E36321
:1068E00022642B00002120002F32FEF7C7FA002877
:1068F00006D11F235A46022120000096FEF73CFBDA
:10690000002220009A499B4BFEF72AFC002F35D02D
:10691000934B9F4232D007AB9B4642461A800123DD
:106920005A463299538008A84246ECF7A1FE02204D
:1069300001F0D6FD4422238AA26301339BB2238255
:10694000423A1B0413438627E36300237F00594622
:106950002364423230006763ECF78AFE2B00542236
:1069600000212000FEF78AFA002807D15B463A0092
:106970000093022144232000FEF7FEFA8023039AAD
:10698000DB029A4200D126E1012314226364238AA8
:10699000626301339BB2103A2382A2631B04023A62
:1069A0001343E36300230021236420002B001232F1
:1069B000FEF764FA002806D10423142202212000E5
:1069C0000096FEF7D9FA00224423E2540022162151
:1069D0000133E2540133E2540133E254238A616308
:1069E00001339BB212392382A1631B0402390B438A
:1069F000E36322642B00002120001432FEF73EFAEC
:106A0000002806D104231622022120000096FEF75A
:106A1000B3FA039A802A00D195E0574B9C46624412
:106A200053425A4120005549FEF708FB4423049A7B
:106A30000599E25400220133E2540133E154A521C7
:106A40000133E254238A616301339BB2A13923826B
:106A5000A1631B0402390B43E36322642B00002172
:106A600020001432FEF70AFA002806D10423A522DA
:106A7000022120000096FEF77FFA4A46404B51461D
:106A8000E250404BE018ECF7F3FD349B002B00D1B3
:106A90007CE04222002108A8ECF7E4FD4B464A4680
:106AA00051460C2708A80793ECF7E2FD24230022A7
:106AB00004A9C919CA5415A8253B34990632119363
:106AC000129313931493ECF7D3FD359B013309D044
:106AD000012317938023359A5B011343442204A9B1
:106AE000C9198B522000462207A94930ECF7C0FD96
:106AF000052225493000ECF7BBFD4B22238AA26317
:106B000001339BB2493A23821B0413430827E363F2
:106B10000023FF37236400212B00200067635932D4
:106B2000FEF7ACF9002806D14B233A0002212000E1
:106B30000096FEF721FA002029B0F0BCBB46B24611
:106B4000A946A046F0BD01226CE7002303930593FC
:106B500004936FE638AE01100400400002002000EC
:106B60000400000104004001A8AF0110B8AF0110FB
:106B7000D0AF0110881300000000FCFFF4AF01103B
:106B8000280800002C080000F8AF01101A223D4B25
:106B90006263E718238A0A3201339BB22382A2631D
:106BA0001B04223A1343E363349B390023642232EB
:106BB0003000ECF75DFD2B00342200212000FEF7B1
:106BC0005DF90028B7D124231A2202212000009762
:106BD000FEF7D2F9AFE704A884460E23634480226F
:106BE00000211800ECF73EFD434607AF04A8844699
:106BF0003B800E236344424618003299ECF738FD7F
:106C0000022001F06DFC002382229B4620001E49D9
:106C100000933B00FEF75EFA012314226364238A8B
:106C2000626301339BB2103A2382A2631B04023ACF
:106C30001343E3635B460021236420002B001232E0
:106C4000FEF71CF9002806D104231422022120009B
:106C50000096FEF791F90322B6E60023059304336C
:106C600004930393E2E54346802B07D8042305935E
:106C7000002304938023DB020393DBE505204042DD
:106C80005AE7C04628080000E4AF0110042210B5FE
:106C9000038A82B001339BB24264038282631B0485
:106CA000023A1343C3630023A52103640300416335
:106CB0002833002112320400FEF7E0F8002808D142
:106CC000230044330093A522042302212000FEF771
:106CD00053F902B010BDC0461A2230B5134B83B031
:106CE000C518038A426301339BB20A32038282636E
:106CF0001B04223A1343C3630023040003642900E6
:106D000022324430ECF7B4FC23003422002120006E
:106D10002833FEF7B3F8002806D124231A220221D3
:106D200020000095FEF728F903B030BD28080000C8
:106D3000F0B5D6464F4646460500C0B5443504007A
:106D400082B00F009046B349042228001E00ECF7E1
:106D50008FFC0123A3640633FF3399466363FE3B34
:106D6000A3630023236428339A46208AA244013077
:106D700080B220820004E0635346182200212000E4
:106D8000FEF77CF8002806D108234A46002120009F
:106D90000095FEF7F1F84423E25C0133E35C1B024B
:106DA00013434622A25C12041A434723E35C1B06EA
:106DB000134300D025E1002E07D0974B9E4200D10F
:106DC000BAE10A9B402B00D9BAE102222000934984
:106DD000FEF734F9012363644B339946A144202222
:106DE0000021A7644846ECF73DFC3A00414648467E
:106DF000ECF73EFC200028222900503001F0AAFDCB
:106E00000C2287492800ECF733FC3422238AA26342
:106E100001339BB2323A23821B0413430827E363F6
:106E20000023FF372364002153462000676342326A
:106E3000FEF724F8002806D134233A00022120006E
:106E40000095FEF799F81E220C9B62636364238A07
:106E50001A3A01339BB22382A2631B04023A134302
:106E6000E363002300212364200053461232FEF71F
:106E700005F8002806D104231E22022120000095D7
:106E8000FEF77AF83300012220006649FEF768F920
:106E9000614B9E4200D1BBE0634BF7187B425F41E0
:106EA000FFB2042261492800ECF7E2FB48230022EC
:106EB0000821E75408270133E2540133E254013337
:106EC000E254238AA163013359499BB223821B04F4
:106ED0000B43FF37E36322645346002120006763BE
:106EE0001832FDF7CBFF002806D108233A00022113
:106EF00020000095FEF740F8002E18D04D4B9E4222
:106F000000D120E1022332009A434B4B9A4200D138
:106F10009AE0414B9E4200D118E1484B48499E42BD
:106F200000D138E1002301222000FEF719F90123E6
:106F30006E226364238A626301336A3A9BB2A2635E
:106F40003B4A23821B041343E3630023142223647C
:106F5000002153462000FDF791FF002806D10423AD
:106F60006E22022120000095FEF706F8092235491D
:106F70002800ECF77DFB4D231622E25400220D2160
:106F800008260133E2540133E2540133E254238AE8
:106F9000A163013326499BB223821B040B43FF36B6
:106FA000E363226453460021200066631D32FDF72F
:106FB00065FF002806D10D23320002212000009534
:106FC000FDF7DAFF01234E226364238A62630133F3
:106FD0004A3A9BB2A263164A23821B041343E3631B
:106FE000002314222364002153462000FDF746FFAE
:106FF000002806D104234E22022120000095FDF72F
:10700000BBFF002002B0E0BCBA46B146A846F0BDC6
:10701000022746E7D82C05100400000138AE011005
:1070200000B001100CB00110FCFFBFFEF4AF011066
:107030000210000002002000040040000400400193
:1070400018B001103CB001108423684901222000CF
:10705000FEF786F80A9BDBB299460A9B1B0ADBB255
:10706000984644274B464246E3554523E2540122C5
:107070000133E25202339846A044002140463F3299
:10708000ECF7F0FA0A9A0B994046ECF7F1FA022075
:1070900001F026FA8622238A520001339BB29046E1
:1070A0006263534A23821B041343E3630023542285
:1070B0002364002153462000A763FDF7DFFE00286C
:1070C00006D144234246022120000095FDF754FFDB
:1070D000484B1E40484B9E4200D028E711224749AA
:1070E0002800ECF7C5FA55230122E25400221521AD
:1070F00008260133E2540133E2540133E254238A77
:10710000A16301333E499BB223821B040B43FF362C
:10711000E363226453460021200066632532FDF7B5
:10712000ADFE002800D002E7152332000221200026
:107130000095FDF721FFFAE60A9B802B00D844E674
:10714000052040425EE7042328497FE78023200092
:1071500001222649DB02FEF703F844230A9A26009F
:10716000E25445234636120AE254002180223000C0
:10717000ECF778FA0A9A0B993000ECF779FA0220CA
:1071800001F0AEF901238222009320002B001D495B
:10719000FDF7A0FFA2E7200001221B4BFDF7E0FF57
:1071A0000A9B2700DBB2994644234A46E2540A9BD5
:1071B00046371B0ADBB29846452342460021E2547B
:1071C00038008022ECF74EFA0A9A0B993800ECF757
:1071D0004FFA022001F084F901238222009320005B
:1071E0002B000849FDF776FF3BE7C04618B00110B9
:1071F00002100000FFFFBFFF0400000128B00110D3
:1072000002500000E4AF01108000040070B50500DA
:10721000443504000E000422184982B02800ECF71F
:1072200027FA012300220C21A3644B33E6540133D7
:10723000E2540133E2540133E254238AA16301335F
:107240009BB20A3923821B040B430826E363230005
:10725000FF36226400212000666328331C32FDF7CC
:107260000DFE002806D10C233200022120000095DB
:10727000FDF782FE002002B070BDC04648B001108C
:1072800010B5006800F048FA013843425841C0B2D6
:1072900010BDC0460C4B10B583610C4B3A224361C4
:1072A0000B4B040083853523C25402000233C15CBA
:1072B0002E323039C06900F0A3FB34230622E25499
:1072C000044B0020E36310BD197301105512011027
:1072D000DC050000D972011070B50B0082B0694660
:1072E0005E2501245E788D7021353540CD709D7806
:1072F000DB78C0690C800D714B71012A09D82240DE
:1073000000F086FB431E98410B234042984302B095
:1073100070BD06204042FAE710B50B000A893721FC
:107320000124415C82B0C0693039009400F008FB50
:1073300001000020002901D102B010BD0248EEF783
:1073400045F80C204042F7E74CB0011030B50B0176
:107350005B180A002A499B005D18040089B0451992
:10736000002A29D10022274B04A904920593264A1A
:10737000264B06920793264B264AC252264B05AA55
:107380000293264B00900193280006ABF1F7EEFE26
:107390002800F2F74BF82800F2F74EF8002007A972
:1073A000F1F724FA1E4B2800E118F8F7D5FE280063
:1073B000F8F7F4FE09B030BD1A481249E3180490FA
:1073C00005911848114930320690079177201049ED
:1073D00059180870144928008C4663441A700E4BE3
:1073E00005AA02930D4B04A90193009406ABF1F793
:1073F000BDFE2800F2F71AF82800F2F71DF8D9E7C9
:10740000D4080000FFFFFF00C0A80001080808081A
:107410000A0900007730000005350110957201104F
:107420005C090000C0A804010B090000114A0B010F
:1074300094465B189B00634470B5C418002914D0AF
:107440000D4B1B68002B06D0002535269C4203D02F
:107450001B68002BFAD170BD2000F1F7A1FF656019
:10746000A5552368002BF1D1F5E72000F9F78AF93B
:10747000E6E7C046D40800007C6F0020F8B5474618
:10748000CE460C01641880B5A4001F00144B0519EA
:10749000EB181B7806005B0703D4C0BCB946B046A6
:1074A000F8BD93B2C1221900002052009846F2F7AD
:1074B00085F881460028F0D039004246F2F772FB89
:1074C000084B48469C46084B6444EB181B6831192E
:1074D00098470028E1D04846F2F7E8F9DDE7C046D2
:1074E00009090000D4080000E4080000054A10B5AE
:1074F00094460B015B189B006344C018F1F7B2FF80
:1075000010BDC046D4080000054A10B594460B01D2
:107510005B189B006344C018F1F7C0FF10BDC04664
:10752000D40800000B015B180A4A9B00C3189A1884
:1075300010B5147805222240052A07D1064A944640
:1075400063441868431E9841023010BD00F014FCDB
:10755000FBE7C04609090000D808000010B5284B19
:1075600082B01B68002B17D0264C2000FFF788FE46
:1075700000283CD1244BE25C002A2BD1234BE25C57
:10758000002A1DD1224BE25C002A0CD1214B1B6842
:10759000002B03D000F0EEFE02B010BD0121200050
:1075A000FEF7E0F9F6E700222000E254FFF794FB33
:1075B0000122194BE250174B1B68002BEAD1EDE773
:1075C00000222000E254FFF761FB114BE25C002A2D
:1075D000DCD0E8E700226921E25420000023009279
:1075E000FEF780F9094BE25C002ACBD0E8E72000E7
:1075F000FEF74EF9044BE25C002ABFD0EAE7C04632
:10760000601E0020681E0020690800006B08000052
:107610006A080000641E00205C08000070B580232A
:10762000D025802604002D065B04AB6236040022C0
:1076300000211820E9F722FF6E62002200211720A6
:10764000E9F71CFFAE6121002000FEF7DFF885227C
:10765000002303211201A354064AA350064AA35053
:107660001432A152054AA354054A13600122054B66
:10767000E25070BD580800005C080000720800006D
:10768000601E002068080000F8B5040000F0E6FE67
:107690001C4E3368002B32D000212000FFF7C6FEBD
:1076A00001212000FFF7C2FE2000FEF7BDF8D02523
:1076B000802380275B042D06AB6200220021182066
:1076C0003F04E9F7DBFE0022002117206F62E9F793
:1076D000D5FE21002000AF61FEF798F88522002337
:1076E00003211201A354084A3360A350074AA35050
:1076F0001432A152064AA3540122064BE25000F074
:10770000B7FEF8BD601E0020580800005C080000AD
:107710007208000068080000D0231B065868C001EA
:10772000C00F70473222014B1A607047641E002060
:10773000754B70B5C35805000C00DB0712D46368A5
:10774000452B05D0312B07D8704A9B00D3589F4654
:107750006F4AAB58012B38D06E4BEB586E4A9342B0
:1077600025D070BDEAF7F0FF002928D0FA220023C7
:107770009200EBF7E5FB0100684B62881800EDF71B
:1077800025FE6168582900D98FE0654B8A00D358DF
:10779000002B00D189E019006248EDF717FE2E2377
:1077A000E268E35CA1686048EDF710FEC7E70122DC
:1077B000584B00212800EA50FFF798FED1E7FA2144
:1077C0008900EBF77FFB0100D6E7A168082977D095
:1077D000504BEB580029C1D10231A950BEE701221C
:1077E000524B5348EA5200F0CDFDB5E7A368062B93
:1077F00071D0042B03D002229343082B5CD1E368A1
:107800000F2B59D1494B2BE0A368002BA4D1E3687F
:10781000082BA1D10222454BFF32E2E7A368002BDF
:107820009AD12E33E15C6388DB0761D5002965D1ED
:107830008023384ADB00A9580B43AB508EE7002168
:107840002800FFF761FE0022324BEA5089E7A36867
:10785000002B00D080E7E368022B00D07CE7354B9B
:1078600001223348EA5400F08DFD2A4BEB5875E7AE
:10787000A368002B1DD1274BEA580F231900114094
:10788000042902D19A430E3B1A4380239B001343E1
:10789000204AAB5062E7A368002B00D15CE7032BC2
:1078A00020D002221B4BEA505BE72348EDF78EFD08
:1078B00075E7062B00D14FE70422164BEA5050E73C
:1078C000862321001B01E8581C4B3031EB589847A8
:1078D000104BEB5842E780230E4A1B01A9580B437B
:1078E000AB503BE7E268002ADBD10A4AAB5038E7ED
:1078F0002800FFF709FE074BEB582FE72800FFF79A
:10790000F5FD044BEB5829E754080000F82C05104E
:10791000580800005C080000010E000070B0011063
:10792000C02D051084B001108CB001106A08000051
:107930005D7501106908000088B00110640800003E
:10794000F0B557464E464546DE460400E0B583B0E6
:1079500098460CAB1B780E009A46170000F07EFD8F
:10796000234B00211D6899462000002D14D0FDF7FF
:10797000F9FF53463A000093310043462000FDF7DB
:1079800057FF050000F074FD280003B0F0BCBB46B3
:10799000B246A946A046F0BDFFF748FD01212000F0
:1079A000FFF744FD85231B01E5548023D0251B04EC
:1079B0009B462D06AB61142000F092FD5B46322001
:1079C0006B6100F08DFD00212000FEF71DF9051E02
:1079D000D8D1084B2000E118FEF7DAF83222064B26
:1079E00006481A604B46186000F0CCFCC1E7C04660
:1079F000601E0020A4090000641E00205D750110B7
:107A000010B50020110000F01FFD002010BDC04681
:107A100070B50D001600040000F020FD32002900B2
:107A20002000FEF75DFD040000F022FD200070BD87
:107A3000F0B54746CE4680B585B0160004000D006F
:107A40001F0000F00BFD002E14D085263601A35D2B
:107A5000002B29D0012D60D085273F01E35D012651
:107A60002B411E424CD000F003FD05B0C0BCB9460E
:107A7000B046F0BD012DF6D100F0F0FCB54E00216E
:107A800035682000002D00D1FCE0FDF76BFF0021E0
:107A90002000FFF7BBFB00F0EBFC85220221120166
:107AA000A35C8B43A354DEE700F0D8FCA94B002174
:107AB00098461B6820009946002B65D0FDF752FFC1
:107AC00039002000FDF768FF060000F0D1FC002E11
:107AD000C9D100F0C3FC43461E6800212000002EDF
:107AE00000D1A5E0FDF73EFF0A230193093B1422D4
:107AF000022120000093FEF7D9FD00F0B9FCA9E7B0
:107B0000AE4029002000FFF791FC29002000FFF77C
:107B10001DFCE35D1E43E655A5E700F09FFC8D4B81
:107B200000211D6898462000002D57D0FDF71AFF50
:107B3000894A8A4BA15C013AA25CE3580292884AC6
:107B40002000A2180192874AA25C0092864AA218DD
:107B5000FFF7EEF800F08CFC85231B01E35C9B072C
:107B600000D4E8E000F07AFC43461D6800212000C4
:107B7000002D00D1AFE0FDF7F5FE01212000FFF759
:107B800045FB00F075FC6EE7FFF750FC012120007B
:107B9000FFF74CFC4B46A3558023D0261B04994687
:107BA00036061420B36100F09BFC4B463220736113
:107BB00000F096FC00212000FEF726F80028E0D116
:107BC0006A4B2000E118FDF7E3FF3222684B694859
:107BD0001A604346186000F0D5FB71E78527FFF770
:107BE00025FC3F0101212000FFF720FC8026E55500
:107BF000D02536042D061420AE6100F071FC322031
:107C00006E6100F06DFC00212000FDF7FDFF0028F3
:107C100000D08AE0554B2000E118FDF7B9FF322271
:107C2000534B54481A604346186000F0ABFB7FE7A3
:107C3000FFF7FCFB01212000FFF7F8FB85231B0168
:107C4000E6548027D0263F0436061420B76100F0A2
:107C500047FC3220776100F043FC00212000FDF753
:107C6000D3FF002800D048E7404B2000E118FDF783
:107C70008FFF32223E4B3F481A604346186000F0A7
:107C800081FB31E7FFF7D2FB01212000FFF7CEFB9C
:107C900085231B01E5548027D0253F042D061420A1
:107CA000AF6100F01DFC32206F6100F019FC002173
:107CB0002000FDF7A9FF002800D0ECE62B4B2000A8
:107CC000E118FDF765FF3222294B2A481A6030601F
:107CD00000F058FBDBE6FFF7A9FB01212000FFF7CE
:107CE000A5FB85231B01E5548026D02536042D06EF
:107CF0001420AE6100F0F4FB32206E6100F0F0FB66
:107D000000212000FDF780FF002800D039E7174B45
:107D10002000E118FDF73CFF3222154B15481A6090
:107D20004346186000F02EFB27E700F0A1FBE35D5F
:107D30009B0700D516E701212000FFF777FB012103
:107D40002000FFF703FB852202211201A35C0B43F5
:107D5000A35407E7601E0020710800006C080000B3
:107D6000930800007208000073080000A4090000D6
:107D7000641E00205D750110002910D10D4BC05804
:107D80000F23184001280CD002280CD003280DD056
:107D90000438434258410223404298437047002030
:107DA000FCE70120FAE701204042F7E702204042C9
:107DB000F4E7C0465C080000F0B54646D6464F469C
:107DC00085250400C0B52D0184B098460E0017002B
:107DD00000F044FB635DDB0757D52E4B002199462D
:107DE0001B6820009A46002B21D0FDF7BBFD0F9B9E
:107DF0003A0003930E9B310002930D9B20000193E8
:107E00000C9B00934346FEF7DFFC051E08D000F0F4
:107E10002FFB280004B0E0BCBA46B146A846F0BD2E
:107E20000D9B002B2DD11C4B1C4AE250EFE7FFF7B6
:107E3000FDFA01212000FFF7F9FA5346635580232C
:107E4000D0251B049A462D06AB61142000F048FB98
:107E5000534632206B6100F043FB00212000FDF708
:107E6000D3FE051ED3D10E4B2000E118FDF790FE86
:107E700032220C4B0C481A604B46186000F082FA14
:107E8000B5E70122044BE250C1E7042500F0F0FA07
:107E90006D42BEE7601E00205C0800000108000083
:107EA000A4090000641E00205D750110F0B5DE46D7
:107EB00057464E464546E0B51600DC22924685B050
:107EC0004B0002935B18DB00C518AA445246834658
:107ED00028001268CC30009202682B0001921C4AE4
:107EE000802094460E9C634480021860002C1CD0B5
:107EF0008023DB049946012398463300D8352E00B1
:107F000055469A46134F03912000EAF7ADFF4A46C3
:107F1000430113432B6053464246C34013403B4347
:107F20003360631E1C40EFD10399029B5B18DB009A
:107F30005B441A000099DC321160019ACC331A605C
:107F400005B0F0BCBB46B246A946A046F0BDC0464F
:107F5000CC30000080E00000F0B54E464546DE46DD
:107F60005746E0B583B089460CA984460D781F2A90
:107F700045D84946490088464944C9004618370053
:107F80003400DC373868CC348346206831000190F7
:107F90001C4880248246A40251440C6069424D4131
:107FA0001E216D428D4318498A465544052B0CD934
:107FB000A0201F214005D836540104430532053B5B
:107FC0003C600A403560052BF6D852019B061343EE
:107FD00042464A44D20062441000DC32136003007F
:107FE000D8331D605B461360019BCC3003600020DA
:107FF00003B0F0BCBB46B246A946A046F0BD052082
:108000004042F5E7CC3000009FE00000F0B54E465E
:108010004546DE465746E0B59346564A89B09046F7
:10802000554A029306000C00022502239146534A4A
:10803000002194466344524A1B0523609B0C9F1801
:10804000504A404694464A46634400923A00E9F753
:1080500011FBB84203DBC01B47B200060ED501235B
:10806000012D09D100230020236009B0F0BCBB46DC
:10807000B246A946A046F0BD0125D8E7E9F7C2FA05
:10808000236805229A46404B404953441B0D0490F7
:108090009B00B25606910593CB58012130799C463E
:1080A00081404B1E039320231B1A002A3ADB9A427D
:1080B00051DC039B6146934019424CD133680793CE
:1080C000B379002B47D10399634691400B4003934A
:1080D000634619423FD18026039BB601002812D087
:1080E000894601005046B846079F5C003D5BB5429B
:1080F00000D2AD189C181234A400013325509942C7
:10810000F3D84746494663460B4319000598069B3A
:1081100019505B461F60029B04981A60E9F77EFACB
:108120000120A2E7002B16DB52460792039A614614
:10813000A2468446100001E0013B0BD302009A40A6
:108140001142F9D11A00079B544603909A466046A3
:108150008C46B3E754460498E9F760FA0A4B216865
:108160009C466144090D89004046C919E9F7C6FAE1
:1081700075E7C0462C1E002038B101100105000033
:10818000F8EBFFFFFBEBFFFF0000E0AF2019002042
:1081900070B50125160002790C009540013D9D4007
:1081A000E9F730FA074B084A9C466444240DA400C2
:1081B000A358AB43A350E9F731FAA1190348E9F7F3
:1081C0009DFA70BD0000E0AF201900202C1E002099
:1081D00010B5034B01001800E9F790FA10BDC04636
:1081E000E080002010B5064B064C82B001000093E1
:1081F00000220B232000E9F73DFA02B010BDC04673
:108200005CB10110E0800020030011498201511887
:108210000868D90241400F4810B501400E48A0241B
:1082200010180160012098400C4BE40518600C4BBD
:10823000802118600B4B4904E0500B4B9C46624474
:1082400013680B42FCD18023DB00E05010BDC04618
:10825000100000500178000010100050043400504D
:1082600014340050440400000C00005010B50368A2
:1082700001495B6A984710BD3C130020802010B56F
:10828000402207494004E9F74DF901220221182054
:10829000E9F71CF90D200121E9F78AFA002010BD49
:1082A000C582011010B5002202211820E9F70EF94D
:1082B000802003494004E9F757F9002010BDC0466B
:1082C000C5820110D0231B061B6810B55A425341CA
:1082D0002F225B429343094A94466344DB6A9B071F
:1082E00000D410BD002202211820E9F7EFF8044B5A
:1082F0000449186803685B6A9847F2E73041014017
:108300005C1E00203C130020154B70B51B68040058
:10831000002B0ED0134D2A68002A01D0013A2A60A2
:1083200098472B68002B05D1236820000E499B69D4
:10833000984770BDEAF708FA00230C4A0A4D8018E6
:10834000594102000B1E02DA0122094B5242EB6036
:108350002368290020005B69AA609847E9E7C046C6
:10836000601E0020641E00205013002050C3000037
:10837000FFFFFF7F10B5012202211820E9F7A6F8C0
:1083800010BDC046034B10B51868034903685B6A0B
:10839000984710BD5C1E00203C13002010B504005F
:1083A0000848FFF73BF9084B00221C6023682000B7
:1083B00006491B699847236820000549DB699847EF
:1083C000012010BD681E00205C1E00207D8201106F
:1083D0003C13002070B50D4D04002B68002B13D00A
:1083E00003680B499B69984723680A491B6A200068
:1083F0009847236800221B690749200098470748CF
:10840000FFF742F900232B6070BDC0465C1E0020C0
:10841000501300203C130020A5820110681E00208C
:1084200010B582B068460C00EDF7B2FA6B46062232
:10843000991C2000EBF71CF90122237893430222B8
:108440001343237002B010BD10B508000622024984
:10845000EBF70EF910BDC0460C280020034B10B5F9
:10846000186803685B68984710BDC0465C1E002012
:10847000034B10B5186803689B68984710BDC04649
:108480005C1E002070B5EFF30583134A040000253D
:108490001668002B10D1EAF757F902000B001219E9
:1084A0006B41002B04DB31683000096B884770BDDD
:1084B00001220A4B5242F6E7EAF746F902000B00A6
:1084C00012196B41002B02DA0122044B524231682F
:1084D0003000C96A8847EAE75C1E0020FFFFFF7F83
:1084E000F8B50E4B06001F68EAF72EF9FA220400D1
:1084F0000D000023920030000021EBF75DF8020030
:108500000B0012196B41002B02DA0122044B52427C
:1085100039683800C96A8847F8BDC0465C1E00202B
:10852000FFFFFF7F70B50400084B1D68EAF70CF9E8
:108530002200002312184B41002B02DA0122044BC7
:10854000524229682800C96A884770BD5C1E002015
:10855000FFFFFF7F10B5303000F09AFD10BDC04620
:108560000022452310B50C00CA54013BC85CE9F752
:108570003DF92000383000F053FD0020002110BDEF
:10858000012310B504000B724333C05CE9F72EF9E8
:108590002000383000F044FD10BDC046F0B5304B2F
:1085A000D6464F4646461A685B6804009A462D4BED
:1085B000904645259946C0B584B02000EFF744FCAD
:1085C00006000F00EAF7C0F832003B00121A8B4198
:1085D000002B29DD46452DD0635D002B08D0A26A13
:1085E000E36A30003900801A9941002927DC33D032
:1085F000236C002B03DD216C206AE9F7EBFE0123DD
:10860000A662E76263550023206A02934B4632005C
:10861000009301943B00E9F71DFE2064236C002BBE
:108620000DDC00236355C8E7002BC6D1002AC4D057
:108630004645D1D15745CFD1236C002B05DC04B082
:10864000E0BCBA46B146A846F0BD216C206AE9F705
:10865000C1FE00232364F2E70028C9D0EFE7C0463B
:10866000A0B1011061850110F8B506001700303681
:10867000040030000D0000F00BFD3800A8477379AE
:108680000500012B04D0300000F03AFD2800F8BDB1
:108690002000FFF783FFF6E770B544250400405D36
:1086A000002814D1236C002B03DD216C206AE9F72C
:1086B00091FE25003035280000F0EAFC280000F08B
:1086C0001FFD482200212000EAF7CCFF70BD0021E9
:1086D000E9F76EF80449605DE9F7C6F9605DE9F70E
:1086E0001BFB00236355DDE7ED86011070B5EFF34A
:1086F00005830C4A2A3B9B009C58002C0DD025007A
:1087000030350021280000F0ABFC002805D06B7943
:10871000012B03D0280000F0F3FC70BD2000FFF710
:108720003DFFF7E7F41C002010B5383000F000FDE5
:1087300010BDC0461000190010B5EFF30583002BE3
:1087400002D0EAF70BF810BDE9F780FEFBE7C04660
:1087500010B530304379002B08D0D02300221B06FF
:108760009A560423C3569A4200D110BD0148E8F737
:1087700031FFC0467CB1011010B50400303463797C
:10878000012B03D0200000F0BBFC10BDFFF706FF5B
:10879000F8E7C04670B506000D0004003036300022
:1087A00000F076FC29002000EFF73CFB7379050010
:1087B000012B04D0300000F0A3FC280070BD200085
:1087C000FFF7ECFEF6E7C04670B506000D000400AA
:1087D0003036300000F05CFC29002000EFF710FB81
:1087E00073790500012B04D0300000F089FC2800CB
:1087F00070BD2000FFF7D2FEF6E7C04670B5060058
:108800000D0004003036300000F042FC290020004A
:10881000EFF7E4FA73790500012B04D0300000F083
:108820006FFC280070BD2000FFF7B8FEF6E7C046D9
:1088300070B506000D0004003036300000F028FC52
:1088400029002000EFF7B6FA73790500012B04D058
:10885000300000F055FC280070BD2000FFF79EFEA0
:10886000F6E7C046FF230370002343607047C0460D
:1088700070B504000D00442200210430EAF7F2FE36
:108880001B4B236003232383D0231B061B68A37683
:108890006868002828D02062200001220121383099
:1088A000E9F75AFA20003030E9F7A4FA00202E78D0
:1088B000E9F73CFA03000020002B14DB19004425E3
:1088C0000C4A1A398900FF308C50184063550A4908
:1088D000E8F7A6FF0121605DE8F76AFF605D3100FF
:1088E000E9F7ACF9012070BDE9F7B0FCD3E7C04669
:1088F000242F0510F41C0020ED860110024B1B18DC
:1089000003205B78184070475C2F051030B5032AB0
:108910000CD90B0003439B0719D104680B689C42D8
:1089200015D1043A04300431032AF6D8551E002A22
:108930000BD0002303E05A1C9D4206D01300C25CFA
:10894000CC5CA242F7D0101B00E0002030BD551EC9
:10895000EFE7C046F0B5CE46474680B588420DD910
:108960008B1898420AD2531E002A03D0CA5CC25404
:10897000013BFBD2C0BCB946B046F0BD0F2A0BD8B4
:108980000500561E002AF5D00023CC5C1A00EC54DA
:1089900001339642F9D1EDE703000B4388469B076C
:1089A00034D110261700B1460C000300103F3F09D8
:1089B0003F01C519A94426681E6066685E60A66806
:1089C0009E60E6681034DE601E001033AE42F2D1C5
:1089D000CF1939000F230C2610318C461340164254
:1089E00017D04446043B9B089B00FF181437061B16
:1089F0000C688D1904312C60B942F9D161460433F9
:108A000059184B441D0003231A40BAE70500561EAF
:108A1000BAE74D461A00B4E70323CAB2F0B50340E3
:108A2000002A35D00324002B2DD1FF230B401D023B
:108A3000ED182B04ED182C000168264E4C408B19C4
:108A40008B43A119A143244E0B43334211D14168FA
:108A5000204F0C00CB196C408B43E119A1430B4311
:108A600004303342F3D00378002B05D09A4204D06F
:108A700001300378002BF9D10020F0BD9342FCD0E7
:108A800001302042D1D00378002BF7D10020F4E749
:108A9000002B08D0032202E00130104203D00378FB
:108AA000002BF9D1E9E702680A4B0B49D31893432D
:108AB0000B4206D14268074B0430D31893430B4254
:108AC000F8D00378002BD8D043780130002BFBD1AD
:108AD000D3E7C046FFFEFEFE8080808030B5002ACE
:108AE00027D003000B439B0713D1032A11D9134D41
:108AF0000BE0043A002A1CD0114C1C199C432C4258
:108B000017D104300431032A03D903680C68A34247
:108B1000EFD00D78047801230139AC4207D00AE088
:108B2000002C06D0C45C0133CD5CAC4203D19A4228
:108B3000F6D1002030BD601BFCE7C04680808080FD
:108B4000FFFEFEFEF0B5CE4647460300944680B5D4
:108B5000012959D90122012090460125002601242E
:108B6000404206E0221A9046260001257419A142CF
:108B70000DD91F181A5D7F5DBA42F3D336D0012597
:108B800001223000013674199046A142F1D84446C2
:108B90006246146001229146023A01250026904661
:108BA000012407E04246A21A9146260001257419C5
:108BB000A1420ED94746DF191A5D7F5DBA42F1D84E
:108BC00018D001250122B046013674199146A14200
:108BD000F0D8434601300133834203D3624649460D
:108BE00018001160C0BCB946B046F0BD454505D07F
:108BF0000135BBE74D4504D00135D8E7761901258D
:108C0000B4E776190125D2E7012399460023E5E769
:108C1000F0B5DE4657464E464546E0B57D4C8246A9
:108C2000A544140089462000190005AA1D00FFF77D
:108C300089FF06AB9B460190FFAA20C31C329342DA
:108C4000FAD1002D0BD02300681E661920185F464C
:108C50001A78C11A92000133B950B342F7D1059B7B
:108C60002000019AE1180293FFF750FE002800D07F
:108C700072E0002398464B46591B80231B012B436F
:108C800003932B006F1E002645460800984608E017
:108C9000002D04D0029A9A4201D943469B1A00251E
:108CA000F618B04220D353465A469919CB5D9B0023
:108CB000D358002BECD1019A2B00954200D213001F
:108CC0009F4227D98446080002E001339F421FD00B
:108CD000E15CC25C9142F8D0010060469F4219D924
:108CE000019AB61A0136DAE750460399484400F073
:108CF00085F981444B464246981AB042D3D20020AF
:108D0000454B9D44F0BCBB46B246A946A046F0BDCB
:108D100001006046019A531E954279D284460800AC
:108D200003E05A1E9D4210D01300E15CC25C9142E8
:108D3000F7D001006046013301359D420AD8029BFD
:108D400042469C46D51A6644ABE7013501006046B1
:108D50009D42F4D90800D3E7019AAB1A934255D348
:108D60000133029305934B46591B80231B012B4370
:108D70000026984608006F1EB0420AD353465A4652
:108D80009919CB5D9B00D358002B14D0F618B04234
:108D9000F4D250464146484400F030F981444B46F5
:108DA000581BB042ABD353465A469919CB5D9B0032
:108DB000D358002BEAD1019A1300BA4214D2844648
:108DC000080002E00133BB420CD0E15CC25C91427E
:108DD000F8D0010060469F4206D9019AB61A0136C2
:108DE000F618D4E701006046019B013BB2D38446EC
:108DF000080002E0013B00D282E7E15CC25C9142E4
:108E0000F8D0029B60469C466644B5E71300A7E78E
:108E1000130091E7E4FBFFFF1C040000F0B5464699
:108E2000D6464F46C0B50E0009780500040090B044
:108E3000002953D07078002800D176E0B778002F51
:108E400053D0F378002B00D18AE03279002A00D188
:108E500070E0300000F0A4F8802189000700014391
:108E6000280000F0CBF887424FD8FE2F00D98FE0C2
:108E7000C01B804640226846791CE946A844EAF7B0
:108E8000F1FB002F10D03F22F8B282463300944607
:108E9000BC19B24461461A7848460A405146C91A7C
:108EA000013381549C42F5D12C003F254A46013CB8
:108EB000E35D2B40D35CE418A04503D227E0544483
:108EC000A04524D34A46E35D31002B40D35C20000B
:108ED0003A009A46FFF71AFD0028F0D1200010B0A2
:108EE000E0BCBA46B146A846F0BD002309042A7882
:108EF0000143002A07D01B04013513432A78994205
:108F0000F7D1AC1EEAE79942FBD00024E6E74346DE
:108F1000D819DB5D002BF8D08021090100F06EF834
:108F20008044A045C2D20024D8E72800FFF774FD92
:108F30000400D3E72A78002AE7D0000208433F0460
:108F400007431B063B4319BA00232C001B020135C3
:108F500013432A78002A13D08B42F6D1033CBDE795
:108F60000906000401433F022A783943002A0BD046
:108F7000134301351B022A789942F7D1EC1EADE765
:108F80008B42EBD00024A9E79942F7D00024A5E753
:108F900001003B0032002800FFF73AFE04009DE785
:108FA00010B583070AD00300032102E001330B420E
:108FB00005D01A78002AF9D1181A10BD03001968D3
:108FC0000C4A0D4C8A188A4322420FD15968094A2B
:108FD00004338A188A43224208D15968054A043367
:108FE0008A188A432242F1D000E001331A78002A1D
:108FF000FBD1E1E7FFFEFEFE8080808010B503001C
:109000004418002903D107E00133A34202D01A78A3
:10901000002AF9D1181A10BD0020FCE7F8B5C046A7
:1090200001B40248844601BC604700BF49010020EA
:1090300001B40248844601BC604700BFB50400206B
:1090400001B40248844601BC604700BF950300207C
:1090500001B40248844601BC604700BFC111002032
:1090600001B40248844601BC604700BFB902002039
:1090700001B40248844601BC604700BFC111002012
:1090800001B40248844601BC604700BFF50D0020D2
:1090900001B40248844601BC604700BF9101002032
:1090A00001B40248844601BC604700BFE1010020D2
:1090B00001B40248844601BC604700BF0903002098
:1090C00001B40248844601BC604700BFCD0D0020BA
:1090D00001B40248844601BC604700BF1111002062
:1090E00001B40248844601BC604700BF2102002051
:1090F00001B40248844601BC604700BF850E0020D1
:1091000001B40248844601BC604700BFBD03002093
:1091100001B40248844601BC604700BF350E002000
:1091200001B40248844601BC604700BFF10500203D
:1091300001B40248844601BC604700BFE100002042
:10914000492C0010752C0010592E001055360010B7
:10915000ED340010F9350010812D0010912C001015
:10916000B12C0010C52C0010891D0010CD2C001052
:1091700071210010112C00108D1700108159001062
:04918000B102001028
:1091880061474132454557626B3852546C6B5167A1
:10919800796F785800000000464C496E7465726E0D
:1091A80000000000526573706F6E7365206672610F
:1091B8006D6520707265616D626C6520646F6573A2
:1091C800206E6F7420636F6E7461696E2030783022
:1091D8003046462100000000526573706F6E73655B
:1091E80020636F6E7461696E73206E6F20646174A2
:1091F80061210000526573706F6E7365206C656E37
:1092080067746820636865636B73756D206469644F
:10921800206E6F74206D61746368206C656E67746E
:1092280068210000526573706F6E7365206368650E
:10923800636B73756D20646964206E6F74206D6153
:109248007463682065787065637465642063686515
:10925800636B73756D000000547279696E672074D2
:109268006F2077616B6575700000000044696420A9
:109278006E6F7420726563656976652065787065C0
:10928800637465642041434B2066726F6D20504EB5
:1092980035333221000000005265636569766564E4
:1092A80020756E657870656374656420636F6D6D95
:1092B800616E6420726573706F6E736521000000C3
:1092C8004661696C656420746F20646574656374B5
:1092D8002074686520504E353332000001140100B7
:1092E8004D6F7265207468616E206F6E65206361D2
:1092F800726420646574656374656421000000000D
:10930800466F756E642063617264207769746820A3
:10931800756E65787065637465646C79206C6F6EC2
:1093280067205549442100002530325800000000CC
:109338003139322E3136382E3137382E3739000050
:109348003231303432303137667265696C6162317E
:10935800333337666F6F626F617264617367656814
:109368007431313100000000474554202F6D61638E
:1093780068696E655F7472795F6C6F67696E2F25B7
:10938800732F25732F25732F257320485454502F7E
:10939800312E300D0A486F73743A2025730D0A4335
:1093A8006F6E6E656374696F6E3A20636C6F736578
:1093B8000D0A0D0A00000000310000004D617363C2
:1093C80068696E655F3100000D0A0000485454500A
:1093D8002F0000000A0A0000747275650000000082
:1093E800312E302E302D7069636F2D6E6174697661
:1093F800650000000A2A2A2A2050414E4943202AA3
:109408002A2A0A004E6F207370696E6C6F636B7343
:109418002061726520617661696C61626C6500002B
:109428004E6F2075736572204952517320617265C1
:1094380020617661696C61626C65000048617264E4
:109448007761726520616C61726D20256420616CA2
:10945800726561647920636C61696D656400000000
:109468004861726420617373657274006D69737307
:10947800696E6720646F75626C652066756E6374CB
:10948800696F6E0052656C6561736500626F6F7419
:10949800325F77323571303830000000322E322E8C
:1094A800300000007069636F5F770000726669645E
:1094B8005F6E6F64650000004D61792020332032B3
:1094C80030323600666E692B00000000666E690057
:1094D8006E616E00666E692D0000000055534220D3
:1094E800737464696E202F207374646F7574000040
:1094F80052617370626572727920506900000000D1
:109508005069636F00000000426F61726420434439
:10951800430000005265736574000000556E686171
:109528006E646C65642049525120307825780A00B1
:10953800657020253032582077617320616C726520
:1095480061647920617661696C61626C6500000014
:1095580043616E277420636F6E74696E7565207839
:10956800666572206F6E20696E6163746976652026
:109578006570202530325800646E732073657276EA
:109588006572206F7574206F662061727261790050
:10959800756E6B6E6F776E20646E735F7461626C4C
:1095A8006520656E7472792073746174653A000081
:1095B8006D656D5F667265653A2073616E69747971
:1095C80020636865636B20616C69676E6D656E7496
:1095D800000000006D656D5F667265653A20696C14
:1095E8006C6567616C206D656D6F727900000000B5
:1095F8006D656D5F667265653A20696C6C6567615B
:109608006C206D656D6F72793A20646F75626C6558
:1096180020667265650000006D656D5F6672656540
:109628003A20696C6C6567616C206D656D6F727945
:109638003A206E6F6E2D6C696E6B65643A20646FAC
:1096480075626C652066726565000000706C7567F0
:109658005F686F6C65733A206D656D203C207261A0
:109668006D5F656E640000006D656D5F7472696D95
:109678003A206C6567616C206D656D6F72790000CA
:109688006D656D5F7472696D2063616E206F6E6CBD
:109698007920736872696E6B206D656D6F727900E1
:1096A800696E76616C6964206E6578742070747276
:1096B800000000006D656D5F6D616C6C6F633A2032
:1096C800616C6C6F6361746564206D656D6F727930
:1096D800206E6F742061626F76652072616D5F65C0
:1096E8006E642E006D656D5F6D616C6C6F633A2002
:1096F800616C6C6F6361746564206D656D6F727900
:109708002070726F7065726C7920616C69676E6524
:10971800642E0000696E76616C696420706F6F6CEE
:1097280020646573630000006D656D705F6D616C2A
:109738006C6F633A206D656D702070726F70657222
:109748006C7920616C69676E656400006D656D7089
:109758005F667265653A206D656D2070726F706521
:10976800726C7920616C69676E656400696E7661F8
:109778006C696420706F696E746572006E657469D7
:109788006620616C72656164792061646465640057
:10979800746F6F206D616E79206E65746966732CC5
:1097A800206D61782E20737570706F7274656420F7
:1097B8006E756D6265722069732032353500000060
:1097C800706275665F667265653A20702D3E7265D7
:1097D80066203E203000000070632D3E6375737470
:1097E8006F6D5F667265655F66756E6374696F6ECF
:1097F80020213D204E554C4C00000000696E7661DA
:109808006C69642070627566207479706500000068
:10981800706275665F616C6C6F633A206572726F17
:109828006E656F7573207479706500007062756677
:109838005F7265616C6C6F633A207020213D204E29
:10984800554C4C00706275665F7265616C6C6F6335
:109858003A207120213D204E554C4C006D656D5FBE
:109868007472696D2072657475726E6564207220F9
:109878003D3D204E554C4C006D656D5F7472696DB1
:109888002072657475726E6564207220213D2071A6
:10989800000000007020213D204E554C4C00000077
:1098A8007062756620726566206F766572666C6F89
:1098B800770000004372656174696E6720616E20ED
:1098C800696E66696E697465206C6F6F7000000060
:1098D800702D3E746F745F6C656E203D3D20702D59
:1098E8003E6C656E20286F66206C61737420706210
:1098F800756620696E20636861696E290000000042
:109908006F66667365745F746F203C3D20705F748A
:109918006F2D3E6C656E00006F66667365745F66DA
:10992800726F6D203C3D20705F66726F6D2D3E6CCE
:10993800656E0000706275665F74616B653A2069D8
:109948006E76616C69642070627566006469642073
:109958006E6F7420636F707920616C6C2064617421
:1099680061000000706275665F636F7079206661E0
:10997800696C65640000000070636220213D204E20
:10998800554C4C007463705F667265653A204C49AB
:109998005354454E000000007463705F7570646135
:1099A80074655F7263765F616E6E5F776E643A208E
:1099B800696E76616C696420706362006E65775FBA
:1099C8007263765F616E6E5F776E64203C3D203017
:1099D8007866666666000000646F6E2774206361AF
:1099E8006C6C207463705F72656376656420666F63
:1099F80072206C697374656E2D7063627300000069
:109A08007463705F736C6F77746D723A20616374FE
:109A1800697665207063622D3E73746174652021D8
:109A28003D20434C4F534544000000007463705F71
:109A3800736C6F77746D723A206163746976652010
:109A48007063622D3E737461746520213D204C491A
:109A58005354454E000000007463705F736C6F7759
:109A6800746D723A20616374697665207063622D43
:109A78003E737461746520213D2054494D452D572E
:109A8800414954007463705F736C6F7774696D72C9
:109A98003A2070657273697374207469636B696EB8
:109AA80067207769746820696E2D666C69676874C9
:109AB80020646174610000007463705F736C6F7779
:109AC80074696D723A207065727369737420746971
:109AD800636B696E67207769746820656D70747947
:109AE8002073656E6420627566666572000000000A
:109AF8007463705F736C6F77746D723A206D69640C
:109B0800646C652074637020213D207463705F610C
:109B180063746976655F7063627300007463705F75
:109B2800736C6F77746D723A206669727374207003
:109B38006362203D3D207463705F6163746976657C
:109B48005F706362730000007463705F736C6F779B
:109B5800746D723A2054494D452D5741495420702F
:109B680063622D3E7374617465203D3D2054494DF8
:109B7800452D5741495400007463705F736C6F77CB
:109B8800746D723A206D6964646C6520746370202A
:109B9800213D207463705F74775F706362730000A7
:109BA8007463705F736C6F77746D723A2066697254
:109BB800737420706362203D3D207463705F747716
:109BC8005F706362730000007463705F7365675F42
:109BD800636F70793A20696E76616C696420736589
:109BE80067000000696E76616C696420736F636B4F
:109BF800657420737461746520666F722072656382
:109C0800762063616C6C6261636B0000696E7661DB
:109C18006C696420736F636B657420737461746519
:109C280020666F72206572722063616C6C6261637A
:109C38006B0000007463705F7063625F72656D6FC4
:109C480076653A20696E76616C696420706362009B
:109C58007463705F7063625F72656D6F76653A20DA
:109C6800696E76616C6964207063626C69737400F4
:109C7800756E73656E74207365676D656E74732099
:109C88006C65616B696E6700756E61636B656420F6
:109C98007365676D656E7473206C65616B696E675B
:109CA800000000006F6F736571207365676D656EE6
:109CB8007473206C65616B696E670000646F6E2752
:109CC800742063616C6C207463705F61626F72747E
:109CD8002F7463705F6162616E646F6E20666F726D
:109CE800206C697374656E2D7063627300000000E8
:109CF8007463705F636C6F73655F73687574646FAA
:109D0800776E3A20696E76616C69642070636200D0
:109D18007063622D3E666C61677320262054465F2F
:109D28005258434C4F534544000000007463705F21
:109D3800667265655F6C697374656E3A20214C497B
:109D48005354454E000000007463705F6E6578746C
:109D58005F6973733A20696E76616C696420706319
:109D6800620000007463705F6566665F73656E64A9
:109D78005F6D73735F6E657469663A20696E7661AC
:109D88006C6964206473745F697000007063622D8D
:109D98003E736E645F71756575656C656E203E3DDA
:109DA80020706275665F636C656E286E6578742DC9
:109DB8003E7029007463705F726563656976653A01
:109DC8002076616C6964207175657565206C656EB7
:109DD800677468007463705F726563656976653A75
:109DE8002077726F6E6720737461746500000000DD
:109DF800696E7365672E7020213D204E554C4C00CE
:109E0800696E73616E65206F666673657421000004
:109E18007062756620746F6F2073686F72742100AA
:109E28007463705F726563656976653A2073656708
:109E38006D656E74206E6F74207472696D6D6564E3
:109E480020636F72726563746C7920746F2072631B
:109E5800765F776E640000007463705F7265636597
:109E68006976653A207365676D656E74206E6F74E8
:109E7800207472696D6D656420636F7272656374B6
:109E88006C7920746F206F6F7365712071756575BB
:109E9800650000007463705F726563656976653A92
:109EA800207463706C656E203E207263765F776EF7
:109EB800640000007463705F726563656976653A73
:109EC800206F6F736571207463706C656E203E201F
:109ED8007263765F776E64007463705F696E707525
:109EE800743A20696E76616C6964207062756600E8
:109EF800702D3E6E65787420213D204E554C4C00E7
:109F0800702D3E6C656E203D3D203000702D3E74F6
:109F18006F745F6C656E203D3D20702D3E6E6578D8
:109F2800742D3E746F745F6C656E00007463705FAF
:109F3800696E7075743A2061637469766520706320
:109F4800622D3E737461746520213D20434C4F534C
:109F5800454400007463705F696E7075743A2061DF
:109F68006374697665207063622D3E7374617465ED
:109F780020213D2054494D452D57414954000000AA
:109F88007463705F696E7075743A20616374697682
:109F980065207063622D3E737461746520213D20D5
:109FA8004C495354454E00007463705F696E707578
:109FB800743A207063622D3E6E65787420213D20CE
:109FC80070636220286265666F72652063616368EA
:109FD800652900007463705F696E7075743A20704B
:109FE80063622D3E6E65787420213D207063622087
:109FF80028616674657220636163686529000000E2
:10A008007463705F696E7075743A2054494D452DBC
:10A0180057414954207063622D3E73746174652002
:10A028003D3D2054494D452D5741495400000000FD
:10A038007463705F696E7075743A207063622D3E48
:10A04800737461746520213D20434C4F534544008F
:10A058007063622D3E736E645F71756575656C65BE
:10A068006E203E20300000006E6F207365676D65BE
:10A078006E7420746F206672656500007063622DCF
:10A088003E6C697374656E65722D3E6163636570BD
:10A098007420213D204E554C4C0000007063622D09
:10A0A8003E726566757365645F64617461203D3DE9
:10A0B800204E554C4C0000007463705F63726561FC
:10A0C80074655F7365676D656E743A20696E766155
:10A0D8006C69642070636200702D3E746F745F6CED
:10A0E800656E203E3D206F70746C656E0000000048
:10A0F8007463705F77726974653A2070627566730D
:10A10800206F6E207175657565203D3E2061742055
:10A118006C65617374206F6E652071756575652057
:10A128006E6F6E2D656D7074790000007463705FDA
:10A1380077726974653A206E6F2070627566732055
:10A148006F6E207175657565203D3E20626F74687D
:10A158002071756575657320656D707479000000F0
:10A168006D73735F6C6F63616C20697320746F6FBC
:10A1780020736D616C6C0000696E636F6E73697338
:10A1880074656E74206F76657273697A652076736C
:10A198002E20737061636500696E636F6E736973F7
:10A1A80074656E74206F76657273697A652076734C
:10A1B8002E206C656E0000006E65656420756E6308
:10A1C8006861696E65642070627566007463705FAB
:10A1D80077726974653A20524F4D207062756673C4
:10A1E8002063616E6E6F74206265206F766572738E
:10A1F800697A656400000000756E73656E745F6F40
:10A2080076657273697A65206D69736D61746368C8
:10A2180020287063622D3E756E73656E74206973B5
:10A22800204E554C4C290000707265765F73656747
:10A2380020213D204E554C4C000000007463705F97
:10A2480077726974653A2063616E6E6F7420636F0C
:10A258006E636174656E617465207768656E2070E1
:10A2680063622D3E756E73656E7420697320656D2B
:10A27800707479007463705F77726974653A2065E9
:10A288007874656E73696F6E206F66207265666597
:10A2980072656E6365207265717569726573207287
:10A2A80065666572656E6365000000007463705FC3
:10A2B80077726974653A2076616C69642071756596
:10A2C8007565206C656E6774680000007463705F64
:10A2D80073706C69745F756E73656E745F736567B0
:10A2E8003A20696E76616C696420706362000000D0
:10A2F80043616E27742073706C6974207365676D91
:10A30800656E7420696E746F206C656E6774682062
:10A318003000000073706C6974203C3D206D7373CD
:10A32800000000007463705F73656E645F66696E39
:10A338003A20696E76616C6964207063620000007F
:10A348007365672D3E746370686472206E6F742045
:10A35800616C69676E6564007463705F656E7175C2
:10A368006575655F666C6167733A20696E76616CC6
:10A378006964207365676D656E74206C656E6774BB
:10A38800680000007463705F656E71756575655F60
:10A39800666C6167733A20696E76616C69642071D6
:10A3A80075657565206C656E677468007463705FA9
:10A3B800656E71756575655F666C6167733A206E69
:10A3C80065656420656974686572205443505F53FD
:10A3D800594E206F72205443505F46494E20696E93
:10A3E80020666C616773202870726F6772616D6D8B
:10A3F80065722076696F6C617465732041504929D4
:10A40800000000007463705F656E71756575655F47
:10A41800666C6167733A20696E76616C6964207056
:10A42800636200007463705F656E71756575655F62
:10A43800666C6167733A20636865636B2074686152
:10A448007420666972737420706275662063616E29
:10A4580020686F6C64206F70746C656E000000007B
:10A468007463705F7265786D69745F72746F5F7022
:10A478007265706172653A20696E76616C696420F4
:10A48800706362007463705F7265786D69743A20F6
:10A49800696E76616C696420706362007463705FD2
:10A4A8007265786D69745F666173743A20696E7657
:10A4B800616C696420706362000000007463705FFF
:10A4C8007273743A20696E76616C6964206C6F638C
:10A4D800616C5F69700000007463705F7273743A36
:10A4E80020696E76616C69642072656D6F74655F52
:10A4F80069700000636865636B2074686174206626
:10A508006972737420706275662063616E20686F6B
:10A518006C6420737472756374207463705F68640C
:10A52800720000007463705F73656E645F656D70C0
:10A5380074795F61636B3A20696E76616C69642037
:10A54800706362007463705F6F75747075743A201D
:10A55800696E76616C69642070636200646F6E274F
:10A56800742063616C6C207463705F6F75747075B0
:10A578007420666F72206C697374656E2D706362E7
:10A5880073000000525354206E6F74206578706514
:10A598006374656420686572652100006F70746972
:10A5A8006F6E73206E6F742066696C6C6564000052
:10A5B8007463705F7265786D69745F72746F5F63DE
:10A5C8006F6D6D69743A20696E76616C696420708C
:10A5D800636200007463705F7265786D69745F729E
:10A5E800746F3A20696E76616C69642070636200EA
:10A5F8007463705F6B656570616C6976653A206934
:10A608006E76616C69642070636200007463705FC9
:10A618007A65726F5F77696E646F775F70726F6269
:10A62800653A20696E76616C696420706362000027
:10A638007379735F74696D656F75743A2074696DA9
:10A64800656F757420213D204E554C4C2C20706F41
:10A658006F6C204D454D505F5359535F54494D45DC
:10A668004F555420697320656D707479000000009F
:10A6780054696D656F75742074696D6520746F6FAA
:10A68800206C6F6E672C206D6178206973204C57A1
:10A6980049505F55494E5433325F4D41582F34204D
:10A6A8006D736563730000007564705F696E707523
:10A6B800743A20696E76616C696420706275660010
:10A6C8007564705F696E7075743A20696E76616C36
:10A6D8006964206E657469660000000070627566C2
:10A6E8005F72656D6F76655F686561646572206627
:10A6F80061696C6564000000636865636B20746859
:10A708006174206669727374207062756620636173
:10A718006E20686F6C64207374727563742075643E
:10A72800705F686472000000646863705F637265DC
:10A738006174655F6D73673A20636865636B207445
:10A74800686174206669727374207062756620632C
:10A75800616E20686F6C6420737472756374206412
:10A768006863705F6D736700646863705F696E63C8
:10A778005F7063625F726566636F756E7428293AED
:10A78800206D656D6F7279206C65616B000000004B
:10A79800646863705F6F7074696F6E3A206F70746D
:10A7A800696F6E735F6F75745F6C656E202B2032F6
:10A7B800202B206F7074696F6E5F6C656E203C3D56
:10A7C80020444843505F4F5054494F4E535F4C45C7
:10A7D8004E000000636865636B206465636F6465A1
:10A7E8005F69647800000000444843502073686F34
:10A7F800756C6420626520656E61626C65642061B9
:10A8080074207468697320706F696E742C20627587
:10A8180074206974206973206E6F74210000000031
:10A828006E6574696620213D204E554C4C00000031
:10A838006468637020213D204E554C4C0000000098
:10A848006E6574696620616C7265616479206861FF
:10A858007320612073747275637420646863702058
:10A8680073657400646863705F7063625F726566C5
:10A87800636F756E7428293A20726566636F756E0A
:10A8880074206572726F7200696E76616C696420FB
:10A89800646863702D3E7374617465006172705FE3
:10A8A8007461626C655B695D2E71203D3D204E557B
:10A8B8004C4C00006172705F7461626C655B695D2D
:10A8C8002E7374617465203D3D20455448415250B3
:10A8D8005F53544154455F454D50545900000000A2
:10A8E800636865636B207468617420666972737449
:10A8F80020706275662063616E20686F6C642073D7
:10A908007472756374206574686172705F686472CC
:10A91800000000006E657469662D3E6877616464A6
:10A92800725F6C656E206D75737420626520746843
:10A93800652073616D65206173204554485F4857F1
:10A94800414444525F4C454E20666F7220657468DE
:10A9580061727021000000006172705F7461626C46
:10A96800655B6172705F6964785D2E73746174658C
:10A97800203E3D204554484152505F535441544570
:10A988005F535441424C45006970616464722021F0
:10A998003D204E554C4C00006574685F726574200C
:10A9A800213D204E554C4C006E657469662D3E68FD
:10A9B80077616464725F6C656E203D3D2045544844
:10A9C8005F4857414444525F4C454E006E6F2070BB
:10A9D80061636B65742071756575657320616C6C56
:10A9E8006F776564210000007120213D204E554C91
:10A9F8004C00000069636D705F696E7075743A2071
:10AA08006D6F76696E6720722D3E7061796C6F612B
:10AA18006420746F2069636D702068656164657275
:10AA2800206661696C65640069636D705F696E704A
:10AA380075743A20726573746F72696E67206F72ED
:10AA48006967696E616C20702D3E7061796C6F6109
:10AA580064206661696C6564000000006368656372
:10AA68006B207468617420666972737420706275F3
:10AA7800662063616E20686F6C642069636D702066
:10AA88006D6573736167650069676D705F73656E87
:10AA9800643A20636865636B207468617420666932
:10AAA80072737420706275662063616E20686F6CC3
:10AAB80064207374727563742069676D705F6D7359
:10AAC8006700000069676D705F6C6F6F6B75705F12
:10AAD80067726F75703A20616C6C20657863657079
:10AAE800742066697273742067726F7570206D7553
:10AAF8007374206E6F7420626520616C6C73797357
:10AB080074656D730000000070637220213D204E53
:10AB1800554C4C007072657620213D20697072009A
:10AB2800707265762D3E6E657874203D3D206970A3
:10AB38007200000070627566735F667265656420F6
:10AB48002B20636C656E203C3D2030786666666617
:10AB58000000000073616E69747920636865636B37
:10AB6800206C696E6B6564206C697374000000006A
:10AB780069705F72656173735F70627566636F7524
:10AB88006E74203E3D2070627566735F66726565FF
:10AB98006400000073616E69747920636865636B93
:10ABA8000000000076616C69646174655F646174BB
:10ABB800616772616D3A6E6578745F70627566215F
:10ABC8003D4E554C4C00000069705F7265617373AF
:10ABD8005F70627566636F756E74203E3D20636CAE
:10ABE800656E00006E6F74206669727374616C74B0
:10ABF800686F756768206A75737420656E7175650E
:10AC08007565640074686973206E65656473206196
:10AC1800207062756620696E206F6E6520706965A8
:10AC280063652100702D3E6C656E203E3D20706F7F
:10AC380066660000702D3E726566203D3D2031003D
:10AC4800636865636B2074686174206669727374E5
:10AC580020706275662063616E20686F6C64207373
:10AC680074727563742069705F6864720000000014
:10AC7800756E68616E646C65640000006163645F92
:10AC8800636F6E666C6963745F63616C6C62616349
:10AC98006B20213D204E554C4C0000006163645FE1
:10ACA80072656D6F766528293A20616364206E6F3E
:10ACB80074206F6E206C6973740A00006E65746985
:10ACC800662D3E6877616464725F6C656E206D7591
:10ACD8007374206265203620666F7220657468651B
:10ACE800726E65745F6F7574707574210000000072
:10ACF80063797734335F726561645F627974657311
:10AD0800206572726F722025640000005B435957FA
:10AD180034335D2063797734335F6B736F5F7365AA
:10AD280074282564293A206661696C65640A000004
:10AD38005B43595734335D20427573206572726FD7
:10AD48007220636F6E646974696F6E2064657465E0
:10AD58006374656420307825780A00005B4359578E
:10AD680034335D206572726F723A20686472206DA8
:10AD780069736D617463682025303478205E2025FE
:10AD88003034780A000000005B43595734335D20A3
:10AD98005354414C4C2825753B25752D2575293A6A
:10ADA8002074696D656F75740A0000005B4359571C
:10ADB80034335D20646F5F696F63746C3A20676F2A
:10ADC8007420756E6578706563746564207061635E
:10ADD8006B65742025640A005B43595734335D2042
:10ADE800646F5F696F63746C2825752C2025752C3A
:10ADF800202575293A2074696D656F75740A0000FD
:10AE08005B43595734335D20636F7265206E6F74EE
:10AE180020696E2072657365740000006275733A6C
:10AE28007478676C6F6D0000617073746100000066
:10AE3800616D7064755F62615F7773697A65000040
:10AE4800616D7064755F6D7064750000616D70642C
:10AE5800755F72785F666163746F720062737363A3
:10AE680066673A6576656E745F6D73677300000098
:10AE78005B43595734335D204661696C65642074BF
:10AE88006F20737461727420435957343300000083
:10AE980056657273696F6E3A200000005B4359571C
:10AEA80034335D20636F756C64206E6F742066693F
:10AEB8006E642076616C6964206669726D77617270
:10AEC800650000005B43595734335D2074696D6534
:10AED8006F75742077616974696E6720666F722078
:10AEE800414C5020746F2062652073657400000027
:10AEF8005B43595734335D20636F7265206E6F74FE
:10AF0800207570005B43595734335D204854206ED8
:10AF18006F74207265616479000000005B435957C3
:10AF280034335D204632206E6F7420726561647917
:10AF3800000000005B43595734335D20434C4D20DB
:10AF48006C6F6164206661696C6564006375725F2B
:10AF58006574686572616464720000006D63617392
:10AF6800745F6C6973740000706D325F736C656533
:10AF7800705F72657400000062636E5F6C695F6287
:10AF8800636E000062636E5F6C695F6474696D0074
:10AF98006173736F635F6C697374656E00000000A2
:10AFA8006273736366673A7375705F7770610000E8
:10AFB8006273736366673A7375705F777061325F47
:10AFC80065617076657200006273736366673A73D1
:10AFD80075705F7770615F746D6F00007361655F96
:10AFE80070617373776F7264000000006D667000A3
:10AFF8006A6F696E000000006273736366673A7374
:10B00800736964006273736366673A777365630094
:10B018006273736366673A7770615F61757468001D
:10B028007361655F6D61785F7077655F6C6F6F7076
:10B038000000000032675F6D7261746500000000F7
:10B04800627373005B43595734335D2073656E64D4
:10B058005F65746865726E6574206661696C6564A5
:10B068003A2025640A0000005B252038645D2041F1
:10B0780053594E4328253034782C0000257300009E
:10B08800257500002C25752C25752C2575290A0099
:10B098005345545F53534944000000004A4F494EFA
:10B0A8000000000041555448000000004445415547
:10B0B80054485F494E4400004153534F4300000039
:10B0C8004449534153534F430000000044495341FE
:10B0D80053534F435F494E44000000004C494E4BC8
:10B0E8000000000050534B5F5355500045534341F7
:10B0F8004E5F524553554C54000000004353415F86
:10B10800434F4D504C4554455F494E4400000000A4
:10B118004153534F435F5245515F4945000000007A
:10B128004153534F435F524553505F494500000018
:10B138004E6F2050494F207374617465206D6163B0
:10B1480068696E65732061726520617661696C61FA
:10B15800626C65004E6F20444D41206368616E6EDD
:10B16800656C732061726520617661696C61626CDF
:10B17800650000006173796E635F636F6E74657854
:10B1880074206C6F636B5F636865636B20666169CD
:10B198006C65640000000000FFFFFFFFFFFFFF7FFA
:10B1A80006005250D3F075428C940110060052509C
:10B1B800E182887F9494011006005250ABB360532B
:10B1C800A494011006005250BBFF3CB6AC94011089
:10B1D80006005250861C0302B49401100600525017
:10B1E8005422A29DC094011005005250DE65F468F7
:10B1F800104305101C440010CC430010CC43001031
:10B2080014440010CC430010CC430010CC43001071
:10B21800CC430010CC430010CC430010CC430010AA
:10B228000C440010CC43001004440010CC43001020
:10B23800CC430010FC4300103C4600103244001080
:10B248002C460010324400101646001032440010FC
:10B2580032440010324400103244001032440010CE
:10B2680032440010324400102444001032440010CC
:10B2780032440010324400103244001032440010AE
:10B2880024440010DA46001086430010864300105C
:10B298008643001086430010864300108643001042
:10B2A8008643001086430010864300108643001032
:10B2B8008643001086430010864300108643001022
:10B2C8008643001086430010864300108643001012
:10B2D8008643001086430010864300108643001002
:10B2E80086430010864300108643001086430010F2
:10B2F80086430010864300108643001086430010E2
:10B308008643001050460010A84600105046001012
:10B3180086430010864300108643001086430010C1
:10B3280086430010864300108643001086430010B1
:10B3380086430010864300108643001086430010A1
:10B348008643001086430010864300108643001091
:10B35800EA48001086430010864300108643001018
:10B368008643001086430010864300108643001071
:10B378008643001086430010EA480010EC4600108F
:10B38800EA48001050460010A84600105046001029
:10B39800000000000000F03F000000000000244012
:10B3A80000000000000059400000000000408F40ED
:10B3B800000000000088C34000000000006AF84058
:10B3C8000000000080842E4100000000D01263417C
:10B3D8000000000084D797410000000065CDCD41F2
:10B3E8000D0A000000000000E553001000000000F6
:10B3F800E9530010F5530010215400101D5400109B
:10B40800000000000A00000000000306A600080073
:10B41800020002009C001400030057494E55534295
:10B42800000000000000000000008000040001008F
:10B438002800440065007600690063006500490043
:10B448006E007400650072006600610063006500AC
:10B45800470055004900440000004E007B00620090
:10B4680063003700330039003800630031002D00D5
:10B4780037003300630064002D003400630062006D
:10B4880037002D0039003800620038002D003900DF
:10B498003100330061003800660063006100370046
:10B4A8006200660036007D0000000000050F2100E4
:10B4B800011C100500DF60DDD88945C74C9CD265AA
:10B4C8009D9E648A9F00000306A6000100000000FC
:10B4D8000600525053B4F4A1E49401100000000097
:10B4E800F894011008950110C880002010950110EB
:10B4F8001C95011009025400030100807D080B000F
:10B5080002020200000904000001020200040524EE
:10B518000020010524010001042402060524060078
:10B52800010705810308001009040100020A000050
:10B5380000070502024000000705820240000009DA
:10B5480004020000FF00010512011002EF02014091
:10B558008A2E0A000001010203010000F85F0010B2
:10B5680060610010B0610010386100104A6100107D
:10B5780028610010986000104460001038600010C6
:10B588001A65001000650010D06200103A650010BE
:10B59800D0620010E8640010D4640010D06200107B
:10B5A800C0640010C6630010D0620010A6670010C7
:10B5B800986700108C670010D0620010D0620010ED
:10B5C8007667001098670010D0620010D0620010F3
:10B5D800D0620010D0620010D0620010D06200105B
:10B5E800D06200102C670010520F0020520F00206C
:10B5F8009C0F0020BC0F002000100020121000201B
:10B60800480F002000000000316D0010A16D0010EF
:10B61800D16D00101D6E0010C16E0010A96F0010D2
:10B628000000000000000000A97000100571001063
:10B6380021710010497100107D54001069720010CA
:10B648000000000004B70110F4B60110E4B60110C0
:10B65800D4B60110C4B60110B4B60110A4B60110D6
:10B6680094B6011084B6011074B60110FC6E002067
:10B67800FC050800283400205C6F0020F06E0020D4
:10B68800100010000C640020586F0020146F002078
:10B6980010000800B4650020646F0020E46E0020EC
:10B6A80010000800A4330020546F0020D86E00203A
:10B6B80018000F0038320020506F0020086F00205B
:10B6C8002000050010650020606F0020386F002002
:10B6D80010002000906B0020706F00202C6F00205D
:10B6E8001C000400386600206C6F0020206F0020CA
:10B6F8009C000800AC660020686F0020446F0020A2
:10B7080028000800946D0020746F0020AC80002091
:10B71800A4800020A0800020B480002003060C181C
:10B7280030607800010203040506070707070707CA
:10B7380007000000F6C60010F6C60010D2C70010B9
:10B748004CC90010B2C70010ECC80010ACC80010FB
:10B75800B2C7001060C8001038C80010FA00000016
:10B76800FDAE0010E8030000291F0110E8030000E7
:10B77800E90C011060EA000035050110F401000031
:10B788000D070110640000000D3201106400000074
:10B798004D1C0110E803000011880010FCFC00108B
:10B7A8005CFE0010C4FC001042FE0010C4FC001037
:10B7B800C4FC00101AFE0010C4FC0010C4FC0010E9
:10B7C800C4FC0010C4FC0010C4FC0010C4FC001031
:10B7D800C4FC0010C4FC0010C4FC0010C4FC001021
:10B7E800C4FC0010C4FC0010C4FC0010C4FC001011
:10B7F800C4FC0010C4FC0010C4FC0010C4FC001001
:10B80800C4FC0010C4FC0010C4FC0010C4FC0010F0
:10B81800C4FC0010C4FC0010C4FC0010C4FC0010E0
:10B82800C4FC0010C4FC0010C4FC0010C4FC0010D0
:10B83800C4FC0010C4FC0010C4FC0010C4FC0010C0
:10B84800C4FC0010C4FC0010C4FC0010C4FC0010B0
:10B85800C4FC0010C4FC0010C4FC0010C4FC0010A0
:10B86800C4FC0010C4FC001006FE0010ECFD001023
:10B87800D4FD0010BCFD0010C4FC0010C4FC001076
:10B88800C4FC0010A4FD001000FD0010FCFC00101A
:10B89800DCFE0010D4FC0010DCFE0010D4FC00100C
:10B8A800D4FC0010D4FC0010D4FC0010D4FC001010
:10B8B800D4FC0010D4FC0010D4FC0010D4FC001000
:10B8C800D4FC0010D4FC0010D4FC0010D4FC0010F0
:10B8D800D4FC0010D4FC0010D4FC0010D4FC0010E0
:10B8E800D4FC0010D4FC0010D4FC0010D4FC0010D0
:10B8F800D4FC0010D4FC0010D4FC0010D4FC0010C0
:10B90800D4FC0010D4FC0010D4FC0010D4FC0010AF
:10B91800D4FC0010D4FC0010D4FC0010D4FC00109F
:10B92800D4FC0010D4FC0010D4FC0010D4FC00108F
:10B93800D4FC0010D4FC0010D4FC0010D4FC00107F
:10B94800D4FC0010D4FC0010D4FC0010D4FC00106F
:10B95800D4FC0010D4FC0010DCFE0010DCFE00104B
:10B96800DCFE0010DCFE0010D4FC0010D4FC00103B
:10B97800D4FC0010DCFE0010DCFE00103430011096
:10B9880000310110EE300110123101103631011072
:10B99800FFFFFFFF000000000000000000000000A3
:10B9A800FFFFFFFFFFFF0000B8B9011006FF00000E
:10B9B8000160401080E042B00140841000000000A7
:10B9C800651400009113000091130000911300000A
:10B9D80091130000911300009113000091130000CF
:10B9E80091130000911300009113000091130000BF
:10B9F80091130000911300009113000091130000AF
:10BA0800911300009113000091130000911300009E
:10BA1800911300009113000091130000911300008E
:10BA2800911300009113000091130000911300007E
:10BA38009113000091130000911300000048004783
:10BA48006514000000000000000000000000000075
:10BA580000000000000000000000000000000000DE
:10BA680000000000000000000000000000000000CE
:10BA780000000000000000000000000000000000BE
:10BA880000000000000000000000000000000000AE
:10BA9800000000000000000000000000000000009E
:10BAA8000000000000000000000000004442505068
:10BAB800186001000000000000000000C51B000025
:10BAC800C51B0000C51B0000C51B0000C51B0000EE
:10BAD800C51B0000C51B0000D9130000D5130000CA
:10BAE80015140000DD3D0000793900003B330000EB
:10BAF800D93D0000C9350000B13900001D3E0000E5
:10BB08004FD50100D93A0000133400007F340000FB
:10BB1800893E00008B3E0000FB380000AD3D000070
:10BB28004DD50100C51B0000C51B0000C51B00004A
:10BB3800C51B0000C51B0000C51B0000C51B00007D
:10BB4800C51B0000C51B0000C51B0000C51B00006D
:10BB5800C51B0000C51B0000C51B00009FDC0000C2
:10BB6800C51B0000C51B0000C51B0000C51B00004D
:10BB7800C51B0000C51B0000C51B0000C51B00003D
:10BB8800C51B0000C51B0000C51B0000C51B00002D
:10BB9800C51B0000C51B000047FC0000C51B0000BA
:10BBA800A3FD0000C51B0000C51B00009FFD000091
:10BBB8002BFC0000C51B0000C51B0000C51B0000B6
:10BBC800772E01005B3301001B3501006F34010043
:10BBD800DF3301001F320100C51B0000C51B000038
:10BBE800C51B0000BD350100C51B0000C51B0000BA
:10BBF800C51B0000C51B0000C51B0000C51B0000BD
:10BC0800C51B0000C51B0000C51B0000C51B0000AC
:10BC1800C51B0000C51B0000C51B0000C51B00009C
:10BC2800C51B0000C51B0000C51B0000C51B00008C
:10BC3800C51B0000C51B0000C51B0000C51B00007C
:10BC4800C51B0000C51B0000C51B0000C51B00006C
:10BC5800C51B0000C51B0000C51B0000C51B00005C
:10BC6800C51B0000C51B0000C51B0000C51B00004C
:10BC7800C51B0000C51B00007916000081160000D6
:10BC8800191F0000352E0000892E0000ED3F00002E
:10BC9800F93F000069510000D1B10000B9DC000093
:10BCA800B1FB0000C1350100691600008D160000C7
:10BCB8009D1700009D180000E51B0000851C000072
:10BCC800F51C0000791D0000251F0000A12E0000B2
:10BCD800953F00000540000005490000474C000062
:10BCE8009D4D0000A54D0000A94D0000C51B00009A
:10BCF800C54D0000FD4D0000054E00005B4E0000E4
:10BD08005F4E00006D4E0000956C0000C51B0000E2
:10BD180085510000C51B0000056D00003D94000022
:10BD280081A2000059A30000C9A30000C5CA0000F1
:10BD3800E5CA0000E1CE0000C1DC0000D1DC000053
:10BD48002FE2000049E4000091E8000083FB0000B6
:10BD580089FB00001D170100010000000000000819
:10BD6800200000000002000004000000FF030000A3
:10BD78005000000001000000010000000A0708014F
:10BD8800000000000800000001040000010000009D
:10BD9800040004000800010000000000000000008A
:10BDA800000000000000000000000000000000008B
:10BDB800000000000000000000000000000000007B
:10BDC800000000000000000000000000000000006B
:10BDD800000000000000000000000000000000005B
:10BDE800000000000000000000000000000000004B
:10BDF800000000000000000000000000000000003B
:10BE0800000000000000000000000000000000002A
:10BE1800000000000000000000000000000000001A
:10BE2800000000000000000000000000000000000A
:10BE380000000000000000000000000000000000FA
:10BE480000000000000000000000000000000000EA
:10BE580000000000000000000000000000000000DA
:10BE680000000000000000000000000000000000CA
:10BE780000000000000000000000000000000000BA
:10BE880000000000000000000000000000000000AA
:10BE9800000000000000000000000000000000009A
:10BEA800000000000000000000000000000000008A
:10BEB800000000000000000000000000000000007A
:10BEC800000000000000000000000000000000006A
:10BED800000000000000000000000000000000005A
:10BEE800000000000000000000000000000000004A
:10BEF800000000000000000000000000000000003A
:10BF08000000000000000000000000000000000029
:10BF18000000000000000000000000000000000019
:10BF28000000000000000000000000000000000009
:10BF380000000000000000000000000000000000F9
:10BF480000000000000000000000000000000000E9
:10BF580000000000000000000000000000000000D9
:10BF680000000000000000000000000000000000C9
:10BF780000000000000000000000000000000000B9
:10BF880000000000000000000000000000000000A9
:10BF98000000000000000000000000000000000099
:10BFA8000000000000000000000000000000000089
:10BFB8000000000000000000000000000000000079
:10BFC8000000000000000000000000000000000069
:10BFD8000000000000000000000000000000000059
:10BFE8000000000000000000000000000000000049
:10BFF8000000000000000000000000000000000039
:10C008000000000000000000000000000000000028
:10C018000000000000000000000000000000000018
:10C028000000000000000000000000000000000008
:10C0380000000000000000000000000000000000F8
:10C0480000000000000000000000000000000000E8
:10C0580000000000000000000000000000000000D8
:10C0680000000000000000000000000000000000C8
:10C0780000000000000000000000000000000000B8
:10C0880000000000000000000000000000000000A8
:10C098000000000000000000000000000000000098
:10C0A8000000000000000000000000000000000088
:10C0B8000000000000000000000000000000000078
:10C0C8000000000000000000000000000000000068
:10C0D8000000000000000000000000000000000058
:10C0E8000000000000000000000000000000000048
:10C0F8000000000000000000000000000000000038
:10C108000000000000000000000000000000000027
:10C118000000000000000000000000000000000017
:10C128000000000000000000000000000000000007
:10C1380000000000000000000000000000000000F7
:10C1480000000000000000000000000000000000E7
:10C1580000000000000000000000000000000000D7
:10C1680000000000000000000000000000000000C7
:10C1780000000000000000000000000000000000B7
:10C1880000000000000000000000000000000000A7
:10C198000000000000000000000000000000000097
:10C1A8000000000000000000000000000000000087
:10C1B80000000000000000000000000000F459B278
:10C1C80000000000FFF75E9F0000000000F463B16C
:10C1D80000000000FFF7419D00000000FFF76D9C84
:10C1E80000000000F3F7AE9800000000E9F7679E32
:10C1F80000000000E5F7989D00000000E4F7829F2A
:10C2080000000000D3F77C9B00000000CFF7EC99FA
:10C2180000000000C9F7D89E00000000C8F75A9F28
:10C2280000000000C8F7B49C00000000C2F7549F4B
:10C2380000000000C0F7449C00000000C0F7329ADC
:10C2480000000000BFF78C9D00000000BFF7569F5C
:10C2580000000000C2F71E9D00000000E1F7C29C2C
:10C2680000000000BFF7049800000000BEF7A69E7B
:10C2780000000000BDF77C9F00000000BBF76D9C2C
:10C2880000000000A2F73E9D00000000B7F7E29A08
:10C2980000000000DDF7329B00000000B9F7889E1F
:10C2A80000000000B2F7669B00000000B2F7F69AA3
:10C2B80000000000B2F77C9900000000B1F7869AF0
:10C2C80000000000DAF7669C00000000B0F76E9EE0
:10C2D80000000000C1F7FE9A00000000AEF73B9B8B
:10C2E80000000000A0F7F69D00000000A0F7169CD3
:10C2F80000000000ABF7F09E00000000A2F7E09CF1
:10C3080000000000A2F7DE9A00000000A0F7FB98EA
:10C31800000000009FF7AE9F000000009EF7B6994E
:10C32800000000009DF77C9D000000009BF7329DF7
:10C33800000000009AF7F89F00000000A0F7E09EB8
:10C3480000000000A0F70F9F0000000099F7DE9A98
:10C3580000000000A0F7939C00000000D7F7289F7A
:10C3680000000000D7F71C9A00000000D7F7169CC1
:10C3780000000000D9F78A9C0000000093F7709A2B
:10C388000000000093F776990000000093F7CD9D18
:10C398000000000093F77D9B0000000093F7B89A17
:10C3A8000000000092F7649F0000000092F7029DD1
:10C3B8000000000092F7D29A0000000092F700995E
:10C3C8000000000092F714980000000092F7129BFA
:10C3D800000000008FF7249900000000D7F7449B65
:10C3E80000000000D7F7129B00000000D6F7989EC7
:10C3F800000000008CF7539C000000008CF7939D10
:10C40800000000008BF74B9F000000008CF78E990E
:10C418000000000089F7749E000000000000000082
:10C428000000000000000000000000000000000004
:10C4380000000000000000000000000000000000F4
:10C4480000000000000000000000000000000000E4
:10C4580000000000000000000000000000000000D4
:10C4680000000000000000000000000000000000C4
:10C4780000000000000000000000000000000000B4
:10C4880000000000000000000000000000000000A4
:10C498000000000000000000000000000000000094
:10C4A8000000000000000000000000000000000084
:10C4B8000000000000000000000000000000000074
:10C4C8000000000000000000000000000000000064
:10C4D8000000000000000000000000000000000054
:10C4E8000000000000000000000000000000000044
:10C4F8000000000000000000000000000000000034
:10C508000000000000000000000000000000000023
:10C518000000000000000000000000000000000013
:10C528000000000000000000000000000000000003
:10C5380000000000000000000000000000000000F3
:10C5480000000000000000000000000000000000E3
:10C5580000000000000000000000000000000000D3
:10C5680000000000000000000000000000000000C3
:10C5780000000000000000000000000000000000B3
:10C5880000000000000000000000000000000000A3
:10C598000000000000000000000000000000000093
:10C5A8000000000000000000000000000000000083
:10C5B8000000000000000000000000000000000073
:10C5C8000000000000000000000000000000000063
:10C5D8000000000000000000000000000000000053
:10C5E8000000000000000000000000000000000043
:10C5F8000000000000000000000000000000000033
:10C608000000000000000000000000000000000022
:10C618000000000000000000000000000000000012
:10C628000000000000000000000000000000000002
:10C6380000000000000000000000000000000000F2
:10C6480000000000000000000000000000000000E2
:10C6580000000000000000000000000000000000D2
:10C6680000000000000000000000000000000000C2
:10C6780000000000000000000000000000000000B2
:10C6880000000000000000000000000000000000A2
:10C698000000000000000000000000000000000092
:10C6A8000000000000000000000000000000000082
:10C6B8000000000000000000000000000000000072
:10C6C8000000000000000000000000000000000062
:10C6D8000000000000000000000000000000000052
:10C6E8000000000000000000000000000000000042
:10C6F8000000000000000000000000000000000032
:10C708000000000000000000000000000000000021
:10C718000000000000000000000000000000000011
:10C728000000000000000000000000000000000001
:10C7380000000000000000000000000000000000F1
:10C7480000000000000000000000000000000000E1
:10C7580000000000000000000000000000000000D1
:10C7680000000000000000000000000000000000C1
:10C7780000000000000000000000000000000000B1
:10C7880000000000000000000000000000000000A1
:10C798000000000000000000000000000000000091
:10C7A8000000000000000000000000000000000081
:10C7B8000000000000000000000000000000000071
:10C7C8000000000000000000000000000000000061
:10C7D8000000000000000000000000000000000051
:10C7E8000000000000000000000000000000000041
:10C7F8000000000000000000000000000000000031
:10C808000000000000000000000000000000000020
:10C818000000000000000000000000000000000010
:10C828000000000000000000000000000000000000
:10C8380000000000000000000000000000000000F0
:10C8480000000000000000000000000000000000E0
:10C8580000000000000000000000000000000000D0
:10C8680000000000000000000000000000000000C0
:10C8780000000000000000000000000000000000B0
:10C8880000000000000000000000000000000000A0
:10C898000000000000000000000000000000000090
:10C8A8000000000000000000000000000000000080
:10C8B8000000000000000000000000000000000070
:10C8C8000000000000000000000000000000000060
:10C8D8000000000000000000000000000000000050
:10C8E8000000000000000000000000000000000040
:10C8F8000000000000000000000000000000000030
:10C90800000000000000000000000000000000001F
:10C91800000000000000000000000000000000000F
:10C9280000000000000000000000000000000000FF
:10C9380000000000000000000000000000000000EF
:10C9480000000000000000000000000000000000DF
:10C9580000000000000000000000000000000000CF
:10C9680000000000000000000000000000000000BF
:10C9780000000000000000000000000000000000AF
:10C98800000000000000000000000000000000009F
:10C99800000000000000000000000000000000008F
:10C9A800000000000000000000000000000000007F
:10C9B800000000000000000000000000D41B800000
:10C9C8000400000000080000B422800004000000F9
:10C9D8000808000078238000040000001008000008
:10C9E800C4278000040000001808000030288000D8
:10C9F8000400000020080000D8178100040000008F
:10CA08002808000000D08100040000003008000061
:10CA18001C14820004000000380800002838820036
:10CA280004000000400800006C6683000400000059
:10CA380048080000ACAD8300040000005008000066
:10CA48000808840004000000580800001C1A84002C
:10CA58000400000060080000982284000400000020
:10CA6800680800002C8A8400040000007008000098
:10CA7800D8BE84000400000078080000C0BF84000D
:10CA8800040000008008000010C3840004000000B7
:10CA98008808000078C9840004000000900800009D
:10CAA8002C91840004000000980800000C4C8200BF
:10CAB80004000000A0080000FCD984000400000065
:10CAC800A808000084E3840004000000B008000007
:10CAD80018EC840004000000B80800000C19850058
:10CAE80004000000C008000084C0860004000000A4
:10CAF800C80800004466850004000000D008000053
:10CB080010A2820004000000D8080000003B850045
:10CB180004000000E008000084B68500040000005E
:10CB2800E8080000E8B6850004000000F0080000EE
:10CB3800CCBA850004000000F8080000F8C8850099
:10CB48000400000000090000B0BE820004000000DC
:10CB580008090000ACD4850004000000100900009A
:10CB6800E09B84000400000018090000B8FB850061
:10CB7800040000002009000038E3860004000000DB
:10CB8800280900006CEA8600040000003009000053
:10CB9800282586000400000038090000F0C086003F
:10CBA80004000000400900003CC3860004000000A7
:10CBB8004809000018F98600040000005009000028
:10CBC80064FA860004000000580900004409870040
:10CBD8000400000060090000101387000400000032
:10CBE8006809000010338700040000007009000085
:10CBF8005C3B87000400000078090000A0D986008B
:10CC0800040000008009000058DA860004000000D3
:10CC180088090000B860870004000000900900003F
:10CC280018E086000400000098090000ACE48200C7
:10CC380004000000A009000058EF82000400000072
:10CC4800A8090000E4F1820004000000B009000017
:10CC5800C0F2820004000000B8090000D4D18700A7
:10CC680004000000C0090000D4D4870004000000BC
:10CC7800C8090000BCD6870004000000D0090000E5
:10CC8800F4D9870004000000D8090000C0DA870042
:10CC980004000000E0090000DCDC8700040000005C
:10CCA800E8090000F8DC870004000000F009000033
:10CCB80088DD870004000000F80900007CE2870096
:10CCC80004000000000A0000CCE387000400000014
:10CCD800080A0000F4E5870004000000100A0000BC
:10CCE8009026880004000000180A0000A40B8300A6
:10CCF80004000000200A00007C0E830004000000ED
:10CD0800280A00000819830004000000300A000007
:10CD18005058880004000000380A00002059880094
:10CD280004000000400A0000D462880004000000EB
:10CD3800480A00008469880004000000500A0000C6
:10CD4800DC98880004000000580A000068468369DF
:10CD580041690BB503695A4651460EB44A464146E5
:10CD680006B4C36882684168FEB40368C269EFF319
:10CD780003810EB48269EFF3058106B403480168A4
:10CD88000029FED06846884714B000BD3C14000056
:10CD980062B6704772B6704704490840002803D04D
:10CDA80003490A6802430A6070470000FFFF000059
:10CDB80000E100E004490840002804D003490A685B
:10CDC800C04302400A607047FFFF000080E100E0B6
:10CDD80002490968902288587047000044140000EE
:10CDE800024909689C2288507047000044140000DA
:10CDF800DDBAADBB0000000000000000000000002C
:10CE0800000000000000000000000000000000001A
:10CE1800024A11681060081C704700003C140000AA
:10CE28005648574900220A500168564A0A40564F48
:10CE38000F403F4206D15046004202D040460042D1
:10CE480029D1FEE7FC2141580A680F2313400F2B14
:10CE5800F1D0012B01D00431F6E708314B4B1340D8
:10CE68004B4CA34206D100F0C1F8804600F0CAF846
:10CE78008146E9E7474CA342E6D10B1F1B68464CA5
:10CE880023401824E3409C4600F0B0F8824600F0A6
:10CE9800B9F88346D8E7414921224250374A4049E8
:10CEA8008958FF23194219D051683E4B194215D0B1
:10CEB8001168344B1940D36A10E0A3420ED0C04623
:10CEC8000CE039498958194208D03849895819401D
:10CED8009942FAD1364B11691942FCD049463F4272
:10CEE80004D19823CB581024E34001E0314BCB58B0
:10CEF8001C242340002B01D000F092F840462E4914
:10CF0800086048462D49086050462D49086060462B
:10CF18002C4908602C490F602C4D2D490D602D4877
:10CF28002D49002204C08142FCD8043DAD46009D35
:10CF3800EC431023DD41AC4210D1240CA400274D52
:10CF48002C606B461B1B2648264D2860002C05D0FC
:10CF58001D68056004330430043CF9DC81B0224BC1
:10CF68001B490D68ED1A0D606C46E41AA546684623
:10CF780000090001854600F0D7FCFEE70000001814
:10CF880014060000FFFF0000000000F000FF0F0083
:10CF9800002A0800000E0800000000FFE001000061
:10CFA8000406000000003800180600000C06000007
:10CFB8000010000008040000441400004814000099
:10CFC8004C14000050140000401400000000080039
:10CFD800945C0100BC5F01009C6601009C5C010040
:10CFE8008C750200985C01000000010008680F229F
:10CFF80004310240052AF9D1014A1040F7460000E1
:10D0080000F0FFFF08680F2204310240052AF9D119
:10D0180080221042F6D0014A1040F74600F0FFFF88
:10D02800FEE7000000487047BC5F010000487047F9
:10D03800FC5F0100004870476060010000487047CD
:10D048000860010003F04ABA01238B402DE9F74F2D
:10D05800B3F5001F28BF4FF40013042B38BF042377
:10D068000330019320F00304FFF7E0FF354B002263
:10D07800D3F800B015469446134627E0D1F800A02F
:10D08800A24522D301F10807019E07EB0A08C6F161
:10D098000009C4EB080609EA0606BE4215D3DDF806
:10D0A800049009F1FF3919EA070FCDF8009002D072
:10D0B800F71B072F09D9C4EB0A075F4505D242467B
:10D0C80035466FB1BB4684460B4608464168002981
:10D0D800D4D13BB91C4A18461168013111602FE0C0
:10D0E80084460B46521B111B072909D918682A19AF
:10D0F800401A083918602951596851605A60224607
:10D108001968891A072903D85A68CCF8042004E05A
:10D118005A50A1F108021A605B180C4800221968DD
:10D128005A6002688A18026009480168083101607B
:10D138008918084A1068814288BF116003F1080005
:10D14800BDE8FE8FF4030000F003000014040000A3
:10D15800480400000460010038B5194B50F8082C49
:10D16800196805468A1A1A60164BA0F108041A684D
:10D17800083A1A60FFF75AFF02E0A34203D21846A2
:10D188004368002BF9D155F8082CA9188B4205D112
:10D1980019685B685218083245F8082C6360036800
:10D1A80003F108028218A24207D155F8082C9B18EF
:10D1B800083303606368436000E04460002038BDC2
:10D1C800140400004804000010B500214022044661
:10D1D80005F04ADC104B2360104B6360104BA360D2
:10D1E800104BE360104B2361104B6361104BA3613C
:10D1F800104BE361104B2362104B6362104BA36228
:10D20800104BE362104B2363104B6363104BA36313
:10D21800104BE36310BD00BF00000000F8370100A9
:10D22800F8370100915C0100945C0100BC5F0100CB
:10D23800BC5F01009C6601009C660100FCB6020010
:10D24800FCB602008C6A0300FC000000000100002C
:10D258000000000000000000F0B52D4D91B06846B8
:10D26800FFF7B2FF2978002937D10898099C241ABA
:10D2780006D0224605F0F8DB0898214609F06EDD55
:10D2880022462449244805F015DC244B00241C7050
:10D2980001232B70224D09F091DC2B68002B33D031
:10D2A8001A78002A30D09F895E890CE02B681D4AC5
:10D2B800D98910680AF076DC0134014630B1184B80
:10D2C800186806F0B1DBA319BB42EFDB164B2968DF
:10D2D8001868012206F0ECDB16E0144E317899B993
:10D2E8000A980B9C241A06D0224605F0BDDB0A9842
:10D2F800214609F033DD08480D49224605F0DADBFE
:10D3080000232B700123337009F058DC11B0F0BDF5
:10D31800FC0300009AFB88005539010014600100E5
:10D3280044040000900400002C0400006C6001001C
:10D33800521E8900014B1868704700BF945C0100B9
:10D34800002070472DE9F04F9DB00AA8FFF73CFF79
:10D35800FFF7F0FF0446FFF7F3FF0A9B0B9A0F99BC
:10D36800D21A0E9B0D9DC3EB01091199109B6E4EAD
:10D37800CB1A0C99DFF80082C1EB050B9344326895
:10D38800D8F8001002F50052521A4A44D2185A44EA
:10D39800141924180994DFF8E4A1644C644F226836
:10D3A800DAF800506348AD183A680893C5EB020CE8
:10D3B800CDF81CC005F07EDB089B09F57E71019352
:10D3C80003F57E7307339B0A07310BF57E72890AD2
:10D3D800073202930823920A0091039359464B4659
:10D3E800554805F067DB336820683968DDF81CC0EC
:10D3F8000190039300F57E7003F57E730CF57E763D
:10D4080001F57E7207300733800A9B0A0732073618
:10D41800B60A920A0290049348486346009605F0BB
:10D4280049DB099905F57E7201F57E7307339B0A7E
:10D438000732920A00932946099B414805F03ADBD6
:10D44800404B414F1968414805F034DB3968404B7F
:10D458000A6846469A4203D03E4805F02BDB25E091
:10D468001A910B4604E015683948131D854203D10B
:10D478001A461BAB9A42F6D333681AAD0093364866
:10D488002B461A9205F016DB3B681A9AE91A3348BC
:10D49800D31A0A46009305F00DDB33681A9A591B14
:10D4A8002F489B1A0A46009305F004DB2D4B1B6896
:10D4B8004BB31A783AB35989DD891A8901FB05F605
:10D4C80038354D4306F57E7307339B128DE82800E7
:10D4D80005F57E7307339B1202932348334605F004
:10D4E800E9DA2368DAF80020991B9B185B1B03F51F
:10D4F8007E7001F57E720730800A07320090920A2A
:10D508001A4805F0D7DA1A4B1D6809F081DD044680
:10D5180009F078DD294603462246164805F0CADA9E
:10D528001DB0BDE8F08F00BF0460010014040000C6
:10D53800F40300008839010097390100D639010049
:10D548001B3A0100F003000068600100563A010030
:10D558004B415453713A0100953A0100CC3A01000D
:10D56800F13A010044040000173B0100443B01006C
:10D57800040400006C3B0100106001004804000036
:10D5880008B57146034805F095DA0120BDE8084062
:10D5980009F0249E9A3B010000487047186001007A
:10D5A8002DE9F34107460C4609F032DD10B909F0C0
:10D5B80035DD3AE0002620460DF106016A46ADF851
:10D5C8000660009607F103080AF072D9009D28F05A
:10D5D8000308454440F638039D4226D82DB3284613
:10D5E8003146FFF731FD0446F8B13146009A05F09F
:10D5F8003BDA009BA781ED1AE218C8EB050802EB9D
:10D608000803A3606368013D62F3140363601B0CA5
:10D6180065F34F13E380204609F0DEDC0123208008
:10D62800A370BDF80630E38104E0044B00241A68B7
:10D6380001321A602046BDE8FC8100BF4C0400009E
:10D6480038B50446E389590621D4A278013AD2B202
:10D65800A270002A27D1E27862B1134B204653F812
:10D668002250E9890AF0D4D928462146BDE8384035
:10D6780006F0509ADA0516D40C4B2046A360218890
:10D6880009F0D4DC2046BDE83840FFF765BD074BFC
:10D698002046A3602188A56B09F0C8DC2046FFF767
:10D6A8005BFD2C46CEE738BD50610100EFBEADDE14
:10D6B800F8B51F4E01220D463068002102F0AAFF7E
:10D6C800002108220746306802F0A4FF022D014617
:10D6D80010D107EA000414F4806406D0306821F4FD
:10D6E8008061002202F096FF2C46FA041ED544F011
:10D6F80004041BE0052D10D107F40064D4F10104E3
:10D7080038BF0024BB0511D5306841F48061002280
:10D7180002F080FF44F0200408E035B9306829465B
:10D728000522BDE8F84002F075BF00242046F8BD88
:10D738000004000029B9034B11461868072202F0BB
:10D7480069BF7047000400002DE9FF470446FFF752
:10D7580023FF2368C462032B03D1474B18680FF0DB
:10D76800EFD92368A3F110020F2A04D804B0BDE84A
:10D77800F04709F0CF9B032B0FD1404AE36C22F00E
:10D788000102934209D1626C06339361636C4FF0D6
:10D79800FF321A6004B0BDE8F087656CFFF7CAFD78
:10D7A800374E636CF169C3EB000A3268354805F0FF
:10D7B80081D9A36C21680093636C22460193A36806
:10D7C80031480293E36800270393E36C05F072D9AC
:10D7D800E36904F110010093236A2C480193636AFA
:10D7E8004FEA9A0A0293A36AB94603930EC905F051
:10D7F80061D9A36B04F12C010093E36B24480193D6
:10D80800236CB84602930EC905F054D9EB68214839
:10D81800009395E80E0005F04DD9EB6905F110016C
:10D8280000931D480EC905F045D918E07A59D30769
:10D838000FD5FF2A0DD9194B9A4204D902F1624338
:10D84800B3F5801F05D81648394605F033D909F1D4
:10D8580001090437B9F10F0F08F1010801D8D045C3
:10D86800E4D13368002043F4806386E8180004B0EC
:10D87800BDE8F04709F0B29C00040000D1C0800068
:10D8880070600100C63B0100DC3B0100113C010057
:10D89800443C0100733C0100913C0100F837010051
:10D8A800AF3C0100036810B5022B044603D0084BB7
:10D8B80018680BF0BDDE2046FFF746FF2368022BF1
:10D8C80005D0034B1868BDE810400BF0F19E10BD61
:10D8D80000040000014B1868704700BFB4600100E5
:10D8E8002DE9F04104464C200E46154698460AF0AC
:10D8F800D1D80746A0B100214C2205F0B5D84FF485
:10D90800F0637B634FF47A73FB631C233B640C2343
:10D918007B640423C7F80C803E607D60BC60BB64F8
:10D928003846BDE8F081704710B515F04BFF15F08B
:10D9380059FF15F0B3F816F005F8044615F06CF821
:10D9480020461BF0D9FCFFF787FC2046BDE81040B5
:10D9580009F0AE9A002301E0013340080028FBD10A
:10D96800C3F120007047C0177047431E23EA000028
:10D97800FFF7F9BF4840FFF7F8BF22EA0002084066
:10D988001043704708B5FFF7F8FFC0B208BD2DE98E
:10D99800F843DDF8208006460D46144699460027D0
:10D9A80007E0E95DE25D3046FFF7ECFF08F80700A5
:10D9B80001374F45F5D1BDE8F8830379013BDBB268
:10D9C800A3EB511300EB83008068D0F1010038BF4E
:10D9D8000020704710F0010130B51AD0022301224F
:10D9E800591E01249DB214FA01F1202D02D09C4049
:10D9F800013C01E04FF0FF3400FB02F52C40A1424E
:10DA080034BF891811460133212B0A46E8D108464C
:10DA180030BD084630BD38B5054600F51770FEF331
:10DA2800BDF700240AE004F1760005EB80004368A6
:10DA380013B10430FFF304F70134A4B2B5F8583138
:10DA4800A342F0D838BD2DE9F041061D9AB004462E
:10DA58000431304604321D46FEF384F60746002D95
:10DA680030D0204601210AAA202305F10408FFF33B
:10DA7800FDF647B920462946FFF368F60028D4BFCB
:10DA88000020012000E001200021FFF773FF31464C
:10DA9800054642463046FFF3FBF4012112AA202333
:10DAA8002046FFF3E3F602AEE8B20AA912AA202341
:10DAB8000096FFF76CFF63682046012132469B0001
:10DAC80000F0AEDA1AB0BDE8F081F0B5071D9BB0E2
:10DAD80004460431384604321D46FFF3D9F406469D
:10DAE80025B320230AAA01212046FFF3BFF63046BA
:10DAF8000021FFF73FFF2A1D064639463846FEF348
:10DB080031F6012112AA20232046FFF3AFF602AD19
:10DB1800F0B20AA912AA20230095FFF738FF63681C
:10DB2800204601212A469B0000F07ADA1BB0F0BD9E
:10DB38002DE9F041B8B0154606468846FFF3C4F60D
:10DB48006A68044602329300502B4FD8D8F8043044
:10DB580003339B00902B49D824A9FFF379F5074696
:10DB6800002844D06A6805F10801920026A804F04C
:10DB7800F7DED8F80420204669460332FFF368F53B
:10DB88000446002833D02846FFF3A2F66D686D01DD
:10DB9800451B00E0203515F11F0FFBDB20464146F1
:10DBA800FFF306F63DB13846294600F079DA2046FB
:10DBB800294600F075DA201D391DFFF39FF2204633
:10DBC8003946FFF3C3F5002805DB204621463A46CF
:10DBD8000023FFF77AFF1DB12046694200F060DAA2
:10DBE80030462146FFF3E4F5012000E0002038B07C
:10DBF800BDE8F08108B528B1FFF36AF6D0F101005D
:10DC080038BF002008BD2DE9F0410446ACB00D46F0
:10DC18001646FFF359F66B6862682B94B2EB430F14
:10DC280001D3201D08E001210022DB00FFF3CAF424
:10DC38002B9000284ED00430291DFFF3DBF230462C
:10DC4800FFF7D8FF0121FFF795FE20230BAA01213A
:10DC580080462046FFF30AF62B981BAD201A18BF02
:10DC680001200121FFF786FE2B9907462046FFF386
:10DC78009FF5012113AA20232046FFF3F7F5F8B2F8
:10DC880013A90BAA20230095FFF781FE01212A463C
:10DC980020232046FFF3EAF5324620462B99FFF76A
:10DCA80047FF0646B8B1012123AA20232046FFF3E7
:10DCB800DDF503AE5FFA88F023A92A4620230096F3
:10DCC800FFF765FE3246204601212023FFF3CEF5FB
:10DCD800012600E006462B9B9C4202D02BA8FFF3AE
:10DCE800AFF530462CB0BDE8F0812DE9F74FD2F8FA
:10DCF80004A007795FFA8AF991F80480144600F1C4
:10DD0800080609F1FF390D4630460021BA005FFACE
:10DD180089F9083404F0A8DE013F08F1FF3104EB6B
:10DD2800890B6FEA0909C9B24FEA8909FFB20835B8
:10DD38004FEA880805EB8105CDF80490002306EB2F
:10DD48008706C8F1000900211DE05FFA8AF84FEA4A
:10DD580088085C46C8EB0608304600270DE03A46BE
:10DD6800076854F804C90023D2196F5843F1000317
:10DD7800E7FB0C2340F804291F464045EFD10198E2
:10DD880004393350043E4945DFD10020BDE8FE8FF9
:10DD98002DE9F04FBDB088464699D0F80C900C1D7F
:10DDA8008568039400684C6808F10401049109F13E
:10DDB800040105910790114628461A460023FFF7EB
:10DDC80094FF98F8042099F804302E7908920021DD
:10DDD80009F108009A000835069306F1FF3A04F0A5
:10DDE80043DE039805EB8A0AA50040194FEAC40BE5
:10DDF8000A90CBEB0A0B5146A4460020AE462BE016
:10DE08000B68079A0A9F53430E460993254600203C
:10DE180002910EE057F8043931680B930023421839
:10DE28000B98099943F10003E1FB002346F8042904
:10DE3800184615F1FF35EDD20299A5004D1B07E0F4
:10DE48001E680023821943F1000345F80429184687
:10DE5800AB452B46F4D304391CF1FF3CD0D2059ACC
:10DE6800069B754602EB8306CBF80000CEEB0A0A48
:10DE78002246002303E05AF80310F150043B013A0C
:10DE8800971CF8D10021D9F80800FFF773FD059910
:10DE9800039A07460498FFF3FBF202212B464046FB
:10DEA8000CAAFFF3E3F40498089900EB810303E05C
:10DEB80056F8042943F8042914F1FF34F8D2022152
:10DEC8001CAA2B464046FFF3D1F42CACF8B21CA98F
:10DED8000CAA2B460094FFF75AFD40460221224621
:10DEE8002B4600F09DD800203DB0BDE8F08F2DE90D
:10DEF800F04F04468BB0184609921F460891FFF36D
:10DF0800E3F47B6804F5AC7206929B0000220025BE
:10DF18000590A4F8582107932E4668E004EB86097B
:10DF2800D9F80410002960D00698FFF3D7F080468E
:10DF380000285AD101214246079B0598FFF342F376
:10DF480005F1200A04EB8A0ACAF85C01D9F8040032
:10DF580004EB8503C3F85C01FFF7FCFCC0F11F006C
:10DF6800C0B204900999DAF85C01FFF321F4C146C4
:10DF7800DDF810A032E04FF0010B05F1200884F81D
:10DF880060B204EB8808D8F85C1104F5177C604689
:10DF98000A460B46CDF80CC00097FFF7F9FE049A25
:10DFA800DDF80CC053B2C9EB03030BFA03FB04EB17
:10DFB80086035B681BEA030F0AD0002384F86032EB
:10DFC800D8F85C116046089A0B460097FFF7E0FE08
:10DFD8000AF1FF3A5FFA8AFA09F101091AF0800F8B
:10DFE800C9D00135EDB2A4F858510136F6B294F80B
:10DFF8004431B34292D801200BB0BDE8F08F2DE92F
:10E00800F04F8346ADF52F7D18461C46894692464B
:10E01800FFF35AF4676801258046BE0000212422D8
:10E02800A1A804F021DD2946002233464046A195E7
:10E03800FFF3C8F2294600223346AB904046FFF36F
:10E04800C1F2294600223346AC904046FFF3BAF2AB
:10E0580002217B198B40AD90A1AA4046FFF3B2F292
:10E06800AA90AB9800F008D8267904F10805013E7B
:10E07800F6B255F8260010F0010000F093804946EA
:10E08800AA9A2346AC98FFF32DF72346AB99AA9A90
:10E09800AD98FFF327F755F82600FFF79BFC002102
:10E0A80005464FF41E7203A804F0DEDC05236A421D
:10E0B80021469AA88DF80C30FEF37CF4514603A84B
:10E0C800FEF3DEF3234603A8AC99AD9AFFF70FFFE2
:10E0D8009DF8507107F1FF381FFA88F80FFA88F396
:10E0E800002B4FDB03A800EB8303596859A8FEF304
:10E0F800BBF61F2846D803A901EB8003D3F8DC112F
:10E10800AD98FFF355F3C8F1000800252DE0AD994F
:10E1180001238DF86C329AA80A460B460094FFF743
:10E1280037FEBB1E1BB203A8EA18C3185B1993F885
:10E138000431314601369942E9DB00EB8203596824
:10E1480091B1002359A88DF86C32FEF38DF61F2883
:10E1580018D803A901EB8003AD990094D3F8DC210A
:10E168009AA80B46FFF714FE013D45454FF00006FF
:10E17800D7D19AA85946AD9AAB9B8DF86C6200949A
:10E18800FFF706FE03A8FFF746FCACA8FFF358F319
:10E19800ADA8FFF355F3ABA8FFF352F3AAA8FFF31A
:10E1A8004FF301200DF52F7DBDE8F08F2DE9F04FDD
:10E1B800B3B0039018461C468A469346FFF384F38F
:10E1C800D4F80490012509F10107BF0080464FEA01
:10E1D800890600213A4605A804F046DC29460022B3
:10E1E800334640460595FFF3EDF1294600223346B4
:10E1F8002E904046FFF3E6F12946002233462F9041
:10E208004046FFF3DFF1294600223346309040466E
:10E21800FFF3D8F102213B46319005AA4046FFF3AF
:10E22800D1F12D902E98FFF327F7267904F10805F0
:10E23800013EF6B255F82600DAF8047010F0010035
:10E2480000F08B8051462D9A23462F98FFF34AF60B
:10E258002E992D9A23463098FFF344F655F8260058
:10E26800FFF7B8FB7F014242214626A8FEF3A2F33E
:10E27800013F01E0A6F12007BEB258463146FFF73C
:10E288009CFB0028F6D109F1FF393FB20BF1080ACF
:10E29800A9EB67175AF82700FFF75CFB361A3BE033
:10E2A800309901250A460B4626A88DF89C50009403
:10E2B800FFF76EFD294616AA20233098FFF3D6F201
:10E2C80030994FF000080B462F9A26A88DF89C80AD
:10E2D8000094FFF75DFD1EAA294620233098FFF31E
:10E2E800C5F206F01F0015FA00F0A9EB67175AF8F7
:10E2F800273041461840FFF73DFB0EAFC0B216A9C4
:10E308001EAA20230097FFF742FB309829463A4679
:10E318002023FFF385F6013EB6B237B2002FBFDAED
:10E3280000230399309A8DF89C3026A82E9B0094E0
:10E33800FFF72EFD26A8FEF331F32FA8FFF380F296
:10E3480030A8FFF37DF22EA8FFF37AF22DA8FFF391
:10E3580077F231A8FFF374F2012033B0BDE8F08FF3
:10E368002DE9F04FBFB0039018461D4689469246E6
:10E37800FFF3AAF26E6802230124B60000278DF885
:10E38800F7300A233C9321463A463346804637976E
:10E398003B978DF8F640FFF315F121462D903A464C
:10E3A80033464046FFF30EF121462E903A46334657
:10E3B8004046FFF307F102212F903A463346404684
:10E3C800FFF300F1214630903A4633464046FFF3CA
:10E3D800F9F0214631903A4633464046FFF3F2F0D1
:10E3E800214632903A4633464046FFF3EBF0214649
:10E3F80033903A4633464046FFF3E4F021463490E2
:10E408000DF1F60223463398FFF30AF621460DF183
:10E41800F70223463498FFF303F621463A4633467B
:10E428004046FFF3CFF0214635903A463346404602
:10E43800FFF3C8F0214636903A4633464046FFF38C
:10E44800C1F0214638903A4633464046FFF3BAF0C9
:10E45800214639903A4633464046FFF3B3F0214609
:10E468003A903CAA23463098FFF3DAF530982B46C9
:10E4780002462946FFF729FB03992A462D98FFF7FC
:10E48800C2FB2B4630992D9A2E98FFF32BF52E9927
:10E498002A462F98FFF7B7FB2E982F9A01462B464E
:10E4A800FFF7D1FA2E98FFF7A5FB2146FFF762FA8E
:10E4B80029468446349A2F982B46CDF808C0FFF792
:10E4C80004FB2E992F9A2B463198FFF76FFE4A4688
:10E4D8002B4630992E98FFF305F52E9829460246CB
:10E4E800FFF374F251462E9A2B463598FFF3FAF44F
:10E4F80052462B462E982946FFF7E7FA4846294602
:10E508002F9AFFF363F22E982F9A01462B46FFF3BA
:10E51800E9F42F983399319A2B46FFF794FA2E99FC
:10E528002F9A2B463698FFF3DDF4202321461DAAA7
:10E538003598FFF39BF12023214625AA3698FFF34F
:10E5480095F1DDF808C00DF1540B5FFA8CF01DA9A8
:10E5580025AA3346CDF800B0FFF719FA334621460D
:10E568005A464046FFF32EF02A46014637902E9829
:10E57800FFF749FB2E98379A01462B46FFF3B2F472
:10E588004946379A2B462F98FFF3ACF42E982F9ACA
:10E5980001462B46FFF757FA524639982E992B46D3
:10E5A800FFF751FA30992D9A2B462E98FFF39AF4DB
:10E5B8002B462E99379A3898FFF394F438992A46BF
:10E5C8002E98FFF720FB2E98389A01462B46FFF32A
:10E5D80089F44946389A2B462F98FFF383F42E98EE
:10E5E8002F9A01462B46FFF72EFA52463A982E9953
:10E5F8002B46FFF728FA339A2B462E982946FFF721
:10E6080064FA2E982146FFF34BF52E982B460246C6
:10E618003999FFF7CBFD2E98FFF7ECFA2146814692
:10E628002E98FFF3AFF2214640EA0900FFF7A2F95E
:10E63800214681461DAA20233998FFF317F15FFA76
:10E6480089F92023214625AA3A98FFF30FF1484675
:10E658001DA925AA3346CDF800B0FFF798F9214641
:10E668005A4633464046FEF3ADF720233B902146F9
:10E678001DAA3798FFF3FAF02023214625AA3898D7
:10E68800FFF3F4F00DF1140A48461DA925AA3346F4
:10E69800CDF800A0FFF77BF92023284621461DAAC4
:10E6A800FFF3E4F006F1FF393EAB994419F8843CD6
:10E6B80003F00303032B03D0444804F0FBD954E0D0
:10E6C8003A46404621463346FEF37CF73B468046B1
:10E6D8002946339A2E98FFF7B6F92E980221FFF3B0
:10E6E800DFF42B463B992E9A4046FFF75FFD214603
:10E6F8001DAA20230398FFF3B9F025AA2023214659
:10E708004046FFF3B3F019F8840C19F8641C00F0C4
:10E71800010001F00101FFF72DF929462B460746B4
:10E7280042462E98FFF7D1F921461DAA20234046DC
:10E73800FFF39CF0214625AA20232E98FFF396F09C
:10E748000AEB0605F8B21DA925AA33460095FFF77E
:10E758001EF92146524633464898FFF361F449981A
:10E7680021462A463346FFF35BF42DA8FFF368F0F1
:10E778002EA8FFF365F02FA8FFF362F031A8FFF38E
:10E788005FF030A8FFF35CF032A8FFF359F033A82C
:10E79800FFF356F034A8FFF353F035A8FFF350F019
:10E7A80036A8FFF34DF037A8FFF34AF03BA8FFF374
:10E7B80047F038A8FFF344F039A8FFF341F03AA82E
:10E7C800FFF33EF000203FB0BDE8F08FE93C0100C8
:10E7D80000487047883D010000487047103D01001F
:10E7E800004870474C3D010000487047C43D010097
:10E7F800012801D1FFF7F0BF022801D1FFF7F0BFD0
:10E80800032801D1FFF7F0BF042801D1FFF7E0BFCB
:10E818000020704700487047DC60010000487047DE
:10E82800305D0100014B43F8201070475061010032
:10E83800034B53F82000431A584240EB030070473B
:10E848005061010042893C2928BF3C21034691427E
:10E858002CBF0846104698817047000000F134022A
:10E86800342A08B5034606D905482021054A04F08C
:10E8780061D9034808BD044A434252F8230008BD41
:10E88800306101007F3E01000CA2880038B5049C6D
:10E898001D467CB1FF2B0DD002B95BB96B1C2070F3
:10E8A800A170637025B11146E01C2A4604F058D8BF
:10E8B80003356419204638BDC0F380407047000016
:10E8C800044B00F44032134303420CBF00200120E4
:10E8D800704700BFD091540038B50546FFF7F0FFE8
:10E8E80038B10B4B2B4033B915F4900418BF1824DA
:10E8F80002E0044600E01024284605F0BDDF20B100
:10E90800034B2B40002B18BF1024204638BD00BFF6
:10E91800C4D1040000487047685D01000048704792
:10E92800785201000020704708B5FFF7F3FF4178DF
:10E938000278012313FA01F113FA02F20A438178EB
:10E948008B4042EA030008BD2DE9F7434FF0000869
:10E9580004460F46164699464546012303FA08F32E
:10E9680013EA090F2BD063692046222B0ADDE369DD
:10E978005A0607D540F6270100220EF0AFDA014605
:10E98800204600E000214FF4C4620EF047D9C0F8D9
:10E99800008063692046222B0ADDE3695B0607D500
:10E9A80040F6270100220EF099DA0146204600E0E1
:10E9B800002140F224620EF031D903681D4308F1AA
:10E9C8000108B8F11F0FC8D19DF828304BB145B1E7
:10E9D8000123009320462B4639463246FFF7B4FF01
:10E9E80005432846BDE8FE83816838B540F63C03F8
:10E9F8009942044628D1C3680B2B03D84FF0A8715D
:10EA0800994001D40C2B1FD949F218239A4205D0FA
:10EA180049F640439A4217D10C4D00E00C4D63690A
:10EA28002046222B0ADDE369590607D540F627015F
:10EA380000220EF053DA0146204600E0002140F2A1
:10EA4800DC620EF0EBD8056038BD00BF990101000B
:10EA5800B601010038B543690446222B0ADDC369B3
:10EA68005D0607D540F6270100220EF037DA014689
:10EA7800204601E0204600214FF4C0620EF0CED8B7
:10EA88000568204605F07C05AD08FFF747FF03E061
:10EA98008378AB4207D00C3010B10388002BF7D134
:10EAA8002046FFF73FFF03884FF47A70584338BD7C
:10EAB80070B5044616460D460AF0B0DD94F860239A
:10EAC800094B002818BF0123012A94F8682308BFBE
:10EAD800D4F85C33012A0CBFD4F864236FF00042E9
:10EAE8002B60326070BD00BF0100820E2DE9FF4728
:10EAF8001D46436990460022222B0446894602920D
:10EB0800039209DDC3695F0606D540F627010EF0BA
:10EB1800E5D90146204601E0204600214FF4C462B1
:10EB28000EF07CD80560236A20460C2B636916DD3D
:10EB3800222B0ADDE3695E0607D540F6270100228D
:10EB48000EF0CCD90146204600E000214FF4C56202
:10EB58000EF064D807683F0CBF05BF0D14E0222BE8
:10EB68000ADDE369590607D540F6270100220EF0B1
:10EB7800B5D90146204600E000214FF4C5620EF0E9
:10EB88004DD807683F0AFFB20123AB400026204654
:10EB9800494642460096FFF7D7FE0546012212FA7B
:10EBA80006F32B4207D00092204649464246FFF71B
:10EBB800CBFE25EA000501361F2EEFD1204602A91B
:10EBC80003AAFFF775FF029B002625EA030A3546CC
:10EBD8000123AB4013EA0A0F08D0204649464246B3
:10EBE800EBB2FFF783FF864238BF064601351F2D7B
:10EBF800EED1B81C801904B0BDE8F0872DE9F041CA
:10EC0800069E044615461F46FFF78EFE002870D064
:10EC180010EA060800EA07072CD063692046222B71
:10EC28000ADDE3695A0607D540F6270100220EF0EF
:10EC380055D90146204600E0002140F21C620DF043
:10EC4800EDDF63690646222B20460ADDE3695B0691
:10EC580007D540F6270100220EF040D9014620468C
:10EC680000E0002140F21C620DF0D8DF036843EA9F
:10EC780008033360002F2BD063692046222B0ADD5E
:10EC8800E3695E0607D540F6270100220EF026D973
:10EC98000146204600E000214FF4C3620DF0BEDFBC
:10ECA80063690646222B20460ADDE369590607D523
:10ECB80040F6270100220EF011D90146204600E057
:10ECC80000214FF4C3620DF0A9DF03681F433760CA
:10ECD800079B9A0305D4BDE8F0810A2008F0C8DB39
:10ECE80001E040F2DD54D5F8E0319B0301D4013C4A
:10ECF800F3D1BDE8F081F7B51E4643690446222BDF
:10ED08000F4615460BDDC3695A0608D540F627019C
:10ED180000220EF0E3D800970146204602E0009753
:10ED2800204600214FF0FF334FF4CA620EF026DC74
:10ED38006369222B0CDDE3695B0609D540F62701E0
:10ED4800204600220EF0CAD800960146204602E06E
:10ED580000962046002140F254622B460EF00EDC4D
:10ED6800FEBDF7B51E4643690446222B0F461546DD
:10ED78000BDDC3695B0608D540F6270100220EF0BB
:10ED8800ADD800970146204602E0009720460021B2
:10ED98004FF0FF334FF4CB620EF0F0DB6369222BA8
:10EDA8000CDDE369590609D540F627012046002203
:10EDB8000EF094D800960146204602E000962046C0
:10EDC800002140F25C622B460EF0D8DBFEBDF7B5A1
:10EDD8001E4643690446222B0F4615460BDDC369C0
:10EDE800590608D540F6270100220EF077D800977B
:10EDF8000146204602E00097204600214FF0FF33ED
:10EE08004FF4CC620EF0BADB6369222B0CDDE369A8
:10EE18005A0609D540F62701204600220EF05ED892
:10EE280000960146204602E000962046002140F266
:10EE380064622B460EF0A2DBFEBD436913B5222B9C
:10EE480004460DDDC3695B060AD540F6270100229A
:10EE58000EF044D84FF4806301460093204604E046
:10EE68004FF480630093204600214FF4C0620EF0F7
:10EE780085DB1CBD2DE9F04F013AD2B2082A85B0D6
:10EE880004469A4615D8374B9E5C374B9F5C374BE8
:10EE980013F80290364B9B5C0393364B13F802B081
:10EEA800354B9B5C0293354B13F80280344B9D5CC9
:10EEB80007E00025A8460295AB460395A9462F46CC
:10EEC8002E466369222B0DDDE3695B060AD540F601
:10EED8002701204600220EF001D8CDF80090014607
:10EEE800204603E0CDF80090204600214FF0FF3384
:10EEF8004FF4CB620EF042DB6369222B0FDDE3692E
:10EF080058060CD540F62701204600220DF0E6DF12
:10EF180007EA0A03B34001460093204605E007EAE2
:10EF28000A03B34020460093002117FA06F340F283
:10EF38005C620EF023DB039B83B148FA0BF208EA0C
:10EF48000A0848FA0BFB2046029C2946A2400BFA05
:10EF580004F305B0BDE8F04FFFF703BF05B0BDE807
:10EF6800F08F00BF5C510100655101006E51010036
:10EF78007751010080510100EC530100F851010064
:10EF8800015201002DE9F843044689460DF040DEA0
:10EF98000021064620460EF0EBDB80462046FFF7B0
:10EFA800B9FC074620460EF055DA49460546424662
:10EFB8003B782046FFF79AFD0B2302305843074B56
:10EFC8003146EB18B3FBF5F5454320460EF0D0DB90
:10EFD8000A23B5FBF3F5A8B2BDE8F8833F420F005A
:10EFE80038B543690446222B0ADDC3695D0607D597
:10EFF80040F6270100220DF071DF0146204601E0AE
:10F008002046002140F214620DF008DE63690568AD
:10F01800222B20460ADDE369590607D540F6270169
:10F0280000220DF05BDF0146204600E0002140F29F
:10F0380014620DF0F3DD03689D4214D06369204625
:10F04800222B0ADDE3695A0607D540F6270100227C
:10F058000DF044DF0146204600E0002140F2146232
:10F068000DF0DCDD0568284638BD38B51C461D683E
:10F07800FFF7B6FF03462360401B38BD2DE9F74371
:10F08800002504460F46164698469DF82890019597
:10F09800FFF7A6FF019063692046222B0ADDE3698A
:10F0A8005B0607D540F6270100220DF017DF014661
:10F0B800204600E000214FF4C2620DF0AFDDB9F147
:10F0C800010F006801D108B90EE050B9B8EB451F2F
:10F0D80009D920463946324601ABFFF7C6FF2D183D
:10F0E800D9E7002000E001200B9B6D011D60BDE801
:10F0F800FE832DE9F04F002685B08046894692466A
:10F108000396012503AF40464946524643F69823E5
:10F1180000950197FFF7B2FF044688B98DE8810092
:10F128004023404649465246DDF80CB0FFF7A6FF9B
:10F13800039B38B99B445E4443F697239E42E0D92B
:10F14800284600E0204605B0BDE8F08F2DE9F843D9
:10F15800994643690446222B0E461546DDF8208061
:10F16800099F0ADDC3695A0607D540F62701002220
:10F178000DF0B4DE0146204601E0204600214FF4A0
:10F18800C3620DF04BDD03682046C9F8003063699F
:10F19800222B0ADDE3695B0607D540F6270100222A
:10F1A8000DF09CDE0146204600E0002140F21C6282
:10F1B8000DF034DD03682046C8F80030D5F8E0319A
:10F1C8003B60FFF7B1FB0746002872D0D5F8E03165
:10F1D800990304D4204631462A46FFF78AFF63691B
:10F1E8002046222B0ADDE3695A0607D540F6270197
:10F1F80000220DF073DE0146204600E000214FF4A6
:10F20800C3620DF00BDD63690646222B20460ADD3A
:10F21800E3695B0607D540F6270100220DF05EDEA4
:10F228000146204600E000214FF4C3620DF0F6DCF1
:10F238000368FF433B40336063692046222B0ADDA5
:10F24800E3695E0607D540F6270100220DF046DE89
:10F258000146204600E0002140F21C620DF0DEDC91
:10F2680063690646222B20460ADDE369590607D55D
:10F2780040F6270100220DF031DE0146204600E06D
:10F28800002140F21C620DF0C9DC036840F2DD5435
:10F298001F40376002E00A2008F0EAD8D5F8E031CC
:10F2A8009A0301D5013CF6D16420BDE8F84308F083
:10F2B800DF98BDE8F88337B5044601AB4FF4006129
:10F2C8006A460EF063DA63692046222B0ADDE36999
:10F2D8005D0607D540F6270100220DF0FFDD014647
:10F2E800204600E000214FF4CE620DF097DC05685F
:10F2F80015F0005316D063692046222B0ADDE36916
:10F30800590607D540F6270100220DF0E7DD014632
:10F31800204600E000214FF4CE620DF07FDC05604E
:10F32800012500E01D4620469DE806000EF04CD958
:10F3380028463EBD70B504460E460DF069DC002136
:10F34800054620460EF014DA314602462046FFF7FD
:10F3580081FB2946064620460EF00ADA304670BD83
:10F36800014B1860704700BF94610100F8B5484F21
:10F3780004463A68002A40F089804369222B09DD57
:10F38800C3695B0606D540F627010DF0A7DD0146E7
:10F39800204601E02046002140F214620DF03EDCD8
:10F3A80063690568222B20460ADDE3695E0607D5F6
:10F3B80040F6270100220DF091DD0146204600E0CD
:10F3C800002140F214620DF029DC03689D4214D03C
:10F3D80063692046222B0ADDE369590607D540F602
:10F3E800270100220DF07ADD0146204600E00021C9
:10F3F80040F214620DF012DC056842F2107008F059
:10F4080037D863692046222B0ADDE3695A0607D5F7
:10F4180040F6270100220DF061DD0146204600E09C
:10F42800002140F214620DF0F9DB63690668222BB3
:10F4380020460ADDE3695B0607D540F6270100226E
:10F448000DF04CDD0146204600E0002140F2146238
:10F458000DF0E4DB03689E4214D063692046222B3A
:10F468000ADDE3695E0607D540F6270100220DF0A4
:10F4780035DD0146204600E0002140F214620DF01F
:10F48800CDDB0668751B642675433D603868F8BD9A
:10F49800946101002DE9F74F0446884691461F46BE
:10F4A8000DF0E8DF8346002840F0D98020460DF0B3
:10F4B800AFDB5946824620460EF05AD963690546A5
:10F4C8002D2B0CD1D0F8F430B9F1000F02D023F075
:10F4D800007301E043F00073C5F8F430B8E020464B
:10F4E800FFF718FAC37801269E4000F0B180B9F101
:10F4F800000F5ED063692046222B0ADDE3695906B6
:10F5080007D540F627015A460DF0E8DC01462046AB
:10F5180000E000214FF4C3620DF080DB0368414630
:10F528003B6043EA06070123009320463B462A46F0
:10F53800FFF70AFA63690743222B20460ADDE369CD
:10F548005A0607D540F6270100220DF0C7DC014610
:10F55800204600E000214FF4C3620DF05FDB414616
:10F5680007602A462046FFF7C4FD4FF47A7007F07B
:10F578007FDF40F2DD5702E00A2007F079DF636998
:10F588002046222B0ADDE3695B0607D540F62701F2
:10F5980000220DF0A3DC0146204600E0002140F2E5
:10F5A8000C620DF03BDB0368334242D1013FE3D1EB
:10F5B8003FE03A689AB963692046222B09DDE3697E
:10F5C8005F0606D540F627010DF088DC0146204687
:10F5D80000E000214FF4C3620DF020DB026822EA4C
:10F5E80006070123009320463B4641462A46FFF77B
:10F5F800ABF96369074337420CBF00260126222B6B
:10F6080020460ADDE369590607D540F6270100229E
:10F618000DF064DC0146204600E000214FF4C3628F
:10F628000DF0FCDA414607602A462046FFF761FDE7
:10F6380000E0012640F22D1702E00A2007F018DF4B
:10F648002B6903F48053B3EB063F01D0013FF4D19B
:10F658002046514603B0BDE8F04F0EF0899803B03C
:10F66800BDE8F08FF0B589B004460D4606AA07AB91
:10F678004FF400610EF08AD829462046FFF75AFE5B
:10F688004FF47A760022B0FBF6F6134602212046A4
:10F69800FFF79DFB00220746134600F00F050321E4
:10F6A8002046FFF794FB4FF680733B40DF094FF489
:10F6B800000320F07F42009303A804A9334603F017
:10F6C8009DDE05A80399049A1823774303F0DADE30
:10F6D80005B92D60059A4FF4006300934FF48053E9
:10F6E80003A804A9BA1893FBF5F303F087DE02A870
:10F6F8000399049A0C2303F0C5DE20460699079A5D
:10F708000DF062DF029809B0F0BD10B504460DF0A7
:10F71800E7DE01462046BDE81040FFF7A3BF70B5FD
:10F7280004461646FFF7F1FF63690546222B20467B
:10F738000ADDE3695B0607D540F6270100220DF0D4
:10F74800CDDB0146204600E000214FF4CC620DF0ED
:10F7580065DA04230360D6F864364FF47A70DBB2B6
:10F76800B5FBF3F5684370BD70B504460E460DF061
:10F778004FDA0021054620460DF0FADF31460246F1
:10F788002046FFF7CCFF2946064620460DF0F0DF5D
:10F79800304670BDFFF7E8BF37B50446FFF7B5FF41
:10F7A8004FF400616A4601AB054620460DF0EEDFD6
:10F7B8000022134620460421FFF709FB00F47F408E
:10F7C800030A00B91B60B5FBF3F520469DE8060067
:10F7D8000DF0FADE28463EBD70B504460E460DF023
:10F7E80017DA0021054620460DF0C2DF31460246F1
:10F7F8002046FFF77EFC2046FFF78CF86369064633
:10F80800222B20460ADDE3695A0607D540F6270170
:10F8180000220DF063DB0146204600E0002140F2A3
:10F828000C620DF0FBD9F378012111FA03F3026899
:10F8380029461A420CBF0026012620460DF098DF03
:10F84800304670BD70472DE9FF47836E002204469D
:10F858000D460292039263B1D0F8CC1000EB8101FF
:10F86800D1F8D400216E884205D1606E9847814650
:10F8780002E0994600E0914620460DF0C9D90021E2
:10F88800824620460DF074DF02A9804603AA20466E
:10F89800FFF70EF9029F00260396F7B13B46204674
:10F8A800294642460096FFF74FF863693843222BF2
:10F8B800029020460ADDE369590607D540F627017C
:10F8C80032460DF00BDB0146204600E000214FF4E4
:10F8D800C3620DF0A3D9029B0360039EFEB100270B
:10F8E80033462046294642460097FFF72DF86369BC
:10F8F8003043222B039020460ADDE3695A0607D5D8
:10F9080040F627013A460DF0E9DA0146204600E0C4
:10F91800002140F21C620DF081D9039B0360294647
:10F9280042462046FFF7E5FB204651460DF020DF12
:10F93800E36E5BB1D4F8CC2004EB8202D2F8D41089
:10F94800226E914202D1606E49469847BDE8FF8712
:10F9580010B500220C4608F0B1D8A0B90A4B1B68B4
:10F968008BB11A787AB1DA8994420CD8184604F027
:10F97800E1D820B1054B1A6801321A6010BD044B5A
:10F988001A6801321A6010BD440400009861010031
:10F998009C610100037E2BB14069D0F1010038BFA2
:10F9A8000020704701207047014B03EBC0007047EF
:10F9B800A0610100014B03EBC0007047C06101006A
:10F9C80070B50C46164609F0B3DD80B1002528460F
:10F9D800FFF7F0FF03681BB980E85000184670BDB8
:10F9E8000135EDB2042DF2D14FF0FF3070BD4FF06C
:10F9F800FF3070BD6FF01600704770477047000009
:10FA080003682DE9F041C0F8203143680022C0F8AE
:10FA180024318368C0F82831C368C0F82C310369E1
:10FA2800C0F830314369C0F834318369C0F83831DF
:10FA3800C369C0F83C3100F59073534E1C69DF6907
:10FA48009559D3F814C07D194FEAB41787EAF427FB
:10FA580087EA7467ED199F6927EA040704EA0C042A
:10FA68007C402C198D1811F802C0EF78043247EA4F
:10FA78000C6795F801C0AD7847EA0C4747EA0525B9
:10FA88006419DD61DD68402A2544DD6093E8A01033
:10FA980087EA0C0808EA05080CEA070C88EA0C074C
:10FAA8004FEAB50C8CEA753C8CEAB5553D442C44BC
:10FAB80043F8044DC1D100F1E00306F13C0500F123
:10FAC80020071A6955F8044FD9695E6961184FEA29
:10FAD800B21484EAF22484EA726409199C69D3F89E
:10FAE8005CC024EA0204324062409E6B5C6A664451
:10FAF8004FEA744C8A188CEAF44C996D8CEA942479
:10FB080034194FEAF11686EAB14686EAD10161183E
:10FB18005218D961D9688918D96093E8520084EAE3
:10FB2800060C0CEA010C26408CEA06044FEAB106E2
:10FB380086EA713686EAB1516118891843F8041DBE
:10FB4800BB42BED1036842685918436A0160D318A2
:10FB580043608268836AD3188360C268C36AD31813
:10FB6800C3600269036BD31803614269436BD318FE
:10FB780043618269836BD3188361C269C36BD318ED
:10FB8800C361BDE8F08100BFC0540100F0B5034671
:10FB980096100F46002510E057F8044B01354FEA40
:10FBA800146C83F800C04FEA144C83F801C04FEA84
:10FBB800142C83F802C0DC700433B542ECDB26EA6F
:10FBC800E67312F0030200EB83000AD051F82340D9
:10FBD8001821002334FA01F5C5540133083993423A
:10FBE800F8DBF0BD0048704764540100D0F8B43128
:10FBF80070B5D318934204460E461546C0F8B43182
:10FC080004D2D0F8B0310133C0F8B031D4F8AC2107
:10FC1800AB183F2B0AD8A21802F5B67031462A460F
:10FC280002F09EDED4F8AC315D1925E0E2B1A018EF
:10FC38003146C2F1400200F5B67002F091DED4F808
:10FC4800B831201D04F5B6719847D4F8AC31C3F12A
:10FC58004002403BB6185D1906E03146D4F8B83189
:10FC6800201D98474036403D3F2DF6DC04F5B67020
:10FC780031462A4602F074DEC4F8AC5170BD00006B
:10FC8800012910B5044640F8041B05D10A4B0B495D
:10FC9800C4F8B831142204E0094B0A49C4F8B83151
:10FCA800202202F05DDE0020C4F8AC01C4F8B001E7
:10FCB800C4F8B40110BD00BF0D430000C0550100D9
:10FCC80045400000A0540100F8B5044600F5AA76A6
:10FCD8000D4600F58A7721463046142202F040DEB0
:10FCE80030696649726841183068331F01EBF0616A
:10FCF800F06820EA020CB06810408CEA000009188D
:10FD080046F8041C687895F800C0000440EA0C60C6
:10FD180095F803C04FEAB20240EA0C0095F802C019
:10FD2800043540EA0C2041189F42306146F8041C13
:10FD380072601E46D4D304F5827530694F497268E3
:10FD4800411853F80409F76801EBF061B06827EA35
:10FD58000207104078400918376BF0694FEAB20281
:10FD68007840B76C72607840376D78404FEAF07031
:10FD78003061081846F8040C043EAB42DDD804F1A3
:10FD8800B4061A4615693E495068691853F804596B
:10FD9800D76801EBF561956845407D404919176BB7
:10FDA800D5694FEAB0007D40976C50607D40176D73
:10FDB8007D404FEAF57515614D1942F8045C043A27
:10FDC800B342DFD804F1640C1A4615692D49101D99
:10FDD800691853F80459C1C801EBF56186EA0705AB
:10FDE8000540374085EA07068919D569166B4FEA39
:10FDF800B0007540966C50607540166D75404FEABE
:10FE0800F57515614D1942F8045C043A6345DCD870
:10FE180004F114061D691C49586869181D68DF68D3
:10FE280001EBF5619D681A4645407D4049191F6BF5
:10FE3800DD694FEAB0007D409F6C58607D401F6DC2
:10FE48007D404FEAF57549191D6143F8041C043BD0
:10FE58009E42DFD323685918216013686168CB1864
:10FE680063605368A168CB18A360E1689368CB18F6
:10FE7800E3602169D368CB182361F8BD9979825A68
:10FE8800A1EBD96EDCBC1B8FD6C162CA30B5034664
:10FE980085B00C4615466846194607F0B3DE20467D
:10FEA8006946102DB4BF2A46102202F059DD05B06C
:10FEB80030BD07F0039F08B507F0ECDE002008BD51
:10FEC80038B504460D46FFF78DFE0346E4B100221F
:10FED800226062600122AA4001680A420AD100F148
:10FEE80014014069024204D103F128019B6A1A42B5
:10FEF8000DD00B4604F1100063602560A0609B687C
:10FF080029469847002038BD6FF0010038BD6FF0D2
:10FF1800160038BD08B5436813B1DB688068984798
:10FF280008BD08B5436813B11B698068984708BDC8
:10FF3800013806289ABF024B18560020704700BFA8
:10FF4800D4550100F8B5044600680E461546FFF77B
:10FF5800EFFF00284AD0D4F8AC218021A31883F8F9
:10FF68006C11531CA842B8BF0546382BC4F8AC31F5
:10FF780011D9A01800F5B6700021C2F13F02013076
:10FF880002F072DDD4F8B831201D04F5B671984737
:10FF98000023C4F8AC31D4F8AC210021A01800F536
:10FFA800B670C2F1380202F05FDDD4F8B021D4F89F
:10FFB800B431D20042EA5372DB00C4F8B021C4F86D
:10FFC800B431082204F5D27004F5D871271DFFF763
:10FFD800DDFD384604F5B671D4F8B8319847304697
:10FFE80039462A46BDE8F840FFF7D0BDF8BD0728D6
:08FFF8000AD84FF0C243834018
:020000041002E8
:1000000004D44FF0F053834004D401E04020704703
:1000100000207047802070472DE9F0470C46B0B0B3
:1000200090469A460746002846D00846FFF784FFC8
:1000300081462046FFF7DFFF5045064607F1800561
:1000400013DA21462846FFF73FFF4146524628462D
:10005000FFF764FF284620A94A46FFF766FF4E4592
:10006000B4BFB246CA460DF18008002309E018F873
:10007000032082F0360182F05C020DF80310FA547E
:1000800001335345F3DB2AEAEA7A07E036230DF819
:100090000A305C2307F80A300AF1010AB245F5DBA1
:1000A00021462846FFF710FF044638B9284669461E
:1000B0003246FFF733FF01E06FF00104204630B015
:1000C000BDE8F08710B18030FFF728BF70472DE9F9
:1000D000F843DDF8208004461546994661B10E4686
:1000E000002707E032881AB120467168FFF7EAFF5F
:1000F00001370836AF42F5DBB9F1000F09D0B8F18E
:10010000000F06D0204649464246BDE8F843FFF7B7
:10011000D9BFBDE8F8832DE9F0478A4690B09046F4
:10012000064600282BD0D0F8807000F180043846B5
:10013000FFF761FF81463846FFF7FEFE05462A4677
:1001400020466946FFF7F1FE39462046FFF7BCFE20
:10015000204631464A46FFF7E1FE204669462A46D8
:10016000FFF7DCFE204669462A46FFF7DEFE5046D2
:1001700069464545B4BF2A46424602F0F5DB10B059
:10018000BDE8F087F0B51446ADF5337D07460E4661
:100190001D4602A8234639463246FFF73DFF044676
:1001A00060B9BA9B02A800932946B89AB99BFFF799
:1001B0008EFF02A8BB99BC9AFFF7ADFF20460DF554
:1001C000337DF0BD2DE9F04F93B01E9F81468B46E5
:1001D00092461C461F9D002F68D0002D68D02BB181
:1001E000184602F0F1DC00F1010800E098464846AC
:1001F000FFF7A2FE064600285CD0431EEB1893FBD7
:10020000F0F3FF2B079355DC4FF6FF73984551DC55
:100210001D9A9A424EDC2B4BADF83420002C08BFBF
:100220001C461C9B01220E9312AB03F8012D109368
:10023000032300930023ADF82400ADF83C20019384
:100240000293A842D4BF04900495594648465246AA
:100250000BAB0C940A97ADF82C800397FFF792FF35
:10026000044600282AD14FF0020819E0AD1B002DEA
:100270000A9723DD04230093002301930293BF19FF
:1002800048465946524609AB8DF847800397B54218
:10029000D4BF04950496FFF775FF08F1010860B913
:1002A000079A08F1FF339342E0DD07E03C4605E0A2
:1002B0002C4603E06FF0160400E00446204613B01D
:1002C000BDE8F08F05EA89000B4B10B51A681C4693
:1002D000904204D15A68914201D1184610BD636919
:1002E000054A984206D19069143281420CBF1046EB
:1002F000002010BD002010BD6C5D010073B50446E8
:100300000CF0F6DE14237422204640F60C410CF06B
:100310004FDE2046012104220DF030D82046022174
:1003200004220DF02BD801250021204640F61C6246
:100330004FF0FF3300950CF0A7DE1123009300214E
:10034000204640F618624FF0FF330CF09DDE41F27C
:10035000021300930021204640F644424FF0FF3341
:100360000CF092DEF32320464FF45E614FF0FF3233
:100370000CF01EDE0023204640F6F8514FF0FF320D
:100380000CF016DE0023204640F6E4514FF0FF3219
:100390000CF00EDE0823204640F6EC514FF0FF3201
:1003A0000CF006DE0023204640F6E8514FF0FF3205
:1003B0000CF0FEDDDB2320464FF45D614FF0FF3291
:1003C0000CF0F6DD0C220023204640F654410CF0E0
:1003D000EFDD284B00210093204640F6BC524FF041
:1003E000FF330CF051DE244B29460093204640F6A3
:1003F000BC524FF0FF330CF047DE204B022100933C
:10040000204640F6BC524FF0FF330CF03DDE2A464A
:100410002B46204640F624610CF0CADD40F6FF73FF
:1004200000930021164E204640F6B4524FF0FF33A1
:100430000CF02ADE0021204640F6B8524FF0FF3380
:1004400000960CF021DE4BF69823009329462046B7
:1004500040F6B8524FF0FF330CF016DE20464FF452
:100460005C614FF0FF32334602B0BDE870400CF0E3
:100470009F9D00BF101112131415161718191A1B7F
:100480001032547613B50C4602B949B1084913B17C
:100490000B681C4003E00B681C4324EA0304224061
:1004A00000920021702223460CF0BADB1CBD00BF75
:1004B000A404000013B5144642690A2A0FDD29B1CD
:1004C000012905D002290AD1842202E0782200E025
:1004D0007C220093002123460CF0A2DB01E04FF0C8
:1004E000FF301CBD2DE9F04104460CF07BDF0021FC
:1004F0000A460B4607462046FFF7C4FF00210A467E
:100500000B4606462046FFF7D5FF0022054602218E
:1005100020461346FFF7CEFFD4F8788015E0D8F8D0
:10052000083083B198F80420002AD8F80C200CBFBA
:100530002846384600EA020012D03240904202D0EB
:10054000D8F800109847D8F81080B8F1000FE6D11D
:10055000204641462A462B46BDE8F041FFF7AABF98
:100560000028EDD1EFE74FF48030704738B5002513
:100570001D70D1F8CC304FF4006113602A46044658
:100580000DF0ECD8054638B1D0F8E031DA0103D4EB
:10059000204601210DF0BCDC284638BD73B5044669
:1005A0000DF02AD818B920460DF0D2D860B32046F5
:1005B00021466A460DF10703FFF7D8FF0646C0B192
:1005C00040F22D1502E00A2006F056DFD6F8D431AD
:1005D000180706D4013DF6D103E00A2006F04CDFEF
:1005E00001E040F22D15D6F8D431590701D5013D6F
:1005F000F3D1204600210DF08BDC9DF807301BB9AC
:10060000204600990DF0B8D87CBD10B5044607F01F
:10061000CDD82046FFF7C2FF012010BDF0B585B050
:1006200004460D4617460DF093D8002800F094803C
:10063000A66E6EB1D4F8CC3004EB8303D3F8D4208B
:10064000236E9A4203D1606EB047064600E0002652
:100650002046214602AA0DF10F03FFF787FF00286D
:1006600063D0082F61D8DFE807F005141C27354058
:100670004A550D000095204600214FF49C724FF022
:10068000FF334EE00021009120464FF49C720B4650
:1006900047E04FF0FF330093204600214FF49A7259
:1006A0003FE0002120464FF4EC720B4600910CF025
:1006B000B7DA00F0010539E025B120230093204688
:1006C000002103E002230093204629464FF4E872FC
:1006D000222326E0002120464FF49A720B46009117
:1006E0000CF09EDAC0F3C02520E0002120464FF434
:1006F000E0720B4600910CF093DAC5B216E00021CF
:1007000020464FF49A720B4600910CF089DAC0F340
:1007100040250BE0EDB20095204600214FF4E07239
:10072000FF230CF07DDA054600E001259DF80F302F
:100730001BB9204602990DF01FD8E36E6BB1D4F8B7
:10074000CC2004EB8202D2F8D410226E914204D164
:10075000606E3146984700E00546284605B0F0BD7A
:1007600000487047C05D01000020704710B50C467E
:1007700041B18B6823B9C06F09680EF029DBA06016
:10078000A06810BDC06F10BD1FB5084A0346009297
:10079000074A08460192074A0749126802921A68F6
:1007A000064B02F0D5DB05B000BD00BF14560100BA
:1007B0004039010090600100E55501000856010034
:1007C00008B1D0F888007047642910DC632921DA69
:1007D0004A291FD005DC07291FDB08291ADD3C291F
:1007E00012E0502916D018DB5C39032911E0C32927
:1007F00004DCC2290EDAA83902290AE0B1F5847FA7
:1008000008D003DCB1F5807F07D103E0A1F5897141
:10081000012902D86FF016007047002070470020B1
:100820007047C88810F0080018BF6FF016007047B6
:100830004A6810B593424C8829DBE30603D5036868
:100840001B7E002B26D1210703D503681B7E002BBE
:1008500023D0A20602D5437E002B21D0630722D4E9
:1008600014F0030322D002994CF05EDE00281FD062
:10087000E10702D58379002B1DD114F002041DD0AD
:100880008379002B0CBF6FF00500002010BD6FF0C6
:10089000010010BD6FF0040010BD6FF0030010BD2B
:1008A0006FF00A0010BD6FF0160010BD184610BDA5
:1008B0006FF01D0010BD6FF0060010BD204610BD8A
:1008C00037B50546900723D58C6A0CB3A168226919
:1008D00063680905C3F30043117A44BF43F0020380
:1008E000DBB211B1D2F8080101E0D2F804017F2295
:1008F0008DE80C000022383004F13C01134675F0FD
:1009000081DB2846214603B0BDE830407CF0E69FFD
:1009100003B030BD2DE9F04F87B000230F4610AC77
:100920001599049305938046934694E87002DDF888
:1009300050A04CF0F9DDB7F90630002B1ADA1BF0A5
:10094000010FB9883A890CD04900CDF80090019682
:10095000CDF80890CDF80CA0D8F81000013133463E
:1009600005E08DE86006D8F810004900234607F03E
:10097000B3FD0FE0032D0BD9042204A8214601F09A
:10098000F3DF072D04D905A8211D042201F0ECDFB7
:100990006FF0160007B0BDE8F08F000038B50C46C8
:1009A00005460846484902F0D3DA4849204602F095
:1009B000CFDA4749204602F0CBDA4649204602F01A
:1009C000C7DA4549204602F0C3DA4449204602F01E
:1009D000BFDA2046424902F0BBDAD5F8340137F0DD
:1009E00043DA20B9D5F8380139F0DEDA18B12046FB
:1009F0003C4902F0ADDAD5F8340137F035DA18B1F8
:100A00002046394902F0A4DAD5F8380139F0CCDAB9
:100A100018B12046354902F09BDAD5F830013AF09A
:100A200001DC18B12046324902F092DAD5F83001E3
:100A300005F0ACF918B120462E4902F089DA2046BB
:100A40002D4902F085DAD5F84C0165F04FDF18B179
:100A500020462A4902F07CDA2B6893F83B301BB120
:100A60002046274902F074DA2649204602F070DA5F
:100A70002549204602F06CDA2B6A186909F020FC3F
:100A8000820707D52149204602F062DA2046204934
:100A900002F05EDA20461F4902F05ADA20461E496B
:100AA00002F056DA20461D4902F052DA20461C496F
:100AB00002F04EDA20461B4902F04ADA1A49204673
:100AC000BDE8384002F0449A1D560100215601004D
:100AD000265601002B560100345601003D560100F8
:100AE00041560100465601004D560100575601007F
:100AF000615601006A5601007356010082560100DA
:100B0000875601008E56010095560100A15601003E
:100B1000AA560100B7560100BC560100C656010096
:100B2000CB560100D0560100D856010030B585B033
:100B3000054668460C4602F0F5D928466946FFF797
:100B40002DFF204605B030BD2DE9F04F03F0010325
:100B5000A9B004461493D4F87C3410691B680E467F
:100B6000C358D0F858131B7891460F93D4F88034AB
:100B7000B2681B681991C35808901B7809921593A5
:100B8000138860680B9303F00C039B08022B08BFCB
:100B90000B9913930B9A0CBFC1F3C0130023DBB264
:100BA0001A9302F44073A3F540756B4243EB0503BF
:100BB00031461C93379F03F08DDA369B04300E903C
:100BC00083B11B7A0B2B07D1236893F8AD304BB15F
:100BD00036988379072B05D836990E9A91F90F30FC
:100BE000D2180E92D4F8B031002B2DDA369B03B315
:100BF0001B7A022B1FD194F8B022F2B90898036D2A
:100C000013F008031CD136998A792168D1F8B810FD
:100C10008A4217D2032A15D90B2A13D8B269900039
:100C200010D4339A012A0FD10E9B012008330E9362
:100C300004E0369A04E0002304E000200C9005E074
:100C40000C9203E00C9301E000210C91B568B3898C
:100C5000AA1F7633A5F176001D92B3810021702280
:100C6000B060189001F004DFB38BD90402D4B269EC
:100C7000520502D51B051B0D20E0D9F80420A04B1E
:100C80001340BBB10B9901F0FC03882B12D1099AD8
:100C90001379D8070ED43398F289411E02F0070267
:100CA0003298583209EB42028842D38806D1591C47
:100CB000D18003E01399012906D111E0139801288E
:100CC0000ED00021079102E01022079200233298F3
:100CD0001B019BB200F00F0209991343CB8201E084
:100CE00000220792099BA068DA8AB38B23F47E6303
:100CF00023F01F0343EA1213B38314F003DA01074E
:100D000003D5B38B43F40053B3833498042808D13C
:100D10002046089935F82A2C14F080DEADF89800AA
:100D200019E03299339801F00F02B4F85A33411E9A
:100D3000329842EA0312884292B202D10133A4F8F7
:100D40005A333499520147F6E073134001F0070219
:100D50001343ADF8983099F8D7303BB90B9A02F0AD
:100D6000FC03802B02D0089883791BB9079941F0C6
:100D700020010791634B3B40002B40F0828007F03D
:100D80004072B2F1807F00F08180139A012A30D93D
:100D9000B369DA062DD4002B2BDB96F91F30002B1C
:100DA00027DB226A574BD2F8488008EA030323B9AD
:100DB00008F04073B3F1807F03D109980379DF070E
:100DC00066D4D2F844804F4B08EA030323B908F0F5
:100DD0004073B3F1807F04D109990B7913F00103BB
:100DE00059D0099A1379D80703D4D9F808301907CC
:100DF00005D599F8407007F07F07B84649E002230F
:100E00008DF8863027AB0093D4F85C011FAB4946C0
:100E100026AA7CF053DD0B98DDF87C8000F0FC0303
:100E2000482B209F01D0C82B0BD1414608980022A7
:100E30002AF0F4DE99F84070804607F07F0700231F
:100E400008E0B369329943F00063B361D1F1010363
:100E500038BF0023BDF89C20D20703D5B26942F405
:100E60000052B261226892F8E120BAB1D4F8F806D3
:100E70004946BDF8982005937CF0D4DA059B129082
:100E80000DE00022B8461292134608E0B84603E08F
:100E90004746002300E04746129300E01292226882
:100EA000D4F8840492F84F2090F80CB012F00302AA
:100EB00000F09C818278012A09D9216A91F94D10AC
:100EC000A1F1010EDEF1000141EB0E0100E0002175
:100ED000012A5FFA81FA17D9226A92F94D2001326C
:100EE00012D1D9F8042012F080420ED00E30022127
:100EF000059302F0E7DC021C18BF0122059B04E009
:100F000040000100FF0000C0002218F0407FD0B276
:100F10005FFA88F207D01F2A02D9202A07D0553A53
:100F2000072A04D91CE0A0498A56002A18DAB8F129
:100F3000000F15DB28F4801828F4407818F0407270
:100F400009D0BAF1000F03D1B2F1807F03D110B103
:100F500048F4801804E0BBF1010F08BF48F4807822
:100F600017F0407FFAB207D01F2A02D9202A07D0F3
:100F7000553A072A04D91BE08B498A56002A17DA0A
:100F8000002F15DB27F4801727F4407717F0407205
:100F900009D0BAF1000F03D1B2F1807F03D110B1B3
:100FA00047F4801704E0BBF1010F08BF47F48077D6
:100FB000B4F8582402F46052B2F5C05F2CD118F492
:100FC000E0221FD118F0407F17D0D9F80420120377
:100FD00013D5226892F83B2092B1089882797AB1B1
:100FE000D0F80821528E02F46052B2F5C05F0CBFF7
:100FF0004FF400324FF4803204E04FF4803201E0CD
:101000004FF4003218F0407F13D05FFA88F12029A6
:1010100008BF4FF400320CE05FFA88F2F9B2202AE0
:1010200008BF4FF08078202908BF4FF080774FF439
:10103000803227F4E02A17F0407F28F4E02848EABD
:10104000020818BF4AEA020A226A08BF4AF4803A34
:10105000516C564A0A40002A53D101F04071B1F157
:10106000807F4ED018F0407F94F81C2204D0012AD3
:1010700002D148F4000802E00AB928F400081AF086
:10108000407F94F81C2205D0012A03D14AF4000ABB
:1010900000F009BE002A40F006862AF4000A00F09B
:1010A00002BED9F80410C8032BD5D9F808100906D8
:1010B00027D5013225D118F0407F0FD05FFA88F292
:1010C000A2F15701012909D9632A07D0642A05D062
:1010D000652A03D0662A18BF48F480081AF0407FBA
:1010E0000FD05FFA8AF2A2F15701012909D9632AC8
:1010F00007D0642A05D0652A03D0662A18BF4AF4AF
:10110000800A2046494605931AF060DC18F04072C8
:10111000059B45D01599022908D108F4E02BABF5C1
:101120000032D2F1000B4BEB020B01E04FF0000B51
:101130005FFA88F21F2A04D8072A94BF00210121F0
:101140000AE0202A06D0A2F15501072994BF002108
:10115000012100E00021C9B239B199F8FE1021B196
:1011600099F8FF10003118BF012118F4000F1191F8
:101170001ED01F2A04D8072A8CBF0022012209E0B2
:10118000202A05D0553A072A8CBF0022012200E010
:101190000122D2B2002A0CBF024604220D9208E0BE
:1011A0000D929346119204E058168900FF0000C08A
:1011B0000D901AF0407226D01AF4000F25D05FFA75
:1011C0008AF21F2A04D8072A8CBF0022012209E0D4
:1011D000202A05D0553A072A8CBF0022012200E0C0
:1011E0000122D2B2002A18BF04200EE028F4E02821
:1011F00027F4E02A48F480384AF4803A10920D929D
:101200009346119202E0109200E0109093B1089A78
:101210003398D2F8301102EBC103C2B2C3F83821BF
:101220000131089A01F03F01C3F83481C2F830114E
:10123000C9F820A218F0407703D15FFA88F31B9316
:1012400003E0404674F058DE1B901398022800D04B
:1012500088B9B4F868340E99994202DCB3695B012D
:101260000CD5099A1198137903F00103002B08BFDC
:101270000120179004E01199179101E0119A17923B
:10128000236A597D41B10F9B33B12FB9884A5FFA68
:1012900088F3D356002B07DB236893F84F30980769
:1012A00027D037B3159820B3339A012A0ED90F9B54
:1012B000002B0CBF4FF0300A4FF0160AB3694AF406
:1012C000803A23F00063B361D04612E089B10F98F1
:1012D00078B167B908F07F03022B0AD0042B08D03D
:1012E0000B2B06D0162B18BF4FF0010B01E04FF06F
:1012F000010B18F040710F911AD108F07F03162BE3
:1013000016D86C4A9A4013D5149A62B15FFA88F3E2
:10131000022B0BD0D9F8103093F92C3113F1FF3395
:1013200018BF012300E0149B0D9301E00F980D906E
:101330001AF0407116911BD10AF07F03162B17D8B3
:101340005C4A9A4014D5149A6AB15FFA8AF3022B68
:101350000CD0D9F8103093F92C2112F1FF3218BFBC
:101360000122109204E0169B109301E01698109051
:101370001399D9F80430022908BFC9F8588113F429
:1013800080334AD094F80D32002B46D094F81132B5
:10139000002B42D0159A032A30D00F9B4BB908F08E
:1013A0007F03022B2CD0042B2CD00B2B2DD0162BF3
:1013B0002ED00998037913F001032BD10B9901F07A
:1013C000FC02882A29D1349A032A26D8B3691C98AA
:1013D00043F48053B361079B099900280CBF18227E
:1013E0001E2243F4A04307938B5A23F060031B048F
:1013F0001B0C43F020038B52012207E000230CE07A
:101400000F9808E00F990A9108E00F9A0A9205E0F8
:101410000F9B02E000200A9000E00A931D992046ED
:1014200000910E9A41460B9B20F08CD922AF2046AA
:1014300051460E9A0B9B009720F084D90622A5F105
:101440004000394601F090DA169A62B90AF07F033B
:10145000162B08D8174A9A4005D50E9B05F83C3C38
:101460001B0A05F83B3CB3690F995A0512D591B197
:10147000369A22B1127A042A01D00B2A1CD143F4E5
:101480000063B361179894F8DA32002B18BF01207B
:10149000179011E081B9064A5FFA88F3D356002B02
:1014A0000ADA15F8063C03F00F03149307E000BFB7
:1014B000581689000002102815F8062C14920B9B70
:1014C000A42B14D009980379DB0710D40A9981B9A9
:1014D000B36920465F05414602D517F021DD03E0E0
:1014E0000D9A359B20F008D9099A508014E00A9B88
:1014F00053B1414620460D9A40F62A131FF0DCDE18
:10150000099980B2023048800B9AA42A04D1099824
:10151000438825F83A3C19E009990B79D90701D499
:101520000A9A2AB1002305F83A3C05F8393C0DE047
:10153000B36920465A05514602D517F0F1DC03E0A5
:10154000109A359B20F0D8D825F83A0CB26993054B
:1015500009D5B38C25F8343CF38C25F8323C079B35
:1015600043F400530793329818B9079941F00801E2
:10157000079109980379DF0712D4D00410D494F8A6
:1015800010320BB151060BD4520505D41A9919B17A
:10159000199A92F828301BB9079B43F0010307936F
:1015A000924B34981399185C022915901CD1349AE7
:1015B000032A19D894F80D32B3B11B9B042B13D90D
:1015C000D4F8340136F062DA70B91998159900EB45
:1015D00041039B8B13B1B3695B0505D5119A1AB909
:1015E000079B43F480530793236A186966F018DC5D
:1015F00000F46050B0F5C05F03D1079840F48070EC
:1016000007900C9919B1079A42F400420792079B80
:1016100025F8763C369810B394F8B03213BB08998D
:101620000A6D12F0080221D1037A0B2B06D1236830
:1016300093F8AD30D3B18379072B14D8369A9379C8
:101640002268D2F8B82093420FD2B26997000FD423
:101650003698027B02F0070242EA031203E0369951
:10166000079107E00022079204E00023079301E0BE
:101670000020079010994B1EDBB2012B04D8079A6B
:1016800042F400539BB20793A5F17200099902221C
:1016900001F06AD9002305F8703C05F86F3C05F8A5
:1016A0004A3C05F8493C369B002B2FD094F8B032C9
:1016B000002B2BD10898036D180727D436990B7A85
:1016C0000B2B06D1236893F8AD30FBB18B79072B38
:1016D0001CD8369B9A792368D3F8B8309A4215D231
:1016E000B369990012D41C9818B9099901F118022C
:1016F00002E0099B03F11E021A9800B10232002396
:10170000009320461899369B2EF078DC0999062222
:101710000431A5F15000139101F026D9BDF898309D
:1017200025F82A3CD4F84401089960F0E7DC35F844
:10173000303C80B243EA002325F8303C002305F812
:10174000283C05F8273C05F8263C05F8253C05F81B
:10175000243C05F8233C05F8223C05F8213C05F81B
:10176000203C05F81F3C179A1AB9BBF1000F01D1B4
:10177000E1E09B460022414608982AF04FDA002219
:101780000690514608982AF049DA069B089013F013
:101790004073189306D10699154BC8B21B56002BFF
:1017A00003DA14E0069874F0A7DB023818BF0120B2
:1017B00070B1D9F8103093F92C31012B0AD0079A67
:1017C00042F480439BB2079301230C9304E01898E2
:1017D0000C9001E000210C91089B13F0407209D19C
:1017E000D8B2034B1B56002B07DA1DE06CE18800D2
:1017F00058168900089874F07FDB023818BF012062
:1018000078B1D9F8103093F92C31012B0BD007980F
:1018100001216FEA40436FEA53439BB20793119152
:1018200003E0119001E00022119235F8763CBBF103
:10183000000F02D043F4006301E043F0060325F8F3
:10184000763CBBF1000F0CBF4FF0140C4FF00E0CA8
:10185000A5F11E0362460093204606990B9BCDF826
:1018600014C01FF06FDFDDF814C024AF62460B9B7D
:101870002046089900971FF065DF39460622A5F13A
:10188000480001F071D80C980D990E9AA5F1180333
:101890000B9300900191029200275946069A434605
:1018A000204603971FF06CDF25F8160C119B10984B
:1018B0000E9900930190029120465946089A53468A
:1018C00003971FF05DDF25F8420CA5F11400BBF172
:1018D000000F09D06FF03B0305F8183C05F8177CA2
:1018E000099A02F10A010EE06FF04B0305F8183C6B
:1018F00005F817BC1399062201F036D8099BA5F10B
:101900000E0003F10A01062201F02ED81498189A4D
:1019100081B252B906989F4AC3B2D356002B04DA5B
:1019200015F81E3C03F00F0301E015F81E3C1B02E6
:10193000194314911FE059460622A5F11E0001F03B
:1019400097D859461022A5F1180001F091D8A5F1B9
:1019500048005946062201F08BD805F842BC05F82C
:1019600041BCCDF820B0CDF818B0CDF82CB0CDF8F2
:1019700044B0CDF830B0B3695A050FD50F9969B1AD
:1019800028AB002223F8022D0093D4F834014946F5
:1019900042460E9B36F096D805F8430C079B25F877
:1019A000743C149825F8640C1699B1F1807F0BD023
:1019B00031B90AF07F03162B02D8774A9A4001D436
:1019C000012002E0169800E00220069A80B202F0A0
:1019D0004073B3F1807F0BD033B902F07F02162A37
:1019E00002D86D49914000D401239B009BB200E0D6
:1019F00008230899184301F04073B3F1807F0BD09E
:101A000033B901F07F02162A02D86349914000D40D
:101A100001231B019FB200E02027236A07431869B6
:101A200066F0FED9C0B247EA002725F8627C0F9A1B
:101A3000B2F1807F0CD032B908F07F03162B02D8A8
:101A4000554A9A4001D4012300E00F9B9BB200E06D
:101A500002230D98ADF89A30421ED2B2012A09D85D
:101A600043F01003ADF89A302368D3F888309A69B0
:101A700001329A6141462046BDF89A707EF080DCC2
:101A8000B3690743B9B21B01ADF89A100ED52368AC
:101A900093F8E13053B1236A186967F099DB236A40
:101AA0000DF19A011869129A67F0ACDBBDF89A3013
:101AB000414625F86E3CB4F85824204627F09AD9C0
:101AC00025F86C0C51462046B4F8582427F092D9DA
:101AD00025F86A0C179911B9BBF1000F0FD00699C0
:101AE000B4F85824204627F085D925F8680C0899C1
:101AF0002046B4F8582427F07DD925F8660C0F9AB3
:101B00004AB10D9B042B06D1204641460E9A1FF088
:101B100077DC25F8380C169848B11099042906D1BD
:101B2000204651460E9A1FF06BDC25F8360CD9F88A
:101B30000430580640F1AE801A9A002A00F0AA80BC
:101B40001998159900EB41039B8B002B7BD0B3694F
:101B5000590500F19F80329A002A40F09B800E9B2D
:101B6000204641460D9A1FF0A7DB0B9B0990ABB1B5
:101B700006990C9A204617F041D808990746119A01
:101B8000204617F03BD80B99B1F802B0BB4435F8AA
:101B9000427C1BE058168900000210280A9ABAB944
:101BA00041460D9A0A9B20461FF0A6DD099B51462F
:101BB00000EB030B109A0E9B20461FF07DDB514675
:101BC0000746109A20460A9B1FF096DDC71902E0CF
:101BD000DDF824B00B9F1FFA8BF225F8702C25F846
:101BE0004A7C1998159900EB41039B8B0998C318FF
:101BF0009B1A9BB21A0419D4204641460D9A16F03E
:101C0000FFDFFF2805D9B4F85A24904238BF0246B6
:101C100001E04FF48072349992B204EB4103B3F8BF
:101C20005C34934202D0204618F076D8236893F8AB
:101C30004430002B2ED0349A032A2BD8D4F86001DC
:101C400015995A4623E0236893F8443013B3349B24
:101C5000032B1FD81A480B99C75C204639B10C9A40
:101C6000069916F0CBDF0B9B5A8882180CE0414690
:101C70000D9A0E9B1FF020DB0D9A0546414620462B
:101C80000B9B1FF039DD4219D4F8600139464B46F1
:101C900050F0F0D8B369BDF8980043F08403B36105
:101CA00029B0BDE8F08FD4F8842428F4800892F994
:101CB00013202AF4800A012A7FF4F3A9FFF7FBB965
:101CC0006CE1880070B50B6912B15478032C01D80F
:101CD000002212E04D6845F480744C605679012E64
:101CE0008DBF24F4806445F4A0654D604C60547849
:101CF000052C2FD9062C03D1012283F8A42370BD13
:101D0000147A14F0040F4C6814BF44F0806424F07B
:101D100080644C60147A04F00804D4F1010438BFE4
:101D2000002483F8A4438B6823F004038B60547869
:101D3000062C0FD9127AD2060CD5026843F00403A0
:101D40008B6092F80C21D00704D592075CBF23F07A
:101D500004038B6070BD00002DE9F04FB5B09A46CA
:101D60003F9B05460B2B894616463E9F409C40F202
:101D7000E6800C3B04931AF07DDE0021C82205901A
:101D8000204600F075DE31460622204600F0ECDDEC
:101D9000FA7ABB7A494643EA022303F00302012A96
:101DA000A4F86230E38808BF84F83420BAF1000F49
:101DB00014BF4FF4807200221343E38028465BF087
:101DC0009BDF60857A7A3B7A07F10C0B43EA0223AA
:101DD00007AFE385002128220DF14408384600F0C2
:101DE00047DE2DAE00212822404600F041DE4FF0B4
:101DF000FF3300210C223046ADF8CE3000F038DE43
:101E00000DF1CE032F93049BBAF1000F0CBF4FF0DE
:101E1000600A4FF0700A8DE84800284600215246BB
:101E20005B462D97CDF8B8801CF0D6DA002840F03C
:101E30008680059B4246DEB2284604F138033946C7
:101E40001FF0D0DBBDF8CE304FF6FF72934217D0B3
:101E50005A1E92B2DE2A75D843F480520E2B8CBFE4
:101E60004FF440430023D5F8580143EA020152F0F1
:101E700043D858B9D5F864319B889B0506D461E0F6
:101E8000731E9BB2DE2BADF8CE605BD8BDF8CE30B2
:101E90009E4203D1E28842F00202E280EB1893F8FE
:101EA0003C20494684F86120284652B25BF0C8DEE7
:101EB000BDF8CE30A08543F480520E2B8CBF4FF47A
:101EC000404300231343638600210C2230A800F016
:101ED000CFDD1F4B0DF16C0830931E4B00212822E3
:101EE0004046319325AF329500F0C2DDBDF8CE30CB
:101EF0000021202238468DF872301B9400F0B8DDA6
:101F0000049BD5F8940602930021524630ABCDF8DD
:101F1000B080CDF894908DF8A4608DE8800857F0DB
:101F200011D988B9608E431EDBB2DE2B0AD802F0CD
:101F300059DA00280CBF00206FF0130004E04FF0C6
:101F4000FF3001E06FF0130035B0BDE8F08F00BF47
:101F5000112A8200812B82002DE9F04FA5B00446A2
:101F6000D2F808A18B4615460021282205A89846DC
:101F700000F07EDD0FA80021282200F079DDD4F8E2
:101F80006C3313B104F55B7008E0236893F82F30CD
:101F900073B9236A5B7D052B04D1694805A973F0E9
:101FA000EFDF05E0042B03D1204605A91FF066DD15
:101FB00005AF3B460FAE204629460AF138020DF127
:101FC0006409009628F090DA00212422484600F0A7
:101FD0004FDD0021082222A81A971B9600F048DD49
:101FE00094F84135CDF88C90DA0702D52A6DD707E1
:101FF00008D49E0708D52B6D03F00603023B18BFDB
:10200000012302E0002300E00123226892F84F2020
:1020100012F003020BD0D5F8EC2012F4805205D157
:102020009DF8BC10002908BF1A4600E0002224AB2E
:1020300003F8082D1FFA8BF6009332460023D4F8DC
:102040009406294657F056D82E9A00F10C091368C9
:102050000746994571D8404600210C2200F008DD62
:10206000BAF82E30A8F80830AB7923B1012388F8EC
:102070000A30002306E0D5F8EC2012F4803204D0B8
:1020800088F80A3088F80B3004E0022388F80A3018
:1020900088F80B202A6D40F23713134043B195F8AE
:1020A00058302BB1B8F80A3043F01003A8F80A30C2
:1020B000236893F830306BB9236A1B68022B09D16F
:1020C000BAF86230980605D5B8F80A3043F0200314
:1020D000A8F80A30236A5B7D43B194F872342BB1BF
:1020E000B8F80A3043F48063A8F80A30236893F8FC
:1020F000A9305BB1D5F8EC30590407D4AB792BB1DA
:10210000B8F80A3043F48073A8F80A3022AB009381
:1021100008F10C030193D4F89406002329463246B3
:10212000029756F055DFBBF1800F03D1D5F8903000
:102130001C9A5A612E9BC3F8009025B0BDE8F08F21
:10214000D40D89002DE9F04F4E688FB01746C6F3C5
:10215000C0420C46D1F808A002920546002104A80E
:102160002822994600F084DC2369C6F3004B26F050
:102170008646039326F4EA162AF083036660A3607A
:10218000002F00F0BF803B7897F8018043EA0828D1
:10219000A4F80081BB7884F8023146F48033636090
:1021A0002B6893F84120B2B193F842309BB146F4CA
:1021B000A026D4F82431666093F85D307BB91AF418
:1021C000007F03D094F82430D90608D5284621464C
:1021D00036F04EDC03E02846214636F03BDC062292
:1021E000284621462DF05EDFA26812F0006222D15F
:1021F00008F00C039B10012B94F8FE0094F8FF10DC
:1022000006D0032B09D043B9012284F8FE2001E057
:1022100084F8FE3084F8FF3003E084F8FE2084F870
:10222000FF2094F8FE30834207D194F8FF60761ABD
:1022300018BF012602E0002600E0012618F4407FC6
:1022400003D0636843F08043636018F0010F03D04C
:10225000A36843F08003A36018F0200F03D0A368A5
:1022600043F00103A36018F0400F03D0A36843F0CC
:102270000203A360A3680AF0030A03F003039A456C
:1022800018BF012618F0100F03D1636843F48013C0
:10229000636018F4804F03D0636843F00073636099
:1022A000C8F34008B9F1000F38D005F53E7003308F
:1022B0004946162200F058DBB8F1000F03D099F818
:1022C0000180C8F3800899F801301A0703D56368C4
:1022D00043F08073636099F8023013F008030ED066
:1022E000039A41F61001D2F8083140F608425B8E9D
:1022F00003F44043B3F5404F14BF0B461346A5F813
:10230000DC320BE02846214606222DF0CBDE2846A3
:10231000214636F09FDB3E46B84619E01022F91CF4
:102320000DF1250000F020DBD5F8843404A899785D
:1023300073F0E4DED5F86812284624F095DEFF231A
:102340000190002204A800930146134673F05ADE60
:10235000BBF1000F11D0636813F4803310D009AAC9
:102360000023E11812F8010F91F85110884206D1AC
:102370000133102BF5D1002302E05B4600E001237E
:10238000626802F48031C2F30042934500D163B128
:1023900004F1510029B10DF12501102200F0E4DA19
:1023A00002E0102200F064DB0126B8F1000F03D038
:1023B000636843F400236360029B434500D146B148
:1023C000D5F8843493F87B301BB9284621467BF03E
:1023D00085DA0FB0BDE8F08F00F506612DE9F04118
:1023E000093104464AF0D6DF94F872380546002BCE
:1023F00074D0002872D06A21206948F0CFDC4600F2
:1024000006F114084146206948F0C8DC002207465E
:102410004146206949F004DB380406D4304831498C
:102420003A46BDE8F04100F0499BD4F8848401238A
:1024300088F86D3198F828313BB1A068D8F8301190
:1024400011F044DE002388F82831204629460CF09C
:10245000C2F998F81D3153B1012388F82831A068DA
:10246000D8F83011D8F82421002311F009DE2069B2
:1024700006F1160148F092DCB4F8703883422DD191
:102480000022134679B22846D5F810615BF094DC3F
:1024900028465BF0D7DBAB798BB9D5F81421D5F89A
:1024A0000831128A5A852B7C4BB1D5F8EC3099044F
:1024B00005D473791BB92846012144F0E5DA0023DD
:1024C000B37194F80C22D6F8F0309A4206D0284620
:1024D00084F80C32BDE8F04124F04A9ABDE8F0815E
:1024E0001B5A8900F14D89002DE9FF4104460D4634
:1024F00016461F460A994BF017D820462946324601
:102500003B46FEF761F9B0F10008C0F2A1802368F4
:102510005B7E4BB9206956F02BDC28B1A06811F026
:10252000DBDD4FF0FF3893E03EB1032F05D903A860
:102530003146042200F018DA01E000230393342D21
:1025400018D008DC022D11DB032D13DDA5F11B03D0
:10255000012B0BD80EE0D62D0CD001DCA32D04E00E
:10256000FB2D07D040F20B139D4203D0002E65D007
:10257000002F63DD3E2D02D0402D62D135E023686F
:102580001B7E002B60D0D4F88424039992F81C3170
:102590008BB1CBB282F84631D4F884241172D4F8CE
:1025A0008424206992F8AC1001220092019200224A
:1025B00049F0C0DB3FE0204649B27DF095DEB0F146
:1025C000000845DBD4F88434039A20461A722CF0B4
:1025D00095DF20467DF028DF2046D4F8B0141EF0A9
:1025E00051DA204624F038DA32E0039B5A1C042AE0
:1025F0002CD8013301D103230393D4F884340399F5
:1026000093F81C2172B1C9B283F8AD10D4F88434A8
:10261000002293F84531206900920122019249F08D
:1026200089DB04E0236AC9B2186965F07BDAD4F863
:102630008434039ADA714FF0000809E06FF0010862
:1026400006E06FF0160803E0984601E06FF01C0802
:10265000404604B0BDE8F0812DE9F341089C0746EF
:102660000E46154698460094FFF73EFF10F12F0FD7
:102670000CD010F1170F0BD1384631462A4643468D
:10268000089402B0BDE8F04118F0B09B6FF016005E
:1026900002B0BDE8F08113B504462CF011D82046F5
:1026A0001CF0B8DBD4F88434012293F8AD10206913
:1026B00093F846310092019249F03CDB206902B068
:1026C000BDE8104056F0669B37B5036804465B7E54
:1026D000002B40F01A81006956F04ADB002840F0D8
:1026E0001481236893F8203033B9206947F072DEF3
:1026F0002368012283F82020206905F012FE236858
:1027000093F8693113B120464BF042DCD4F884349D
:10271000032293F8513000928022002B14BF1346FD
:1027200000232046042126F04FDA2368DB6EE3B94C
:10273000206948F0CFDF093017D12268D36E13F03B
:10274000020512D143F00203D366D4F8643259591A
:1027500041B18B7933B94B7923B10B7C13B120464E
:102760004AF05EDC0435202DEFD12368DB6E1BB10F
:10277000204619F087D9C6E0206948F0F7DC2069C7
:1027800090F934114D1C03D1012148F0EDDC01E03A
:1027900048F042DC01236376204627F0ABDD236856
:1027A0002046596B0323009321B14FF4807200211E
:1027B000134602E04FF480720B4626F005DAA0685B
:1027C00011F006DD236801221A7694F8CF3173B137
:1027D00020462CF093DED4F854332046598E2BF04B
:1027E000BFD9002384F8CF31204624F035D9D4F85E
:1027F00044260321204624F033D9204616F0E8DB96
:10280000B4F83415204629F095D9206948F04EDFF8
:1028100003232022009320461346012126F0D4D919
:10282000236893F82F301BB1D4F818053BF0AADFCA
:1028300020461DF08BD820467AF0D0DD01254FF4DC
:102840007A72D4F8E8110123A06811F019DCD4F8E9
:102850009C0184F82A5280F001DE20467DF0E4DD00
:10286000D4F88434204693F9121017F0F1DD204695
:102870002DF034DD20462DF01DDD204629462DF0BB
:10288000BFDDE36884F86056D3F82421294642F07E
:102890004002C3F82421236A0022186965F048D950
:1028A000236884F88C5693F8693113B120464BF0B5
:1028B000AFDB6A21206948F071DA003018BF0120CF
:1028C00084F873087E21206948F068DA421E92B2CB
:1028D0004FF6FD739A4206D8430001304000A4F839
:1028E0005038A4F85208B4F8501821B12046B4F872
:1028F00070272DF065DFB4F8521849B12046B4F8BE
:1029000054282DF05DDF002003E06FF0080000E0A8
:1029100008463EBD2DE9F04FB5B0DDF8FC800D93C3
:10292000B8F80A700D46ADF858701146BFB291461E
:10293000129704461AF09ED8B9F81670C0B21A97CA
:10294000B9F8047010900D9948461B9773F056DC47
:10295000419F4FF0000A87F800A008F10C07159777
:10296000409F0F900C3F1897109FDDF860B00C97B8
:10297000159ECDF844A0CDF824A0CDF864A0CDF8E4
:1029800028A0CDF838A0CDF82CA0CDF850A0CDF8D7
:102990004CA0CDF820A0CDF81CA02F464FE03378F6
:1029A000951C2D2B21D007D8012B13D043D3032BFB
:1029B00012D02A2B40D114E03D2B1DD005D8089908
:1029C000322B08BF3146089136E04A2B1BD0DD2B55
:1029D00032D11FE007962FE0B2784FF0010A0C9237
:1029E0002AE0B31C1393149226E0204631462A466F
:1029F00058F03ADA0A901FE0204631462A4658F04D
:102A000009DA0E9018E0204631462A4657F09CD944
:102A1000199011E0032A0FD9B01C04229149FFF349
:102A20008FF7119B002808BF2B461193099B08BF05
:102A30003346099300E00B967619C5EB0B0BBBF1FF
:102A4000010F03DD7278531C5B45A8DB3D46099FEF
:102A50003FB10A9F2FB920460999119A58F0B8D969
:102A60000A90002D7AD1129FBE0740F1DA830B9BAA
:102A7000002B00F0D6832046991C5A784AF00EDDD0
:102A80003190002800F0CD83037C002B40F0C983F7
:102A9000037A002B00F0C583D0F80831588E01F07E
:102AA0006FDC0C9F874240F0BC83319F2046394643
:102AB00017F054DD002847D0384649460D9A434662
:102AC0001DF09ADF00283FD040993E9BD7F8046163
:102AD00003F110020191204649460123CDF8008000
:102AE0000296FFF739F9002830D1B6F830B0BBF1C3
:102AF000000F2ED1216AD4F8843450315A469B7885
:102B000006F1380073F052D94099384600910D9A79
:102B10004946434643F034D9CDF800B0CDF804B06F
:102B20003B7C2046D3F1010338BF002302937D2272
:102B3000394607F1DC03CDF80CB0CDF810B01EF02B
:102B40008DD901220B9206E00B9504E000230B9334
:102B500001E000210B914FB33D4601E000270B97A8
:102B60001A9F3E9917F4404F0CBF4FF0000B4FF0E7
:102B7000010B01F10A07204629463A465B467AF0E6
:102B80004DDB064600BB2B7C002B40F04D832046DE
:102B900029463A465B467AF043DC0646002800F0B8
:102BA0004383204631467AF0ABDA0DE094F88E325A
:102BB000002B00F039833E9F204607F10A0131AA1D
:102BC0007AF0D6DA064610B17368D80720D4089F89
:102BD00027B17878B91C27F07BDD58B9079F67B11A
:102BE000B91C787827F074DD10F1000B18BF4FF096
:102BF000010B04E04FF0010B01E0DDF81CB066B101
:102C0000BBF1000F07D1736843F00103736004E068
:102C10004FF0000B01E04FF0010BCDB1AB79DBB908
:102C20002B7A0BB3D5F808315B8E079303F460530E
:102C3000A3F5C052534243EB02030798089301F0F7
:102C40009FDB0C9FC11B484240EB010009900EE046
:102C50000895079509950AE00027089707970997AF
:102C600005E000BFFE370100089307930993B4F80D
:102C70008E32002B7FD0236A5B7DC3B10C9FD4F8CA
:102C80007C040E2F8CBF4FF44042002247F4805149
:102C9000129F114307F02003D3F1010338BF002333
:102CA0000193139A149BCDF800B071F0CDDE236828
:102CB00093F84F309B0712D00C9FD4F880040E2F4E
:102CC0008CBF4FF44043002347F48051089F1943C1
:102CD0000E9A0A9BCDF800B0019772F0D9DB94F8F8
:102CE0008E32002B47D000210C222EA8FFF3C0F615
:102CF000944B1CAF2E93944B3846002128222F93DF
:102D00003094FFF3B5F6BDF858100DF1980CDDF8CE
:102D100030E0ADF87610604600212022CDF818C0D2
:102D20001C968DF874E08DF878B0FFF3A1F62D971E
:102D30000D9F236827973E9F93F84F302897109F49
:102D400003F003038DF8A8700F9FDDF818C02B97D0
:102D5000159F8DF8B0300197189FD4F89406002184
:102D600090222EABCDF89890CDF8A480CDF800C07D
:102D7000029756F0E7D994F88C32002B00F0568277
:102D8000099F002F00F05282236893F84F20970785
:102D900000F08A800E9F002F00F086800A9F002F8F
:102DA00000F0828093F8A93033B1D4F87801294635
:102DB00053F0F2DC002877D10E9F20467A783978DC
:102DC00024F0ACDC079F034617F4404F0CBF0022F1
:102DD00001220A3254F822201192D5F8082162B15A
:102DE000D28812F0200208D00A9F3A7812F002022C
:102DF00003D00E9F7A78C2F380020992BAF1000FD5
:102E00000BD1109FDAB2BA4207D01846069301F0F0
:102E1000B7DAB842069B40F00982D5F80821002AAB
:102E20002DD01846069301F0ABDA0746079801F05B
:102E3000A7DA8742069B22D1D5F80821528E9A4202
:102E400032D0002E30D02A7A002A2DD02046119977
:102E50002A4625F055DEFF28074600F0E781DDF819
:102E600024E0204629463A465FFA8EF315F088DEC4
:102E7000D0B1204629463A462DF0C6D914E0BAF121
:102E8000000F11D01846069301F07ADA0C9F069BCA
:102E9000B84200F0CB8103F46053B3F5805F03D0F8
:102EA000B3F5C05F40F0C281419F01233B702368AE
:102EB000D5F818A193F84F30980716D0AEB10A9FF5
:102EC00037B1199F2046009731460A9A0E9B0AE0B7
:102ED0002B7C53B97368D90307D50A9F2046009706
:102EE00031463A463B4617F075D92B7C002B00F053
:102EF000BF803E9F0D9B204629464A468DE88001B3
:102F000015F02ADF236893F83B3043B10D9F20462C
:102F1000294632464B468DE880015EF013DA9AF876
:102F200009301BB1284600212BF028D99AF80D3022
:102F3000DBB1D4F830371A680AB11F7A37B12846A6
:102F4000002110E0F1CF8100F5CF810004F020D9FD
:102F5000D4F830371A69821AB2F57A7F05D901227E
:102F60001A72284639462BF001DCD4F830371B683A
:102F7000002B48D01B9F0123C7F3C0120F99204696
:102F80001EF08EDB98F8023098F801101B0443EA1B
:102F9000012398F80010B8F808700B4398F8031054
:102FA000024643EA0163329398F8063098F8051018
:102FB0001B0443EA012398F8041034A80B4398F843
:102FC0000710002F08BF642743EA016340F8043D5F
:102FD00032A900F0E7D93846329A339980F05ADAAC
:102FE000D4F83037BF021A68BA1A90420BD95A681F
:102FF000BA1A904207D23F1A5F60D4F844012946BA
:1030000001225FF0CFDC236A5B7D2BB1129F20464B
:10301000C7F380212CF076DAD4F85801079950F0E4
:10302000B7DD80B1D4F85801079950F0A7D9236AC9
:10303000186964F0F5DE079FB84204D100212046EC
:103040000A4625F079DE4A460D9BD4F8440129460C
:10305000CDF800805FF06ED8D5F8EC309A0458D5E2
:10306000D4F84C0129464246409B63F0F7DF50E01C
:10307000BBF1000F03D1129FC7F3401300E00123FF
:10308000DBB23EB1726813B142F0040201E022F0FB
:1030900004027260226A527D4AB10193D4F87C0422
:1030A0002946139A149BCDF800B071F025DD2368F2
:1030B00093F84F309B070AD0089FD4F88004294624
:1030C0000E9A0A9BCDF800B0019772F039DA0B9F87
:1030D000FFB9D4F868329D420CD0284649460D9A73
:1030E00043461DF089DC28B1284649460D9A4346DF
:1030F0002CF0BEDA94F88E325BB9D4F868329D4277
:1031000007D1284615F090DE18B1204641461BF045
:103110002BD800210C222EA8FFF3AAF4454B1CAF9C
:103120002E93454B0021282238462F933094FFF3ED
:103130009FF4BDF85810DDF830E01C9626AE202232
:10314000ADF87610304600218DF874E08DF878B037
:10315000FFF38EF42D970D9F236827973E9F93F8DA
:103160004F302897109F03F003038DF8A8700F9F2E
:103170008DF8B0302B97159F80220197189F2EABAA
:10318000D4F894062946CDF89890CDF8A4800096FE
:10319000029755F0D7DF9AF80230013BDBB2012BE2
:1031A00013D8AB798BB92A7C7AB1D5F8182192F86B
:1031B0006C20022A09D14FF0FF32019220462946A5
:1031C00005F1DC02009329F07DDD0F9F17F0407FB1
:1031D00001D1384602E00F9872F08EDE00F07F00D9
:1031E00002280AD0042808D00B2806D0A0F1160C1B
:1031F000DCF1000040EB0C0000E001200190B9F888
:103200000400B9F80610800B029001200022039000
:1032100099F91C302046090A009204950BF00DFB29
:1032200004E000270B97C1E40026D0E435B0BDE8E8
:10323000F08F00BFF1CF8100F5CF81002DE9F04F75
:1032400091F91530A1B0002504468A461E951F95B8
:1032500073B11BF0D7DD58B12368BAF81C20D3F83E
:103260008830D3F8C8118A18C3F8C82100F0A3BC6D
:10327000BAF80230606803F00703052B0B900A933D
:1032800000F2A48463690A9953F82100002800F031
:103290009D849AF81820022A089200F08984714BC4
:1032A0000221DB6B9847814638B920460A9914F011
:1032B000BDDE8146002800F089842046494611AAD7
:1032C00023F0FEDF236893F89C30012B06D0BAF878
:1032D0000220BDF848309A4240F07384B9F80E30AD
:1032E000614E03F007030993604DF35C4946EB5CC4
:1032F00011AA0C93189B0D9318881EAB0E90009387
:1033000020461FAB18F094D9236893F84F309B07E1
:1033100017D011A81BF0A4DC38B12368D3F888308B
:10332000D3F8A4220132C3F8A42211A81BF0AADC0E
:1033300038B12368D3F88830D3F8AC220132C3F80F
:10334000AC22D9F818305D056CD511AD2046294660
:103350002CF040DE08BB5346D4F834011E994A468F
:10336000009534F05DDB236893F8E130002B59D0F1
:103370001E99002956D0BDF85000BAF802200090DE
:10338000BDF84E30D4F8F8067AF086D8D4F85C014F
:103390001E990C9A7AF0D2DB44E01F99A1B1089AE9
:1033A000072A11D1D1F8EC3098030DD4D4F84C0190
:1033B00063F0C0DC28B9D4F84C011F9963F01CDD20
:1033C00010B11F984AF0F2DA11AB0093D4F834012F
:1033D00053461E994A4634F085DA2368054693F829
:1033E000E13093B11E9981B1BDF85000BAF80220C6
:1033F0000090BDF84E30D4F8F8067AF04DD8D4F8E5
:103400005C011E990C9A7AF099DB1F98002800F055
:10341000D2838379002B40F0CE830AF108016FF04C
:10342000B9DBC8E3204611A9D9F834701BF040DCA1
:10343000BAF81C60FF0E07F001070F90BAF81A8067
:10344000E6B12368D3F88830DA68013A9219DA6075
:103450001E9B9BB167B1D3F82C22013A9219C3F895
:103460002C220BE010A78800BAD588006CE18800F8
:10347000D3F83822013A9219C3F83822B8F1000F74
:1034800006D02368D3F88830DA68013A4244DA601B
:103490000E98494600F48063D3F1010338BF00233E
:1034A0000B98079300F016DED9F818509AF91930E6
:1034B000C5F3C06B002B00F0868023681E98D3F8FC
:1034C0008830D3F8A8210132C3F8A821D3F8C82145
:1034D000013A9219C3F8C82128B103691BB1DB680E
:1034E000DA6B0132DA63012E05DDD4F88C54013D2C
:1034F000AD19C4F88C54079900294DD02368D3F82E
:103500008830D3F8D8210132C3F8D82128B1036913
:103510001BB1DB685A6B01325A63012309990022FF
:1035200008F065F8D4F88C347BB12368D3F8883080
:10353000D3F8B4210132C3F8B4211E9B2BB11B690F
:103540001BB1DB68DA6A0132DA62D4F88C34012B01
:1035500014D923681E98D3F88830D3F8B8210132E3
:10356000C3F8B82128B103691BB1DB681A6B0132BB
:103570001A6309990C22012308F039F81E9B5BB1EC
:103580002FB1D3F828220132C3F8282204E0D3F85F
:1035900034220132C3F834221E9B13B12268926A8E
:1035A0009A621F9B002B00F015829A79002A40F046
:1035B0001482197C002900F01482D3F810310125FF
:1035C0009A7190460FE215F4825543D023681E98F5
:1035D000D3F88830D3F8A8210132C3F8A82128B144
:1035E00003691BB1DB68DA6B0132DA63079A0AB34D
:1035F0002368D3F88830D3F8D8210132C3F8D82112
:1036000028B103691BB1DB685A6B01325A6301238D
:103610000999002207F0EBFF1E9B5BB12FB1D3F895
:1036200028220132C3F8282204E0D3F834220132E0
:10363000C3F834221E9A002A00F0D8811F9B002B69
:1036400000F0DA819D79002D40F0DC8123689B6ACF
:103650009362D8E1089B032B09D0042B0CD123687B
:10366000D3F88830D3F810220132C3F81022A846CC
:103670002F460126AB46DDE10898052829D12368AD
:103680005A6BD3F88C103AB1B9F80E20954802F075
:103690000702825C9448825C143201EBC2014A68E2
:1036A000D3F8883001324A60D3F8A0221E98013244
:1036B000C3F8A02209990422012307F098FFB4F867
:1036C0003455002D00F0A381204623F0DFDA0025D9
:1036D0009DE10899012916D11F9B93B19B7983B174
:1036E0001E9B73B11A7DD20704D493F824309B0734
:1036F00040F16582204649465246079B3CF09ADCE1
:103700004BE0089E4DE0089A062AB0D0072A51D116
:103710001F99002900F05382D1F8EC309F0040F14E
:103720004E829E030DD4D4F84C0163F003DB28B91C
:10373000D4F84C011F9963F05FDB10B11F984AF079
:1037400035D91E99002900F03A821F9B9B795BB105
:1037500091F824309D0707D58B68580604D50122BF
:10376000204613463CF0B4DBD9F81830590544BF65
:1037700043F48073C9F81830D9F8183023F40043A3
:10378000C9F818301F9BD3F8EC309A0340F1178228
:1037900020461E994A4625F0BBDB0646002800F06D
:1037A0003A81002520460AF114011BF021DBA846CE
:1037B0002F465FE7BAF8063033B12368D3F8883074
:1037C0009A6B01329A6352E71B9B1B78DB0741D54A
:1037D0007EB12368D3F88830D3F8A8210132C3F82A
:1037E000A8211E9B2BB11B691BB1DB68DA6B013270
:1037F000DA63079B002B00F0138123681E98D3F82F
:103800008830D3F8D8210132C3F8D82128B1036910
:103810001BB1DB685A6B01325A63099900220123FC
:1038200007F0E5FE002E00F0FD8023681E9DD3F812
:103830008830D3F8AC210132C3F8AC21002D00F060
:10384000CD812D69002D00F0C981EB689A6B0132A2
:103850009A63C2E11F9B002B48D09A79002A45D178
:103860001B7C002B42D00D98037CDD073ED53EB17A
:103870002368D3F88830D3F8A8210132C3F8A821EF
:103880000799002900F0CC8023681E98D3F888306F
:10389000D3F8D8210132C3F8D82128B103691BB16C
:1038A000DB685A6B01325A6309990022012307F041
:1038B0009EFE002E00F0B68023681E9DD3F888304F
:1038C000D3F8AC210132C3F8AC21002D00F0868181
:1038D0002B69002B00F07C81DB689A6B01329A63C4
:1038E00076E100BFBAD588006CE188000F9AB4F881
:1038F0006A341AB1984503DAB4F86C349E4261DB3D
:1039000022680798D2F88830D3F8C851AD19C3F8A7
:10391000C851002800F08980D3F8B0110131C3F8F4
:10392000B011D4F8843493F81D1109B3D4F8681297
:103930008979E9B992F8642122B193F86D210AB12D
:1039400083F86D11D4F88414204601F582710BF0D0
:1039500048F9D4F88434012283F82821D4F8843437
:10396000A068D3F83011D3F82421002310F088DBAD
:103970001E9860B12FB1D0F830320133C0F8303228
:1039800030E1D0F83C320133C0F83C322AE1012367
:103990000999082207F02BFE1E9B2BB11B691BB156
:1039A000DB689A6A01329A62002502238DE82800BA
:1039B00020461F9914221B9B0295039504951DF028
:1039C0004DDA33E023680025D3F88830DA69013214
:1039D000DA614CE60125984605E001254FF0000824
:1039E00001E0012588462F462E4623E00127154693
:1039F00090463E4693461DE001271D4698463E46AA
:103A00009B4617E000250127A8463E4632E6A84619
:103A10002F4601260EE0054680460746834609E00C
:103A2000079DDBE03546B046D9E0079D4FF0010821
:103A30002F464646B4F8343543B1D4F838352BB167
:103A40000899052902D0204623F00ED9BBF1000FBA
:103A50004ED01E9B002B4BD011A81BF001D99DF816
:103A60004E30834603F00303023BDBB2012B04D844
:103A7000204611A92CF0B6DA00E0FF200A9A032AAA
:103A80000AD85B498B5C04EB4303B3F83622130975
:103A900003F00F03120B03E0B4F86E34B4F8702493
:103AA000009200220392BDF84C200190C2F3003234
:103AB0000492D4F85C011E995246CDF808B07AF011
:103AC000BFD8236893F8E13093B11E9981B1BDF856
:103AD0005000BAF802200090BDF84E30D4F8F80635
:103AE00079F0DADCD4F85C011E990C9A7AF026D8C9
:103AF00020460A9901222CF0E7D81E9860B15EB1E9
:103B0000E368D3F88021D9F830309A4204D91DB146
:103B10000999D21A07F079FD1F9DB5B10AF1140178
:103B200020462CF03DDB014628462CF0EFDB0E9AB8
:103B300002F0FC03082B01D0882B06D1079B23B190
:103B40001F980AF108016FF025D81E99C9B10B7DA5
:103B5000D80716D41F9BA3B19A7992B91A7C82B167
:103B60001A7A72B1D3F8EC2092040AD4D3F8103147
:103B70005B7933B9204652463B46CDF8008043F08E
:103B800075D97EB10AF1140120462CF009DB4946B3
:103B90000246D4F8880463F01DDE0B9849460122E2
:103BA00003F0B2DF079828B10025C4F88C5402E076
:103BB000002500E0079D284621B0BDE8F08F0126D2
:103BC000EFE50B984946012203F09EDF0125F2E75D
:103BD000D5F868310133C5F868310025A8460127BA
:103BE0003E4627E7D0F84C310133C0F84C31CEE6E1
:103BF0006CE188002DE9F04F002BB5B007930CBFA6
:103C000004230A230993079B15690DF12C0918BF9A
:103C10002023044615AF88469346002128224846B3
:103C20000693D5F80C610DF1B80AFEF321F70021D7
:103C300028223846FEF31CF700210C225046FEF3E2
:103C400017F7336B20468DE808042946069AF36A75
:103C5000CDF8B8902F9714F0F3DD002840F0F880ED
:103C6000B8F80630D80715D5216A4B7D93B10A6D97
:103C70000CA854310B92FEF377F6D5F8EC3099048A
:103C800005D5D4F84C0129464A4663F08BD9002368
:103C9000159308E015AB00932046294608F1380239
:103CA0000BAB26F021DCF36A83B128A8002118228F
:103CB000FEF3DEF6F36A2D942893336B2993674B5A
:103CC0002B93674B2A93674B2C9328AB1FAF002194
:103CD000242238460893FEF3CBF60BAB00210822D2
:103CE000219331A815AB2293CDF87CB0CDF880801C
:103CF000FEF3BEF62368294693F84F2034AB12F04A
:103D0000030218BFDBF80420D4F8940618BFC2F3EE
:103D1000004203F80C2D0093069A089B329755F049
:103D2000E9D9099B069900EB030A33AB02932046BD
:103D3000424605F1E2038DE8000523F03FD807462F
:103D400030B920463946B5F82E2140F015DB80E029
:103D5000204629464246DDF8CC901CF05BDBA9F8F2
:103D60000000738CA9F80230339B04333393079B14
:103D700013B9AAF1040A13E006F124094846FFF337
:103D8000E3F410B93398494602E0339805F1F8019D
:103D90000622FEF3E9F5339BAAF10A0A06333393B0
:103DA00031AB0093339BD4F8940601932946069ACD
:103DB000089BCDF808A055F00BD9814628B1606862
:103DC0003946012203F0A0DE42E0339B00900190CF
:103DD000029003932046294657224B46CDF810A067
:103DE0001DF03CD8706B18B103F06ADEC6F8349051
:103DF000079B23B1339B0AF1060A063B3393339B9F
:103E00000AF1040A043B3393079B504686F83C3082
:103E100003F044DE706308B9B06305E0339952469D
:103E2000FEF3A2F5C6F838A0B8F862300095C3F3E7
:103E30004013019300230293039339462046D4F89C
:103E4000BC255B4626F09AD9002808BF002700E071
:103E50000027384635B0BDE8F08F00BFCDCE8100D9
:103E6000DDCE8100FDCE81002DE9F04F95B00646F4
:103E700006910792209C219DD0F800909B46002B34
:103E800000F0B380ECB91E9A012A1CD11F9A931E30
:103E9000012B18D8032A16D1002D40F0AB80C36E39
:103EA0005A1C05D01C3350F82350002D40F0A2803E
:103EB00048460021B6F82E2140F0D6DD4FF000082C
:103EC00094E0002500E025464FF0B00806270DF1EC
:103ED000200A002124225046FEF3CAF51E9B1F9A99
:103EE0000893229B099211A800210822CDF828B03E
:103EF0000B930594ADF83040FEF3BAF5CDF848A029
:103F000044B1089B032B0FD14C2C0DDB4D2C01DD54
:103F10007E2C09D111AB0093D9F894063146B0221A
:103F2000002355F0E7D83F18079B41468DE88800ED
:103F300013AB02934846069A06F1E20322F03EDFF5
:103F40008046002852D075B10023009301932A4681
:103F5000139B4846314658F00DDC95F90E30139A04
:103F6000FF1AD21813921E9BDDF84CA09AB2AAF841
:103F700000201F9BAAF80230059BAAF804300AF122
:103F8000060313933CB1032A17D14C2C15DB4D2C9F
:103F900001DD7E2C11D111AA8DE80C00063F02979D
:103FA000D9F894063146B022002355F011D824B92F
:103FB000BDF830300BB1AAF80430B37913B1F3680F
:103FC000DA6801E0D9F8BC259DF88C3041460193B0
:103FD0000023039348465B460096029526F0CED810
:103FE000002808BF4FF0000800E09846404615B092
:103FF000BDE8F08F95F90E7044F2B008063766E719
:104000002DE9F0470446A4B090469A460D46002993
:104010006DD0D1F86433002B69D004AF0EAE3346B7
:104020003A460DF1600923F01BD9002124224846AD
:10403000FEF31EF5236A00216533082221A8189398
:10404000CDF864808DF868A01B971C96FEF310F5E0
:104050002368CDF8889093F84F3013F0030307D00E
:10406000D5F8EC3003F48053D3F1010338BF0023BB
:1040700024AF07F80C3D294640220023D4F89406CB
:10408000009755F037D82D9B0190009323AB0293F6
:104090008046402120462C9A05F1E20322F08EDE74
:1040A000064620B3239BD4F8940601932946402268
:1040B00000230097CDF8088054F08ADF28B16068AB
:1040C0003146012203F020DD11E0D5F8EC3013F485
:1040D000005306D0D4F84C012946324663F0D8D9B3
:1040E00005E020463146D4F8BC2528F0DDDD24B0BB
:1040F000BDE8F0872DE9F04390F8A03787B004467B
:104100002BB1002380F8A0374FF0010800E098465B
:1041100023681A7E32B9B8F1000F00F03B822046C6
:10412000022135E2206954F023DE18B1A0680FF0B7
:10413000D3DF27E220461BF05DDB236A20461F69A0
:10414000D4F86832D3F814219D79167C1CF0FCD980
:10415000031C18BF0123384671B22A4663F094DC71
:1041600094F88C36ABB12369D3F88830D3F8245156
:1041700015F040050DD120462BF0C0D9236A84F8F4
:104180008C56186929462A4663F0D2DC204622F074
:1041900063DC236820469A6A01329A621CF0D4D903
:1041A00018B9D4F8843483F8290120460AF0B7FD01
:1041B000236A186965F05AD80146204659F028DD6F
:1041C000236A186965F00CD90146204659F0D8DCFD
:1041D000236893F93D307BB1D4F8240103A9002270
:1041E00078F098DB01E00023C361D4F8240103A92F
:1041F00078F0A6DB0028F6D194F8D4314BB12046F4
:1042000016F03EDB28B194F8E43113B1013B84F899
:10421000E431204626F082D8204617F01DDC2046E7
:1042200026F0D6D894F8D43113B1204624F068DAB9
:104230002368DA6E002A40F0A58193F8693113B142
:1042400020464BF023D9204647F030DB236893F813
:104250002F20CAB193F83030B3B120461CF09CD85F
:1042600090B1D4F864120023CA582AB1907918B1D9
:10427000507908B112791AB10433202BF4D103E03C
:10428000D4F818053AF07EDAD4F828351B68A3B1C3
:1042900020462AF0CFDCD4F828355A681B68B2FBD8
:1042A000F3F103FB112313B9204615F089D8D4F894
:1042B00028355A6801325A600AE023689A6A1E2338
:1042C000B2FBF3F103FB112313B920462AF0B2DC51
:1042D00094F88C3243B194F8F034013BDBB2022BFA
:1042E00002D8204615F048DE0025D4F864325F5924
:1042F0001FB3BB790BBB3B7AFBB1D7F818319B7A64
:10430000DBB1384625F090DEB8B13B7CABB1D7F8D5
:1043100018319B7A8BB13B7A7BB107F1DC063046D2
:10432000FFF312F2034640B94FF0FF3200900192C2
:1043300020463946324628F0C5DC0435202DD4D13C
:10434000204616F003DB236A5B7DB3B123689A6ACB
:104350003C23B2FBF3F503FB152575B9D4F86432A1
:10436000585938B183792BB9037A1BB1037C0BB947
:1043700017F028DC0435202DF0D120462AF038DC57
:1043800020B9D4F8180539F0A9DF38B1236A202103
:104390001869002264F03ADD002604E0236A202137
:1043A00018690122F6E7D4F864329D59FDB1D5F8B9
:1043B000A83013B1013BC5F8A830D5F8AC701FB1D7
:1043C000013FC5F8AC7012E0AB7983B12B6D990752
:1043D0000DD595F8A43053B102F0DADED5F8B0105F
:1043E00040F052DE18B1C5F8A87085F8A470043604
:1043F000202ED8D1B4F850371BB1013BA4F8503768
:1044000002E0204622F076DD002635460BE0D4F8A7
:10441000C4329B195B6A23B1D4F8C82252F8250034
:10442000984701353836236893F8B4209542EEDB7F
:1044300093F83B5045B193F83C502DB194F8FC559E
:1044400015B1E368D3F880510026D4F8643253F8EC
:104450000690B9F1000F40D099F80630002B3CD1FE
:1044600099F80830002B38D099F85633DA0704D57C
:104470002046494699F8542305E0980705D599F850
:1044800055232046494624F0A7DB94F8FC3523B396
:1044900099F804300BB3D9F818314A4619782046F8
:1044A00029F02CDE236893F83B20B2B193F83C301E
:1044B0009BB194F88E3283B9D9F80831D4F8500101
:1044C000DF8D93F86030BF0201335F4399F84410E9
:1044D0002B463A465CF066DFED190436202EB4D147
:1044E000236893F83B206AB193F83C3053B194F8B9
:1044F0008E223AB994F8FC3523B1D4F85001012149
:104500005CF07ADF002384F8FC352268D4F8843428
:10451000926AB3F89E30B2FBF3F103FB112313B997
:10452000204609F095FAD4F8683223B1D3F818215F
:104530000AB112781AB1D4F86402002202E01B7AA0
:10454000CBB9F8E7835893B19D79D3F8EC1015B146
:10455000890405D40BE011F4005F08D0C90306D428
:10456000197A21B1D3F818310BB11B781BB1043281
:10457000202AE7D103E0A06802210FF027DE2046C1
:1045800019F0ECDFB8F1000F04D020460221002220
:104590002BF050DF07B0BDE8F08300002DE9F04FAD
:1045A00092F82A301446B2F81CB08DB006460D467B
:1045B000D0F804A00F6952692BB1936894F8228057
:1045C00003F11A0903E09268984602F11809A368FA
:1045D000072B0DD93046494613F0E8DC40B1B9F855
:1045E00006304FEA132949EA03291FFA89F901E045
:1045F000B4F8089095F8243003F01203022B0DD183
:1046000048F68E03994509D12068D7F80811103073
:104610000622FEF395F1002840F0C88394F82C3070
:10462000EBB9A38B1B051AD53368D3F88830D3F8C0
:104630004C230132C3F84C23D5F824220132C5F8AB
:10464000242205EB4802B2F8A410B4F87E2091426F
:1046500005D1D3F8BC210132C3F8BC21A6E3BB7954
:10466000CBF3802B002B32D1D7F818311A7B92B1C3
:1046700094F82C207AB9BBF1000F0CD195F8CA1030
:10468000626A51FA02F2D00705D43846A18B029330
:1046900017F05CDB029B3268526BC2B11B7FB3B177
:1046A00094F82A309BB194F8283083B10021384621
:1046B00029F008DAD7F8EC30990408D5A28B12F467
:1046C000005204D1D6F84C01394662F003D9238C4C
:1046D0005A0700F16B83A38B03F4804363633BB9F8
:1046E0003A6D40F237131340EBB197F85830D3B11D
:1046F0000023A3633046234651462A46CDF8008066
:104700007AF042DB636B40B9002B00F04F83D5F8A1
:1047100064310133C5F8643148E323B1D5F8603121
:104720000133C5F8603194F82C3043B908F15003D7
:10473000B4F87E0005EB43039A88988000E00022DD
:1047400094F82C3043B3636994F82A209B680AB12B
:104750001A3300E01833B9F5006F40F06E81A2689B
:10476000072A40F26A811A7A1209042A40F0658108
:104770009A6912BA002A00F060815B7C012B40F03C
:104780005C8102F07043B3F1604F00F05681D2B209
:10479000FF2A40F00B8350E1B4F87E0008F11809BD
:1047A00010F00F0340F0A38005EB8909D9F804103D
:1047B00079B11A465046029303F0A6D9029B05EB45
:1047C0008802C2F8843008F14A02C9F8043045F87A
:1047D0002230BBF1000F00F03081E368626903937F
:1047E00005EB88035A66A16B31B105F51C700530E5
:1047F00014311022FEF3B8F063699A685868510DBD
:10480000C0F3140E9889DB8849058E44C3F34A131C
:104810003168013302EB000C7344C969CCEB03032C
:10482000CEEB020E896803EB0E021018884234DAD0
:104830005046FBF791F808F1180905EB8909C9F80A
:104840000400002800F0B2826269806891685368B1
:1048500021F07F4E2EF4600E9289C3F31403C3EB54
:104860000E03C91A9A18FEF37FF061698B684A68D3
:1048700023F07F4323F46003C2F314029A1AD9F899
:1048800004309868801898609889821A9A8188897B
:1048900000229881504603F037D9D6F8E015039BE3
:1048A00005EB880259186FF005035B1A3168A148BF
:1048B000C96989685B18C2F8843061680822FEF310
:1048C0003FF06B6810B943F0080301E023F00803E0
:1048D0006B60994861680822FEF332F0AB6810B94A
:1048E00043F0200301E023F02003AB60A5E005EBDB
:1048F0008901496800293ED0504020F00F0020B9BE
:1049000002F00F02013293420FD00022504603F012
:10491000FBD808F1180205EB82020023536008F16E
:10492000200205EB8202536021E0A16B49B105F53D
:104930001C70053014311022FEF302F0002840F004
:10494000358208F1200905EB8909A368D9F804200C
:1049500008F1180C93421DD905EB8C075046796875
:10496000002203F0D1D800237B60C9F8043008F19D
:104970004A0845F828303368D3F888301A6E013277
:104980001A662B69002B00F01182DB685A6D013228
:104990005A650BE28DE8080405EB8C0CDCF804107A
:1049A000304609F104026368CDF808C013F036DF21
:1049B00050466169002203F0A7D8DDF808C0BBF1BA
:1049C000000F3AD1DCF8042008F14A036261CCF808
:1049D00004B045F823B09368928903F11801C9F82F
:1049E00004B06160A2F11801A16094F8291023605D
:1049F000E26021B103F11E011E3A6160A26094F8E9
:104A00002A203AB1626884F8228002326260A26889
:104A1000023AA2601A785B7842EA0323A383636BAD
:104A20005BB1A36B4BB193F90E2061688A18626089
:104A300093F90E30A268D31AA360A36B63B11B7AFB
:104A4000042B04D1304621467AF02ADA04E00B2BFD
:104A500002D120461AF0ACDBBBF1000F40F0C4815C
:104A6000626993695B0613D5BB792BB9D4F88010C2
:104A7000384618316EF08ED863699B69180640F18C
:104A80009581D6F830012946224601F0B5F9ABE10F
:104A900023689888D988ADF81000ADF812101889ED
:104AA0005989ADF81400ADF818109889D989ADF876
:104AB0001A00ADF81C10188A598AADF82000ADF81C
:104AC0002210988A94F82910ADF8240041B1198B6E
:104AD000588B9B8BADF82810ADF82A00ADF82C3020
:104AE000A38B13F4807F03F4007304D104A96167DE
:104AF00023B108AB05E008A961670BB906AB00E07C
:104B00000AAB6168236793683046C3EB010813F072
:104B10004DDA6369998988B1072940F247819A681B
:104B2000A8F106084244C8EB01089A60A3F80C807B
:104B3000E26615E02C1D8900033801000D2940F2C2
:104B400035819A68A8F10E084244C8EB01089A60C2
:104B5000A3F80C802389E266190A41EA03239381B2
:104B6000A36B6BB11B7A012B0AD0032B08D0304604
:104B700051462A46234679F0C7DE002800F0168108
:104B8000A36B33B11B7A022B03D1304621467AF056
:104B900087D997F85C339BB1E36E9B891A0A42EA86
:104BA0000323934A1BB293420AD13046616906221D
:104BB000002315F0BBDD18B13046394649F006D95F
:104BC000626FE36E118819805088588091889980AF
:104BD000216F0888D880488818818988598161693F
:104BE00094F822E0C8890EF0070E20F007004EEA84
:104BF0000000C8811178C9070BD53168D1F8881039
:104C0000D1F8D0010130C1F8D001F968886D0130C8
:104C1000886597F8591061B195F82410C80608D432
:104C20009989080A40EA0121714809B2814240F09D
:104C3000BD80D6F89811795C79B195F82410C90631
:104C40000BD49B89190A41EA03236A491BB28B42A0
:104C500003D026398B4240F0A980BB79EBB992F89A
:104C6000008018F0010818D1D7F81831384693F8A9
:104C70007420013283F87420D4F8801018316DF05C
:104C800089DF61695046FFF325F201210346424660
:104C90003846CDF800806DF0FDDFD6F8D0361B68C1
:104CA000FB58002B35D01B68002B32D0D4F86C8019
:104CB000B8F80C301A0A42EA03234D4A1BB2934259
:104CC00027D197F8A73313B197F8F6330BB35046B3
:104CD0006169424612232BF0C1DB00283BD0B8F8B3
:104CE000103050461A0A42EA0323616908F11202A1
:104CF0009BB22BF0B3DB00282DD0636BD6F8D00627
:104D0000003318BF0123394642467DF077D9002889
:104D10004CD17B69002B2FD0D4F86C80B8F80C30C4
:104D20001A0A42EA0323324A1BB2934224D1504664
:104D30006169424612232BF091DB60B1B8F8103064
:104D400050461A0A42EA0323616908F112029BB233
:104D50002BF084DB30B93368D3F888305A6E0132D7
:104D60005A6623E0626B7869003218BF012241461F
:104D70002B4643F0B3DAC8B9D5F89431DB070BD52D
:104D800094F8293043B9E36E9B891A0A42EA032357
:104D9000174A1BB2934209D1636994F82920009302
:104DA00030462946636F26F045DC1DE033685A6BB8
:104DB000AAB161691048CA89D3F88C3002F00702A1
:104DC000825C0E48855C50460C3503EBC5056B686C
:104DD000AE6801336B60FFF37DF18019A860504627
:104DE0006169002202F090DE0DB0BDE8F08F00BFD7
:104DF0008E88FFFFB488FFFFBAD588006CE1880079
:104E00002DE9F04F4FF0000AAFB0CDF8B0A0CDF8CB
:104E1000B4A0D68A984610939B890446212B0F464E
:104E20001546CDF864A08DF84EA0CDF850A08DF8B1
:104E300057A08DF854A08DF88CA08DF858A0119231
:104E40002B92CDF888A001D803684AE0D8F80890E2
:104E50001046494671F0D2D909F106030890C8F806
:104E60002C000B93B9F806301946ADF8483001F024
:104E70000C02184601F0F00301F44071A1F5407EE8
:104E800092081B09DEF1000141EB0E01022A08BF66
:104E90004FEAD30AADF84A205FFA8AF2ADF84C30F7
:104EA0008DF855108DF85620B5F804E00EF0030E7D
:104EB000BEF1020F04D100B2002801DADB0800E0E5
:104EC0000023D8B28DF85700002914BF28232223CD
:104ED00002B1023300B1043310988089984206D29F
:104EE0002368D3F888305A6E01325A667EE399F807
:104EF0000A3003F001038DF8583009F11E030C93BA
:104F000011B109F124030C9300238DF859304AB1F3
:104F10000C9B5A781B7843EA0222DB0907928DF832
:104F2000593000E0079241463846FFF3D3F010991C
:104F300009908B68384606338B608B89063B8B81E2
:104F40009DF859301BB1FEF365F501463846042241
:104F500002F084DD16F4404F9DF855200CBF4FF051
:104F6000000B4FF0010B00232D9302BBBDF848301E
:104F70000B9913F4407F09D101F1100620460A3144
:104F80005A462DAB78F00CDA2C9005E0D80501D507
:104F90000E1D01E001F10A062D9B23B92046314682
:104FA00048F0F8D92D902D9B003318BF01238DF8C0
:104FB0005C302D9B13F1000A9DF8583018BF4FF05C
:104FC000010A43B90B992046043148F009DA061C5E
:104FD00018BF012600E00026D4F804321BB923686C
:104FE00093F82C306BB3236893F83E20002A08BF57
:104FF0004FF0000A7EBBBDF84820D20506D49DF8CC
:1050000058201AB1BAF1000F40F0F6829DF85520F1
:1050100012B19DF858203ABB93F82C30002B00F0C9
:10502000C982BAF1000F04D12046294658F064DE47
:10503000C0E22D9B9B79002B40F0BC824FF0010A0F
:1050400014E09DF858301BB9002E00F0B38202E046
:10505000002E00F0D1829DF855302BB9BAF1000F27
:1050600000F0A8829A4601E04FF0000A9DF8563001
:105070000BB39DF859304BB194F80E32002B00F071
:105080009982109B9A6942F040029A6107999E4A60
:1050900001F00703D25C9D498DF84E308A5C079978
:1050A000149201F0100212118DF854200C9A8DF810
:1050B0008C3002320C92109BD989988911F40052DD
:1050C00018BFB3F850200C999B688218CB1A0E9227
:1050D0004146D21A38460D920693FEF3FBF7069B23
:1050E0000B9AC31A0F93937DD17D43EA0123ADF848
:1050F000AA30BAF1000F2FD12CAB00930E9B2046A3
:1051000001932DA92B4618F0ABDE002840F0528207
:1051100074E22D99002900F04D820B9A20460A3244
:105120005B4678F07BD82C90002840F06D820B9A7B
:105130002D9920460A325B4678F072D901462C90B0
:1051400030B92368D3F88830DA6E0132DA6631E29A
:10515000204677F0D5DF57E2BDF8483013F4407FA2
:1051600004D12D9B1B7C002B3AD106E09DF85530D5
:105170001BB92D9B1B7C002B32D020462D990A3267
:105180005B4678F04DD92C9018B913E22C9B1B6923
:105190002D931EB123689A6A2C9B9A622D9BD3F89B
:1051A00010210792BAF1000F21D19DF85520F2B9D4
:1051B0009DF858201AB1BDF84820D00510D499792F
:1051C000BDF8482011B1D1050AD510E01B7C02F4CE
:1051D0004072002B14BF4FF4007300239A4206D094
:1051E0002368D3F888309A6D01329A65E2E120464F
:1051F000294658F081DD002388F8230083462D9846
:1052000088F822308379ABB9BBF1000F12D0594630
:1052100095F91D20334658F0CFDD2946D4F8C42631
:10522000204658F00DDD3246014688F822002D98C0
:1052300058F010DE2C9B93F8922112B9D3F8F42089
:1052400052B3BBF1000F27D0D3F8F010D3F8EC2005
:1052500042F821B0D4F88424517911F00100D3F838
:10526000F01018BF95F91F0003EB8101C1F89C01F4
:105270005279521012F00101D3F8F02018BF95F9BD
:10528000201003EB8202C2F8BC11D3F8F0200132E7
:1052900002F00702C3F8F0209DF855202D9B0AB1BB
:1052A000DB6D3CE09A792C99002A31D04B6B259329
:1052B0004B685A061BD59DF85620C2B1BDF8AA20EE
:1052C000100714D191F8D7208AB10A7DD2070ED4E5
:1052D000BDF84820D0040AD59A0308D5149A91F84D
:1052E000C9301341DB0702D520463AF00FD9BDF88B
:1052F000483013F4805F2C9B5A6814BF42F400328C
:1053000022F400325A600BE0BAD588006CE18800C4
:105310004A6B25921A7C1AB9DB6DD80700D5259304
:105320002D988379A3B9037C93B19DF858307BB94C
:10533000BAF1000F0CD1079B83F806A094F80C2259
:10534000D3F8F0309A4203D084F80C3221F010DB0D
:105350009DF85830FBB12D998B79002B40F02A81B4
:105360000B7C43B10B98E23110300622FDF3E8F2DA
:10537000002800F01F810B980430FEF3D9F150B9DA
:105380002D9890F8453033B90B99043148F076D90F
:10539000002840F00F81BDF8AA30089AA8F81C3008
:1053A0000B9BC8F82C201B7C2C9913F0010F099E35
:1053B0004FF0000707D0D1F854310133C1F8543110
:1053C000F1E9622306E0D1F850310133C1F85031E0
:1053D000F1E96023921943EB0703C1E900239DF82B
:1053E00058309BB999F8003099F801201A4399F880
:1053F000023013430AD0D8F82C10D4F85C016A8A22
:1054000078F0C6DB2C9B0899C3F85C1199F903303E
:10541000002B07DA2368D3F88830D3F8A8220132AA
:10542000C3F8A82299F8033013F0300F07D023688F
:10543000D3F88830D3F8B0220132C3F8B0229DF8F7
:105440005830002B71D1D8F82C00236810F0407F21
:10545000D3F8886001D1C0B201E070F04DDD1628AC
:105460003AD00CD80B2825D004D8022816D004280E
:105470005BD119E00C2823D0122856D126E0302821
:105480003CD004D818282DD024284ED130E06028F4
:1054900040D06C2844D0482847D135E0D6F838327F
:1054A0000133C6F8383240E0D6F83C320133C6F852
:1054B0003C323AE0D6F840320133C6F8403234E0AC
:1054C000D6F844320133C6F844322EE0D6F84832DA
:1054D0000133C6F8483228E0D6F84C320133C6F81A
:1054E0004C3222E0D6F850320133C6F850321CE07C
:1054F000D6F854320133C6F8543216E0D6F8583292
:105500000133C6F8583210E0D6F85C320133C6F8E1
:105510005C320AE0D6F860320133C6F8603204E04B
:10552000D6F864320133C6F864329DF858301BB1A6
:105530002D980BA91AF01ED99DF858302BBBD8F81E
:105540002C0010F0407F01D070F0D6DC00F07F001E
:10555000022809D0042807D00B2805D0A0F1160195
:10556000484240EB010000E001200022E98895F963
:105570001C3000920190A888090A800B02902D9897
:1055800003920490204609F058F92C994B685A036D
:105590000BD59DF8583043B9BAF1000F05D1D4F8B6
:1055A00038010BAA33F038DE33E020460BAAFEF7B1
:1055B000F5FF2EE023685A6BC2B19DF85820AAB9B6
:1055C00010991548CA89D3F88C3002F00702825C22
:1055D0001248845C38460C3403EBC4046368A56845
:1055E00001336360FEF376F54019A06038461099E8
:1055F000002202F089DA0CE0B24637E5BDF8483007
:1056000013F4407F3FF485AD2D9B002B7FF4C1AD9B
:10561000BCE52FB0BDE8F08FBAD588006CE18800FA
:105620000B68C968DB691A6889B14B78012B0ED108
:10563000B2F8BE3023F040031B041B0CA2F8BE30AE
:105640008978890644BF43F04003A2F8BE300020A9
:105650007047F8B591E88800DC6903680D461A6860
:1056600092F8626126B1D3F8600806F073FF06462F
:10567000F86DF9F725F958B156B1E86858B1437893
:10568000012B04D00C23A3804FF0FF30F8BDA061A4
:105690000023A3800020F8BD38B503684C681A6861
:1056A00092F8625125B1D3F8600806F053FF054621
:1056B000E06DF9F705F950B145B9D4F8A00300F051
:1056C0002000002814BF0320002038BD032038BD6F
:1056D0002DE9F84391E808020568DC692B680E465D
:1056E00093F86271D4F8008027B1D5F8600806F00D
:1056F00031FF0746D9F85C00F9F7E2F888B187B1C5
:10570000F06888B14278012A05D00C2323844FF039
:10571000FF30BDE8F8836062D5F86008414607F0C5
:10572000D9FC002323840020BDE8F8832DE9F04F45
:105730001C4692F801909B68D1F85CC089B00027A4
:1057400023F4C063B9F1010F80460E461546CDF82B
:1057500010C005970697A36040F23C81D278AB78E1
:1057600043EA0223012B40F03581A9F10203DBB2A9
:10577000032B0ED81CF0400F00F02C8104222DF0DA
:10578000F5DC002800F02681402363630423A36333
:1057900029E12F1D384696490322FDF3D1F08246B8
:1057A000002840F0178140463146EA792DF0DEDCD2
:1057B000002800F00F8104F1380B38465946FFF3FA
:1057C0001DF0A9F10603DBB2012B11D8049B5F0683
:1057D00040F100814046314604222DF0C7DC00280C
:1057E00000F0F880402363630423A3635746FAE084
:1057F0006A7A2B7A43EA0223012B40F0EB8005F111
:105800000A0738467A490322FDF39AF0002840F04F
:10581000E180404631466A7B2DF0A8DC002800F08C
:10582000D98038465946FEF3E9F7A9F10C03DBB2FB
:10583000012B06D8049B580640F1CC8040236363BB
:10584000CEE0EA7BAB7B43EA0223012B40F0C08031
:1058500005F1100066490322FDF372F0002840F0C4
:10586000B780EB7C012B01D0052B02D1049A5106A5
:1058700017D4062B02D1049A120612D4D8F80020AD
:1058800092F862212AB1082B03D1049A12F4802FD6
:1058900005E0022B40F09C80049A12F0800F00F08B
:1058A00097805A1FD2B2012A01D9082B0BD1336D30
:1058B0005B0504D4049B13F4922F00F08F80A3683F
:1058C00043F48063A360336D5F0503D5A368580577
:1058D00040F1848005F1100004A90022FEF31AF7BC
:1058E000002877D0049BA9F11202D2B2012A636387
:1058F0008CBF2A7D0022B3F5802F01D151066BD5D4
:10590000D8F87C06316D0DF11F0304F05FFA002812
:1059100064D09DF81F301BB1A36843F40073A360EB
:10592000A9F11407FFB2002F4AD095F801A0A9F100
:105930001609C7EB0A0A05EB0A0393F803C003F143
:10594000020B9B785FFA89F943EA0C2C4FEA19198C
:10595000002723E00BEB0713023305931023ADF868
:105960001C3004F114030093636B3046019306A9C5
:1059700005AA07ABCDF80CC057F09ED901372028F7
:10598000DDF80CC00AD1059A62B1069B53B1012122
:1059900000914046214638F033D903E0674501D0F5
:1059A0004F45D7D15544EA78AB7853EA022317D054
:1059B000059BBBB1069F002F0CBF3527002712E0C7
:1059C000404621463A463B46009738F019D90AE04E
:1059D0002B2708E00C2706E02D2704E01F2702E014
:1059E000002700E03527384609B0BDE8F08F00BF3A
:1059F00022380100F8B591E8280007685B681E6846
:105A00003B6893F862415CB1D7F8600806F0A2FDEC
:105A100031460446D7F8600806F0A0FD064600E0CF
:105A20002646E86DF8F74CFF30B124B1002E14BFC4
:105A300003200020F8BD2046F8BD2DE9F34191E890
:105A4000480007685B680C46D3F800803B6893F811
:105A500062315BB1D7F8600806F07CFD414605462F
:105A6000D7F8600806F07AFD074601E01F461D469C
:105A7000F06DF8F725FFA0B19DB197B1012200218B
:105A800001A8FCF3F5F701A80521FEF3C9F30122F3
:105A9000A369F42001A9FDF30FF52368A2695B68EF
:105AA0001A620020BDE8FC8173B503680C461A68D1
:105AB0004D6892F8626126B1D3F8600806F04AFD9D
:105AC0000646E86DF8F7FCFEB8B11EB9D5F8A0336C
:105AD000980612D50122002101A8FCF3C9F701A8FC
:105AE0000521FEF39DF30122A369F42001A9FDF332
:105AF000E3F42368A2695B685A6100207CBD73B53A
:105B000003680C461A684D6892F8626126B1D3F8B2
:105B1000600806F01FFD0646E86DF8F7D1FE98B163
:105B20001EB9D5F8A0339B060ED50122002101A88D
:105B3000FCF39EF701A80521FEF372F3F42001A9FE
:105B40000122A369FDF3B8F400207CBD2DE9F347E1
:105B50001746027A04460E46D0F80090D1F800802D
:105B60000AB1002B6AD0E3199D7A002D67D098F80E
:105B7000023194F8272003F01C039B08934238BF9E
:105B800013463371304630F093DD98F802314FF40C
:105B9000005203F0030312FA03F3F36098F80231A2
:105BA000204603F003030D3386F83D31414607F1EB
:105BB000360A2FF00BD856F82A5045B94FF44170E9
:105BC00001F06CDF0546002839D046F82A00284647
:105BD00000214FF44172FCF34BF702232B7000239A
:105BE000AF7085F8ED30D9F80030C5F8F48093F83F
:105BF00069318BB1484649F041DC38B1E37C9842C9
:105C000028BF184684F80434E07405E094F804349E
:105C100013B1E37484F80404A27CE37C009294F84A
:105C20002F2048460192D5F8F4103A4632F036DF7C
:105C3000D4F850321A6D01321A6500E01D4628462C
:105C4000BDE8FC872DE9F041D0F8E82200250746A1
:105C50000E46A8462B46D2F8B0100432002918BFD1
:105C600098460133182B0D44F5D128F0070830462B
:105C7000184908F10708FDF36BF105BB22E0D7F8DE
:105C8000E83204F12C0253F82220642353433046B7
:105C9000B3FBF5F31049FDF35BF1104B2340002BF0
:105CA00003DA013B63F007030133072B05D14445B9
:105CB00003D030460A49FDF34BF1013400E00024E3
:105CC0004445DCDD30460749FDF342F10020BDE8E4
:105CD000F08100BF225701002C570100070000800F
:105CE000375701001A2D890037B500230193079B10
:105CF0000546032B144604D901A806990422FCF397
:105D000033F60E2C2B6806D11B68002093F8D120A7
:105D1000089B1A6001E06FF016003EBDF8B5C2693D
:105D2000002307460D461E46D1580433602B0E440F
:105D3000FAD128461149FDF30BF1C6B10024FB69E5
:105D4000284653F82420642353430D49B3FBF6F34C
:105D5000FDF3FEF004F00703072B05D1172C03D049
:105D600028460849FDF3F4F00134182CE7D1284601
:105D70000549FDF3EDF00020F8BD00BF5C570100C0
:105D80002C570100375701001A2D89000020704759
:105D900010B51C4603699B794BB9880501D5101DC8
:105DA00003E0C90510D502F10A00214608E0CB0541
:105DB00002D502F10A0002E0880505D5101DA11DDB
:105DC0000622FCF3BDF580B9204602990622FCF3B9
:105DD000B7F568B1204603990622FCF3B1F5002817
:105DE0000CBF4FF0FF30002010BD4FF0FF3010BD52
:105DF0004FF0FF3010BD00002DE9F04F5D4B07461E
:105E00001868EFB06A9015469A886C69ADF8AC21B5
:105E100053F8060FA2686C909B880491ADF8B431DA
:105E20007B68A98BD3F814B06B6805919B1A9BB261
:105E3000D218A260A289D5F81090D31AA3810026A7
:105E4000B84664E0642E64D0A368E28903F10E07CB
:105E500012F4005218BFB4F85020BF07A0899989E6
:105E600005D04746FB6E1A6C01321A645BE01218CB
:105E7000DFF808A10F0A92B247EA01270392A18A2C
:105E8000DAF800200E3752F82120BFB21AB13A4A90
:105E9000F91C0A4000E03A460399914205D0474672
:105EA000FB6EDA6B0132DA633DE06AAA00926CAAFB
:105EB0000192049805992A68FFF76AFF002832D1F9
:105EC000E3899B0407D5B4F8503023B1A389FF1AA6
:105ED000A4F8507000E0A7812246D8F80000594687
:105EE00019F0BCDEE38995F8222023F0070302F0C5
:105EF00007021343E38106AB43F82640A28ADAF88F
:105F00000030013653F82240039BC3EB0909002CF3
:105F100098D14746B9F1000F01D105AB0FE0FB6EF8
:105F20005A6C01325A6458466969002201F0ECDD6E
:105F30001DE053F8042F0021918209F10109B145B8
:105F4000F7D124B158462146002201F0DDDD0024BE
:105F50000BE006AB53F8243095F8292000933868FD
:105F600004999B6825F066DB0134B442F1D16FB02F
:105F7000BDE8F08F2B380100FCFF0100E8030000B2
:105F80002DE9F04FB1B0DDF8F480079300230F92B4
:105F90002F9308F138023A9B0B92D1F808215B88C5
:105FA0000C92079A0E931388814603F0FC03A3F129
:105FB00020077B4243EB07030C463C9E8569089310
:105FC0002BB13A9B4FF0300B04330A9303E0089A4D
:105FD0004FF0100B0A920021282210A8FCF348F57C
:105FE0001AA800212822FCF343F5D5F86C332BB115
:105FF00010A805F55B712822FCF3B6F40C9B0DF19B
:10600000400A03F138070DF1680C3A46534628461A
:106010002146CDF800C0CDF818C024F065DAD5F8D7
:10602000843439469B7824AF00220B986FF0BEDE93
:10603000384600212422FCF31BF508F14D03DDF85E
:1060400018C02593CDF898A0B8F868300DF1B40ABF
:10605000504600210822CDF89CC028932496FCF3DA
:1060600007F57368CDF800A0C3F300438DF8B43092
:1060700021465A460023D5F894062E9753F03AD875
:1060800004F1DC0300F1060A079A0D938DE8080479
:106090002FAB0A32029307465946284604F1E20321
:1060A000099220F08BDE844618B91122A8F86820E6
:1060B000E9E02F9B0022012119705A702A6A1268A8
:1060C000022A04D194F92C210AB921221A70216DD7
:1060D00040F237120A4032B194F858201AB11A88A7
:1060E00042F010021A8095F8722432B12A6A527D69
:1060F0001AB11A8842F480621A80B8F868202146E2
:106100005A80B8F820209A802F9B2DAA06338DE85C
:106110008C002F93D5F894065A460023CDF818C06A
:1061200052F056DFDDF818C0002840F09980009446
:1061300098F81820E368029003900192DA682846E4
:106140003346614624F01AD8B8F8683023B1304697
:10615000022176F0A5DB83E02F9B063B2F93B368EB
:1061600098050CD596F8243003F00303032B06D1D1
:10617000D5F87C06214632465DF0C6DA83E0B8F8F1
:1061800020303146A6F8CC30284676F0B9DF0C9A9C
:10619000022192F860300E9A3046934238BF13467F
:1061A000A6F8FA3076F004DED4F8EC30190309D5FD
:1061B000284621461AF038DD012803D12846214619
:1061C00046F0F2DE2B689B6AF362089B53B10D9890
:1061D0000A990622FCF3B4F320B148460999E26813
:1061E00036F0A6DF0999E268484636F0C5DC2A6831
:1061F000D4F8EC1092F84F2011F4005318BF02238A
:1062000012F0030205D0CA045ABF7268C2F30042FA
:1062100000227F218DE806000B9806F13C01002248
:106220006FF0F0DE2846314677F058DB606920B128
:1062300006F11401012201F0D9FFD4F8EC309B04DF
:1062400004D5D5F84C01214660F064DB2B6893F847
:10625000693133B128462146012202F0BDFF00E03A
:10626000BA463B9B3A9A01932F9B00920293484671
:1062700021460F9A079BCDF80CA00496CDF8148008
:1062800036F054D905E048462146079A434635F092
:1062900029D931B0BDE8F08F2DE9F04F8569E3B021
:1062A000924698469DF8B421D5F864310C46079281
:1062B0001BB19B79002B40F06A812B6893F82F303B
:1062C000ABB1236D990712D594F8A4307BB100F0DF
:1062D0005FDFD4F8B0103EF0D7DE002800F06C810C
:1062E0000023C4F8A830C4F8AC3084F8A430A379F3
:1062F0001BB12379002B00F04A81BAF800B01BF4DF
:10630000804B65D00AF10A03284621461A460693B7
:1063100076F080DF0746002800F03981D0F8D030D1
:10632000002B00F0348198F803909DF8B8314FEAC3
:1063300099190BB3D5F89C3253F82960E6B133694B
:10634000D3B1337AC3B1414603225BA8FCF30CF30B
:106350005BA806F1140132690330FCF305F33169DF
:106360005BA8033108AA02F0AFDA6C9A08F10400C6
:10637000111F08AA02F0CADA09F11C0954F82930E1
:1063800093B11A696C984146143308F0F5DCC0B932
:106390000123009001930290039004902146284627
:1063A0001722069B1AF05ADDD7F8D00001F088DBDF
:1063B0000023C7F8D03003230F2606934FF00109BE
:1063C000D2E06C9A08F10408083A6C920F2601E0BA
:1063D0005E465F46B8F80230B8F8009006932B6826
:1063E00093F8623173B1B9F1030F0BD16C9A079B2B
:1063F00000920193D5F8600821465246434674F056
:1064000057D8C4E0069A032A00F2C180BBF1000FFE
:1064100067D1012A40F0CC80B5F8AA0122F014D946
:106420000AF10A0B031C214618BF012328465A46CD
:1064300076F0F4DE014610B1284676F0F1DE28460B
:1064400021465A4676F0E8DF0746002800F0B28081
:106450004368DA0408D52A6892F83020002A40F010
:10646000A98023F4805343602846394625F0B2DDE5
:10647000B9F1000F03D0B9F1010F2BD112E0B4F93B
:10648000543094F94420384601211BB916B976F0EE
:10649000B9DC01E076F01EDA97F8243013F001033E
:1064A0001DD118E0B4F95430012B18D038464946B4
:1064B00094F9442076F00EDA00238DE80802029366
:1064C000039304932846214617225B461AF0C6DC44
:1064D0000D2649E00023012200930192EFE7002EF0
:1064E00042D100210C225FA8FCF3C2F2344B0DF51F
:1064F000927B5F93334B002128225846609361952D
:10650000FCF3B6F2069BADF8346153AE3046002181
:1065100020224A93CDF824914B97FCF3A9F26C9A70
:1065200008F106030193931F00960293D5F8940691
:106530002146B0225FABCDF868B152F003DEBDF862
:1065400034618EB987B197F82430D8070CD5284626
:10655000214604220AF10A0300960196CDF808901C
:10656000039604961AF07ADC069A2046531C01938F
:10657000002303930493079B0AF10A01059304F196
:10658000DC023B46CDF800900296FDF76DFC2846F4
:1065900021460AF10A0276F03DDE68B1A3795BB1CB
:1065A00090F82430D90707D52B689B6A836203E0F3
:1065B0000E26D9E70126D7E763B0BDE8F08F00BF0C
:1065C00011148400151484002DE9F04F9A46836E4F
:1065D000ADF5077D81468669CB58D1F80C01919CB9
:1065E0000D460D92DDF8408212930C90002C00F0C5
:1065F000AA82002131A86C22FCF33AF29DF84832BD
:106600000D998DF8DC30B4F8CC303391CDF8D0A0B2
:10661000CDF8C4903295CDF8D480369423B9206952
:1066200047F04AD8A4F8CC00B4F8CC20D5F808310B
:106630000021ADF8E4204CA828221093FCF318F2B6
:106640000D98BAF800200388ADF82C2003F0FC0365
:10665000A3F12000434243EB0003D9B28DF8473049
:1066600093B20A934B010E9394F824300F9103F0E8
:106670000303032B03D1A368990500F13F82D6F8E9
:1066800064311BB19B79002B40F05782336893F83B
:106690002F30ABB12B6D9A0712D595F8A4307BB192
:1066A00000F076DDD5F8B0103EF0EEDC002800F00A
:1066B0004A820023C5F8A830C5F8AC3085F8A4306C
:1066C0000F9820B1B8F1090F40F2378209E0B8F114
:1066D000030F40F23282A8F104010AF1040B099180
:1066E00004E0A8F10A020AF10A0B09920027676385
:1066F000A763304621463A4676F0B4D9099BCDF8D7
:10670000F4B0012B3E93CDF8ECB040F316829BF829
:106710000130099802339842C0F20F8239460C22A8
:1067200083A8FCF3A5F1704B394683936F4B282265
:1067300084936AAB184608938596FCF399F156AAA0
:106740000DF5E87C6B9260AA6C9260463946202277
:10675000CDF81CC06A94ADF8C871FCF389F1089BB0
:1067600009997B933368DDF81CC093F84F30029190
:1067700003F00303CDF800C0CDF804B08DF8E83184
:106780000E9AD6F89406294683AB52F0DBDCBDF8AE
:10679000C8210E9208B11746BFE1BDF82C30D4F8DD
:1067A000E000A4F8F83038B141780231FDF322F767
:1067B000D0F1010038BF00200B900B98EB6D8DF8E5
:1067C000E60023B12A6D40F23713134013B92B6D45
:1067D0005B060BD5D4F8E03043B9AB79002B00F061
:1067E0008F81D5F8EC30980440F18A81304656A963
:1067F00060AA4CAB1AF0F6DE002840F0858196F8CE
:106800001C259DF844319A4240F07E8194F8243052
:1068100099070BD594F8D73023B130462146012291
:1068200039F0C0D92046FE2176F03AD895F94430A7
:10683000002BC0F2718194F82430DA0740F16C81AA
:10684000336893F8A9304BB1D6F870012AF04EDDC9
:10685000022803D10A99CB0540F154816D2215A875
:106860000021FCF305F10023DDF830E11A4612E0C7
:1068700086A8C11811F8E41C01F07F016C2909D821
:106880001B48405C30B115AF40B2795432EA200267
:1068900028BF012201337345EAD16168336A21F0D0
:1068A00007016160587D12F1000C18BF4FF0010C18
:1068B00018B112B941F0010161605B7D33B10A99F1
:1068C000480503D4636843F0020363600A9A12F038
:1068D0002002139203D0636843F004036360109BAB
:1068E000986B002314E000BFB1118400CD13840025
:1068F000581689001099CA1892F83C20110606D53E
:1069000002F07F0215A98A5C002A00F0FD800133A5
:106910008342EFD1336893F84F309A072AD06D99AC
:1069200041B34A7830460232CDF81CC054F09CDAAC
:10693000002207460092304621463A460023FBF7E4
:1069400001FCDDF81CC0AFB151A810220130F91CC8
:10695000FCF30AF051AA0023F11891F8011312F880
:10696000010F0840884240F0CF800133102BF3D153
:106970004FF0020C129B9C45C0F0C680EA6D22B11C
:10698000296D40F237130B4013B92B6D5B060BD505
:10699000636B23B1A16B40F237130B4023B92B6D0E
:1069A00013F0410F00F0B8800A98C00618D5296D81
:1069B00040F237130B409BB9490601D50B9979B1C9
:1069C00030460D9E0023012200930192029303930F
:1069D00004932946172206F10A031AF03FDA9BE0D6
:1069E000E2B12A6D40F237131340BBB1D30715D57E
:1069F00094F8D630012B11D1636B7BB105F1DC0328
:106A0000009305F1E203019302273046294622460E
:106A100004F11403029726F097D87EE0336893F8C8
:106A200030304BB9336A1B68022B05D195F92C31F4
:106A300013B91398002869D0336A1B68022B05D15B
:106A400099F8003013B10A99480561D5304619F01C
:106A50007BDDD9F8283098425CD2304629461AF0BE
:106A6000E3D8D5F88430984254D2D5F8EC30990464
:106A700008D5D6F84C0121465A46099B60F016DA33
:106A8000002849D10E9A4CA9ADF82C213FA8282204
:106A9000FBF36AF70C99486B08B101F011D80F9A13
:106AA0001AB1AAF1060A08F106089DF847000C9BE6
:106AB00083F83C00404600F0F1DF0C99486308B9C8
:106AC000886306E042465146FBF34EF70C9AC2F843
:106AD000388001238DF8F03104F1140100230622DF
:106AE0007DA8ADF8F231FBF33FF731AB00933046B0
:106AF00029467CAA234635F051DD24E01E270CE010
:106B00000D270AE0162708E0122706E0132704E005
:106B1000192702E0112700E00C2731AB0393484608
:106B200029467CAA0D9BADF82C71CDF800A0CDF8BC
:106B300004800294FFF724FA05E0484629460D9A9E
:106B400031AB34F0CFDC0DF5077DBDE8F08F00BF31
:106B5000D1F80C0130B5446B4CB1816B39B190F870
:106B60003C50002D0CBF04250A25A94203D2002168
:106B70001160196030BD251D1560196090F83C004A
:106B800018B106390A34196014601A68043A1A6098
:106B900030BD0000024B00F00F0053F8200070479A
:106BA000746501002DE9F04FCB88D0F810218BB02F
:106BB0009B0605460E460468D0F80C710892D0F882
:106BC00004A11DD5036D9A0712D558070BD501F105
:106BD0006F0004217CF0BADC90B906F18300042137
:106BE0007CF0B4DC60B994F8413513F0020F05E095
:106BF000DA0705D594F8413513F0010F40F02B83E7
:106C000020462946728E16233CF0D6D8002840F044
:106C10004083738E204613F4404F0CBF00220122A4
:106C20000A3254F822902A46494621F069DFFF28AB
:106C3000804600F02E8394F8903243F0040384F8E9
:106C40009032236893F83B303BB1204629464246B8
:106C50005AF000D9002840F01C83236A186961F0BB
:106C6000DFD840454DD0236A186961F0D9D8FDF3CB
:106C700087F383464046FDF383F3834509D1236AB6
:106C8000186961F0CDD808F4605300F46050984260
:106C900037DC7B68022B0AD1BAF8BE30DB0706D599
:106CA000BB68182B03D0089A536B042B29D1D4F856
:106CB000580141464CF062DB204628F01FDC7B681F
:106CC000022B08D1B5F954302BB9D4F8D406294693
:106CD000324651F0B5DA2046414626F041DF2368BE
:106CE00093F83B304BB1D5F83C335968D4F8C035F4
:106CF000994202D0204623F0ABD820461FF0ACDEEC
:106D00000FE0D4F8580141464CF042DF48B1D4F8C6
:106D1000580141464CF032DB002120460A4622F061
:106D20000BD8236893F83B3093B1D5F83C335A68BD
:106D3000D4F8C0359A420BD0204628F0DFDBD5F8D6
:106D40003C332046596823F083D820461FF084DE68
:106D500009F15003C822504631460993FBF304F66B
:106D6000D9F80030AAF83280022B07D199F81580A3
:106D7000D8F1010838BF4FF0000801E04FF00008DB
:106D8000F38813F020030DD0236893F84F3013F0ED
:106D9000030307D0D5F8EC3003F48053D3F101039B
:106DA00038BF0023DBB20AF1380B0793FF22B8F19A
:106DB000000F18BF00238DE80C00584659460022EA
:106DC00043466FF01FD9D4F88434584609990122FC
:106DD0009B786EF0EBDF00282ED1B9F80820D9F8A7
:106DE0000090B8F1000F05D120464146069220F0F0
:106DF0003BD9069ABAF8323003F46053B3F5205FFA
:106E000008D0B3F5C05F07D0B3F5805F14BF0A2385
:106E1000142302E0A02300E02823FF210191029027
:106E2000CDF800800393D4F8843458461B7909992F
:106E300004934B466FF0AAD8D5F8EC3098040CD5E3
:106E40002946204620F010D9FF230093019059468F
:106E50005846002202236FF0D5D82046594623F029
:106E6000D9DA96F9342020460032294618BF01228B
:106E700046F0F2DC96F93430E3B9D5F80831012256
:106E800083F86020D4F8440129465BF097D928465E
:106E900031463BF023DA28460E213DF05BD82946E7
:106EA000204646F051DE204629467A68BB6845F008
:106EB00007D8CCE1D5F8EC30990405D5D4F84C01CD
:106EC000294652465FF0BADC20462946324676F023
:106ED000A3DA804638B9204629463A460BB0BDE8C9
:106EE000F04F3BF09D9F079AF2B1DAF86830BAF89C
:106EF0006C900C33A9F10C0919464A4620460693BA
:106F000053F0CCDF069B844619464A462046CDF80E
:106F100018C053F099DFDDF818C000220346009234
:106F20002046414662460AE04368DA0309D5F38801
:106F30009B0606D4079B2046009341461A46FBF762
:106F400001F9D8F80430D5F8EC2043F48053C8F8A0
:106F5000043012F400524FF07F0308F13C0100931B
:106F600005D0079A584601920223002203E0079BAE
:106F70005846019313466FF045D82046414676F0B7
:106F8000ADDC204629463AF0C1DD236893F8623132
:106F90005BB1EB6D580308D5BAF8BE20D4F8600891
:106FA0004146C2F3801206F095F898F8243013F0A9
:106FB0000C0F40F04681B5F954A02368C5F800A134
:106FC00093F86231002B7DD0EB6D190605D5D4F80E
:106FD0006008294673F054DB10B9EB6D5A033CD5B9
:106FE00000232946C5F80031D4F8600873F032DA7E
:106FF00029468246D4F8600873F040DA88B14FF42D
:10700000802920462946324608238DE800063DF0B7
:1070100019D830B10323C5F80031C5F85C909A4601
:107020001BE0D4F86008294673F02ADBA0B14FF0CA
:10703000800B4FF000092046294632460223CDF846
:1070400000B0CDF804903CF0FDDF28B1C5F8009108
:10705000C5F85CB0CA4600E08246D5F80031032B83
:107060000BD1D4F8DC0629463246EB6D6CF002D821
:1070700018B10023C5F800319A46D5F80031032B2A
:1070800020D1D4F8600805F065FA50B1D4F8600852
:10709000414605F063FA20B1D4F86008294605F0AE
:1070A0001FF9D4F8600829464246334673F092DA55
:1070B00030B1284608210BB0BDE8F04F3CF04A9FA4
:1070C000C5F800A1D7F80490B9F1020F1DD1BAF1AB
:1070D000000F1AD1D4F8D4062946324651F0C8D848
:1070E00098B1D5F80801FCF32FF370B9D4F8D006A5
:1070F00029463246C5F800917BF00EDAD4F8D40662
:107100002946324651F016DBCA460C21404675F03E
:107110004FDE7B68022B23D1089A536B093B012B6E
:107120001ED893464FF00009134616E00A2000FBD4
:107130000930D5F80811623006220693FBF300F4FB
:10714000069B30B94FF49672ABF86820012283F8A1
:10715000502009F101090BF10A0BDA6C9145E5D3D6
:107160007B68022B33D12B7A002B30D0BAF1020F7F
:107170002DD1B6F8BE30DB0729D5089A536B042B06
:1071800025D0BB68182B22D0284622F04DDF18B13D
:107190002846002127F058D8284618213CF0DADE8E
:1071A000D8F80C30D4F8D406D5F808211BB11969E9
:1071B000002908BF00230093B6F862302946C3F3C4
:1071C00040130193434651F013DA064629E028465E
:1071D00008213CF0BFDE4FF001090023CDF800A0EC
:1071E000CDF80490029303930493B6F862303246CC
:1071F000C3F3401305932846434608F11401FCF7F6
:1072000033FE2368064693F869311BB12046494690
:1072100048F0D2D8A06839684FF4967200230CF079
:107220002FDF46B1D4F888041B49B5F82E21334628
:1072300060F0F8DA0BE0A06839684FF49B723346CF
:1072400003E00022A068396813460CF019DFBB7F09
:107250000133BB771DE0F388708E23F46663F380FF
:10726000FDF38EF040F480501FFA80F8708EFDF32D
:1072700087F0B6F8BE300E288CBF4FF44040002097
:1072800048EA000823F00A03A6F83280A6F8BE30C8
:10729000B6E40BB0BDE8F08FA59084002DE9F04F67
:1072A0009A461388D0F80C61A3B003F0FC0309934D
:1072B000B36894460B3BBAF80220012B04468B4678
:1072C000DDF8B0900568D0F80471ADF828201FFAF9
:1072D00082F80BD80CF1100039460622CDF818C000
:1072E000FBF32EF3DDF818C0034660B1099A20467F
:1072F000B2F1100318BF012300930023019306216C
:107300000CF10A0248E0306C20B1069300F0D8DBA3
:10731000069B7364484600F0C1DB306428B1C6F8B0
:10732000449051464A46FBF31FF32B6893F84430D0
:107330003BB1D5F86001BAF802104AF037DCAAF880
:107340000200B8F10B0F10D17368012B13D0B36892
:107350000C2B10D000230093214628465A463B466A
:107360003BF0C6D820460C2177E0B8F1000F16D0CC
:10737000B8F11E0F13D07368204613F1FF3318BF06
:107380000123009397F934303A46D3F1010338BF13
:10739000002301930121434639F0AEDBC1E02B68A5
:1073A0004FF000089B6AA9F10602CBF82C300AF1D5
:1073B0000603079308920393049243462846214606
:1073C0005822CDF80080CDF80480CDF8088019F05F
:1073D00045DD41460C221FA8FBF34AF3524B4146C0
:1073E0001F93524B282220930DAB184606932195EC
:1073F000FBF33EF3BDF828200DF15C094146ADF8E2
:10740000382048462022CDF834B0FBF331F3069BF8
:10741000089A1E93079B02920193CDF80090D5F82D
:1074200094062146099A1FAB51F08CDE8046002855
:1074300077D1BDF83890B9F11E0F11D1129B2846B3
:10744000F36421463AF062DBF26CA86831681E32C0
:1074500043460CF015DE204619213CF07BDD60E050
:10746000D4F8EC309B0406D5D5F84C015946079A60
:10747000089B5FF07BDDBAF80420A4F8F62095F8AD
:107480007338A5F8582383B192042869C421920C5B
:1074900044F0C6DA05F50660093039460622FBF3EA
:1074A00063F297F83230A5F870387368204613F10C
:1074B000FF3318BF0123009397F934303A46D3F1D4
:1074C000010338BF0023019300214B4639F014DB40
:1074D000204659463AF026DAD5F868329C4220D048
:1074E000E36DF3B9236DD8071BD5E36E591C18D093
:1074F0001C3354F82320A2B1117A012901D00329A9
:107500000FD15089D3798DE8030002F11401029163
:10751000002104910591039728462146126954F0F1
:10752000C3DD23B0BDE8F08FD554840061618400D1
:107530002DE9F04FA5B092460C939DF8B820D0F8F5
:107540000C310D920993BAF80220D0F8043101F100
:107550000A07BAF8049004460B9105680892384669
:1075600019460622BAF800B01FFA89F80A93FBF30D
:10757000E7F100282ED1284621463A4675F04ADE2A
:107580000646002826D0099A9368082B01D00A2BBA
:1075900020D1726842F4805272602A6892F86221A7
:1075A00072B1BBF1030F0BD10C9B0D9A00930192AA
:1075B000D5F8600821460B9A534672F079DF92E0C5
:1075C000082B02D1089B022B03E00A2B07D1089A53
:1075D000042A04D0002300932046062180E0B8F15D
:1075E000000F06D0CDF800B0204601213A464346B0
:1075F00077E041460C2221A8FBF33AF23B4B41468F
:1076000021933B4B282222930FAB184607932395D7
:10761000FBF32EF2089AADF84C900DF1640910922C
:10762000414620224846CDF83CB01196FBF320F2AB
:10763000079B0C9A20930AF106030193931F029370
:10764000CDF80090D5F894062146B02221AB51F038
:1076500079DD002847D1BDF84C30002B3AD1BBF181
:10766000010F37D1089A022A34D10A2120463CF072
:1076700071DCF368129A06F114011BB11869002835
:1076800008BF002303930D9B01204FF0030C4FF024
:10769000000E8DE8015004920593204633460A9A65
:1076A000FCF7E2FB2146064628463AF02FDA46B1BF
:1076B000D5F888040F49B4F82E21334660F0B2D8CB
:1076C00011E0099AA868116833464FF49B720CF0D8
:1076D000D7DC08E0191CCDF800B0204618BF012106
:1076E0003A463DF025D825B0BDE8F08F6D618400A5
:1076F00071618400A59084002DE9F04187680646F9
:107700007D68B86851F805800C46FAF3D1F2C8F8E4
:107710000400002830D0635900215868E422FBF3AC
:10772000A7F1F86854F80580FAF3C2F2C8F8080027
:1077300010B3635900219868E822FBF399F163596B
:107740002949D3F8088033683246C8F80030986871
:1077500000230CF03FDDC8F8680068B16359234985
:10776000D3F8088033682246986800230CF032DD95
:10777000C8F8C00000282FD163599B68FBB1996EEF
:1077800039B1336898680CF00DDD635900229B68AD
:107790009A6663599B68D3F8C01041B13368986802
:1077A0000CF000DD635900229B68C3F8C0206359C8
:1077B000F8689968FAF3A2F2635900229A60635953
:1077C000596861B1B868FAF399F2635900225A60B6
:1077D0006FF01A00BDE8F0810020BDE8F0816FF085
:1077E0001A00BDE8F08100BF55BE84009DBC840036
:1077F0002DE9F04F9FB006468B461446D0F8009016
:107800000493002B00F0DE828368049A5B681146C3
:10781000D35848465D689B681CAA05931BAB36F09D
:1078200043D860B15CB9059C202204F148001B9943
:10783000FBF39AF02022E2804FF0870C0DE0062C3B
:1078400000F2C382DFE814F00700C1026F00C1023A
:107850006C01C102E4014FF0710C049C6346484680
:10786000716804F11402CDF80CC07DF03DDBDDF849
:107870000CC08046002800F0AC82BBF1030F06D19B
:10788000D5F8D030B3F5802F08BF4FF0000BD8F8F3
:107890000840ACF112039BB21B0204F1120A2382CE
:1078A00000215F225046CDF80CC0FBF3E1F04BF015
:1078B00088039BB21A0AE27423752B8B05F11C070F
:1078C0001A0AA37562754846394620221FF048DD22
:1078D00004F11F0039462022FBF346F0DDF80CC00E
:1078E000ACF1710C1FFA8CF3BBB11A02A4F86F2033
:1078F000023BDD2284F8712084F87230874903222C
:1079000004F17300FBF330F0042384F8763004F1C3
:1079100077001C991022FBF327F00B235F462B60A6
:107920004FF0000B5AE2BBF1030F07D1D5F8D0702E
:10793000B7F5802F14BF0327002700E05F46D5F876
:10794000D000802802D0B0F5802F04D147F49E5794
:1079500047F0080703E0042802D147F4E477BFB2F8
:10796000D9F8003093F8624154B1F6F7A9FF40B15D
:10797000D9F8600804F0EEFD18B1B5F8D40000E0C5
:107980002046AC88D5F8D0300419A4B2802BADF8CD
:10799000764002D0B3F5802F25D117F4805323D041
:1079A000B6F8108018F0010808D130463FF03EDDEF
:1079B00030463FF05FDD013000F00B8233687168C4
:1079C000D3F87C065BF062DDB6F87C30BDF876203B
:1079D0002633C31812F007029BB205D0C2F1080289
:1079E0009B189BB200E0002371341B19049C48468D
:1079F000716804F114029BB27DF076DA80460028AB
:107A000000F0E781846800215F2204F1120A2274E9
:107A100061745046FBF32CF03B0AE37427752B8B03
:107A200005F11C011A0AA375627504F11F002022DA
:107A3000FAF39AF7AA8804F17100A968FAF394F7A7
:107A4000BDF876301A0A42EA0323A4F86F30D9F859
:107A5000003093F86231B3B1D5F8D000F6F730FFBB
:107A600088B1D9F8600804F075FD60B1AB68002BEF
:107A700000F0B381A888D5F8D81050445F30B5F82D
:107A8000D420FAF371F7D5F8D030802B02D0B3F5BB
:107A9000802F33D1F80431D521460DF176023046DE
:107AA0003FF074DCBDF876301A0A42EA0323A4F8EA
:107AB0006F30049A936899050FD533682246D3F83E
:107AC0007C0671680DF176035BF02CDDBDF8763035
:107AD0001A0A42EA0323A4F86F30A37B30460093CE
:107AE000294652465B463FF0ABDA013006D1D9F861
:107AF00004004146002200F007D866E194F86F20A8
:107B000094F8703043EA0223228AD3189BB21A0AEF
:107B100042EA032323820C2316E100BF3738010019
:107B200096F87A704BF4607B3F0107F030074BEA20
:107B30000707B6F87CC0BFB20023BA0754BF0CF1E8
:107B4000710C0CF1790C049C1FFA8CFCADF87630AA
:107B500048466346716804F11402CDF80CC07DF00C
:107B6000C3D9DDF80CC08046002800F0328184685B
:107B70005F234FF0000B04F1120AACF112022374E0
:107B8000594684F811B05046FAF372F73B0AE37491
:107B90002775B6F87C3006F1BE011A0AA375627526
:107BA00004F11F002022FAF3DFF6102206F18E0105
:107BB00004F13F00FAF3D8F6082206F1FE0104F1C1
:107BC0004F00FAF3D1F6B6F87C2006F15A0104F121
:107BD0007100ADF87620FAF3C7F6BDF8763030467E
:107BE0001A0A42EA0323A4F86F30A37B29460093C4
:107BF000524607F003033FF023DA013040F096804D
:107C00004146D9F804005A46FFF37EF7D846E0E033
:107C1000D5F8D030802B03D0B3F5802F40F0D5803D
:107C20003368AC88D3F87C067168ADF876405BF0B9
:107C30002DDCB6F87C30BDF8762026337134C318BD
:107C400012F00702A4B29BB203D0C2F108029B1843
:107C50009BB2E318049C4846716804F114029BB27D
:107C60007DF042D98046002800F0B38084684FF050
:107C7000000C5F224BF49C5704F1120A84F811C0E7
:107C80006146BFB222745046CDF80CC0FAF3F0F64C
:107C90003B0AE37427752B8B05F11C011A0AA375A7
:107CA000627504F11F002022FAF35EF60DF1780BE5
:107CB000A968AA8804F17100FAF356F63BF8023D70
:107CC00021461A0A42EA0323A4F86F305A46304686
:107CD0003FF05CDBBDF876301A0A42EA0323A4F8D1
:107CE0006F3033687168D3F87C0622465B465BF0E0
:107CF00019DCBDF8763030461A0A42EA0323A4F8AC
:107D00006F30A37B2946009352463B463FF098D9FB
:107D10000130DDF80CC009D141466246D9F80400B3
:107D2000FFF3F2F6DDF80CC0E04652E094F86F2065
:107D300094F8703043EA0223228AD3189BB21A0ABD
:107D400042EA032323820D232B604FF0010B45E011
:107D5000B3F5802F14BFFE23022300E00223504618
:107D600005F15C01082200F8053BFAF3FDF517F078
:107D7000030104D1D5F8D000FDF38EF10146BBF12B
:107D8000000F0CD0204605F18C0207ABFDF394F1F7
:107D9000F0B10AF14D0007A91022FAF3E5F5736876
:107DA0004146DA68484624F093DF059CD9F808007C
:107DB000D4F8C0104FF47A7200230CF061D94FF060
:107DC000010806E0DDF8108003E04FF0000800E055
:107DD000804640461FB0BDE8F08F9B460323E37307
:107DE000D5F8D030802BB3D1B8E700BF2DE9F04FE4
:107DF000054689B00E46D0F800A01F46002B00F0C3
:107E0000878183685B68FB585C68D3F80880D4F886
:107E1000D000F6F765FD002800F07C81B8F1000F76
:107E200000F07A81BB68580507D4BB6B03F00203EE
:107E3000002B14BF0123022300E00323D4F8D00059
:107E40000793802805D0B0F5802F02D0042840F099
:107E50006581337D96F8139043EA092919F00303ED
:107E6000069302D1FDF318F1069004F15C0B01209A
:107E7000082306F117015A46FCF3F0F5834500F09C
:107E80004F8123680C2B00F0B7800D2B00F0188178
:107E90000B2B40F0458109F4DC73B3F5847F40F08F
:107EA0003F8104F13C032022184606F11F01049390
:107EB000FAF35AF5BA68049B12F4806F09D12A6864
:107EC000126892F86221C2B1D4F8D020B2F5802FA6
:107ED00013D108F148020092B8F8062069680192AF
:107EE00004F18C020292A28A07F114000392E2319B
:107EF00004F11C02FCF346F522E0696807F1140C5A
:107F00006046E23106220493CDF814C0FAF318F566
:107F1000049BDDF814C0002800F0028108F148023B
:107F20000092B8F806206968019204F18C0202926E
:107F3000A28A60460392E23104F11C02FCF322F7AC
:107F400019F4807F10D0338A1A0A42EA03239BB2C5
:107F50005C2B40F2BF803046069904F18C02FCF3A2
:107F600077F7002800F0DC80338A1A0A42EA0323FC
:107F70009BB25E2B40F2AE8096F86F1096F87020A0
:107F800042EA012202F15F018B42C0F0A380C2B13C
:107F9000E188B4F8DC30CB189A4212D106F17100B6
:107FA000E16806F11209FAF3CBF488B1E388D4F85A
:107FB000E010994409F15F00B4F8DC20FAF3C0F452
:107FC00030B1686807F1140111227DF025D9A7E0CE
:107FD000002384F8CD302B68D8F8C01098680CF0D6
:107FE00075D858460821FDF35DF02846079902220E
:107FF0003B46FFF7FDFB93E009F4D873B3F5807FB0
:1080000040F08E8019F4807F08D03046069904F144
:108010008C02FCF31DF7002800F08280002384F816
:10802000CD302B68D8F8C01098680CF04FD8228A51
:1080300007F11406238B50468DE84400696804F16B
:10804000AC027DF089D8D4F8D030802B02D0B3F5C3
:10805000802F02D11023236018E0042B16D10D23AA
:1080600023602B8AD90707D428463FF0DFD928465A
:108070003FF000DA013053D058460821FDF312F0EA
:108080002846079904223B46FFF7B2FBD4F8D030CC
:10809000802B04D0B3F5802F01D0042B08D16B685E
:1080A0005046DB687921009332460623FAF7D4FA6A
:1080B000D4F8D030802B27D0B3F5802F30D123E0F7
:1080C00019F4807F15D0338A1A0A42EA03239BB23F
:1080D0005C2B07D8DAF80030D3F888305A6E0132BA
:1080E0005A661DE03046069904F18C02FCF3B0F6A6
:1080F000B0B1002384F8CD302B68D8F8C010986850
:108100000BF0E4DF1023236028463EF0F3DF07E0A6
:10811000184606E0E92004E0404602E0002000E0C6
:10812000012009B0BDE8F08F2DE9FF470D9C064600
:1081300017469A468946002952D0002C52D08368AF
:1081400000685B68E3585D68D3F80880294606F04C
:108150001DFF09232B60484639463022FBF382F08D
:10816000736848B1626BDB6DB2F5802F0CBF03F40E
:10817000802303F0800302E0DB6D03F00403C5F805
:10818000D0300C9B3068029321462A464B468DE83E
:10819000800406F018FF30B37369012B02D1B8F8E0
:1081A000060000B3002385F8CD303368D8F8C0103E
:1081B00098680BF08BDF0A232B60A3685B0507D45C
:1081C000A16B01F00201002914BF0121022100E08E
:1081D0000321304600222346FFF70AFB012002E07C
:1081E000084600E0204604B0BDE8F0872DE9F043E2
:1081F00090E86000D6F808318E465B8E174603F48F
:1082000040437246A3F5404EDEF1000389B00446B8
:108210003146284643EB0E0375F000D8804600280F
:108220007CD047B1E368002B78D120464146FFF768
:1082300063FA002872D1A3685B6858F803309F681E
:10824000238AD90702D420463FF04CD82B68C4F8C3
:108250000C8093F86231ABB198F8D630032B0BD178
:10826000D8F83430B3F5802F0CD12846414607F1B9
:10827000480270F01BDC0FE023B9D8F83430B3F5B6
:10828000802F09D0238A9A0708D507F1480004F106
:108290001A012022FAF368F32023FB80FB88202BAD
:1082A00035D12B684FF00009D3F8E800CDF81890CD
:1082B000CDF81C900590FFF3F1F3074600282DD070
:1082C00005AB8DE8080228465021D8F810203B461F
:1082D000F9F742FED5F81805314606AA07ABFEF7B6
:1082E00037FC07F10C030093059B20460C3B0193E0
:1082F000E36801210293069A079B40F0D9D92B68C5
:108300003846D3F8E8300593FFF3DAF306E07069F6
:1083100006F11901327E43463FF054DA09B0BDE858
:10832000F0834FF0FF30704770B50446D0F88800F6
:1083300000220A21D4F8D8300D0A33F81230CEB218
:10834000CB189BB2013B46EA032605F0030503F474
:1083500040731D436FEA42636FEA5343A0F8403510
:10836000A0F82065A0F82C55A0F84035D4F8D830F6
:1083700033F8125001324919062A89B2DAD120465F
:1083800098215A8843F04CDBD4F8D83020469A2103
:108390009A8843F045DBD4F8D8302046DA881B8829
:1083A0009C2143EA022292B243F03ADBD4F8D8305F
:1083B00020465A891B899E2143EA022292B243F049
:1083C0002FDB2046BDE8704040F0EE9CF8B5036816
:1083D0008E210446D3F8845442F0E0DC2368400048
:1083E0001B6886B293F8643106F1500106F19407D8
:1083F00089B2BFB213B1002385F86D31D5F82031B1
:10840000012B1CD002D3022B30D122E095F8E820BA
:10841000012010FA02F295F8583192B2FF2B03D0E6
:1084200010FA03F31A4392B2204643F0F9DA95F8B2
:10843000E83001229A402046394692B214E02046A4
:10844000B5F82A2143F0ECDA20463946B5F82C215C
:108450000AE095F8E83001229A40204692B243F0B3
:10846000DFDA20463946002243F0DADA95F81C219B
:1084700042B94C364FF6FE7120463140BDE8F84017
:1084800043F0CE9AF8BD0000D0F8941010B5083132
:10849000044641F0F3D803492046BDE8104041F0BE
:1084A000D59800BF6C4F010038B5437C04468B4221
:1084B0000D4606D039B142F005DB38B94FF0FF3038
:1084C00038BD002038BD4FF0FF3038BD002084F8A3
:1084D0007600657438BD00002DE9F0438BB0129F23
:1084E00098460023032F04460D46139EDDF8509056
:1084F000089309930CD9042208A84146FAF334F2F0
:10850000072F05D909A808F104010422FAF32CF277
:108510005A2D089900F0B38032D8212D00F0D08078
:1085200016D80E2D00F0A78008D8052D5BD00C2D95
:1085300000F09D80042D40F09B817CE0142DC0F064
:108540009781172D40F2A081202D40F09181C5E048
:108550003F2D00F0F88009D8272D00F0CE803E2D69
:1085600000F0EC80262D40F08381D4E0522D00F005
:108570002A81542D00F02A81442D40F07981E7E0D2
:108580006A2D00F0618116D8642D00F0408109D871
:108590005D2D00F08680632D00F01B815C2D40F086
:1085A00067817BE0682D00F0398100F23A81662D09
:1085B00040F05E812FE1792D00F0528109D8712DB4
:1085C00000F04681782D00F04E81702D40F05081F2
:1085D0005AE17C2DC0F04C817D2D40F255818C2DCF
:1085E00040F0468163E0E06F98E8A000C66916F0AD
:1085F00004060ED0002335FA03F2D607D9B203D40D
:1086000001330F2BF7D119462A463B4604F0DADC3A
:108610002CE129463246022304F0CADE29462A46C6
:108620000223E06F04F000DFE06F29463A460223A0
:1086300004F0E0DE2DE1B9F10B0F40F31C810021C5
:108640000A460223E06F04F0B3DE00210A46074623
:108650000223E06F04F0CEDE002105460A46E06FFB
:10866000022304F0E1DE37607560B060FEE0E06F89
:1086700004F0B8DE3FE0D4F88000884902E0D4F886
:1086800080008749FBF390F020B100210A46FAF3FD
:1086900027F630E04FF0FF333360E9E094F81C3107
:1086A000E3E0003118BF012184F81C11DEE0099AD3
:1086B0004A4500F3E0802046334640F069D845E063
:1086C000072F40F2D8800029C0F2D88002230093FF
:1086D000E06F0122099B04F01DDFC7E0032F40F289
:1086E000CA800029C0F2CA80022300930022E06FF2
:1086F000134604F00FDF3060B8E00B2F40F2BB8070
:108700000029C0F2BB80099B002BACBF6FF016069E
:108710006FF00106BDE0072F40F2AD800029C0F2E6
:10872000AD80099A002AC0F2A98000250095E06F6B
:108730002B4604F0FBDE30602E46AAE0E06F3146A7
:1087400004F034DE02E0E06F05F006D80646A0E053
:10875000236898680BF046DD0746E06F04F09ADE68
:1087600010B3E06F04F0B2DE054618B9E06F0121E6
:1087700005F004D83368E06F0093736808360193FE
:108780000023029603934168D4F88820A368FAF383
:10879000A1F0002814BF4FF0FF3600266DB9E06F3E
:1087A000294604F0EBDF08E0E06F04F067DE002804
:1087B00014BF6FF01D066FF01606236839469868DF
:1087C0000BF018DD65E0D4F860314EE0D4F8643188
:1087D0004BE03146102204A8FAF3C6F0059D0C3593
:1087E0002846FFF35BF1044600284AD031462A466A
:1087F000FAF3BAF0238820461B0B012B04D0FFF3B9
:108800005FF14FF0FF3644E0FFF35AF13CE023689C
:1088100093F8183629E04FF4B06326E0B4F81E311F
:1088200023E089B201292FD80323A4F81E11204682
:10883000009319B120220221134602E002212022D6
:10884000002342F083D811E0204640F08BD952E754
:108850004B1C022B1BD8204649B242F0DDDB75E7EA
:10886000C4F8381102E0D4F838313360002610E043
:108870006FF01D060DE06FF00D060AE06FF00106C7
:1088800007E06FF01A0604E06FF0160601E06FF0E3
:108890001C0630460BB0BDE8F08300BFFA6C8900BF
:1088A000026D8900F0B587B004460668D0F888509C
:1088B00000210C2202A8FAF3DBF0002320464FF03F
:1088C000FF31704A059342F031D823681B6893F852
:1088D000693113B1204640F08BD8204643F014D8BC
:1088E0004FF40037204640F039DC0097042330690C
:1088F000242105AA41F0AADA00210A46E06F04F01B
:1089000081D96149204640F0A1DE2046FFF70CFDE9
:1089100002A9204640F05EDB20468021082243F079
:108920007FD80A2220465C2143F07AD82046D4F82A
:10893000201140F0EDD9554A2046554941F0F6DF67
:108940004FF00043C5F888314FF00073C5F88C3103
:108950004FF48043C5F828314FF480336B62012116
:10896000204641F0D9DFE06F04F0F0D8A4F81201FE
:10897000A5F8A80616212046B4F8482043F050D8A0
:108980002046C021B4F86C2043F04AD82046C221CA
:10899000B4F86E2043F044D82046182104F1A40214
:1089A0000223009741F09EDA022320461C2104F1A5
:1089B000A602009741F096DA96F858361BB10023CC
:1089C00086F8583606E000973069242105AA04236A
:1089D00041F088DA20464421B4F8A82043F020D89A
:1089E00020464621B4F8AA2043F01AD8B5F88836B4
:1089F0001B051B0DA5F888360123A5F89C3600251C
:108A0000B5636319586910B1224B5B689847043508
:108A1000182DF6D11F4D6069AB6D98476B6F60697B
:108A200098472046002142F0BDDC23681B6893F87C
:108A3000693113B1204640F00DD8A36F2046598B01
:108A40004FF48072CC3142F0EBDF637C0322009262
:108A50001022002B14BF134600232046042141F0AE
:108A600075DF2046AE2142F099D94FF4D86340001B
:108A7000C4F82401C4F82831304640F091DC07B036
:108A8000F0BD00BF04040004943E01000000024059
:108A90000000064010A7880070B5036804461B68F4
:108AA00093F86931002B00F08180836F598B363148
:108AB00042F074D9236D0646D80777D5636D190641
:108AC00074D4E36F9A69920002D5DA69D00704D5AD
:108AD000DB69D90701D45A0768D5E36E9B0065D5D9
:108AE000D4F888304FF49675B3F8B42692B242F0B9
:108AF0000302A3F8B426D4F88820B2F8B83623F0DD
:108B0000C0031B041B0CA2F8B836236DD80719D577
:108B1000636D190616D4E36FDB695A0712D5E36E4D
:108B20009B000FD5D4F888300121A3F8F016D4F8B3
:108B30008830B3F8F22692B2130A03F00F0302F062
:108B40003F0213E0D4F888300022A3F8F026D4F8CE
:108B500088300121B3F8F226A3F8F016D4F8883053
:108B6000C2F30512B3F8F236C3F30313042A02D199
:108B70000BB1042E02D04FF4FB750AE06420FEF323
:108B80007BF4013DC1D1F6E7013D08D00A20FEF398
:108B900073F4D4F88830B3F8B626D007F4D4B3F819
:108BA000B82692B242F0C002A3F8B82670BD38B51C
:108BB0008B7905460C463BB190F88E22002A21D1D4
:108BC00090F88F22002A20D10122627193B12B6884
:108BD00093F8623173B1E36D58030BD5D5F8600893
:108BE00003F0B8FC30B1637923B1D5F860082146B1
:108BF00003F076FBA07950B128462146BDE8384005
:108C000044F0A29F4FF0FF3038BD4FF0FF3038BD29
:108C100043690BB90223436183690BB91423836150
:108C2000C36913B94FF41673C361836813B94FF462
:108C30007A73836003690BB9034B0361C3680BB993
:108C4000024BC360704700BF00350C00804F12001C
:108C50002DE9FF4703680446D3F80090D9F8103097
:108C60009B6FB3F81AA099F81930002B5AD040F234
:108C7000A47600253146D9F8100042F08FD8B11CF7
:108C80000746D9F8100042F089D86B08023504AACB
:108C9000EDB202EB830347EA00400436062D43F8A9
:108CA0000C0CE7D10AF1A40A5146D9F81000019F33
:108CB000039E029D42F072D851468046D9F81000BA
:108CC00042F06CD84BF6FF7202405146D9F81000C2
:108CD00042F0A6DE236A9F4202D2DB43D81900E0AD
:108CE000F81A636A9E4202D2DB43991900E0F11A36
:108CF000A36A9D4202D2DB435A1900E0EA1AA36834
:108D0000276298426662A56203D3032384F8383051
:108D10000AE02369994207D2E3689A4204D2C8F371
:108D2000803002E0F52000E0012004B0BDE8F087CB
:108D3000F7B5099D0023032D06461746089C0093AE
:108D400001930BD9042268462146F9F30DF6072D4D
:108D500004D901A8211D0422F9F306F61C2F07D11E
:108D6000D6F88030002093F838200A9B1A6001E082
:108D70006FF01600FEBD2DE9F041044616461F4671
:108D80000D46002900F09D8030F0C4D8D4F8A03101
:108D9000804693F8661093F86C20002940F0888094
:108DA000002A40F08580998842F20E72013989B21A
:108DB00091422DD8206940F2EA3140F0D3DD90B1E4
:108DC00020694FF47B7140F0CDDDD4F8A0319A8852
:108DD00041F64B539A4204D9206940F2ED3140F0FC
:108DE000C1DDC5B200E00546206940F2EB3140F03C
:108DF000B9DD012330B13B70D4F8A031002283F8F3
:108E00006E2033E03870D4F8A02182F86E302DE067
:108E10005A8D910706D5206940F2EE3140F0A2DD6F
:108E2000C5B223E012F0010214D0B3F87B10002980
:108E300073D0B3F87920002A6FD00A20414391FB08
:108E4000F2F2062A69DDB3F87130012B67D0022BEC
:108E50000DD166E032703A70D4F8A021012382F877
:108E60006C30D4F8A02182F86E3000E03DB90023C8
:108E70003370D4F8A031012283F86C201BE0D4F8C1
:108E8000A03193F86D20022A07D9012283F86620C9
:108E9000D4F8A03183F8675002E0002333703B70B0
:108EA000D4F8A03193F86D20013283F86D2002E0F0
:108EB0000AB100233370D4F8A031C3F86880BDE84C
:108EC000F081D0F8A03193F866202AB9DB6E13F058
:108ED000FF1F13D1BDE8F081022213462FF03EDCC4
:108EE00001232046294602222FF038DCD4F8A03195
:108EF00083F86650D4F8A03183F86750D4F8A021E5
:108F0000002382F86C30D4F8A02182F86E30D4F8B7
:108F1000A02182F86D30BDE8F0810625AFE702257B
:108F2000ADE70825ABE770B5036886B00C4605468B
:108F3000002103A80A221E68F9F39AF5BDF80C3047
:108F400043F01003ADF80C3094F8AC30A3B1D4F872
:108F50008830D3F82031D8070ED5204642F0B8D952
:108F6000022200922046BDF80C300021102241F070
:108F7000EDDC204641F064D9012185F83910336ACF
:108F8000186901F0C4FA06B070BDF0B5036887B087
:108F90000C460746002103A80A221D68F9F368F56C
:108FA000BDF80C3023F01003ADF80C302B699B6F2B
:108FB0005E8B94F8AC30002B3CD0D4F88830D3F8DA
:108FC0002031DB0736D5204642F082D90222BDF897
:108FD0000C30009220460021102241F0B7DC236DB6
:108FE000D80724D5636D190621D4E36F9A699200DE
:108FF00002D5DA69D00704D5DB69D90701D45A074D
:1090000015D5E36E9B0012D5D4F88830B3F8B82696
:1090100092B242F04002A3F8B826D4F88820B2F801
:10902000B83623F080031B041B0CA2F8B836204688
:1090300041F006D9002487F8394006F13601286945
:10904000224642F0EDDC06F108012869224642F092
:10905000E7DC06F1F80122462869A43642F0E0DC9C
:109060003146286941F09ADE4BF6FF7202403146E4
:10907000286942F0D5DC2B6A97F83910186901F09D
:1090800046FA6B7E43B1286940F2A47122460C2354
:1090900042F0DAD8204601E06FF00A0007B0F0BDD8
:1090A0007FB551F8383B00221868D0F8683200923A
:1090B0000192029201220391049219469822DC3314
:1090C00017F0CCDE07B000BD38B50446FFF7A0FDB1
:1090D00094F83830032B04D02046FFF7B9FD05463D
:1090E00000E0002594F83830013B032B73D8DFE80B
:1090F00003F00213304C01202146FFF7D1FF012D70
:1091000008D1E36A626901339342E36263D30223C5
:1091100084F83830002351E002202146FFF7C0FFD9
:10912000012D4FF000030BD1226BA16901328A425D
:109130002263E3624FD3032284F83820236338BDCF
:10914000E26A616901328A42E262236343D3012207
:1091500032E003202146FFF7A3FF94F83930012BBA
:1091600007D120466168FFF710FF00232362636286
:10917000A362636BE2690133934263632BD30023E1
:109180006363042384F8383038BD04202146FFF798
:1091900087FF94F839301BB920466168FFF7C3FE9A
:1091A000012D4FF000030BD1E26A616901328A425E
:1091B0002363E2620FD3032284F83820E36238BDD0
:1091C000226BA16901328A42E362226303D3012246
:1091D00084F83820236338BDF7B50368044693F854
:1091E0003C20002A40F0AC8093F86931002B00F05D
:1091F000A78044F06BDF022840F3A280204644F0B1
:1092000003DF002800F09C80206940F059DA2368D1
:109210000646DA6ED4F86872002A40F091801B7E10
:10922000002B00F08D8094F8D4312BB120461FF034
:1092300067DA002840F08480D4F8A0315A6B527865
:10924000D1070CD4DD795DB1D4F86832D3F814318C
:109250001B695B42AB42CCBF0825002500E000251E
:1092600006F00403002B18BF0825BB7916F0100682
:1092700018BF4FF4007623BBD7F8083193F9343088
:10928000FBB13B7AEBB13B7C23B107F1DC00FAF395
:109290005BF2B0B994F88D32012B12D194F88E3272
:1092A00023B1D4F8180535F019D850B9FB6DA3B126
:1092B0003A6D40F2371313407BB197F86030D3B169
:1092C0000BE094F88D325BB1D4F88C221D4B134027
:1092D000B3F5807F10D13B7C73B13543ADB20BE069
:1092E00094F88E323BB1D4F8180534F0F7DF00283B
:1092F00008BF002500E01D46022120464FF40272FF
:109300002B4600911FF060DC354219D00023D4F8C1
:109310006422D15889B18A797AB90A7A6AB10A7C09
:109320005AB1D4F8440158F0E9DE0146D4F84401BA
:1093300003B0BDE8F04059F0A9990433202BE6D1E1
:1093400003B0F0BD00FFFF002DE9F84305680446B7
:10935000D5F8A031D0F83480D3F810902B699B6FEA
:109360005E8BFDF315F7A36CA064C31AB3F5617FA0
:1093700001D2BDE8F883204645F0BAD984F8300020
:10938000204644F033DF84F83100204645F088D889
:1093900094F8453084F85A005BB194F8403084F872
:1093A000303094F8413084F8313094F8423084F809
:1093B0005A3098F801305B0721D5E76B284694F9BD
:1093C000311094F9302094F95A30B8475FFA89F98E
:1093D0004845074613D02846394645F0A7D828699E
:1093E000026D12F480020AD14EB1012F06F1A401E0
:1093F00001D1602301E06022134642F013DA2846CF
:109400000122D5F86812FFF7E7FE98F801309807B7
:1094100015D5A66B94F95A30284694F9311094F971
:109420003020B04794F832300646834207D02846B1
:10943000044932461FF0F8D808B984F83260BDE814
:10944000F88300BF6FB0890073B5046805462046F5
:1094500044F0DADDD4F8A031064693F85E200132FC
:1094600083F85E20236893F86931002B4AD00028E6
:1094700048D0236A1B68022B44D1012803D120461F
:10948000294645F0B5DB6B6B5B78DB0703D52846D7
:10949000FFF75AFF36E0204645F05CD8D4F8A031FB
:1094A000DA7A72B1D4F86812D1F814110969494214
:1094B000914206DD721E012A1ED95E7320460121EB
:1094C0000EE09A7A7AB1D4F86812D1F814110969C9
:1094D0004942914207DA042E0ED05E7320460421E1
:1094E00045F024D808E0597B31B1204645F01ED81C
:1094F000D4F8A03100225A732046D4F86812012211
:10950000FFF76AFE236893F86921002A51D0226A86
:109510001268022A4DD101228DF806208DF807200D
:109520004EB3042E27D093F8412022B393F8422063
:109530000AB3D4F864210AB19279E2B993F83E30C3
:10954000CBB1D4F8A03142F20E729988013989B2B8
:10955000914203D9598D11F0030105D0013E012E2E
:1095600009D82046012100E020460DF107020DF147
:109570000603FFF700FC9DF807109DF80630A1F1E7
:1095800001025142A3F1010041EB0201434243EBCE
:10959000000302228DF80630204613468DF807108E
:1095A0002FF0DCD820469DF80610022201232FF070
:1095B000D5D8236893F8693123B1236A28461968FE
:1095C00045F00CDFD5F88000FFF77EFD00207CBD64
:1095D0002DE9F04705689A462B68044693F8440045
:1095E0008EB00F461646002838D00DF10C094FF00A
:1095F0000008002124224846F9F33AF241460822A5
:109600000CA8CDF81080CDF80C80F9F331F2424669
:109610004346D5F8C0063946CDF8349051F0FADC0F
:10962000D4F8444180460FE08DE8400101330493B3
:10963000D5F8C00639464FF6FF720CAB059451F0D1
:10964000C9DC50B924684644049B002CECD1039A31
:1096500001209B18CAF8003000E000200EB0BDE8E1
:10966000F08702680146D2F86C31D2F8D80603F5CB
:10967000C67203F5CE7305F077B800000048704756
:10968000C4580100024B542202FB0030704700BF57
:10969000BC650100004870476466010038B58B78EE
:1096A0001C1DA24230D30A78012A30D1142B34BFBA
:1096B0001A4614224B78022B04D0032B1ED0012B08
:1096C00028D101E0002315E0002307E0CC1825791C
:1096D00090F8234001332C4380F82340013093421B
:1096E000F4DB0FE0CC18257990F8234001332C40AF
:1096F00080F8234001309342F4DB03E0243004314E
:10970000F9F332F1002038BD6FF00D0038BD6FF075
:10971000240038BD002038BD38B5044610468A788C
:10972000151DAB420FD30B78012B0FD1142A28BF84
:10973000142214238270C37004F124010430F9F35D
:1097400013F1002038BD6FF00D0038BD6FF024001C
:1097500038BD982970B504460D46164611D82430F8
:1097600012B1FAF35DF501E0F9F3D6F72C2D0BD128
:109770000121321CA06818BF01221DF071D9002000
:1097800070BD4FF0FF3070BD002070BD70B5054654
:109790000C464EF067D8064680B190F861309BB910
:1097A000836923B9E420FEF37FF1B06130B1F3693E
:1097B00053B9E820FEF378F1F06128B92846214634
:1097C000BDE870404DF04E9E70BD00002DE9F04F99
:1097D0009A469BB00D46D1F80C31D1F804610028AF
:1097E00000F0318189794468002940F02C81297C7E
:1097F000002900F028819AF8011002291FD19B68E6
:10980000182B1CD102F10A00D5F808110622F9F331
:1098100097F0A0B90AF1080031460622F9F390F05A
:1098200068B920462946D5F8082173F0F3DC30B139
:1098300020462946324673F0EDDC074620B9002366
:1098400000932846062138E0BAF80E308BBB002181
:109850000C2217A8F9F30CF17C4B0DF114091793A6
:109860007B4B002128220DF13C084846189319949F
:10987000F9F3FEF00023002120224046ADF8243009
:10988000F9F3F6F00AF110030193249BCDF8008060
:10989000103B0293D4F8BC062946D02217ABCDF872
:1098A000589051F0D3DB002840F0CD80BDF8243033
:1098B0002BB102220092284601213246C1E0D5F8A0
:1098C000103193F8F430F3B9D5F818311B7AD3B9C5
:1098D00094F890322846590744BF23F0040384F8D3
:1098E0009032012124F0B0DCD5F81031012283F848
:1098F000F4204FF4FA70FDF3BFF594F8903243F082
:10990000040384F89032B6F83280236AD3F804B0A6
:1099100008F44043A3F54042D2F1000A4AEB020AA0
:10992000003318BF01230A3354F8239008F460531E
:10993000B3F5005F03D14046FAF3A2F5804608F480
:109940006053B3F5C05F27D1236893F84F309B076E
:1099500014D0D4F85801D9F8041049F00FDB0007EF
:109960000CD499F8E530990708D5D9F80030022BC6
:1099700012D1D5F868339B789A070DD54046FAF393
:10998000FFF440F480539BB20E288CBF4FF4404844
:109990004FF0000848EA0308236A18695EF040DACD
:1099A00040451CD04146D4F8580149F0E7DC204638
:1099B00025F0A4DD2046414624F0D2D8236893F850
:1099C0003B304BB1D5F83C335968D4F8C035994297
:1099D00002D0204620F03CDA20461DF03DD820463B
:1099E00006F1380120F016DDD34524D0236A204645
:1099F00039465A682B4673F03DDA2368206A93F89B
:109A00004F30503013F0030307F13C0108D03B699D
:109A1000D3F8EC3003F48053D3F1010338BF0023B3
:109A20007F228DE80C00002213466CF0EBDA204612
:109A3000394673F053DF0223002100932846324653
:109A40000B463AF075DE1BB0BDE8F08FA9B8850073
:109A50000DBA85000B89F0B5C48F03F0F006041928
:109A6000360934F81650428FB0F83CE0013634F82D
:109A70001670CC688218864487B052190EEBC50E5A
:109A80002CB14E69C4EB060C8E69664400E0264694
:109A90007D1BADB2CDF800E00195C068029008686A
:109AA0000494039005964868194600234FF084DF1C
:109AB00007B0F0BDF0B50C460989C58E01F0F0067F
:109AC000878E4519360935F81630C7194FF00C0E38
:109AD0000EFB037787B0428E0136009735F816509B
:109AE0008218ED1AADB201958068D21802902068F4
:109AF00000230390A0690490E069059060684FF02E
:109B000041DE07B0F0BDF0B50C460989C58E01F005
:109B1000F006878E4519360935F81630C7194FF00B
:109B20000C0E0EFB037785B0428E0136009735F898
:109B300016508218ED1AADB201958068D2180290C5
:109B400020680023039060684FF0F6DE05B0F0BD9A
:109B50002DE9F341B0F81280878AC68A847980445F
:109B6000C7198619F4B9254605F00F0336F8131006
:109B7000013336F813208A420ED00C4B521A1819B2
:109B800080884FF00C0E009092B208EB0100E35871
:109B90000EFB01714FF0CEDF013508340D2DE3D1FE
:109BA000002001E06FF01600BDE8FC81685901005B
:109BB0000378FF2B01D018467047437813B18078A3
:109BC000FF3070474FF6FF70704791E80C0009892D
:109BD0005268B02902D11268032A08D090F84206D0
:109BE00030B1D3F86433587810B102307047002098
:109BF000704706207047036873B50446D0F82454B4
:109C0000D4F81C1498680AF061DA26E0EE690BBB00
:109C1000D4F8243405F10E029D4208BFC4F8246430
:109C20002068214673F0F6DA024640B10121022392
:109C30008DE80A0020682146002372F053DF236874
:109C40002946586851F088DC94F82034013B84F8A8
:109C5000203401E0013BAB6135461DB1AB695A1CB4
:109C6000D4D116E02368D4F824249868D4F81C14BE
:109C70003AB90AF097DAC4F81C5484F8205402B0B8
:109C800070BD42F210722B4602B0BDE870400AF07F
:109C9000F799FEE77FB5D0F824040E4615461C461A
:109CA00098B104AB43F8040D0020009301463246FE
:109CB0002B4651F09FDC40B94EF660235C4342F2E4
:109CC0001073B4FBF3F4039B9C6104B070BD0000FF
:109CD0002DE9F0410546D0F80080D0F81441FDF39D
:109CE00057F2D8F82030064618695EF099D8D5F8B2
:109CF00008315B8E834259D113F4404F09D1D8F813
:109D0000003093F8693123B1404640F00FD8002865
:109D10004CD0A36C002B53D0E16C721A9A424FDBEB
:109D200094F850301BB122695BB2934248DB94F83F
:109D30004430FBB12769EFB1FF1AD8F8C4366FF091
:109D4000C7029742B8BF174613B19F42B8BF1F461C
:109D5000B4F90E30002B03DA1A483246F8F3AEF6A7
:109D6000002213462846394654F026D8D5F8083143
:109D7000228A5A8594F8453013B3676907B3FF1AEE
:109D8000B4F93A3027EAE777002B04DA0E48E16CA1
:109D90003246F8F393F628463946002254F05AD852
:109DA000D5F80831A48A9C85BDE8F081D5F8083142
:109DB000DA8DE36CD318E3649B1B002BC8BFE66409
:109DC000BDE8F081AEC58900DFC5890010B500206F
:109DD00012F04004187002D012F0800F15D011F468
:109DE000007005D012F0800F02D00120187010BD55
:109DF000490501D5130605D530B9D4F1010038BFA6
:109E0000002010BD002010BD012010BD2DE9F04F35
:109E1000836B0D46596C044640F2395087B0924628
:109E2000002281428DF8172003D040F28B508142EE
:109E300008D1B4F8522002F44042A2F540414A420F
:109E400042EB01021869039268F072D828B3D4F883
:109E5000E4235AB1D4F8F803012169F07FDE28B970
:109E6000A36BD4F8E413986869F0A8DC94F89430F4
:109E700083B9D4F8F803B4F85210012269F038DE3F
:109E8000C4F8E40330B1BAF1000F03D120465EF00C
:109E90004FDD46E10023C4F8E433B4F85210A36B5D
:109EA00001F46051B1F5005F986805D0A1F5C0528A
:109EB000514241EB020100E0022169F071DC0646EB
:109EC000002800F02E8135B120462946B4F85220F2
:109ED00033465EF007DDB4F852904846FAF350F28C
:109EE00009F46057A36BB7F5005F986805D0A7F534
:109EF000C053594241EB030100E0022169F050DCFC
:109F0000A36B054610B99868314617E0B7F5005FB6
:109F1000986806D0A7F5C058D8F1000141EB0801B8
:109F200000E0022169F03CDC804650B9A36B314669
:109F3000986869F043DCA36B2946986869F03EDCB9
:109F4000EFE0D4F8E403B8B169F044DCB7F5005FA2
:109F500006D0A7F5C05CDCF1000343EB0C0300E086
:109F60000223984208D0A36BD4F8E413986869F0F0
:109F700025DC0023C4F8E433D4F8E433FBB9A36B45
:109F8000B7F5005F986806D0A7F5C05EDEF1000166
:109F900041EB0E0100E0022169F002DCC4F8E403A9
:109FA00068B9A36B3146986869F008DCA36B294651
:109FB000986869F003DCA36B41469868BEE7D4F863
:109FC000E40369F02DDB20465EF04CD8284694F976
:109FD0007B1069F017DD00230DF117020093204676
:109FE000434649465FF09CDC4046314669F054DB0D
:109FF000404694F9651369F0ADDC4146284669F0A6
:10A000004BDB94F85810632902D8284669F0B6DC77
:10A01000284669F0DDDB284669F014DC94F86733E4
:10A0200007469B0098426FF07F012846B8BFDFB219
:10A0300069F01EDCFFB25FFA80F9A36B84F87E70D2
:10A0400084F87F908346186967F072DFB8B1D4F85E
:10A05000F803B4F8521069F02DDE01280FD1B4F8DE
:10A06000521000224B46D4F8F80369F0D5DDD4F83D
:10A07000F803B4F8521000223B4669F0BDDD00231E
:10A0800084F891B084F8963084F88030BAF1000FEB
:10A0900003D02846514669F019DB94F882302846EF
:10A0A0000BB1039B23B194F97E1069F0C7DA03E08A
:10A0B00094F97F1069F04EDCD4F8E403294669F086
:10A0C000D1DAA36B186967F033DF98B1D4F8F803DD
:10A0D000B4F8521069F0EEDD012803460AD1D4F835
:10A0E000E403A16B00908868B4F85220D4F8F81308
:10A0F00069F054DDA36B3146986869F05FDBA36BB0
:10A100002946986869F05ADBA36B4146986869F064
:10A1100055DBBAF1000F04D1D4F8543A0BB1204604
:10A12000984707B0BDE8F08F10B590F86330002B6A
:10A130003CD0DB07C9B22CD5836E8B4223D190F87B
:10A14000253A3BB10023846BE4180133082B84F8D3
:10A150002021F8D1836BD3F828411B1983F82021E3
:10A16000836BD3F82841072C01D0013400E0002490
:10A17000C3F8284190F8253A2BB190F8263A13B14C
:10A18000002380F8253A90F8633023F0010380F82B
:10A19000633090F8633013F0020F07D023F002030E
:10A1A00080F86330836B186967F0BADE002010BD59
:10A1B000F8B590F863300446002B3AD1012902D05B
:10A1C000022939D100E08266A36B80F863101A6A15
:10A1D00094F8D900626618BB94F86C20002A2DD13F
:10A1E00018698E2167F072DE400087B2062502E012
:10A1F0000A20FDF341F1A36B07F17406186931469B
:10A2000067F064DE08B1013DF2D1A36B0122186949
:10A21000314667F067DE204601F012F8024600E0A2
:10A22000A122B4F85210204652B2BDE8F840FFF720
:10A230007BBF6FF01800F8BD6FF00200F8BD10B5DD
:10A2400004465DF0EDDD0221C2B22046BDE81040BB
:10A25000FFF7AEBF30B5026CCB8892F829463CB907
:10A26000846B64690A2C03D94C8A14F4807F14D05F
:10A27000846B6569272D03D10C8A14F4006F0CD10F
:10A280008C88DBB214F0030F01D09D2B05D0232D59
:10A2900007D14D8A15F0200F03D001238B770023BF
:10A2A0000AE090F92C031B18E00444BF92F91E2623
:10A2B0009B180022CB778A770B7700234B7730BD32
:10A2C000C369043B082B06D8DFE803F0180509072B
:10A2D00009050B050D00002070471720704704206A
:10A2E00070470720704790F83E03012808D00328E4
:10A2F00014BF4FF483704FF48B7070470120704788
:10A300004FF48B707047836B13B51A6A04460132A1
:10A310001A6290F86020002A00F0AC80B0F8C822E1
:10A320002AB1D0F8F013A1F83622A1F83A22B4F8F5
:10A33000CC222AB1D4F8F013A1F82822A1F82422C3
:10A34000B4F8CA222AB1D4F8F013A1F82222A1F855
:10A350002622216F40F606220A402AB993F82C31B2
:10A3600013B120465DF0F8DDA36B1A6A1B6EB2FBD9
:10A37000F3F103FB1123A3B920465FF085DC236FC3
:10A3800040F60202A16B1A400032086918BF012290
:10A39000B4F85210C3F3800367F0D2DD20465FF0BB
:10A3A00081DC226F40F60E231340B3B9A36BD4F8BF
:10A3B0008C21196AD2F89020D3F818318A1A9A425F
:10A3C0000BD394F8522020460121FFF7F1FEA26B37
:10A3D000D4F88C31126AC3F8902094F8633043B1FA
:10A3E000A36B1A6A636ED31A052B02D9002384F873
:10A3F0006330D4F8F4202AB1A36B196A1B6E8A1A51
:10A400009A420CD3226F40F6020313403BB9204618
:10A410005DF016DE18B1A36B1B6AC4F8F430226F2E
:10A4200040F60F2313402BBB20465EF0B5DA2046E2
:10A430005EF054DAD4F88C31D3F8882012B1013AA6
:10A44000C3F88820D4F8B43A0BB120469847A36BE0
:10A45000186967F023DD68B1A36B01A918690DF1D4
:10A46000070267F01FDD20469DF80710BDF80420A5
:10A470005DF0D4DD00201CBD03460021986B401820
:10A480000131082980F82021F8D19A6B0021C2F807
:10A490002811D16E032907D1D3F8C410C90703D5F9
:10A4A000126A0832C3F8B8200022991802324FF617
:10A4B000A470202AA1F8040AF7D10020012283F811
:10A4C000240A83F8EC2A7047836B10B59A69044616
:10A4D00092001BD590F8ED2A012A17D1B0F852202E
:10A4E00012F4404F12D1186967F004DD636CB3F8C1
:10A4F000B42692B242F00302A3F8B426636CB3F818
:10A50000B82692B242F0C002A3F8B82610BD80F877
:10A51000ED1A704730B5056C044687B028464FF4F5
:10A52000007141F21C1260F047DB002800F09D80B2
:10A530000723039320230593802302930023019094
:10A54000049340F8043B0133802BFAD1204601A943
:10A5500065F0E8DE4FF43073204601A9049365F0FE
:10A56000E1DE206C41F22F1160F04CDB204601212E
:10A5700064F086DC20463E4936225DF0F7D9D5F8F6
:10A58000C434204640F6F4114FF480426BB11346B8
:10A590005DF0B4D9B5F85824B5F856342046D31830
:10A5A00040F20C5140F2FF129BB25DF0A7D91E227F
:10A5B000304920465DF0DAD9204661F011D82046B6
:10A5C00063F014DA99210122002320465DF068D956
:10A5D00096210222002320465DF062D9A2210122A9
:10A5E000002320465DF05CD9A521402200232046AF
:10A5F0005DF056D9A6210122002320465DF050D9F6
:10A60000A1210122002320465DF04AD930220023F7
:10A61000204602215DF044D96F2120464FF40052BC
:10A6200000235DF03DD94FF48052134620466F2140
:10A630005DF036D904221346204640F2D7415DF042
:10A640005DD940F2D7414FF470624FF480732046D9
:10A650005DF054D9204662F0DBDB204640F27551B4
:10A660004FF4007200235DF049D907B030BD00BF40
:10A67000BE5A01002A5B0100F0B5072387B0066CC3
:10A68000029320230493012304460D460193304690
:10A6900005AB4FF4007141F27332009360F08CDA35
:10A6A000002849D0D6F8B865074601460023B342D2
:10A6B0002CBF9E46B64605EBCE0292F803C015F8B5
:10A6C0003EE001334EEA4C5E92F802C052784EEA08
:10A6D0004C3E4EEA4212802B059241F8042BE6D103
:10A6E0008DE809006946C0232046039365F01ADE11
:10A6F0000023B3422CBF1A46324605EBC202107942
:10A700005179400240EA4140D179013340EA0102E7
:10A71000802B059247F8042BEBD14FF410732046A1
:10A720006946039365F0FEDD236C41F29F31C3F867
:10A73000BC55206C60F066DA07B0F0BDF0B5076C70
:10A7400089B0002304460D4638464FF400714FF49B
:10A75000965205930693079360F02EDA064600287A
:10A7600034D04DB9204605A906AA07AB5EF028DB18
:10A7700003953746002510E097F83336002BF8D0C4
:10A78000B4F9283A0693B4F92A3A0793B4F92C3A63
:10A7900005934FF430730393EBE705A928460EC9E0
:10A7A00064F0B0DE0135802D47F8040BF5D10723A6
:10A7B000029320462023694604930096019565F094
:10A7C000B1DD206C41F2DF2160F01CDA09B0F0BD90
:10A7D0002DE9F047571A7E1C1FFA86F94FEA8903C4
:10A7E0004FF6FC7186B004461940006C41F6DE322B
:10A7F00060F0E2D90546002871D010234FF0600ABE
:10A80000DFF8E0808DE8080404AA02232046002136
:10A81000CDF808805EF0CCD8BDF81020BDF812301D
:10A8200092059B059B0D920D43EA8222C2460023AE
:10A8300008E055F8231001F07F61114345F823101B
:10A8400001339BB2BB42F4DD20234FF4A0788DE8A6
:10A850000801DFF894802A46334620460721CDF8C8
:10A8600008805EF0B3D8206C41F6F23160F0CAD9AE
:10A870004FEA49094FF6FE71206C09EA010141F6E1
:10A88000F53260F099D9054648B310234FF0620CB9
:10A890008DE808102046012300210DF11602CDF8A5
:10A8A00008A05EF085D8002305E0BDF8162025F845
:10A8B000132001339BB2BB42F7DD10234FF4E07E3F
:10A8C0008DE80840204607212A463346CDF8088007
:10A8D0005EF07CD8206C41F6024160F093D906B05E
:10A8E000BDE8F087CD2187006149870010B5044697
:10A8F00060F098D92046012200234FF430615CF0CB
:10A90000FDDF2046042200234FF430615CF0F6DFC7
:10A910002046082200234FF430615CF0EFDFF02284
:10A92000204613464FF430615CF0E8DF4FF470626C
:10A93000204613464FF430615CF0E0DF20460023F0
:10A940004FF430614FF480525CF0D8DF204606228D
:10A95000042340F607315CF0D1DF2046382208237B
:10A9600040F607315CF0CADF2046002340F607318D
:10A970004FF4E0725CF0C2DF20463022102340F634
:10A980000B315CF0BBDF40222046134640F60B3112
:10A990005CF0B4DF204640F60B314FF4F0624FF428
:10A9A00080635CF0ABDF204640F60B314FF4F042A1
:10A9B0004FF400535CF0A2DF94F8FC392046012BE1
:10A9C00014BF4FF480534FF4105340F60C314FF640
:10A9D000FF725CF093DF204640F60C314FF6FF72B9
:10A9E0004FF480535CF08ADF204640F60D314FF67D
:10A9F000FF724FF450435CF081DF204640F60E3189
:10AA00004FF6FF724FF478435CF078DF2046102356
:10AA100040F60F314FF6FF725CF070DF20464FF4C6
:10AA200031614FF6FF724FF478435CF067DF2046E8
:10AA300040F611314FF6FF724FF47D435CF05EDF5C
:10AA400020460F22002340F612315CF057DF2046EB
:10AA5000F022002340F612315CF050DF2046002344
:10AA600040F612314FF470625CF048DF20460F224E
:10AA7000002340F613315CF041DF2046F022002332
:10AA800040F613315CF03ADF2046002340F61331E4
:10AA90004FF470625CF032DF20460F22002340F654
:10AAA00014315CF02BDF2046F022002340F61431F5
:10AAB0005CF024DF204640F614314FF4706200232E
:10AAC0005CF01CDF20460F2240F6153100235CF0BD
:10AAD00015DF2046F022002340F615315CF00EDF32
:10AAE0002046002340F615314FF470625CF006DF1B
:10AAF00020460322012340F616315CF0FFDE20469B
:10AB00000C22002340F616315CF0F8DE204630229D
:10AB1000102340F616315CF0F1DE2046C0224023BF
:10AB200040F616315CF0EADE2046002340F616318E
:10AB30004FF440725CF0E2DE204640F616314FF4EE
:10AB400040624FF480635CF0D9DE2046032200238C
:10AB500040F617315CF0D2DE20460C2240F6173169
:10AB60004FF6FC735CF0CADE2046302240F6173107
:10AB70004FF6F0735CF0C2DE2046C022002340F6A0
:10AB800017315CF0BBDE204640F617314FF44072BF
:10AB90004FF47F435CF0B2DE204640F617314FF4AD
:10ABA00040624FF47C435CF0A9DE20460122002382
:10ABB00040F606315CF0A2DE1F222046134640F626
:10ABC00005315CF09BDE4FF6FF722046134640F6DF
:10ABD00004315CF093DE4FF6FF722046134640F6D8
:10ABE00008315CF08BDE204640F609314FF6FF72EB
:10ABF00047F6FF735CF082DE2046082340F60A31F8
:10AC00004FF6FF725CF07ADE20463F2340F60231B9
:10AC10004FF6FF725CF072DE2046FF2340F60331F0
:10AC20004FF6FF725CF06ADE0F222046134640F6B4
:10AC300001315CF063DEF0222046134640F601311C
:10AC40005CF05CDE0122204613464FF430615CF07C
:10AC500055DEA36B2046D96EBDE810405FF0029A26
:10AC60002DE9F043044689B00F469046006C4FF43E
:10AC7000806141F2366299465FF09EDF0646002809
:10AC80004ED001221346204640F29C41C4F8D070B9
:10AC90005CF034DE20469DF840105FF041DB282256
:10ACA0002046394661F09CDFB0F5807F054603D928
:10ACB000206C41F2526131E0204640F2D66103221D
:10ACC00000235CF01BDE08221346204640F2DA61C6
:10ACD0005CF014DE282342468DE8280020463346E7
:10ACE000394665F061D91523039605930026202384
:10ACF000204603A907930495069665F013DB9DF89B
:10AD000044302046019329464FF6FF723346CDF872
:10AD1000009062F0F1DF206C41F266615FF072DF5B
:10AD200009B0BDE8F08300002DE9F04F00218FB09D
:10AD3000076C90F85250ADF83210ADF8341004465C
:10AD4000002109A80C22F7F393F60023ADF8363062
:10AD500097F8153613B197F8161601E097F8141600
:10AD6000D4F8DC002A465FF0BDDC8046002800F005
:10AD70006081204601215FF0D3DAB8F8005045B178
:10AD80002DB24FF47A726A432046012163F098DEB7
:10AD90000125B8F8023063B10135EDB21BB24FF4B2
:10ADA0007A725A432046294663F08ADE012D0AD181
:10ADB00000E0DDB1022300930121002301930293FF
:10ADC00020460A4608E00223012100930193002354
:10ADD000029320460A460B4663F014DF2046052105
:10ADE0004FF486720DF1320361F01CDE00252E4611
:10ADF000A94638F8051029B304200B238DE8090073
:10AE000009B20DAA4FF4FA73204661F07BDBBDF85E
:10AE10003420BDF832301C3AD21AB7F9181613B2E2
:10AE200099420FDC0EA9062303FB061338F8051020
:10AE3000013623F8141C23F8122C23F8100CB6B298
:10AE40004FF001090235042DD3D1022306931023BC
:10AE500008930DF13603049300250123204604A92D
:10AE60000593079562F094DE10238DE82800724B5D
:10AE700002210293204601230DF1360201355DF0D7
:10AE8000A5DD402DF0D10025204629462A462B4637
:10AE900000950195029563F0B5DEB9F1000F40F021
:10AEA000B180C2E00EAB4FF0060909FB053939F855
:10AEB000148C0135EDB20FFA88FA4FF47A7202FB66
:10AEC0000AF22046294663F0FBDDB7F91A2639F964
:10AED000123C9A4201DD002006E0B7F91C269A4296
:10AEE00001DD012000E002205FF0F4DB294602468C
:10AEF000204663F039DEBAF1000FB8BFCAF1000A8C
:10AF00004FEA8A0A4FF0000940F271239A450ADDA0
:10AF100009F101095FFA89F9AAF59C6AB9F1200FD4
:10AF2000AAF1020AF0D10FFA88F3002BD8BFC9F1B9
:10AF300000095FFA89F94FFA89F34FEA48086FF47C
:10AF40001C7202FB0388002BB8BF5B42022B59DD49
:10AF50004FF0000A002150465FF058DC0FFA88FBE2
:10AF60008BEAEB73A3EBEB73984244D1012150467B
:10AF70005FF04CDC0221804650465FF047DCBBF1BD
:10AF8000000F82464FFA89F30ADA002BDBBF5FFA23
:10AF900089FB0BF1400909F1FF3B0BF13F0B09E085
:10AFA000002BDBBF5FFA89FB0BF1400909F1010BB4
:10AFB0000BF1410B4FFA89F3204604A9079362F085
:10AFC000E7DDBDF836302046984404A9ADF8368058
:10AFD00065F0A8D94FFA8BF3204604A9079362F0D5
:10AFE000D7DDBDF8363020469A4404A9ADF836A026
:10AFF00065F098D906E00AF1010A5FFA8AFABAF117
:10B00000060FA7D1B542FFF44DAF4FF00003012E5C
:10B0100000930193029320464FF0050101D132467F
:10B0200001E00122134663F0EDDD204600215FF0D0
:10B0300077D90FB0BDE8F08F614987002DE9F7435C
:10B04000904608220F461E4640F607011346044666
:10B05000056CBDF828905CF051DC012213462046B7
:10B0600040F607015CF04ADC4FF4005213462046DC
:10B0700040F646015CF042DC204640F639013A4693
:10B080005CF06EDC94F86D33204640F635010BB170
:10B09000802200E020225CF063DC20464FF4046153
:10B0A00000225CF05DDC204640F634017F2233460E
:10B0B0005CF024DC20464FF401614FF480434FF4F0
:10B0C00040425CF01BDC94F86D33204640F63601BC
:10B0D00013B14FF4807200E040225CF041DC204666
:10B0E00040F646010F2208235CF008DC94F86D63FB
:10B0F000204640F64601F02256B190235CF0FEDB7C
:10B10000204640F646014FF470624FF4106308E0A9
:10B1100033465CF0F3DB204640F646014FF47062A4
:10B1200033465CF0EBDB204640F633017F2243469A
:10B130005CF0E4DB4FEA0923204640F633014FF48C
:10B14000FE4203F47F435CF0D9DB012620463B49F5
:10B150006422002300960196FFF782FD4FF480528F
:10B160001346204640F6A5115CF0C8DB3246334654
:10B1700040F6881120465CF0C1DB4FF49670FCF37A
:10B180007BF13246204640F637015CF0E9DB44F6BD
:10B19000216602E00A20FCF36FF1204640F63701F9
:10B1A0005CF0CCDB30B1013EF4D103E00A20FCF3CB
:10B1B00063F101E044F62166204640F637015CF079
:10B1C000BDDB08B1013EF1D140F6370120465CF00D
:10B1D000B5DBC10705D594F8153343F0010384F8B6
:10B1E00015330023204640F6A5114FF480525CF041
:10B1F00085DB20465FF09CD92046002340F2A66103
:10B2000041F6FF725CF07ADBD4F88C312046B3F95A
:10B210008C20B5F9043C40F609019A42B4BFB5F858
:10B22000065CB5F848554FF68072ED0105EA020359
:10B2300003B0BDE8F0435CF0619B00BFA025260091
:10B24000F0B54F4B91B0044602AA03F120061868EE
:10B250005968154603C50833B3422A46F7D1186822
:10B260009B882860AB80012384F8263AA36B8E214B
:10B27000186966F02BDE400086B2972502E00A20AE
:10B28000FCF3FAF0A36B06F17401186966F01EDE98
:10B2900008B1013DF3D1A36B4FF44271186966F018
:10B2A00015DEA36B074640F20A31186966F00EDE20
:10B2B000A36B05464FF44371186966F007DEA36B74
:10B2C000064640F20E31186966F000DEBE193604FB
:10B2D0002D1876190AD194F8253A4FF67862ADF810
:10B2E0003820002B31D084F8266A2EE04FF4867384
:10B2F000ADF83C3006F580760023760A00930FAB5C
:10B30000360201930DAA0EAB20460CA90C965DF0F7
:10B31000BDDFBDF938201B4B9B1A002BB8BF5B4229
:10B32000702B94F8EC2A02D85AB1282B09D94FF681
:10B330007863ADF8383094F8253A13B1002384F8D7
:10B34000263A12B1002384F8EC3A236CBDF9381088
:10B3500093F83536891008467BB14AB212F1560F80
:10B360000BDA12F1690F08DB6FF056039B1A10AA73
:10B3700002EB430313F8380C401840B211B0F0BD93
:10B380001839010078FEFFFF436C2DE9F041D3F836
:10B390002031044603F001030D4683F001061BB97A
:10B3A000836B186966F0B4DD2046276C5EF0C2DF5F
:10B3B00040F27F41A7F802042046276C5CF0BEDA19
:10B3C000C005C00D4010A7F80404226F41F6062303
:10B3D00013402BB944F62062102D08BFFA2200E07A
:10B3E000FA22A36BB821186966F07CDDA36B41F6E5
:10B3F0000627186966F098DD2046FFF765F8236F89
:10B400001F407FB9A36B20461B6A0121C4F8D430CA
:10B41000D4F88C815FF00CD9D4F88C31A8F88C006A
:10B42000C3F88870082D01D0E80606D503210A224A
:10B43000204660F0B1D9082D01D0A90604D52046D8
:10B4400064F0D0DC082D01D06A0604D5204662F0F5
:10B4500071DE082D01D0EB0506D5236C93F8173665
:10B4600013B12046FFF760FC204660F0BBDD2046AC
:10B47000FFF72AF8082D01D028060BD5256C95F882
:10B48000643523B1204666F0F1DBC5F8540520464B
:10B4900065F074D820465CF053DB1EB9A36B1869C5
:10B4A00066F036DD20460021FFF748F9236C93F85B
:10B4B000333673B120460121FFF740F9204640F2B0
:10B4C00037614FF440424FF40043BDE8F0415CF077
:10B4D000159ABDE8F081816BD0F8D4300A6A10B5B6
:10B4E0009A42044601D3D31A01E0DB439B18D4F8F7
:10B4F0002823934200D302BB8A6E93421FD3D4F811
:10B500008C31D3F88830D3B9012120465FF090D830
:10B51000D4F88C21B2F88C3019B28842CCBFC3EB7E
:10B520000000C0EB030094F8661300B2884208DA0A
:10B53000A36B9B6EC2F8883001E0012010BD002093
:10B5400010BD012010BD01207047000001290BD162
:10B55000012B09D8013B064902EB830251F8223046
:10B560005A1C03D0C0187047002070470020704755
:10B57000745B0100142303FB010070478369DA68E0
:10B580008A4218BFD960704738B5044625690068FB
:10B5900035B105F5077115F031DC2846FCF390F262
:10B5A000E06C0025256108B1FCF38AF2E56438BD42
:10B5B000F8B5846905460668E06A08B1FCF380F2D4
:10B5C000E969B068002708F081DD00212846FFF70F
:10B5D000D5FF284684F83D70FFF7D6FF304623F0AC
:10B5E000F9D827826762A762E7622783F8BD10B5A2
:10B5F00050B1D0F8400238B1072905D83C2404FBEB
:10B6000001018858C3188B5010BD2DE9F0410C463C
:10B6100016460546002831D0D0F84032002B2DD0F8
:10B620003C2202FB013318221F6A3346FFF7DFFF7B
:10B63000284621461C220123FFF7D9FFBE42284697
:10B64000214601D2242214E0B6EB470F01D2282272
:10B650000FE0B6EB870F01D22C220AE0B6EBC70F42
:10B6600001D2302205E0B6EB071F01D2342200E000
:10B6700038220123BDE8F041FFF7B9BFBDE8F081F2
:10B6800073B504680325204601214FF4806200232E
:10B6900000951DF099DA002120460A460123009505
:10B6A0004DF084DB0026D4F864329D599DB1AB790E
:10B6B0008BB9D5F818315A6C22F001025A641A7805
:10B6C000012A01D15B7F33B12846002122F0BCDD85
:10B6D000284667F0B1DA0436202EE4D1204602B0C5
:10B6E000BDE8704023F07698F8B5D0F8B055044620
:10B6F000AE69F368002B30D0012B30D028460121F1
:10B70000FFF73CFFA068E96908F0E0DC28B12846B3
:10B710000021FFF733FF012700E00746338A83B19A
:10B72000236A18695CF07CDB338A834209D02046A7
:10B7300023F0E4DE2046318A22F012DA20461BF0A4
:10B740008BD9D4F8B005FFF79BFF204624F0CED963
:10B750002846FFF72DFF3846F8BD0120F8BD002030
:10B76000F8BDFFF7C1BF002070472DE9F843DDF8B1
:10B7700020800446D8F800700E46154699460FB949
:10B780001FE01F463B68A3B1BCB12046F9683246B2
:10B79000F7F3D6F028B9284679684A46F7F3D0F08F
:10B7A00018B17B69002BECD10BE0C8F80070BDE844
:10B7B000F8836FF00100BDE8F8836FF00100BDE889
:10B7C000F883C8F800706FF01D00BDE8F8831FB55E
:10B7D0000C46416B81B104A840F8041D0090194645
:10B7E0001046BDF81C30069AFFF7BFFF30B92CB1E8
:10B7F000039B1B68236001E04FF0FF3080B204B070
:10B8000010BD10B50C4699B10B6863B10846F5F34D
:10B81000CFF7E068FCF354F16068FCF351F10023CA
:10B820002360E36063602046BDE81040FCF348B14C
:10B8300010BD2DE9F84F476B04460D4616469B4652
:10B84000DDF828A0BDF82C90002F33D0B1B9AAB9EB
:10B8500030E07DB976B1BAF1000F0BD03046F9680F
:10B860005A46F7F36DF028B9504679684A46F7F31F
:10B8700067F050B17B691BB9BDE8F88FB84601E0AD
:10B88000B8461F46AF42E4D1A7B1636B39469F4229
:10B890007B6908BF6363C8F8143023685868FFF7F2
:10B8A000B0FF94F83030013B84F83030636B0BB953
:10B8B00084F83030BDE8F88F10B5044605E04B69D8
:10B8C000636323685868FFF79CFF616B0029F6D11A
:10B8D00084F8301010BD2DE9FF471E460023039366
:10B8E00090F830300446102B88461746DDF830902B
:10B8F000BDF8345009D9416B39B14A680B7C0092CC
:10B900000A890192CA68FFF794FF636B0393B8F149
:10B91000000F65D0002F63D0B9F1000F60D003ABEA
:10B920000093384631464A462B46FFF71EFF8246B3
:10B9300028B9039B41461868F5F31EF755E01E3001
:10B9400053D11820FCF3B0F0824600284BD0206978
:10B95000F5F3C0F6CAF80000B0B13046FCF3A4F02D
:10B96000CAF80C0018B95046F5F322F70CE0284647
:10B97000FCF39AF0CAF8040050B95046F5F318F7F2
:10B98000DAF80C00FCF39CF05046FCF399F02AE046
:10B99000636B2BB9012384F83030C4F834A007E07E
:10B9A00094F83030013384F83030039BC3F814A08E
:10B9B000DAF80C0039463246CDF80CA0F6F3D4F78D
:10B9C000039B49461E7458682A46F6F3CDF7039B3D
:10B9D00041461D811868F5F3C1F64FF0000A04E0F6
:10B9E0006FF0010A01E06FF01A0A504604B0BDE89A
:10B9F000F087F8B51E4614460D460CE0FEF7D8F861
:10BA0000B04215D07A78931C9C420ED9ED186FF095
:10BA100001039B1AE41854B128462146FF22F7F38C
:10BA200021F407460028E9D102E0002700E027467C
:10BA30003846F8BD08B511461A464FF4AE73FFF705
:10BA4000D8FF58B14378A3F12102D2B2202A04D8FA
:10BA5000029A013B1370033008BD002008BD2DE998
:10BA6000F0470468A0B0D0F80480064602200F68B2
:10BA70008946F4F761FA002501212A4620238246EF
:10BA8000606A1F95F1F3A2F501212A4620231D903B
:10BA9000606AF1F39BF501212A4620231E90606A1B
:10BAA000F1F394F501212A4620231A90606AF1F3FC
:10BAB0008DF5202301212A461B90606AF1F386F55B
:10BAC000143729461C9052460FA808F1E205F6F3F8
:10BAD000CFF7062238462946F6F332F7002817A892
:10BAE00007DD39460622F6F33FF70DF162002946DD
:10BAF00006E029460622F6F337F70DF162003946D3
:10BB00000622F6F331F717AA01920C22002307ADA3
:10BB10000FA9029220275246022000930395049712
:10BB2000F4F730FB1B98F2F3ABF22A4601213B46B7
:10BB30001A98F2F379F2A3691C9861691B9AF1F7DC
:10BB4000C8FF1A981C9A0146F1F7F6FF1A981B9A3B
:10BB50000146A3690836F1F77AFF304698F8185085
:10BB6000F7F332F080B201901FA9204608F11902C4
:10BB70002B460096FFF72BFE08B91F9BA3B11A991D
:10BB8000D9F8D4201F98F5F349F71DA91EAAD9F8B2
:10BB9000D400F5F32BF61AA8F1F356F61BA8F1F32F
:10BBA00053F61CA8F1F350F620B0BDE8F08770B54D
:10BBB000456892B004460026286801A92022119603
:10BBC0001BF0CEDB2023012101AAD4F8C000F2F340
:10BBD0002BF2286809A920221BF0C2DB686A012128
:10BBE00032462023F1F3F2F4119000B3012109AAA7
:10BBF0002023F2F319F26B69D4F8B800D4F8C0101E
:10BC0000119AF1F724FFD4F8DC201199D4F8D4006C
:10BC1000F5F304F7D4F8DC000146F5F3B9F6D4F8EF
:10BC2000DC0004F1C40104F1C802F5F3DFF511A84A
:10BC3000F1F30AF60021202209A8F6F319F701A86A
:10BC400000212022F6F314F712B070BDF0B5C1B098
:10BC500007AD0C461746114628460222F6F384F635
:10BC600001210DF11E022023D4F8BC00F1F302F6ED
:10BC700001210DF13E022023D4F8CC00F1F3FAF5B6
:10BC800001210DF15E022023D4F8D000F1F3F2F58A
:10BC900001210DF17E022023D4F8B800F1F3EAF57A
:10BCA00001210DF19E022023D4F8C400F1F3E2F546
:10BCB00001210DF1BE022023D4F8C800F1F3DAF51A
:10BCC00000238DE82800C2222025029238AE04F11C
:10BCD00018012A46022003960495F4F753FAB81C7B
:10BCE00031462A46F6F32CF6D0F1010038BF002089
:10BCF00041B0F0BD30B590F88C318DB004460D6880
:10BD0000002B3FD0D0F8D40008A909AAF5F36EF5AE
:10BD1000202301216A460998F1F3ACF5D4F870317B
:10BD2000E31893F893219DF81F305340D80724D58A
:10BD300001210022EB69686AF1F348F4EB690A908B
:10BD400001210022686AF1F341F401210B900A9A63
:10BD50002869F5F3A9F600230B980A99099AF1F7D7
:10BD6000B8FE08990B9AD4F8D400F5F3D9F50AA8CF
:10BD7000F1F36AF50BA8F1F367F52046FFF717FF1B
:10BD8000002501E04FF0FF35E43404F1A000F1F3A9
:10BD90005BF504F19C00F1F357F504F1A400F1F315
:10BDA00053F504F1AC00F5F303F504F1B000002104
:10BDB0002022F6F35DF628460DB030BD2DE9FF4197
:10BDC0000546006832F8066F0C46D0F80080FFF791
:10BDD0003DFF002833D06968A4F864608F7904F1CE
:10BDE00038068FB9D8F8D0063246202376F0ACDC7E
:10BDF0002368696814338DE888003246D8F8D00685
:10BE0000202376F0B5DB17E01023009323684FF46E
:10BE100080271433019308462022314604F1080399
:10BE2000029750F095DE48B92168686814313A46A7
:10BE3000D5F88C30FDF72EFF012000E0002004B083
:10BE4000BDE8F0812DE9FF41D688B1F864300546A0
:10BE50000068B3420C46D0F800803BD84FF6FF7321
:10BE60009E4237D00632FFF7F1FE002833D06968D2
:10BE7000A4F864608F7904F138068FB9D8F8D00639
:10BE80003246202376F060DC2368696814338DE83D
:10BE900088003246D8F8D006202376F069DB17E018
:10BEA0001023009323684FF480271433019308462E
:10BEB0002022314604F10803029750F049DE48B9C8
:10BEC0002168686814313A46D5F88C30FDF7E2FEF7
:10BED000012000E0002004B0BDE8F08173B500232C
:10BEE00004460B99006801931646089D41F01CDB3F
:10BEF000079B032B04D901A806990422F6F334F515
:10BF00000C3E032E1CD8DFE806F00A0F0204A36AD9
:10BF100008E0019B5A1E272A15D8A3620EE0E36AA7
:10BF2000C3F340032B6009E00198E36A18B923F0DA
:10BF30000203E36209E043F00203E362002004E04D
:10BF40006FF0160001E06FF001007CBDF8B5876866
:10BF500005464FF4E0700E46FBF3A6F504460028B4
:10BF600078D000214FF4E072F6F382F52660656028
:10BF70000023F451686AA4F8AC3001210022202388
:10BF8000F1F324F3C4F8BC00002866D0686A0121EC
:10BF900000222023F1F31AF3C4F8B80000285CD083
:10BFA000686A012100222023F1F310F3C4F8CC00C9
:10BFB000002852D0686A012100222023F1F306F301
:10BFC000C4F8D000002848D0686A0121002220234C
:10BFD000F1F3FCF2C4F8C00000283ED02869F5F364
:10BFE00079F3C4F8D400002837D02869F5F372F348
:10BFF000C4F8D800002830D02869F5F36BF3C4F8F2
:10C00000DC0050B31323A4F866302B6817499868F6
:10C010003246002308F0DED82B68A06614499868E1
:10C020003246002308F0D6D82B68C4F8B000114976
:10C0300098683246002308F0CDD82B68C4F8B400C5
:10C040000D4998683246002308F0C4D8C4F8E000CF
:10C05000002408E06FF01A0401E04FF0FF34284696
:10C0600031466DF0D5DC2046F8BD00BF85D1870094
:10C0700079D187000DD187005DDF8700F8B547686B
:10C080000646CD590C46DDB1436B0BB1FFF714FCEE
:10C09000D5F89C1049B13368986808F017D8336810
:10C0A000D5F89C10986808F07DD8D4F8243413B1E2
:10C0B00020464FF02FDA2846FBF302F50023E35128
:10C0C000F8BD00002DE9F041D0F89830D0F890107C
:10C0D000013344688B4225688EB00246C0F8983020
:10C0E00009D1D0F894307BB1D2F89C104FF47A7219
:10C0F000A8685A4304E007D2D2F89C10A868214AE5
:10C10000002307F0BDDF39E0D5F8D006214675F0F1
:10C1100037DF237A002B31D0D4F80801F7F314F37A
:10C12000074658BB227E04F1DC080EAE04F119016B
:10C1300006A846F8242DF6F317F421464246284671
:10C1400071F068D804F1E2030193022302460293DE
:10C15000214643462846CDF8008020F0F5DC3946DC
:10C16000204639F0C9D92146284640F059DF2846F3
:10C170001A21324624230097F6F76EFA0EB0BDE876
:10C18000F08100BF80EE36002DE9F04F0D68ADB0B4
:10C1900004460121A86922AA2023D5F800B0F1F3B2
:10C1A00069F34FF0080AD4F8683194F86C11E2187A
:10C1B00004F1E40682F8E31006F18C020C210DF183
:10C1C0006809019206F190003246CDF80090F9F32B
:10C1D00043F2D4F8701140480591F6F3F5F422AA21
:10C1E00003464FF02008009206AF05993A4A4846A8
:10C1F000CDF804800297CDF80C80F9F307F2012105
:10C200003A464346D4F88801F1F30EF758466EF0EB
:10C2100017DAD4F88801A969F1F39CF2002836DA1C
:10C22000D4F88431CDF808B000932C4BD4F88811A1
:10C2300001932869D4F89021D4F88031F5F3E8F21D
:10C2400028BB94F88C3113BB2869D4F89011F5F30E
:10C25000C7F4E0B1012384F88C314946D4F8702149
:10C2600006F1B000F6F380F3D4F890012AA92BAAC6
:10C27000F5F3BCF22A992B9AD4F8D400F5F350F3D5
:10C28000D4F8682128683146013A1BF069D894F83F
:10C290006C310133DBB284F86C31AA6A934207D85F
:10C2A0000AF1FF3A5FFA8AFABAF1000F7FF47BAF26
:10C2B0000021502206A8F6F3DBF3002120221AA861
:10C2C000F6F3D6F394F86C01AB6A984234BF0020C1
:10C2D00001202DB0BDE8F08F62E6890075EA870085
:10C2E0002DE9F04F4368CFB0CB58044603F108095D
:10C2F00048468846F6F368F407460220F3F71CFE2A
:10C3000000234EA941F8043DBBB208F1190207937E
:10C310000692079A8346019298F818302046069AAA
:10C32000CDF80090FFF753FA18B94D9B002B40F061
:10C330000A81012100222023606AF1F347F10121E3
:10C34000002220234290606AF1F340F10121002293
:10C3500020234390606AF1F339F101210022202368
:10C360004490606AF1F332F10121002220234590CC
:10C37000606AF1F32BF10121002220234690606ACC
:10C38000F1F324F101210022E3694790606AF1F39F
:10C390001DF10521024649902069F5F385F3E36913
:10C3A00001210022606AF1F311F104210246489054
:10C3B0002069F5F379F32069F5F38CF14A9020694F
:10C3C000F5F388F14B902069F5F384F108AD002175
:10C3D00080224C902846F6F34BF33A4628464946CD
:10C3E000F6F3C2F2012100223023606AF1F3EEF08D
:10C3F0000121002230234090606AF1F3E7F000262B
:10C4000033460DF1E00A419098F81820019502207A
:10C4100028AD069902970096CDF80CA0CDF810B083
:10C42000F3F7B0FE302231462846F6F321F34748B1
:10C43000F6F3CAF3454B3027009301905146022092
:10C440005A46334602950397F3F7BCFE01213B465B
:10C450002A464098F1F3E8F54098A2690146F1F7C1
:10C460006BFB429B48990093439B499A01934098E8
:10C47000A369F1F779FF4299439A4B98F5F350F28B
:10C4800031463A462846F6F3F3F23148F6F39CF388
:10C490002F4B0190009351465A4633460220029595
:10C4A0000397F3F78FFE3B4601212A464198F1F3AB
:10C4B000BBF54198A2690146F1F73EFB449B4899C0
:10C4C0000093459B499A01934198A369F1F74CFF6A
:10C4D0004499459A4C98F5F323F24C994A9A4B9813
:10C4E000F5F3A2F0079A98F8183001924A99069A43
:10C4F0002046CDF80090FFF7EEF946A947AA4A98E2
:10C50000F5F374F142A8F1F39FF143A8F1F39CF124
:10C5100044A8F1F399F145A8F1F396F148A8F1F395
:10C5200093F149A8F1F390F140A8F1F38DF141A8FE
:10C53000F1F38AF14BA8F5F33BF14CA8F5F338F190
:10C540004AA8F5F335F14FB0BDE8F08FB85B0100B4
:10C55000D25B0100C06A00F00100704721B183681E
:10C56000CB5893F8BC017047084670472DE9FF414E
:10C57000476804460023D0F8008038460E46A2F1F2
:10C5800068050393FFF7E6FF90B138464146FFF791
:10C59000E5FF68B103AB009321462B46386806F1EE
:10C5A0006002FFF747FA039D014610B99DB100E014
:10C5B0003146A5F12003202B0DD8B4F8AC309D42B4
:10C5C00009D104F16C002A46F6F3BAF1002814BF31
:10C5D0000520002000E0052004B0BDE8F081000047
:10C5E0002DE9F0419846B8B00023359336937F4B40
:10C5F00007460C4630AE03F1100E186859683546F0
:10C6000003C5083373452E46F7D13D680121202329
:10C6100002F10806686A0022F0F3D8F7359028691D
:10C62000F5F358F0B8F1680F369015D97B689B790F
:10C63000002B00F0B9802846FFF78CFF20B1284678
:10C640002168FFF78BFF48B9A8F168081FFA88F83E
:10C65000A4F8AC80464401E040F0A880D4F8BC00C7
:10C66000012132462023F1F3DFF4D4F8BC00F1F3CA
:10C67000F9F2002840F09C80D4F8BC006969F1F31D
:10C6800069F0002880F29480012106F12002202325
:10C69000D4F8CC00F1F3C8F40121D4F8D00006F1AD
:10C6A00040022023F1F3C0F4D4F8BC00D4F8B81051
:10C6B000F1F350F070B9D4F8CC00D4F8C410F1F311
:10C6C00049F038B9D4F8D000D4F8C810F1F342F0EA
:10C6D00000286FD0D4F8D800D4F8CC10D4F8D020EB
:10C6E000F5F31EF1002867D0D4F8BC10D4F8D400BC
:10C6F000369AF5F393F13698D4F8D8100246F4F34D
:10C7000093F73698D4F8C010024620AEF5F386F1C0
:10C71000369834A90022F5F369F03246202301212E
:10C720003498F1F3A7F00021202228A8F6F3A0F115
:10C73000202137AB324618AF019328A80B4600974B
:10C74000F8F38AF7D4F8B810D4F8BC206B693598A0
:10C75000F1F77DF92023324601213598F1F38AF073
:10C760003146102204F10800F6F3FEF030A8F6F38B
:10C770002BF22025402203460096039204AE294660
:10C7800030AA384601950296F8F340F704F11800F4
:10C7900031462A46F6F3E8F004F138000CA92A469F
:10C7A000F6F3E2F0002408E0FF2406E0042404E0AD
:10C7B000032402E0012400E0022435A8F1F344F050
:10C7C00036A8F4F3F5F70021202218A8F6F350F16B
:10C7D0000021502204A8F6F34BF120A800212022CA
:10C7E000F6F346F1204638B0BDE8F081FEE5890059
:10C7F0002DE9F04F1D46836889B0EF5843688046A5
:10C80000CB580E460793184691463946129A139B09
:10C81000FFF7E6FE0328044601D1009005E0022858
:10C8200001D0042816D1032300930123019302931E
:10C83000002303930493D6F808313046B3F86230EE
:10C8400005F11401C3F3401305934A462B46F7F74D
:10C850000BFB65E0012862D0002861D1B7F8623097
:10C8600040460133A7F86230FFF774FE40B14046FE
:10C870002946FFF773FE002814BF7E20002000E049
:10C88000204601234FF0000A4FF0030B0193D6F826
:10C890000831CDF800B00290CDF80CA0CDF810A072
:10C8A000B3F8623005F1140CC3F3401361460593ED
:10C8B0004A462B463046CDF818C0F7F7D5FACDF8E2
:10C8C00000B0D6F808314FF0020BCDF804B0CDF827
:10C8D00008A0CDF80CA0CDF810A0B3F86230DDF8B8
:10C8E00018C0C3F34013614605934A462B463046B1
:10C8F000F7F7BAFAD9F80030B96EC7F85930B9F875
:10C900000430A7F85D30D8F800309868079BD3F85A
:10C910008820534607F0B4DB87F858B000E0FF24C6
:10C92000204609B0BDE8F08F2DE9F04FD0F804A003
:10C9300087B09AF8063005460C4693460768D1F84A
:10C94000009043B390F8A93013B1013B80F8A930AF
:10C95000D4F8B43138460093D4F8B8315146019335
:10C960005A464B46FFF744FF0646D4F8B40168B177
:10C970000021D4F8B821F6F37BF0D4F8B401FBF32E
:10C980009FF00023C4F8B431C4F8B831002E14BFAE
:10C99000022000202DE03846FFF7DCFD38B1384694
:10C9A0004946FFF7DBFD002814BF7E20002003234B
:10C9B0004FF001088DE808010026029003960496C6
:10C9C000DAF8083109F11401B3F862305A46C3F3BA
:10C9D0004013059350464B46F7F746FA3B68A16E65
:10C9E0009868D5F88820334607F04ADB84F85880E9
:10C9F000304607B0BDE8F08F052B10B503D1BDE878
:10CA00001040FFF791BF43689B792BB190F8A93094
:10CA100013B1013B80F8A930022010BD2DE9F0418F
:10CA20009846436805469B790C461646069F8BB18F
:10CA300090F8A930013380F8A9303846FBF334F080
:10CA4000C4F8B401002834D041463A46F5F38CF7D7
:10CA5000C4F8B8710023A4F86030A4F86230A4F8D8
:10CA600064303368C4F85930B388A4F85D3028685E
:10CA7000FFF770FD90B128682168FFF76FFD68B17E
:10CA800021462846FEF7EBFF2046FFF790F82846A0
:10CA900021463246BDE8F041FFF746BF2046294611
:10CAA0006CF04EDD20B9042384F85830BDE8F081E5
:10CAB0000220BDE8F0812DE9F04387B015460F9ABA
:10CAC0000646012A0C461F46DDF83880D0F804C01F
:10CAD000D1F8009059D19B88072D8CBFFA88FF228E
:10CAE0000BB17E2B59D100217E2B84F8BC1103D1D0
:10CAF000012384F8BC3104E01BB96368DB6A980742
:10CB00004BD5132A16D0032101224D238DE80E00A8
:10CB1000002303930493DCF808316046B3F86230D5
:10CB200009F11401C3F34013059342464B46F7F74E
:10CB30009BF932E096F8A80007F1080196F8A99051
:10CB400040B9012386F8A830B9F1000F28D1682D2B
:10CB50000AD904E0B9F1000F12D1682D0AD9204694
:10CB60002A466DF00FDAD8B90E9530462146424676
:10CB70003B460DE0304621466DF042D848460FE076
:10CB8000304621466DF03CD809E042B90E95424648
:10CB900007B0BDE8F043FFF741BF022000E00020EE
:10CBA00007B0BDE8F0832DE9FF4105680C46A3F10D
:10CBB0000807D1F80080A4F8AC7000212846039142
:10CBC00002F10806FFF7C6FCA0B128464146FFF770
:10CBD000C5FC78B103AB009332463B46286821463A
:10CBE000FEF728FFBDF80C300646A4F8AC3018B9A3
:10CBF00013B90FE0A4F8AC70B4F8AC20A2F1200394
:10CC00009BB2202B06D804F16C003146F5F3ACF64C
:10CC1000002001E04FF0FF3004B0BDE8F0812DE9C5
:10CC2000F04F90E8C00089B00792139A8046012A1D
:10CC30000C469A46DDF848B00D6840F0AC80336889
:10CC4000896E986807F042DA04F16C0300214022F3
:10CC500018460693F5F30CF70021A4F8AC100799D9
:10CC6000BAF8042007298CBFBAF80610FF214C2A15
:10CC7000069B3CD14FF00009184649464022A4F8D3
:10CC80006090F5F3F5F6A4F8AC9040462146524684
:10CC9000079BFFF788FF3046FFF75CFC78B1304612
:10CCA0002946FFF75BFC50B1032201234FF07E0CB5
:10CCB0008DE80C10CDF80C90CDF8109008E003230F
:10CCC0004FF0010E8DE80840002302930393049374
:10CCD000D7F808313846B3F8623005F11401C3F3D0
:10CCE000401305935A462B46F7F7BEF849E04D2A04
:10CCF00004D1B4F866308B4218D042E00AB17E2AE3
:10CD00003FD113290ED1079A3046019239465A462F
:10CD10002B46CDF800A06CF0D5DF002814BF022010
:10CD2000002076E0B4F86030052B01D900233BE009
:10CD3000032201234FF04D098DE80C024FF000094A
:10CD4000CDF80C90CDF81090D7F8083105F114010A
:10CD5000B3F862305A46C3F34013059338462B4666
:10CD6000F7F782F8B4F86030A16E0133A4F86030B0
:10CD70003368D8F8882098684B4607F081D9484630
:10CD800047E03368A16E9868D8F88820002307F040
:10CD900077D900203DE0931E012B4FF0000337D8D8
:10CDA000B1F86010052903D984F85830022030E02A
:10CDB000032A09D132680131A4F860109068A16E8D
:10CDC000D8F8882007F05CD93046FFF7C3FB38B1AC
:10CDD00030462946FFF7C2FB002814BF7E20002002
:10CDE000032301248DE81800002402900394049486
:10CDF000D7F808313846B3F8623005F11401C3F3AF
:10CE0000401305935A462B46F7F72EF8204600E0CC
:10CE1000184609B0BDE8F08F2DE9F3470B6882682A
:10CE20005B680646D3F808A0D3F80490B3F81080E6
:10CE30001B680D46032B5AF80240DAF810701DD11A
:10CE4000FFF788FBD0B130465146FFF787FBA8B10A
:10CE5000B4F8AC3093B1B9F1010F0FD1B8F14C0F68
:10CE600001D0BA7952B9AA69FF2000925D2104F17C
:10CE70006C02DBB2F1F70EFD002001E06FF016004E
:10CE8000BDE8FC872DE9F8430B6882685B680446BF
:10CE9000D3F808905F681E8A1B6859F80280032B3C
:10CEA000D9F8105013D1FFF755FBA0B120464946E1
:10CEB000FFF754FB78B1B8F8AC0060B1012F06D190
:10CEC0004C2E01D0AB792BB90330BDE8F88300209C
:10CED000BDE8F8830020BDE8F8832DE9F04F0B682A
:10CEE00082685B68B9B0D3F808805E681F8A1B68E7
:10CEF0008146032B58F80240D8F810A08D69D1F86C
:10CF00001CB040F09F80012E48D137B1A7F14C03EF
:10CF10009BB2012B01D97E2F0FD1B4F8663038A90E
:10CF2000284621F8043D0222F5F31EF502350FB123
:10CF30007E2F02D19AF806300BB14C2F13D1484600
:10CF4000FFF708FB20B148464146FFF707FB50B901
:10CF5000B4F8AC203AB1284604F16C01F5F304F5BD
:10CF6000B4F8AC30ED180FB17E2F6ED101212A46F6
:10CF70002023D4F8B800F0F37DF4012105F120025C
:10CF80002023D4F8C400F0F375F4D4F8C8000121CC
:10CF900005F140022023F0F36DF456E0022E54D147
:10CFA000B4F8623038A921F8023D28463246F5F33C
:10CFB000DBF4BDF8DE3038AF27F8C83D01210DF1B4
:10CFC0001A022023D4F8B800F0F354F401210DF133
:10CFD0003A022023D4F8C400F0F34CF401210DF1FF
:10CFE0005A022023D4F8C800F0F344F401210DF1D3
:10CFF0007A022023D4F8BC00F0F33CF401210DF1B7
:10D000009A022023D4F8CC00F0F334F401210DF17E
:10D01000BA022023D4F8D000F0F32CF44FF000082B
:10D02000C22302930235304604F118012022434600
:10D03000CDF8008001970395CDF810B0F3F7A2F872
:10D04000404603E06FF0160000E0002039B0BDE874
:10D05000F08FF8B50B6804465A6883689668516883
:10D06000F558138A12683769032A2DD1012926D170
:10D070000BB17E2B12D1BB796BB92046FFF76AFA50
:10D0800020B120463146FFF769FA20B9B5F8AC0067
:10D0900008B1023000E002206030F8BD4D2B15D001
:10D0A0004C2B11D1FFF756FA20B120463146FFF73D
:10D0B00055FA58B9B5F8AC0050B10230F8BD0229A4
:10D0C0000CBF22200020F8BD0020F8BD0220F8BDD2
:10D0D0000220F8BD19B18368CB5883F8BC21704792
:10D0E00070B50C680D460646102208460021F5F37F
:10D0F000BFF42C6020460021F268F5F3B9F404F582
:10D100002473C4F8EC3004F52C732560C4F8243182
:10D1100070BD2DE9F0470D4698462B68BDF820609C
:10D12000099C0768896B95F82CC073B193F800903F
:10D1300093F801A049EA0A29A5F81C9093F81690E3
:10D14000DB7D49EA0323A5F87E303B68B5F81C90E7
:10D1500093F8D130002B5AD197F92735B3F1FF3F1F
:10D1600003D190F8A43313B151E0012B4FD0C9F390
:10D170008027B5F87E9019F00F0901D127B987E013
:10D1800027B94FF0010904E0012702E04FF0000940
:10D190004F460123002204F5227004F5237176F036
:10D1A00017DAD4F88832984505D1D4F88C32F31ABE
:10D1B00018BF012300E001233FB933B1C4F88872DE
:10D1C000C4F88C72A4F886725CE0B9F1000F08D044
:10D1D0000020C4F88802C4F88C02A4F88602BDE8D6
:10D1E000F087B5F87E50C4F88882C4F88C62A4F841
:10D1F00086524846BDE8F08706D18F88B74294BF73
:10D200000027012700E00127F8B2BDE8F087BCF154
:10D21000000F13D04B6B03EBC20153F8323098452B
:10D2200006D307D18888B04294BF0026012602E0C9
:10D23000012600E00026F0B2BDE8F087D1F8E0302A
:10D2400052019A18136998451CD302D1938AB342AC
:10D250001BD89369984506D307D1908BB04234BF51
:10D260000020012002E0012000E0002070B106F063
:10D270007F06F308D05C06F00706304100F001009D
:10D28000BDE8F0870120BDE8F0870120BDE8F08708
:10D290004B6B03EBC20153F832309845ACD2B2E786
:10D2A0002DE9F04F1C4693F860B05F68D368ADF588
:10D2B000117D064605919146156933B11B7A0B2BFA
:10D2C00003D13B7803F0010301E0FB789B09E363A2
:10D2D00094F82C304946009330462A46E36B4FF0D1
:10D2E00023DB0146A06320B12A6D40F237131340BF
:10D2F0002BB9304621464A4671F002DAE2E090F955
:10D300000E2090F90F30D318A2689A42C0F0DA804C
:10D31000A269138A13F0080F0DD0007A0B280AD1E6
:10D3200096F8DC0538B18879032804D823F008037F
:10D330001B041B0C13820B7A042B59D00B2B00F00F
:10D34000AE80022B40F0C080BB7897F800A097F821
:10D35000068043EA0A2A7B794FEA084848EA03280C
:10D360003B7948EA0308FB79A76E48EA036817F09F
:10D37000010740F0AC80284621465A464346CDF886
:10D3800000A0CDF80490FFF7C4FE002800F09F80B5
:10D39000AB79002B40F067823368D3F88830D3F83C
:10D3A000DC210132C3F8DC2194F82C2022B1D3F81F
:10D3B000B4220132C3F8B422D3F8E8210132C3F811
:10D3C000E821D5F8183193F834301BB128460021F4
:10D3D00065F0E0DB94F82C70002F00F04482336895
:10D3E000D3F88830D3F8C0220132C3F8C02269E0F4
:10D3F0003B7897F801A097F8068043EA0A2AFB7960
:10D400004FEA084848EA03683B7948EA03087B7911
:10D4100048EA03282B7C13B9EB6DDB0757D4A76EC2
:10D4200017F0010753D1284621465A464346CDF806
:10D4300000A0CDF80490FFF76CFE002847D0AB7930
:10D44000002B40F010823368D3F88830D3F8DC2109
:10D450000132C3F8DC2194F82C2022B1D3F8B42295
:10D460000132C3F8B422D3F8F0210132C3F8F0211D
:10D47000D5F8183193F834301BB12846002165F0F7
:10D4800089DB94F82C70002F00F0ED813368D3F81D
:10D490008830D3F8C8220132C3F8C82212E002371C
:10D4A000C83110223846F5F383F500280CDA8D4890
:10D4B00039461022F5F3ECF6A16B8B48C8311022E7
:10D4C000F5F3E6F60027CEE14FF00008C24696F8E5
:10D4D000B03293B92B6D1F070FD4A06B037A022BC8
:10D4E00002D1F6F331F140B963699B69980004D425
:10D4F000A3691B8A190700F1FB8063699B695A06BF
:10D50000E0D4A3691A8A42F008021A82A16B0B7A4E
:10D51000013B0A2B00F2CE80DFE813F035000B0050
:10D5200035006C00CC00CC00CC00CC00CC00CC0092
:10D53000AE000846F6F308F108B12B7C4BB1A36BA3
:10D54000D3F88820904504D80FD093F88C205A4502
:10D550000BD0A16B226804F14007384614310A321F
:10D56000434601F0C3D9E76501E06433E365A16B8D
:10D5700004F14A0738461431E26D534601F080DA6F
:10D580003846102110E06168032284A8F5F3ECF11D
:10D59000A36B84A803F114011A690330F5F3E4F1D5
:10D5A000A36B84A81969033107AAFBF38DF1A36B60
:10D5B000606893F90E30A168C018C91A07AAFBF376
:10D5C000A5F1A36B606893F90E30A168C018C91A61
:10D5D0004FF0FF32F6F3F4F0444BA2699842138AFD
:10D5E00004D123F010031B041B0C01E043F01003D3
:10D5F00013827DE06368DF7817F020071FD00A6987
:10D6000048A81431D200FBF303F6002321686269B5
:10D61000484670F0A5DC0027A36B019000971969BC
:10D6200048A82368E268EEF3C7F3831C05D1A36919
:10D630001A8A42F010021A825AE0013058D1336837
:10D64000D3F88830D3F8DC210132C3F8DC21D3F8D9
:10D65000F4210132C3F8F42194F82C20002A00F0C0
:10D66000FF80D3F8B4220132C3F8B422D3F8CC221D
:10D670000132C3F8CC22F6E001F11400E268243153
:10D68000236800F0F9DF00287FF41CAFA26BD2F80A
:10D69000D8300133C2F8D83033F07C4328D1F2229D
:10D6A0000192D6F89401294609F11402009376F00C
:10D6B0005DDE1DE0AF79002F7FF404AF3368D3F84F
:10D6C0008830D3F8DC210132C3F8DC2194F82C2017
:10D6D000002A00F0C580D3F8B4220132C3F8B42286
:10D6E000C1E000BFA2ED8900A8ED8900E320BBDE08
:10D6F000A36B616893F90E208A18626093F90E108B
:10D7000093F90F208A18A1688A1AA26093F90E1063
:10D7100093F90F208A1821698A1A2261A269128A54
:10D7200002F01802182A64D1AB79002B7FF4CAAE3C
:10D7300095F9442000930193029330463123D5F8A4
:10D74000081170F0A7DA3368D3F88830D3F8DC21F9
:10D750000132C3F8DC21D3F8EC210132C3F8EC210B
:10D76000D3F8F4210132C3F8F42194F82C2072B1DB
:10D77000D3F8B4220132C3F8B422D3F8C422013260
:10D78000C3F8C422D3F8CC220132C3F8CC22A26B56
:10D79000127A022A05D0032A12D0012A7FF492AE0F
:10D7A0000EE0D3F808220132C3F8082294F82C7056
:10D7B000002F58D0D3F8E0220132C3F8E02281E6EE
:10D7C000D3F800220132C3F80022D3F8FC21013241
:10D7D000C3F8FC2194F82C70002F44D0D3F8D82241
:10D7E0000132C3F8D822D3F8D4220132C3F8D422AC
:10D7F00068E661698A89E26094F82D209AB993F904
:10D800000F20059892B2FAF329F16369DA8990043E
:10D8100002D5B3F850308BB9A36BE26893F90F309F
:10D82000D31AE3600AE00598F6F3F4F0A36B01461F
:10D8300093F90F20059892B2FAF310F1A36BC4F894
:10D840006480A4F862A01B7A042B01D0022B09D1BA
:10D85000A36ED90706D43046214670F09DDF01E063
:10D86000174600E0012738460DF5117DBDE8F08F21
:10D870002DE9F341099F00230D9904469046089E27
:10D880000A9D009301933FF04FDE032F0BD9042232
:10D8900068463146F5F368F0072F04D901A8311D19
:10D8A0000422F5F361F0A8F14C08B8F1050F2AD86D
:10D8B000DFE808F00A03160F231BD4F88434BDF800
:10D8C0000020A3F8922016E0D4F88434B3F8923004
:10D8D00017E0D4F88434BDF80020A3F896200AE0BD
:10D8E000D4F88434B3F896300BE0D4F88434BDF81F
:10D8F0000020A3F89E20002007E0D4F88434B3F879
:10D900009E302B60F7E76FF01600BDE8FC81D0F881
:10D9100084242DE9F843B2F8928004464145D4BFEF
:10D9200000200120B2F84A50B2F89690B2F8946004
:10D93000B2F898C010B1C8EB010701E0C1EB0807CD
:10D94000B2F89030BFB2002B75D0BCF1010FADB270
:10D95000334607D1002851D02BB203FB08F393FBC9
:10D96000F1F346E0BCF1020F2BD131B2B8B10FFA9E
:10D9700089F3994203D10423A2F8983062E0132F6F
:10D9800002D9A6F1140339E0092F02D9A6F10A033E
:10D9900034E0042F01D9731F30E0B31E2EE00FFADC
:10D9A00085F841451DD0132F02D906F1140325E057
:10D9B000092F02D906F10A0320E0052F1CD9731D97
:10D9C0001CE0BCF1040F39D133B238B10FFA89F140
:10D9D0008B4237D0052F38D9731F0AE029B28B420A
:10D9E00004D10123A2F89830BDE8F883052F2DD982
:10D9F000731D4FF0020C01E04FF0040C1BB229B272
:10DA00008B4204DC0FFA89F5AB42A8BF1D462368A0
:10DA1000A2F89450A2F898C02DB2294601222046BF
:10DA20001B7E72F0B1DC23682046294600221B7E53
:10DA300072F0AADC06E01846BDE8F8834FF0FF302C
:10DA4000BDE8F8830020BDE8F8830020BDE8F88336
:10DA5000D0F8843413B5B3F8902004466AB1036A51
:10DA60000DF1060118695BF0BFD980B12046BDF900
:10DA700006100122FFF74BFF09E06421012372F039
:10DA800083DC012220466421134672F07DDC1CBD3C
:10DA900008B5036AD3F8D80079B143784A789A4236
:10DAA00008D102300231F4F34BF7D0F1010038BF56
:10DAB000002000E00020C0B208BD084608BD2DE9E6
:10DAC000FF4799464369D0F8208082461B68044688
:10DAD000174602695AF8180B0E464146D55801F010
:10DAE00055FA2169206852466FF096DC0123C8F888
:10DAF00000302B680146023B012B03D82369DB6D04
:10DB0000C8F8D0300C9B20680293424633468DE81B
:10DB1000800201F058FA48B12B68022B05D1636AE4
:10DB2000D888003018BF012000E0012004B0BDE813
:10DB3000F0872DE9F04FC368044600F1180799B04B
:10DB40001646056A8A46006821693A4603936FF0D3
:10DB500063DC013E0290062E00F23881DFE816F009
:10DB600007003601BC003601DB003601FF00EE681D
:10DB7000002E00F02C81D5F8D03013F4804B0CD05F
:10DB800023682169D3F8D4060368CB581B781BB1EE
:10DB90004AF04ADB834600E09B46636893F86231B3
:10DBA000A3B1D5F8D000F0F78BFE88B12368D3F885
:10DBB0006008FEF7CFFC58B123680299D3F86008DB
:10DBC000FEF7CCFC20B1B5F8DC8002E0984600E01E
:10DBD0008046B5F806C02068DC44C4441FFA8CFCBB
:10DBE0000CF1710321693A469BB2CDF804C077F07D
:10DBF0007BD9DDF804C00646002800F0E8800CF16F
:10DC00005F0CD0F808901FFA8CFC4FEA1C2343EA03
:10DC10000C2C09F11207A9F810C000215F22384628
:10DC2000F4F326F74AF484731A0A89F8132089F862
:10DC300014302B8B05F13C011A0A89F8152089F85C
:10DC40001630202209F11F00F4F38EF6EA8809F15C
:10DC500071009344D8441FFA88F84FEA182343EA26
:10DC60000828A9F86F80E968F4F37EF6636893F8F2
:10DC70006231F3B1D5F8D000F0F722FEC8B12368C5
:10DC8000D3F86008FEF766FC98B123680299D3F8D0
:10DC90006008FEF763FC60B1EB68002B00F09B802E
:10DCA000E888D5F8E01038185F30B5F8DC20F4F3D8
:10DCB0005BF6D5F8D030580440F18D802368216997
:10DCC000D3F8D4060368CB581B78002B00F0838070
:10DCD0003A464AF0FFD97EE0206821693A4671232E
:10DCE00077F002D90646002871D0D0F808905F225C
:10DCF000002109F1120789F8112089F8101038461F
:10DD0000F4F3B6F64AF480731A0A89F8132089F8F6
:10DD100014302B8B1DE0206821693A46712377F07F
:10DD2000E3D80646002852D0D0F808905F220021A0
:10DD300009F1120789F8112089F810103846F4F318
:10DD400097F64AF440731A0A89F8132089F81430B8
:10DD5000EB8A1A0A89F8152089F816303BE020680A
:10DD600021693A46712377F0BFD8064678B3D0F8D8
:10DD7000089000215F2209F1120789F8101089F834
:10DD800011203846F4F374F64FEA1A2389F8133059
:10DD900089F814A01FE0D5F8D000F7F37DF1014613
:10DDA000484605F18C0204ABF7F386F1044630B91E
:10DDB000314603982246F9F3A7F6264607E007F115
:10DDC0004D0004A91022F4F3CFF500E00026304600
:10DDD00019B0BDE8F08F032389F80F30D5F8D000D3
:10DDE000F6F354F505F15C0400280CBFFE23022372
:10DDF0003846082200F8053B2146F4F3B5F5082122
:10DE00002046F7F34FF11AF00301C9D1C3E72DE91A
:10DE1000F04F91F813800B7D8BB043EA082818F07F
:10DE2000030904460E4606924769056ACDF820802C
:10DE300005D1D5F8D000F7F32FF1844600E0CC46A9
:10DE400005F15C0A06F1170B0120082359465246DA
:10DE5000CDF810C0F6F302F68245DDF810C000F0F0
:10DE6000F78318F48071079110D0338A1A0A42EAB6
:10DE700003239BB25C2B40F2EB833046614605F1F5
:10DE80008C02F6F3E5F7002800F0E283338A1A0AE1
:10DE900042EA03239BB25E2B40F2DA8396F86F10BE
:10DEA00096F8702042EA01225F329342C0F0D0839C
:10DEB00006F112020992594608225046F4F354F52D
:10DEC00005F1640059460822F4F34EF5D5F8D00068
:10DED000F6F3DCF4002868D018F4805F65D096F87B
:10DEE0006F2096F8703043EA0223B3F5807F0BDD94
:10DEF00038462169012274F065DC206904F11801BB
:10DF0000012277F089D9E7E24FF48070F9F3C6F582
:10DF1000824630B938462169012274F053DCD1467B
:10DF200098E32020F9F3BAF5834630B95046F9F367
:10DF3000C7F538462169012208E34FF48170F9F3EF
:10DF4000ADF5059068B95046F9F3BAF55846F9F3BE
:10DF5000B7F538462169012274F034DCDDF81490FD
:10DF600078E3B9F1000F04D1D5F8D000F7F394F0BD
:10DF70008146059B494605F19C02029309980023BE
:10DF80008DE8000CF6F394F781465046F9F398F5C6
:10DF90005846F9F395F50598F9F392F5B9F1000FA4
:10DFA00003D138462169012220E396F815A0B37DFC
:10DFB000D5F8D00043EA0A2AF6F38AF410B918F02B
:10DFC000080326D0BAF10D0F0BD003D8BAF1050F14
:10DFD00015D10DE0BAF1100F17D0BAF1200F0ED104
:10DFE00011E018F0080F13D038462169022271E2BF
:10DFF00018F0080F0FD03846216903226AE238462C
:10E000002169042266E2022106E00422059204E06E
:10E010000323059301E00121059118F0080900F0A0
:10E0200026822B8A059A934203D03846216905221D
:10E0300050E2079B002B40F0C78003232B60D5F8EC
:10E04000D0305A0606D4626892F86221002A37D08E
:10E05000580335D513F4804932D196F86F1096F8ED
:10E060007030042206F1710043EA0121F6F3F8F75B
:10E070000246002833D04378132B03D83846216951
:10E080000422B3E2636A2169483300934FF0200908
:10E090002046063201F1DC03CDF8049073F054D829
:10E0A0008246E0B9636AA3F8069094F80834B3B1E5
:10E0B000A068D4F8041406F009D884F808A40EE087
:10E0C00019060CD5616AB1F8E42042B101F14800AB
:10E0D000C431F4F349F4636AB3F8E410D980636A95
:10E0E000DB882BB920463146069A72F0DFDFAFE2BB
:10E0F00005F11C0906F11F012022484605F13C06E6
:10E10000F4F332F420222068314619F029D9D5F8E9
:10E11000D0305A040AD522682169D2F8D4060268A0
:10E120008A58127812B149F0FFDF3BE021690A6D8D
:10E13000100508D413F4922F05D1D1F8083193F8C3
:10E1400083309A0612D5636A04F1180003F148027D
:10E150000092DB88E231019305F18C030293AB8AD4
:10E160004A4603933346F6F30DF41BE004F1180A14
:10E170005046E2310622F4F3E3F3002800F068820F
:10E18000636A216903F148020092DB8850460193DB
:10E1900005F18C030293AB8AE23103934A4633467E
:10E1A000F6F3F0F540F63B623846216908EA0202D0
:10E1B000012374F04BDB08B1042356E13846216992
:10E1C0000D2274F0FFDA43E2069A4AB997F81690E6
:10E1D000B9F1000F0CBF4FF400794FF0000901E0D6
:10E1E0004FF00009D5F8D000F6F350F341F2C833F0
:10E1F000002808BF4FF4E47303EA080218BF4FF089
:10E2000000099A4240F0248219EA080F40F0208267
:10E210002B68033B042B00F21B822946052341F89F
:10E220001C3B06F11F002022F4F38AF3002840F083
:10E230000F8296F86FA096F87030D5F8D00043EAB8
:10E240000A2AF6F323F300283FD006F1710B584653
:10E2500051463022F5F306F08146C8B1D5F8D030EA
:10E2600042785B0440F1FA8123682169D3F8D436FF
:10E270001B68CB581B78002B00F0F081123A92B249
:10E28000ECE1A86809F102010230F4F359F318B186
:10E2900038462169072215E00AEB0B0199F80120A5
:10E2A000C9EB010189B2901C81421CDD6FF00103B2
:10E2B0009B1A4844C9183022F4F3D4F798B1216965
:10E2C0003846062274F07EDA09E0AB88534506D161
:10E2D000A86806F171015246F4F332F318B12069CF
:10E2E00004F1180142E0D5F8D000F6F3CFF278B18E
:10E2F00006F171005146F6F3A7F648B93846216990
:10E30000092274F05FDA206904F1180101222EE07D
:10E310002068036893F8623163B304F11809216936
:10E320004A466FF079D88346D5F8D000F0F7C8FA9E
:10E3300000B32368D3F86008FEF70CF9D0B1BBF145
:10E34000000F17D023685946D3F86008FEF706F986
:10E3500080B1514606F17100F422F4F383F70146CF
:10E360002046FFF795FB28B920694946112276F02F
:10E3700053DF6DE140F20B223846216908EA0202C0
:10E38000032374F063DA814628B1062318F04009AC
:10E390002B6004D116E0384621690D2226E12A8A35
:10E3A00004F1180B2B8B20688DE80408216905F116
:10E3B000AC0276F0D1DED5F8D000F6F367F2002893
:10E3C00034D003E03846216908220FE1514606F1B6
:10E3D0007100F6F339F642788046063A92B2EA8244
:10E3E000837905F16C0903F0030385F8CC3008F15B
:10E3F00008014846F4F3B8F295F8CC200599EB8A69
:10E40000009206F14F020191029298F806202169CC
:10E4100002F00402039220684A4676F021DE236867
:10E420002169D3F87C06324654F0ECDED5F8D000F2
:10E43000F6F32CF2C0B108232B6038462169002284
:10E4400074F0C0D923695A46DB68206800937921AB
:10E450000623F4F701F923682269D3F8D4361B6840
:10E46000D35800221A70F3E006232B60F0E02B68EB
:10E47000052B40F2ED80236A05995A8A8A4208D01A
:10E48000D3F8D000F6F324F218B1384621690A22F5
:10E49000ACE008F46073B3F5607F40F0D9800723E7
:10E4A0002B60D5F8D000F6F3F1F18146002841D079
:10E4B00018F4805F0BD096F86F1096F8703006F164
:10E4C000710043EA0121F6F3BFF5814638B92169AD
:10E4D00038460B2274F076D94FF00009BAE0427842
:10E4E00005F16C0A063A92B2EA82837909F10801D1
:10E4F00003F0030385F8CC305046F4F335F295F879
:10E50000CC20EB8A00926A8A2169019206F14F02BF
:10E51000029299F80620206802F004020392524603
:10E5200076F09EDD23682169D3F87C06324654F0EC
:10E5300069DE70E0BAF1200F55D84FF48070F9F31E
:10E54000ADF2834630B9216938460C2274F03AD9CD
:10E55000D9467FE02020F9F3A1F2069050B9584641
:10E56000F9F3AEF2384621690C2274F02BD9DDF8AC
:10E5700018906FE04FF48170F9F390F2844680B9FF
:10E580005846CDF810C0F9F39BF20698F9F398F2CB
:10E59000384621690C2274F015D9DDF810C0E14627
:10E5A00058E0069B05F16C020792414605F19C027A
:10E5B00001930290079B0998CDF810C0CDF800B0E8
:10E5C000F6F370F481465846F9F37AF20698F9F3B7
:10E5D00077F2DDF810C06046F9F372F2A5F816A0E4
:10E5E000B9F1000F05D1216938460C2274F0EAD840
:10E5F00030E0089A08F030031B110599009302F0EF
:10E60000400301914F36039320682169079A5346CE
:10E61000029676F025DD3846216908F00B020523C5
:10E6200074F014D928B108232B60384621690022E0
:10E6300002E0216938460D2274F0C4D823692068AD
:10E64000DB687921009304F118020623F4F704F83B
:10E650004FF0010948460BB0BDE8F08FA988931C24
:10E6600099427FF415AE0CE62DE9FF4790E81002C1
:10E670008E7905460F46002E63D140F21440F9F31F
:10E680000DF2804600285FD03851314640F21442E6
:10E69000F4F3EEF1AB8AD9F8D02608EB030448F87E
:10E6A00003902B694FF0010AE360EB686261A3609D
:10E6B000AB6827616360E420C8F8006088F804A0B4
:10E6C000C4F8FC63F9F3EAF12062002841D0314636
:10E6D000E422F4F3CDF1E820F9F3E0F160620028E0
:10E6E00037D03146E822F4F3C3F1D4F82480E86847
:10E6F000C8F8009019492246334605F06BDDC8F88A
:10E700006800002825D0E86815492246334605F000
:10E7100061DD6063E8B1E86812492246334605F0DE
:10E7200059DDC4F80404A0B1236A286A0193636A1E
:10E730006946009702938DF80CA0F3F313F430466A
:10E7400004E06FF0060001E04FF0FF3004B0BDE8D8
:10E75000F0872846394672F099DBF5E7E1578800E3
:10E76000E9588800C958880038B51D4690B103683B
:10E77000848ACB5873B11C19114604F13000102261
:10E78000F4F3F2F004F1400029462022BDE83840BD
:10E79000F4F3EAB038BDD0F88404F0B503F15605BF
:10E7A000A83300EB430300EB8505B3F90A60AF68BB
:10E7B00090F8E940BE1B7618AE6026415E81B0F944
:10E7C0005E31D0F86811CB1A9B18C0F8683123412C
:10E7D000A0F85E31F0BD10B50A7AD0F884342AB3BF
:10E7E00090F82922D1F808012AB190F860009042EF
:10E7F00028BF024601E090F86020D1F818010478A3
:10E8000064B1007AD1F8081118B1C98D4A430021CA
:10E8100001E0CA8D012183F8291105E0012283F866
:10E820002921D1F80821D28D0A3203E083F8292169
:10E830004FF49B72C3F8242110BD2DE9F04F8BB02B
:10E84000D0F884449A469DF85C30904608939DF831
:10E850005420B4F8C63007920393189A94F8E9301C
:10E860000F4609920593B4F8F020D4F8D81094F824
:10E870001C3106469DF950B09DF8585004920691FF
:10E88000002B00F0AB81036893F8693123B13BF0B2
:10E890004DDA002800F0A281336893F864312BB17F
:10E8A00094F86D3113B1002384F86D3194F8283158
:10E8B0003BB1B068D4F8301105F008DC002384F8CF
:10E8C00028318E2130693CF069DA43004E334FF62F
:10E8D000FE71194030693CF061DA94F85831814694
:10E8E000FF2B08D094F8E830012212FA03F300EA73
:10E8F00003091FFA89F994F8AF30AB4213D0002313
:10E9000005F1320204EB8202E91A93604A4242EBBB
:10E910000102323204EB820284F8AF50C4F8CC30EA
:10E92000C4F8C8309360BAF1000F00F05781079A1D
:10E93000C2B9022F40F35281C7EB0A01B4F9F220A9
:10E9400009B204EB45039142A8BF0A46A3F8EA20A6
:10E95000D6F884345B79012B2AD9C8EB0B03A4F8D1
:10E96000EE3025E0049F04EB45023BB2B2F9EA70B9
:10E97000C7EB0A07FF1A022F03DD1C2FA8BF1C27B5
:10E9800000E00327D6F884245279012A10D9B4F97B
:10E99000EE80C8EB0B08C3EB0808B8F1020F05DDE9
:10E9A000B8F11C0FA8BF4FF01C0801E04FF003089E
:10E9B000D6F868329B792BB9089A1AB13046099972
:10E9C000FFF709FF05F1320204EB8202936830463B
:10E9D00001339360C4F8CC30D4F838315146013358
:10E9E000C4F8383105F14E0304EB83035A68013251
:10E9F0005A605A462B46FFF7CEFED4F8E030D4F8E2
:10EA0000E420934203D9039B1BB2049307E0D4F89C
:10EA1000DC00013301210690C4F8E0300491059830
:10EA2000012212FA00F3D4F8CC1099422DD3D5F17B
:10EA3000010B38BF4FF0000B0BF1A80C04EB4C0C92
:10EA400004EB4500B0F85A01BCF80AC0C0EB0C0C4E
:10EA50000FFA8CFC94F86C018CEAEC7AAAEBEC7A55
:10EA60008245ACBF00210121844503910EDB94F85F
:10EA7000E8000BFA00F1894509D005F13C0104EBEF
:10EA8000810148688018486001E00392002205F186
:10EA9000540B05F12C0004EB800004EB4B01B1F9A1
:10EAA0000AC0D0F808A0CCEB0A0C67448760059830
:10EAB00007414F81D4F8C000B4F9B610059F411A40
:10EAC0004144C4F8C0103941A4F8B61004EB8501E4
:10EAD000D1F8D010B4F9C400994204EB4B01B1F95C
:10EAE0000A1028BF84F8B150884244DBD4F8CC0027
:10EAF000069FB8420CD9D5F1010194F8E82038BF3F
:10EB0000002111FA02F291452FD005F13C0225E0D7
:10EB1000039F4FB394F844713DB1B4F9B2C07FB2D2
:10EB2000C1EB0C0107EBC10106E0B4F9B4C07FB240
:10EB3000C1EB0C01C900C91B049FB1EBC70F13DB6C
:10EB4000984211D3D5F1010194F8E82038BF002193
:10EB500011FA02F2914508D005F13E0204EB82025F
:10EB600051680131516000E02AB10120002D14BF2D
:10EB70000321022106E0002D0CBF2846002014BF0F
:10EB80000221032194F8AF2084F8492194F81D2133
:10EB90005AB1D6F8682292793AB938B130690B4641
:10EBA000009201923DF0C6D804E018B9D4F8CC2008
:10EBB0009A4213D294F81D3183B1D6F868329B790A
:10EBC00063B9012284F82821B068D4F83011D4F850
:10EBD00024210BB0BDE8F04F05F0529A0BB0BDE810
:10EBE000F08F2DE9FF41D0F88454064695F81C318A
:10EBF0000C4695F8E970002B00F08180036993F8CA
:10EC00000A31002B7BD0036893F8693153B13BF094
:10EC10008DD8034630B9B068D5F83411142205F008
:10EC20002FDA6CE0336893F8643133B195F86D31C5
:10EC30001BB1002385F86D3161E0D6F83C33022B1F
:10EC40000AD0D5F8E020D5F8E4309A4294BF4FF0CE
:10EC500000084FF0010801E04FF0000895F81D3161
:10EC6000002B4CD0D6F868329B79002B47D1336A01
:10EC70000DF10F0118695AF00BDD9DF80F3085F882
:10EC8000AF30002B14BF03210221B8F1000F25D0B3
:10EC900003F1020E05EB8E0E05EB4302DEF8B0C069
:10ECA000B2F9B200C0EB0C00CEF8B000384103F16D
:10ECB0002C0EA2F8B20003F1540205EB8E0E05EB08
:10ECC0004202B2F9B200DEF8B0C0C0EB0C007838F6
:10ECD00050FA07F7CEF8B000A2F8B27085F84931C3
:10ECE000002201238DE80C0030690B463DF022D84C
:10ECF0009DF80F3054F82320013244F82320BDE85A
:10ED0000FF8110B5D0F8844494F81C3123B104F588
:10ED10008671FFF766FF002384F8283110BD70B5B7
:10ED2000D0F88444054694F81C3103B3D4F8CC20C1
:10ED3000D4F8C8309A4203D104F58A71FFF751FF25
:10ED4000D4F8CC30C4F8C83094F81D317BB1D5F874
:10ED500068329B795BB994F8292142B1A868D4F84C
:10ED600034114FF4FA72BDE8704005F0899970BD16
:10ED700038B5D0F884440546D4F83411806805F0DD
:10ED8000A5D9D4F8CC20D4F8C8309A4204D128466A
:10ED900004F58A71FFF725FFD4F8CC30C4F8C830E9
:10EDA00038BDD0F8843400224FF6A271C3F8B820E1
:10EDB000C3F8BC20C3F8C020A3F8B220A3F8B42045
:10EDC000A3F8B620C3F86021C3F86421C3F8682112
:10EDD000A3F85A21A3F85C21A3F85E21A3F8EA1056
:10EDE000A3F8EC10A3F8EE10C3F8CC20C3F8D020A1
:10EDF000C3F8D420C3F83821C3F83C21C3F840211C
:10EE0000C3F8E020C3F8F420C3F8F820C3F8FC20CE
:10EE1000C3F80021C3F80421C3F80821C3F80C216A
:10EE2000C3F81021C3F81421C3F8182183F829214D
:10EE30007047D0F88434D3F8CC208A60D3F83821D6
:10EE40008A6493F81D2112B193F8AF2001E093F882
:10EE5000AC204A6093F81D210A6093F848214A6566
:10EE60004A688A65D3F8D0200A64D3F8D4204A646B
:10EE7000D3F83C21CA64D3F840210A65B3F9B22023
:10EE8000CA60B3F9B4200A61B3F9B6204A61D3F875
:10EE9000F4208A61D3F8F820CA61D3F8FC200A6212
:10EEA000D3F800214A62D3F804218A62D3F80821FA
:10EEB000CA62D3F80C210A63D3F810214A63D3F84D
:10EEC00014218A63D3F81821CA63D3F84C21CA6588
:10EED000D3F85021D3F854310A664B667047F7B522
:10EEE000D0F88444D4F84C518D4207D1D4F8505115
:10EEF000954203D1D4F854219A423CD001F00F0539
:10EF0000042D3AD8022D38D003F00302022A34D05F
:10EF10001F0907F00307022F2FD00A0902F00F0282
:10EF2000042A2AD8022A28D09E0806F00306022EB8
:10EF300023D09E0906F00306022E1ED0C4F85431D9
:10EF4000036AC4F84C111B68C4F85011022B04BFAB
:10EF50003E462A46042A14BF1146314684F8AD10B5
:10EF6000D0F88434012283F846110092019200699E
:10EF70000B463CF0DFDE002001E06FF01C00FEBD20
:10EF800070470000004870479466010010B50C46B9
:10EF9000C1B1886808B1F8F393F5E06808B1F8F3F7
:10EFA0008FF5D4F8D80008B1F8F38AF5D4F8E0006A
:10EFB00008B1F8F385F520460021E422BDE81040B1
:10EFC000F3F356B510BD2DE9F74F0546D2F8D00042
:10EFD000019114469846DDF830B0DDF83490DDF844
:10EFE00038A0F5F353F428B1404659463022F4F3E3
:10EFF00039F103E040465946F5F3E0F206460028B1
:10F0000000F0D880D4F8D000F5F340F428B1484699
:10F0100051463022F4F326F103E048465146F5F319
:10F02000CDF20746002800F0C6802B6893F86231C5
:10F03000002B4FD0D4F8D000EFF742FC002849D085
:10F04000D5F86008FDF786FA10B3D5F868329B79D9
:10F050002BB9D5F860080199FDF780FAC0B1484690
:10F060005146F422F4F3FEF08146002800F0A2801D
:10F0700040780230A4F8D400F8F310F5C4F8D800B2
:10F08000002800F097804946B4F8D420F3F36CF4DC
:10F09000D5F86008FDF75EFAE0B1D5F8600801998F
:10F0A000FDF75CFAB0B140465946F422F4F3DAF0C9
:10F0B000054600287ED040780230A4F8DC00F8F342
:10F0C000EDF4C4F8E000002874D02946B4F8DC2040
:10F0D000F3F34AF4022323826382D4F8D000F5F3D9
:10F0E000D5F310B1042323826382D4F8D000F5F362
:10F0F000CDF350B106F10A0004F110010022F5F33E
:10F10000A7F4002856D0002513E073780A2B0FDDF2
:10F11000D4F8D05006F10E00A5F10802554245EB97
:10F12000020504F110012A46F5F3B6F608B941E0EC
:10F1300005462046218A2A4676F088D8002839D00C
:10F14000D4F8D000F5F3A2F330B1301D04F1120170
:10F150000122F5F37DF413E07378092B11DD06F13C
:10F16000080045B9F27A012A06D0A2F105035A42F5
:10F1700042EB030200E0012204F11201F5F38CF6E8
:10F18000C0B178780230A080F8F388F4A06088B12C
:10F190003946A288F3F3E8F370780230E080F8F3A0
:10F1A0007DF40746E06030B13146E288F3F3DCF3EA
:10F1B000012700E007463846BDE8FE8F0132010313
:10F1C000323D00904C3300AAAA0300000088B4002E
:10F1D0000100000001010000010050F20100005098
:10F1E000F20000409600000FAC00000FAC0600AA31
:10F1F000AA03000000AAAA030000F8000FAC000553
:10F200000400C9BF05F000CEBF00000001010000EE
:10F2100001011C7040002D02F0000A0128002801A5
:10F220003801480158015501500150036666E2015A
:10F230006666E3016666E4016666E5016666E60108
:10F240006666E7016666E8016666E9016666EA01E8
:10F250006666EB016666EC016666ED016666EE01C8
:10F26000CDCCF0010A0005000800400608000500AA
:10F2700008000800770008008A0008000100050067
:10F2800001000A0001000500400610091E091F09BF
:10F2900024092509260920092109270928092909FE
:10F2A0002209230930093109320912090F0900091D
:10F2B00001090609070908090209030909090A09D8
:10F2C0000B09040905090C090D090E09110965024C
:10F2D0003402840074005600650234020400040005
:10F2E000040003000300030003000200010001000A
:10F2F00000000000FFFFFFFFFFFFFFFFFFFFFFFF1A
:10F30000FFFF0000372E39352E34392028323237AE
:10F310003162623620435929007265636C61696D00
:10F320002073656374696F6E2025733A205265748B
:10F3300075726E656420256420627974657320742B
:10F340006F2074686520686561700A004D656D6F97
:10F3500072792075736167653A0A0009546578749B
:10F360003A20256C6428256C644B292C2044617458
:10F37000613A20256C6428256C644B292C2042734B
:10F38000733A20256C6428256C644B292C20537417
:10F3900061636B3A2025644B0A00094172656E6116
:10F3A00020746F74616C3A2025642825644B292CE5
:10F3B00020467265653A2025642825644B292C2057
:10F3C000496E207573653A2025642825644B292CE5
:10F3D0002048574D3A2025642825644B290A000906
:10F3E000496E20757365202B206F766572686561A4
:10F3F000643A2025642825644B292C204D6178200F
:10F400006D656D6F727920696E207573653A202580
:10F410006C6428256C644B290A00094D616C6C6F83
:10F4200063206661696C75726520636F756E743AEE
:10F430002025640A0009537461636B20626F747441
:10F440006F6D20686173206265656E206F766572EE
:10F450007772697474656E0A0009537461636B2076
:10F46000626F74746F6D3A20307825702C206C7741
:10F470006D3A20307825702C20637572723A2030F6
:10F480007825702C20746F703A20307825700A002F
:10F49000094672656520737461636B3A2030782584
:10F4A0007828256429206C776D3A203078257828D3
:10F4B0002564290A0009496E7573652073746163B8
:10F4C0006B3A2030782578282564292068776D3AB2
:10F4D0002030782578282564290A0009496E20758E
:10F4E000736520706F6F6C202564282564293A208D
:10F4F00025642825644B292C20772F6F683A202516
:10F50000642825644B290A0009496E20757365201B
:10F510002D20706F6F6C3A2025642825644B292CB0
:10F5200020772F6F683A2025642825644B290A002C
:10F5300009506B74496420546F74616C3A202564DF
:10F540002C20467265653A2025642C204661696C42
:10F5500065643A2025640A006D77006D6400554E9D
:10F56000494D504C3A2072613D25700A0054434188
:10F570004D3A20256420757365643A202564206522
:10F5800078636565643A25640A000A465749442051
:10F5900030312D25780A666C6167732025780A0062
:10F5A0000A54524150202578282578293A20706342
:10F5B0002025782C206C722025782C207370202533
:10F5C000782C20637073722025782C2073707372EE
:10F5D0002025780A00202072302025782C207231D6
:10F5E0002025782C2072322025782C20723320257B
:10F5F000782C2072342025782C2072352025782C08
:10F600002072362025780A00202072372025782C99
:10F610002072382025782C2072392025782C2072F1
:10F6200031302025782C207231312025782C207221
:10F6300031322025780A000A20202073702B3020D8
:10F640002530387820253038782025303878202526
:10F650003038780A00202073702B31302025303864
:10F6600078202530387820253038782025303878B3
:10F670000A0A0073702B257820253038780A006834
:10F680006E6461726D5F61726D7220616464723A62
:10F6900020307825782C206372345F6964783A20B2
:10F6A00025640A0062757373746174730053535751
:10F6B000553A207072696D6520646F6573206E6FB6
:10F6C0007420686176652070203D2033206D6F6462
:10F6D00020340000010000000001000020010000B3
:10F6E000A1418000B9538000212C8000795780000F
:10F6F0006D3D8000609D8800A09E8800549F88001A
:10F700008C9B8800409C8800FDFFFFFFD89A8800F2
:10F71000020000008001000030010000DD41800097
:10F72000E5538000492C8000AD578000993D800052
:10F73000749D8800C09E8800749F8800AC9B8800E0
:10F74000609C8800FDFFFFFFF89A8800040000001D
:10F75000FF00000020080000253E8000B15180001D
:10F76000ED2B800035578000253D8000549D88009A
:10F77000809E8800349F88006C9B8800209C8800B5
:10F78000066D0700B89A8800030000000902000017
:10F7900044010000F941800001548000892C800060
:10F7A000F5578000ED3D8000889D8800F09E880020
:10F7B000A49F8800DC9B8800909C8800FDFFFFFFD1
:10F7C000289B8800706125643D307825257800707D
:10F7D0006425643D30782525780070646825643D93
:10F7E00030782525780070646C25643D30782525B7
:10F7F000780067637225643D3078252578002530D0
:10F8000032582530325825303258253032582D257F
:10F81000303258253032582D253032582530325864
:10F820002D25303258253032582D2530325825308C
:10F83000325825303258253032582530325825304C
:10F84000325800556E646566696E65642065727233
:10F850006F722025640000006001040005000103B0
:10F8600064010400000027002401040004000000DB
:10F8700028010400000000002C010400000000002A
:10F880003001040000000000340104000A0470008C
:10F8900034010400EFBED40034010400050000FF71
:10F8A0003401040001FF02FF3001040018000000D1
:10F8B000340104000A04E00034010400EFBE4800F3
:10F8C00034010400050000FF3401040001FF02FFC1
:10F8D0003401040000101801340104000203001078
:10F8E0003401040018F1F2F334010400BBCC000031
:10F8F0003001040038000000340104000000000062
:10F900003001040058000000340104000000000031
:10F910003001040038000000340104000F2000070B
:10F920003401040000009400340104000000009041
:10F93000340104007475767734010400000000007F
:10F94000340104000000050034010400FFFFFFFF44
:10F950003001040068030000340104006E843300A9
:10F9600034010400DCBA500034010400D40000ABC0
:10F9700034010400BADABADA34010400001018F1D4
:10F9800034010400F2F300103401040018F1F2F322
:10F9900034010400100000003401040000000000E5
:10F9A0003401040000000A00340104000100000ECC
:10F9B000340104004252434D340104005F54455366
:10F9C00034010400545F53533401040049440104DA
:10F9D0003401040082848B96340104000301010683
:10F9E000340104000200000030010400680000003F
:10F9F000340104000A04280234010400DCBA800047
:10FA0000340104000000FFFF34010400FFFFFFFF8A
:10FA100034010400001018F134010400F2F3001066
:10FA20003401040018F1F2F334010400D0AF0000F7
:10FA30003401040000000000340104000000000153
:10FA4000340104000200000E340104004252434D10
:10FA5000340104005F54455334010400545F535390
:10FA600034010400494401043401040082848B966B
:10FA70003401040003010106340104000201000006
:10FA80003001040068060000340104000A04280262
:10FA900034010400DCBA8000340104000000FFFFE0
:10FAA00034010400FFFFFFFF34010400001018F1CF
:10FAB00034010400F2F300103401040018F1F2F3F1
:10FAC00034010400D0AF0000340104000000000045
:10FAD0003401040000000001340104000200000EA3
:10FAE000340104004252434D340104005F54455335
:10FAF00034010400545F53533401040049440104A9
:10FB00003401040082848B96340104000301010651
:10FB100034010400020100000001040000000001A3
:10FB20009004020000000000A0040200F1F30000B5
:10FB3000B0040200EFFD0000A8040200FFFF000077
:10FB4000A804020000000000A2040200010000005E
:10FB5000B2040200FBFF0000AA040200FFFF000045
:10FB6000AA04020000000000A4040200CF1A000052
:10FB7000AC04020000000000BC0402000000000011
:10FB8000A6040200D7020000B6040200FFFD000038
:10FB9000AE040200FFFF00000604020001000000A6
:10FBA00006040200000000000C040200180000001F
:10FBB000060402000000000048040200000C0000DF
:10FBC00002040200200600000205020000000000FE
:10FBD00000050200004000000205020004000000D1
:10FBE00000050200004000000205020008000000BD
:10FBF0000005020000400000020502000C000000A9
:10FC0000000502000040000002050200C0000000E4
:10FC100080050200FFFF000082050200FFFF0000D8
:10FC200084050200FFFF000086050200FFFF0000C0
:10FC300088050200FFFF00008A050200FFFF0000A8
:10FC40008C050200FFFF00008E050200FFFF000090
:10FC500090050200FFFF000092050200FFFF000078
:10FC600094050200FFFF000096050200FFFF000060
:10FC700098050200FFFF00009A050200FFFF000048
:10FC80009E050200FFFF0000A0050200FFFF00002C
:10FC90009C050200F0FF000040050200008000000B
:10FCA00020050200060F0000400502000080000051
:10FCB00040050200008100002005020000FF000056
:10FCC0002C05020001010000400502000081000037
:10FCD0004005020000820000200502001E280000EE
:10FCE0002C05020000000000400502000082000018
:10FCF00040050200008300002005020029310000B9
:10FD0000400502000083000040050200008400005E
:10FD100020050200323F0000400502000084000080
:10FD2000400502000085000020050200404100005F
:10FD300040050200008500001206020001000000DC
:10FD40002E060200CDCC0000300602000C000000A0
:10FD50000006020004800000960602000800000071
:10FD60009A060200E400000088060200000000007D
:10FD70009C0602000200000088060200001000003D
:10FD80009C0602000200000088060200002000001D
:10FD90009C060200020000008806020000300000FD
:10FDA0009C06020002000000880602000B0F000003
:10FDB0009E06020007000000100502000B00000074
:10FDC00050040200014E0000520402005B010000DA
:10FDD000E40402009000000004040200B4000000EB
:10FDE00054050200FFAF0000FE0402000000000006
:10FDF0005E05020000100000600104000400010321
:10FE0000640104000000000064010400B40000006C
:10FE1000640104004700470064010400000064001E
:10FE20006401040030094000600104000D0001037A
:10FE30006401040002000200640104000100C0002B
:10FE40006401040005000000640104000000C0001B
:10FE50006401040064006400640104000E004700B3
:10FE600064010400000500006001040015000103A6
:10FE70006401040040003C08640104000000070025
:10FE8000640104000A000000600104001A0001037C
:10FE90006401040000C00000600104001D000103B3
:10FEA0006401040010270000600104001F0001032A
:10FEB0006401040000001C0C64010400060010270B
:10FEC0006001040025000103640104000000320009
:10FED00060010400280001036401040000004C0AD2
:10FEE0006401040000003F0164010400FFFF0004FE
:10FEF0006401040046041E07640104000200EC09CA
:10FF0000600104002E000103640104000000008071
:10FF10006001040092010103640104006404000014
:10FF20006401040000004000640104009607000022
:10FF30006001040097010103640104001A08000035
:10FF400060010400BF01010364010400000005001A
:10FF500060010400080401036401040007020000BA
:10FF600060010400100401036401040000000100AA
:10FF7000600104001C0C010064010200FFFF00008E
:10FF8000600104001D0C010064010200FFFF00007D
:10FF9000600104001A000103640104000000200C49
:10FFA0006001040023000103640104000000A607AF
:10FFB000640104000000A20A60010400260001039D
:10FFC000640104000A0E0B09640104000E02000023
:10FFD0006001040032000103640104000000900B82
:10FFE000640104000000A0046401040000007C0619
:10FFF0006001040058000103640104004252434DB3
:020000041003E7
:10000000640104005F54455364010400545F53537A
:100010006401040049440000600104006000010321
:100020006401040039000000640104005000000075
:1000300064010400C00000006001040070000103BE
:1000400064010400BE03BE0364010400BE03BE03DA
:1000500064010400BE03BE0364010400BE03BE03CA
:10006000640104000004EA0364010400D403BE0335
:10007000640104000B04F50364010400DF03C903F9
:1000800064010400BE03BE0364010400BE03BE039A
:1000900064010400BE03BE0364010400BE03BE038A
:1000A000640104000004EA0364010400D403BE03F5
:1000B000640104000B04F50364010400DF03C903B9
:1000C00064010400160416046401040016041604F6
:1000D00064010400220416046401040016042E04C2
:1000E00064010400160416046401040016041604D6
:1000F0006401040016041604640104003A041604A2
:1001000064010400160416046401040016041604B5
:1001100064010400220416046401040016042E0481
:100120006401040016041604640104001604160495
:100130006401040016041604640104003A04160461
:100140006401040000001F0064010400FF031F009D
:1001500064010400020000006401040002000000C9
:1001600060010400980001036401040000001F0006
:1001700064010400FF031F0064010400010000008B
:10018000640104000100000060010400A0000103FC
:100190006401040000001F0064010400FF031F004D
:1001A000640104000100000064010400010000007B
:1001B00060010400A80001036401040000001F00A6
:1001C00064010400FF031F0064010400010000003B
:1001D000640104000100000060010400C00001038C
:1001E00064010400372437246401040037243724D1
:1001F00060010400BA010103640104000100070268
:100200006401040007020703640104000700000002
:1002100060010400DF010103640104002000CB0140
:100220006401040000005400640104000000AB08F5
:100230006401040000001004640104008400020052
:10024000640104000000140064010400CF010200F6
:10025000640104004400000064010400AF080200CF
:100260006401040010046400640104000202000040
:10027000640104001000CA016401040002003C0093
:10028000640104000000AA086401040002001004D4
:100290006401040054000208640104000000080026
:1002A00064010400CE010000640104003400000079
:1002B00064010400AE08000064010400100444005E
:1002C00064010400020A0000640104000800C9017E
:1002D0006401040002003000640104000000A90869
:1002E0006401040002001004640104003C000210D8
:1002F000640104000000040064010400CD0100005A
:10030000640104002C00000064010400AD0800003A
:1003100064010400100434006401040002120000AF
:10032000640104000400C8016401040000002C0002
:10033000640104000000A808640104000000100427
:100340006401040030000219640104000000000090
:1003500064010400CC010200640104002C000000D0
:1003600064010400AC0802006401040010043000C1
:1003700064010400021A000064010400C0000A04C1
:100380006401040070000000640104003A010A04E2
:100390006401040028022CC064010400F2020A0473
:1003A0006401040000000001640104006000140402
:1003B0006401040038000000640104000201140418
:1003C0006401040014012CC064010400DE01140463
:1003D000640104000000800064010400220037046E
:1003E000640104001500000064010400DF0037040C
:1003F0006401040065002CC0640104002E01370470
:100400006401040000002F006401040011006E84E8
:10041000640104000B00000064010400D4006E8439
:100420006401040033002CC064010400FC006E84ED
:1004300064010400000018006401040002008A9DA9
:1004400064010400FB00020864010400C54EFA00C8
:1004500064010400020A833464010400FE000210F7
:10046000640104006227F900640104000212421AC8
:1004700064010400FD00021964010400B113F800D6
:1004800064010400021A811164010400FC00021CD2
:1004900064010400C10FFC00640104000000C10FEE
:1004A00064010400FC00000064010400C10FFC00B2
:1004B0006001040050020103640104000000000018
:1004C00064010400010071146401040004020000CE
:1004D00060010400540201036401040001000000F3
:1004E00064010400010071146401040004020000AE
:1004F00060010400580201036401040002000000CE
:10050000640104000100711464010400040200008D
:10051000600104005C0201036401040003000000A8
:10052000640104000100711464010400040200006D
:100530006001040060020103640104000000010086
:10054000600104006C02010364010400200000004B
:1005500060010400120401036401040000000C00A7
:10056000600104005005010364010400180000004C
:1005700064010400983A983A64010400A60E6400ED
:10058000640104000000F4016401040004000000A0
:1005900064010400C8AFA86164010400204E1E007D
:1005A0006401040000000300640104000300000073
:1005B0006401040050C30000600104005B050103F6
:1005C000640104000000140564010400E20400005A
:1005D000600104005F05010364010400204E000077
:1005E0006401040000000F0064010400F401030032
:1005F00060010400650501036401040000001300AC
:10060000640104000000030064010400010007000D
:1006100064010400C8AF00006401040088130000F6
:10062000640104002C17DF40600104006C05010325
:100630006401040000002C01640104000000A00F0C
:10064000600104006F050103640104000000020062
:100650006401040000002C0164010400C0000000DB
:1006600064010400C0440000640104006400000050
:1006700064010400DC05401F640104000000460022
:1006800064010400500050006401040002000000F6
:1006900064010400F50A0000600104007A0501030A
:1006A000640104002010409C64010400204E0000FE
:1006B00064010400B80B0000600104007E05010322
:1006C000640104000000204E6401040000000500E5
:1006D00064010400DC053F006401040071020000B5
:1006E0006401040030750000600104008605010308
:1006F00064010400C409A00F60010400890501031E
:10070000640104000000D007600104008B050103B0
:1007100064010400204E204E600104008E05010398
:1007200064010400200080406401040000000A000D
:1007300064010400E803E81C64010400384A000076
:1007400060010400930501036401040000006400DB
:10075000600104009F05010364010400020094028B
:1007600060010400A105010364010400E100000030
:1007700060010400A4050103640104003075000059
:1007800060010400A705010364010400DC0500000A
:1007900064010400581B000060010400AF05010360
:1007A0006401040000000F0064010400C8000000A0
:1007B00060010400B20501036401040000000200AE
:1007C000640104000000640060010400BB05010333
:1007D00064010400A861701760010400C4050103EE
:1007E00064010400BE00000060010400380C010038
:1007F0006401020000000000600104000300020028
:10080000640104001F0000006001040004000200F5
:1008100064010400FF030000600104000500020001
:10082000640104001F0000006001040006000200D3
:1008300064010400070000006001040007000200DA
:1008400064010400040000006001040008000200CC
:1008500064010400FFFF00006001040009000200C1
:100860006401040000000000600104000A000200AE
:100870006401040000000000600104000B0002009D
:100880006401040000000000600104000C0002008C
:100890006401040000000000600104000D0002007B
:1008A0006401040000000000600104000E0002006A
:1008B0006401040000000000600104000F00020059
:1008C0006401040000000000600104001000020048
:1008D000640104001F000000600104001100020018
:1008E0006401040000000000600104001200020026
:1008F0006401040000000000600104001300020015
:100900006401040000000000600104001500020002
:1009100064010400000000006001040016000200F1
:100920006401040000000000FFFF00000000000060
:1009300086060200D0090000800602003E3E00004C
:10094000820602003E020000000702003C00000098
:10095000840602001202000060010400030001008E
:1009600064010200C00000006001040003000100F7
:10097000660102000A00000060010400040001009A
:10098000640102001400000060010400070001007F
:1009900064010200830100006001040025000100E1
:1009A00064010200F401000060010400C5050100BB
:1009B000660102002B04000060010400C60501006E
:1009C000640102000001000060010400E101010077
:1009D000640102003C00000060010400E601010027
:1009E000660102003400000060010400EC01010017
:1009F000640102003000000060010400F101010008
:100A0000660102002C00000060010400F7010100F3
:100A1000640102002C00000060010400FC010100E0
:100A200066010200280000006001040002020100CB
:100A300064010200280000006001040007020100B8
:100A40006601020028000000FFFF00000000000017
:100A5000ED9F8000C1AD8000DDAE8000F9AB80006D
:100A6000B5B0800065AF8000C9B08000DDB0800007
:100A700071AD800085AD800009AC800005B18000BB
:100A8000FDAA8000A1B0800065AE800035AA80007C
:100A900081A18000C5A1800031A880008DA88000C0
:100AA00019A8800079AF8000B1A68000ADAB8000AE
:100AB0008DAB8000E5AB80008DA380007DAB800016
:100AC00079A28000F5A3800045A7800045A08000A2
:100AD00039A1800065A3800039A0800055A0800066
:100AE0002D9F8000399F8000000000000000000062
:100AF0000000000075A3800061A8800039A8800074
:100B000071A2800095A78000219F8000199F80001E
:100B1000B9A0800085A08000E59E8000280000002C
:100B20000F00000004010000080700000007070094
:100B3000000704000000040400000400000000019D
:100B4000010000000000000003030000000000009E
:100B50000000000000000000B108000000000000DC
:100B60000404040404010400E20400080A00000074
:100B70006A100000000000000000000031060000C4
:100B8000DDC88D000404040404010400E20400082C
:100B90000A0000006A1000000000000000000000D1
:100BA000310400008C2EBA00040404040401040083
:100BB000E20400080A0000006A10000000000000C3
:100BC00018180000000000000006060000000000E9
:100BD0000000000000000000311900000000A0002B
:100BE0000C0C0C0C0A030400E20400080A000000CC
:100BF0006A1000000000000000000000B1120000B8
:100C0000277662000C0C0C0C0A030400E2040008B6
:100C10000A0000006A100000000000000000000050
:100C2000B10C00001443FD000C0C0C0C0A03040072
:100C3000E20400080A0000006A100000E02E010132
:100C40000150000000000000C8320201014900000C
:100C5000899DD8004038030101420000AAAAAA00D9
:100C6000003C0401013E000000008000483F0501F7
:100C7000013B0000D05E4200A041060101390000A6
:100C800049922400004B07010132000000000000DF
:100C9000584D080101300000071F7C00204E09015B
:100CA0000130000000000000C05D0A0101280000C2
:100CB00000000000A8610B010126000066666600C6
:100CC00090650C0101240000C44EEC0030750D014C
:100CD000012000000000000040830E01011C000004
:100CE0002449920018920F0201330000F93E560089
:100CF000009610020132000000000000409C11022A
:100D0000013000000000000080BB1202012800003A
:100D10000000000020CB130201240000C44EEC00B0
:100D2000000000000000000000000000626F61721F
:100D300064666C616773330073707572636F6E669F
:100D4000696700000000000000000000B119000009
:100D5000ABAA0A000B0C0C0C0A030400E204000806
:100D60000A0000006A1000000000000000000000FF
:100D7000B1120000143BB1000B0C0C0C0A03040070
:100D8000E20400080A0000006A10000000000000F1
:100D900000000000310D00007A0534000B0C0C0C33
:100DA0000A030400E20400080A0000006A100000C0
:100DB0000000000012100000000000000000000011
:100DC00000000000B1190000000040000C0C0C0CE9
:100DD0000A030400E20400080A0000006A10000090
:100DE0000000000000000000B1120000FF88D800E1
:100DF0000C0C0C0C0A030400E20400080A000000BA
:100E00006A1000000000000000000000B10D0000AA
:100E1000F0FF4E000C0C0C0C0A030400E204000866
:100E20000A0000006A10000006000000BC0100007B
:100E3000C5420000314200008945000078000000F2
:100E400001000000394000003F4000004140000028
:100E50008000000068000000FB440000F744000030
:100E6000D144000067E6096A85AE67BB72F36E3C49
:100E70003AF54FA57F520E518C68059BABD9831F65
:100E800019CDE05B982F8A4291443771CFFBC0B5F2
:100E9000A5DBB5E95BC25639F111F159A4823F9245
:100EA000D55E1CAB98AA07D8015B8312BE8531249E
:100EB000C37D0C55745DBE72FEB1DE80A706DC9B5F
:100EC00074F19BC1C1699BE48647BEEFC69DC10F0B
:100ED000CCA10C246F2CE92DAA84744ADCA9B05C47
:100EE000DA88F97652513E986DC631A8C82703B00A
:100EF000C77F59BFF30BE0C64791A7D55163CA0618
:100F000067292914850AB72738211B2EFC6D2C4D23
:100F1000130D385354730A65BB0A6A762EC9C28111
:100F2000852C7292A1E8BFA24B661AA8708B4BC2A7
:100F3000A3516CC719E892D1240699D685350EF4D1
:100F400070A06A1016C1A419086C371E4C77482788
:100F5000B5BCB034B30C1C394AAAD84E4FCA9C5BFE
:100F6000F36F2E68EE828F746F63A5781478C8844F
:100F70000802C78CFAFFBE90EB6C50A4F7A3F9BE31
:100F8000F27871C60123456789ABCDEFFEDCBA98D4
:100F900076543210F0E1D2C3142030401C20107778
:100FA0006C2564002530347800776C25643A202560
:100FB000732025732076657273696F6E2025732008
:100FC000465749442030312D25780A004E6F76204F
:100FD000323920323032310032323A34393A303913
:100FE00000617020007374612000776D6520003807
:100FF00030322E31316420003830322E31316820C9
:1010000000726D20006361632000616D7064752063
:1010100000616D7064755F74782000616D70647537
:101020005F72782000616D73647572782000616D65
:1010300073647574782000726164696F5F70777291
:1010400073617665200070327020006D6368616E98
:101050002000646672747320007478707772636124
:101060006368652000737462632D74782000737464
:1010700062632D72782D3173732000776E6D2000BE
:101080006273737472616E7320006D6670200073FA
:10109000616520006964617574682000746B6F205D
:1010A00000776C63006770696F6F757400000000F3
:1010B000E156010002000080080000003D6F890039
:1010C000E20000000100000000000000000000003D
:1010D00000000000020000000000313164003131E6
:1010E0006800313175005458204D435320203A0098
:1010F00020202564282564252529000A2020202079
:10110000202020203A000000A187890007008000ED
:1011100001000000000000000000000000000000CE
:101120005258204D435320203A0061707073006183
:101130005F77706100615F777061690025733A20A5
:10114000686F73745F656E61622025640A00627364
:101150007363666700627463006274635F646F73D5
:101160005F73746174757300955701000E00000081
:101170000700000000000000000000000000000068
:10118000636D005F5F004B5200000000BC5801001F
:10119000E0ED88000000000000000000B0580100F1
:1011A00000000000AA580100A4580100000000003F
:1011B00000000000805801002C59010088580100EF
:1011C0007FB20000000000000000000000000000EE
:1011D000000000000000000000000000000000000F
:1011E0000000000000000000000000009058010016
:1011F00000000000000000000000000000000000EF
:1012000000000000000000000000000000000000DE
:1012100000000000000000000000000000000000CE
:1012200000000000000000000000000000000000BE
:1012300000000000000000000000000000000000AE
:101240000000000001000000B15801000000000093
:1012500000000000323032312D31312D3239203250
:10126000323A34323A3434000000FF00000000000B
:10127000FF00000000236E000000FFFFF0000000F0
:101280000000000000000000434C4D204441544148
:1012900000000C000200392E31302E3339000000DE
:1012A00000000000000000000000312E32392E3412
:1012B00000000000C4580100C8570100436C6D498C
:1012C0006D706F72743A20312E33362E3300000069
:1012D0000000000000000000000042726F616463C3
:1012E0006F6D2D302E300000000000000000000067
:1012F0000000000000000000636E747279006475E5
:101300006D705F696E666F00138589000000004094
:1013100008000000000000000000000000000000C5
:101320006576656E7471006662740000115A010082
:1013300016000000775A0100180000008F5A0100C3
:101340001B000000275A01001C0000009CEF8800D1
:101350000E000000DA59010033000000DA590100E4
:1013600033000000435A010034000000435A0100DA
:1013700034000000435A0100340000009BEF880055
:1013800001000000D05901000A0000009AEF880017
:101390000100000003103036373839F4FFDD00015A
:1013A0000203040607080920252829232A32300BC6
:1013B0000C424746333F4043363A3C3B2D3D484A7A
:1013C0007F596145626B6C6F70BFC0C3C4C744F482
:1013D000DD69656D000001322124302E46363B2D3B
:1013E000487F595E6BBFC74485F4DD01320C35413F
:1013F00046303637393A382D3D484A7F5A5F58646F
:101400006EBFC0C744F4DD000102030406050708EF
:101410000920252829232A32300B0C2E333F404344
:10142000424746363A3C3B2D3D484A7F5659456B2C
:101430006C6F70BFC0C3C4C744F4DD01320C3541CA
:101440004636373A382D3D484A7F5A5F6EBFC0C78F
:1014500044F4DD0001322124302E463637393B2D4D
:10146000487F595E57636BBFC744859CF4DD69654F
:1014700072006C71004449524543542D00706879E4
:101480000000A40400400000A40400800080D004F8
:1014900020000000A404FF010000A40400040004D4
:1014A000A504FF032C01A50400E000A0A504001C76
:1014B00000000D04FF0340000D0400700040A20472
:1014C000FF034000A20400700040A804FF000100D8
:1014D000D004C07F00000C05FF010000A6040080BE
:1014E0000080A604FF01FF009A04FF01FF00F40939
:1014F00000800080F40900380020F409FF03370061
:101500009904FF0378009F0400C000409F04FF037C
:101510009001D70408000800D70400700020AC092F
:101520003C001400F80904000400706B745F6669E5
:101530006C746572000000000C000000FFFFFFFFEC
:10154000FFFFFFFFFFFFFFFF70726F745F670070A8
:10155000726F745F6E000000EC5B0100070000001A
:1015600007000000FD5B0100060000000100000014
:101570000000000000000000000000005341452072
:101580004861736820746F20456C656D656E7420CA
:1015900075312050310053414520486173682074F3
:1015A0006F20456C656D656E742075322050320079
:1015B0007361655F6D61785F7077655F6C6F6F7089
:1015C000007361655F7077655F686E705F656E61FF
:1015D000626C6500405C010027000000070000000D
:1015E000585C010028000000070000006E5C01004C
:1015F00026000000070000000000000000000000BE
:10160000000000007374665F74656D705F6D696ED5
:101610005F647574795F6379636C65007374665F8A
:1016200074656D705F6D6F6E69746F725F74696DF4
:1016300065007374665F74656D705F74687265735E
:101640006800696473757000747063007478630077
:1016500077617069000000000000000000000000D9
:1016600000000000600A00008038010073647063AD
:101670006D6465760000000000000000005D010060
:10168000000000000000000000000000000000005A
:101690000000000000000000C5DF800045F680006B
:1016A00059F68000C9DF8000BDDF800089DF80003F
:1016B00051DD80000000000055F6800000000000B1
:1016C00000000000C57C0100A17C01008B7C0100B2
:1016D000E1F6800000000000A5F68000F9F6800029
:1016E000C1F68000EDF68000000000000000000060
:1016F000000000001588010069880100000000005A
:1017000011880100258C0100F5890100598901002B
:1017100000000000000000000000000000000000C9
:1017200000000000C5890100000000001D1E1C0B08
:1017300080BA8C0100C20100F200000081000000AC
:1017400010000000C0AD3A0200C20100EC00000031
:101750008100000022000000776C00000000000003
:101760000000000000000000C05D0100000000005B
:101770000000000000000000000000000000000069
:101780000000000035E201001D8E8100E989810022
:10179000298F810000000000B58C8100000000004E
:1017A000FD8D81000000000000000000000000002E
:1017B0000000000001000300030006000000030019
:1017C000030003000E000D000E000E000E000200CC
:1017D00009000C000A0008000D00010009000C00BF
:1017E0000A0008000D00010009000C000A000800B2
:1017F0000D00010009000C000A0008000D000100A6
:101800000A000D000B0009000E0002000A000D0086
:101810000B0009000E0002000900390016000E003E
:101820000E0005000900390016000E000E0005002C
:101830000A000D000B0009000E0004000A000D0054
:101840000B0009000E0002000A000D000B00090049
:101850000E0002001400BF00C000150011000500BA
:101860001400BF00C0001500110005001400BF00E7
:10187000C0001500110005001400BF00C0001500D5
:10188000110005001400BF00C00015001100050084
:101890000900390016000E000E000500090039008D
:1018A00016000E000E0005001400BF00C000150059
:1018B000110005000900390016000E000E00050099
:1018C0000900390016000E000E0005009600DE002B
:1018D000DF001500110005001400BF00C000150056
:1018E000110005000900390016000E000E00050069
:1018F0000900390016000E000E0005000900610005
:1019000016000E000E0005000900390016000E003A
:101910000E0005000C00B6001900110011000800AF
:101920000900390016000E000E0005000900B6007F
:1019300019001100110008000900B600190011007B
:10194000110008000900B60019001100110008007C
:101950000900390016000E000E0005000900B6004F
:1019600019001100110008000800370016000E00D1
:101970000E0005000900B600190011001100080052
:101980000000000000000000000000000000000057
:101990000000000000000000000000000000000047
:1019A0000000000000000000000000000000000037
:1019B0000000000000000000000000000000000027
:1019C0000000000000000000000000000000000017
:1019D0000000000000000000000000000000000007
:1019E00000000000000000000000000000000000F7
:1019F00000000000000000000000000000000000E7
:101A000000000000000000000000000000000000D6
:101A100000000000000000000000000000000000C6
:101A200000000000000000000000000000000000B6
:101A300000000000000000000000000000000000A6
:101A40000000000000000000000000000000000096
:101A50000000000000000000000000000000000086
:101A60000000000000000000000000000000000076
:101A70000000000000000000000000000000000066
:101A80000000000000000000000000000000000056
:101A90000000000000000000000000000000000046
:101AA0000000000000000000000000000000000036
:101AB0000000000000000000000000000000000026
:101AC0000000000000000000000000000000000016
:101AD0000000000000000000000000000000000006
:101AE00000000000000000000000000000000000F6
:101AF00000000000000000000000000000000000E6
:101B000000000000000000000000000000000000D5
:101B100000000000000000000000000000000000C5
:101B200000000000000000000000000000000000B5
:101B300000000000000000000000000000000000A5
:101B40000000000000000000000000000000000095
:101B50000000000000000000000000000000000085
:101B60000000000000000000000000000000000075
:101B70000000000000000000000000000000000065
:101B80000000000000000000000000000000000055
:101B90000000000000000000000000000000000045
:101BA0000000000000000000000000000000000035
:101BB0000000000000000000000000000000000025
:101BC0000000000000000000000000000000000015
:101BD0000000000000000000000000000000000005
:101BE00000000000000000000000000000000000F5
:101BF00000000000000000000000000000000000E5
:101C000000000000000000000000000000000000D4
:101C100000000000000000000000000000000000C4
:101C200000000000000000000000000000000000B4
:101C300000000000000000000000000000000000A4
:101C40000000000000000000000000000000000094
:101C50000000000000000000000000000000000084
:101C60000000000000000000000000000000000074
:101C70000000000000000000000000000000000064
:101C80000000000000000000000000000000000054
:101C90000000000000000000000000000000000044
:101CA0000000000000000000000000000000000034
:101CB0000000000000000000000000000000000024
:101CC0000000000000000000000000000000000014
:101CD0000000000000000000000000000000000004
:101CE00000000000000000000000000000000000F4
:101CF00000000000000000000000000000000000E4
:101D000000000000000000000000000000000000D3
:101D100000000000000000000000000000000000C3
:101D200000000000000000000000000000000000B3
:101D300000000000000000000000000000000000A3
:101D40000000000000000000000000000000000093
:101D50000000000000000000000000000000000083
:101D60000000000000000000000000000000000073
:101D70000000000000000000000000000000000063
:101D80000000000000000000000000000000000053
:101D90000000000000000000000000000000000043
:101DA0000000000000000000000000000000000033
:101DB0000000000000000000000000000000000023
:101DC0000000000000000000000000000000000013
:101DD0000000000000000000000000000000000003
:101DE00000000000000000000000000000000000F3
:101DF00000000000000000000000000000000000E3
:101E000000000000000000000000000000000000D2
:101E100000000000000000000000000000000000C2
:101E200000000000000000000000000000000000B2
:101E300000000000000000000000000000000000A2
:101E40000000000000000000000000000000000092
:101E50000000000000000000000000000000000082
:101E60000000000000000000000000000000000072
:101E70000000000000000000000000000000000062
:101E80000000000000000000000000000000000052
:101E90000000000000000000000000000000000042
:101EA0000000000000000000000000000000000032
:101EB0000000000000000000000000000000000022
:101EC0000000000000000000000000000000000012
:101ED0000000000000000000000000000000000002
:101EE00000000000000000000000000000000000F2
:101EF00000000000000000000000000000000000E2
:101F000000000000000000000000000000000000D1
:101F100000000000000000000000000000000000C1
:101F200000000000000000000000000000000000B1
:101F300000000000000000000000000000000000A1
:101F40000000000000000000000000000000000091
:101F50000000000000000000000000000000000081
:101F60000000000000000000000000000000000071
:101F70000000000000000000000000000000000061
:101F80000000000000000000000000000000000051
:101F90000000000000000000000000000000000041
:101FA0000000000000000000000000000000000031
:101FB0000000000000000000000000000000000021
:101FC0000000000000000000000000000000000011
:101FD0000000000000000000000000000000000001
:101FE00000000000000000000000000000000000F1
:101FF00000000000000000000000000000000000E1
:1020000000000000000000000000000000000000D0
:1020100000000000000000000000000000000000C0
:1020200000000000000000000000000000000000B0
:1020300000000000000000000000000000000000A0
:102040000000000000000000000000000000000090
:102050000000000000000000000000000000000080
:102060002DE9F84305468846FBF33EF20021284659
:10207000FBF382F3044628466E69AF69F3F3F0F38D
:102080000A2E814616D90F2E16D02846FAF31EF5D1
:10209000142E054603D9A36823F00803A360A368A0
:1020A000142E43F00103A36014D9A36843F008037E
:1020B000A3600FE0022E0FD92846FAF375F5D4F885
:1020C000A430054623F0FF0343F00203C4F8A43014
:1020D000022303E0012301E0104D3023A268D20760
:1020E00007D407F01802082A0CBFB5FBF3F54FF42C
:1020F000E11507F0030700260BE004F54073B8F183
:10210000000F05D03002181849462A460023C04760
:102110000136BE42F1DBBDE8F88300BF00C63E05D4
:102120002DE9F8431646984604460D46FAF374F531
:10213000002107462046FBF31FF300228146134689
:10214000134988184068B0B90C225343CA18CE50BE
:102150005560C2F808802046FBF3C6F1D9F8243058
:102160000C4D1E432E602046FBF3BEF12B6801256B
:10217000C9F8243004E001330C32052BE0D10025EE
:1021800020463946FBF3F8F22846BDE8F88300BF45
:10219000BC5F0100E403000038B5124C0021482266
:1021A0002046F0F365F4104A012384E80C00002572
:1021B0000E491F2204F10C00F0F332F584F82B5085
:1021C000F5F31CF34FF40023A3634FF40003E36320
:1021D000074B20632364074B6563DB696564A36079
:1021E00038BD00BF18600100444542474039010036
:1021F0001C2B0900706001004369142B01DDFAF308
:1022000017B57047436910B50A2B04460ADD064925
:1022100001220346FFF784FF20460121BDE810405C
:1022200007F096BA10BD00BF89160000C36910B54B
:10223000590704460CD5074B00221968FBF3B4F08C
:102240000549204610222346BDE81040FFF768BF2D
:1022500010BD00BF2C040000FDB18000134B13B56E
:102260001360134601E0114C1C600433ADF17C0493
:10227000A342F8D3C41C24F003040D4B091B0D48E2
:102280001960002303600C48083903600B4884E898
:102290000A0003600A4802600A4802F50052026020
:1022A000094A1360EAF7C6FE44601CBD4B41545313
:1022B000F40300001404000048040000046001005E
:1022C0006860010010600100F003000008B5002103
:1022D0001420EAF7BDFE054B002118601422F0F32C
:1022E000C7F3BDE80840F5F301B100BF30040000BA
:1022F0002DE9F0474D1C2946824605F0A1FB134C01
:10230000206000B34FEA850948460021EAF7A0FEA5
:102310000F4F804638600F4E68B14A460021F0F3F7
:10232000A7F320680021F0F33FF73B6800221A6012
:102330003560BDE8F0875046216805F0D5FBC6F84A
:102340000080C4F80080BDE8F08700BFF8030000FB
:10235000E803000004040000F0B5184F85B00F2119
:10236000386805F0C3FA0F2803903E4624D1842034
:102370000021EAF76DFE124C2060D0B100218422CA
:10238000F0F376F30025012304AA42F8043D0095FA
:102390000195386821684FF4F06305F0D5FA0130F3
:1023A000206803D03221ECF751FA05E0EAF7D8FEB5
:1023B0002560306805F0B8FA05B0F0BD2C040000C7
:1023C00044040000B1F5E06F73B504460E461546AF
:1023D00006D103690091002101911E680A460CE0B4
:1023E0000D4B00221868FBF3B9F1014680B1236957
:1023F0000022009601921E6820462B46B04738B155
:10240000064BA0611A68656122621C60002001E031
:102410004FF0FF307CBD00BF00040000F85F0100FA
:102420002DE9F84310200C46002191469846EAF722
:102430000FFE054620B3144E3068FAF3EDF3099B06
:10244000074623B9306821464A46FBF387F13068D6
:10245000FAF35CF501238340089AEB60AA600B4A0B
:10246000C5F8048011681560094A29601168306850
:102470000B4313603946FBF37FF10020BDE8F8837E
:102480006FF01A00BDE8F883000400003C0400006F
:102490001004000013B500210446FBF36DF1174B47
:1024A0001860174B00F5706018606369222B12DD0D
:1024B000E36958060FD540F6270100222046FAF3BB
:1024C00011F501462046FBF357F10E4B0021186031
:1024D0002046FBF351F100204FF4006102460A4B05
:1024E00000900190FFF79CFF28B1012002B0BDE8E9
:1024F0001040F4F377B602B010BD00BF2404000012
:102500009460010034040000E9B1800073B5374BDA
:10251000374C0193374B0021202220461D68266945
:10252000F0F3A6F201232360334B26611B68E361BD
:1025300045F8044C00F048FCADF5FE513C390A4624
:102540002E48FFF78BFEF4F33DF3F4F3A5F700F00C
:1025500073F8FFF721FE002006F0D4FD284D294C2A
:10256000286007F00FFA2060FFF794FFFFF7AEFE38
:10257000206800F029FB206806F0E8FD224B206867
:102580001A6802F580321A60204B1A6802F5803210
:102590001A601F4B1A6802F580321A6000F0C0F80A
:1025A00000221C481C49F5F3E7F002221B481C4995
:1025B000F5F3E2F000221B481B49F5F3DDF00022A1
:1025C0001A491B48F5F3D8F02068FFF715FE20687C
:1025D000FFF718FE2068FFF729FE286840F28F11E8
:1025E000FFF786FEFFF7B8FE20687CBDADDEADDEEE
:1025F00070600100945C0100906001008C6A03002F
:102600002C04000000040000F40300001404000087
:10261000046001008DDA89008919000013858900A2
:1026200041B48000943B010091B680001DB280004F
:10263000973B01007047000070B5174D2C682CBB0C
:10264000B0202146EAF704FD286010B32146B022ED
:10265000F0F30EF24FF4806021462E68EAF7F8FCA2
:10266000B060286886681EB9EAF77AFD2E600DE032
:102670004FF48062C26021463046F0F3F9F12B68D6
:10268000064A20461360064A536170BD4FF0FF3082
:1026900070BD4FF0FF3070BDA86001005004000015
:1026A0007060010070B5184C0546236833B9174EA9
:1026B00033680BB9FFF7C0FF33682360206808B3A5
:1026C00000230360C0F89C304360012380F8A430ED
:1026D0006B6C0E3B012B03D928460D49FFF7C0FC5C
:1026E0000C4B9A6812B12268C2F89C302068012312
:1026F000C0F89C30F5F31EF0074808492268F5F34E
:102700003BF0206870BD00BF50040000A8600100CD
:10271000716C010098600100242B870011BE8000BD
:1027200010B50023044610220A49FFF7F9FC0021E6
:102730002046FAF365F7002220464FF4A051EDF74A
:102740006DFF054B002220469A60BDE81040FFF760
:10275000A9BF00BFE5BC80009860010038B5044601
:102760000D4651B11020F5F39FF1044B186020B1D4
:1027700080E830004FF4F063836038BDAC60010046
:10278000134B02461B68006810B500F47041DC1E54
:10279000090B042C08D800F47060000A0E300123E5
:1027A00013FA00F0484310BD072B0CD8002010BDD1
:1027B00043F480741461146C013304F07F04013419
:1027C0006403001901E0002318468B42F0D110BDCC
:1027D0005014000003684068181823F007030833FA
:1027E00098428CBF0020012070470000044B054A2E
:1027F000186890421ABF00F108021A600020704762
:10280000A05C0100001000002DE9F34190E84800B1
:1028100023F00704083413F0070202D19D19AC42DB
:102820004AD035468068002203E0875C0DF80270CC
:102830000132B242F9D19E18A64204D900293DD0F6
:10284000361B951B00E0002623F00707C7EB030C9F
:10285000002204E012F8078000F80280013262458D
:10286000F8D18218002003E01DF8007017540130E1
:10287000A842F9D15B195219E71A002004E013F8B5
:1028800000C002F800C00130B842F8D1002E18DDB7
:1028900000AB5D190023EA5CCA540133B342FAD19C
:1028A000C918E4180022C3F1080302E0A05C8854B0
:1028B00001329A42FAD104E0104603E04FF0FF30B3
:1028C00000E00020BDE8FC812DE9F0471C4B1D4CC9
:1028D0000026C4EB03081C4B4FEAA80803FB08F8CA
:1028E000474629E02368D4F808A023F0070900250B
:1028F0001AF8052015F809309A4202D00120F4F3A5
:1029000071F40135082DF3D12046FFF763FF88B934
:102910000E4B054603EBC70A013705EB09031AF80E
:1029200005201B7A9A4202D00120F4F35BF40135B2
:10293000082DF2D101360C344645D3DBBDE8F087D3
:102940009013000000100000ABAAAAAA0008000023
:10295000144B2DE9F0471B68134D9B68134F03F090
:102960000F097F1B0123124A03FA09F9BB1002FB6E
:1029700003F80026444606E02846FFF72BFF00B97F
:10298000013401360C354645F6DB2246BB104FF0CC
:10299000553404FB032307484946BDE8F047F0F3EC
:1029A0008DB000BF4C140000001000009013000018
:1029B000ABAAAAAAA93B010041F4003138B5426391
:1029C00004460163652502E00A20F4F355F5236B04
:1029D000002B01DB013DF7D138BD836A43F0004392
:1029E00083627047836A23F0004383627047F8B5BF
:1029F0008668054601240F4606F00F06FFF7F2FF32
:102A000014FA06F6AC62EF62002405E0A1B2284693
:102A10000022FFF7D1FF0134B442F7DBF8BD00001C
:102A20002DE9F041FFF7E2FE194E1A4BDFF87080F6
:102A3000194FF61A194BC8EB0707002814BF0546B3
:102A40001D4604465D1BFFF783FF47B1002140464A
:102A50003A46F0F30DF040463946F4F383F146B1BF
:102A600000210C483246F0F303F00A483146F4F3F3
:102A700079F155B1002120462A46EFF3F9F72046B7
:102A80002946BDE8F041F4F36DB1BDE8F08100BF27
:102A9000901300000010000000080000001000006B
:102AA000C5040000424B2DE9F74F1D6841492846F7
:102AB000FFF79DFF404A414BA968D31A404A9B103B
:102AC0005A43019271D0012001F00F0110FA01F177
:102AD0008A4201DDF4F386F32846FFF751FE394BB5
:102AE000A0F1040B1A6899460E2A01D8861000E05E
:102AF00001264FF00008314C4CE06368013B072B86
:102B000001D8A36813B90120F4F36CF32046FFF752
:102B100061FE38B9FFF76AFE074620B90120F4F3D9
:102B200061F300E0002720463946FFF76DFE10B143
:102B30000120F4F357F3DFF87CA0A1682268D9F8EC
:102B40000030CAEB010122F00702C9100E2B96BF1C
:102B500002EA0B02324346EA920289B22846FFF7A4
:102B60002BFFA7B12268D9F8003022F00702CAEB88
:102B700007010832C9100E2B98BF02EA0B0289B276
:102B80008CBF324346EA92022846FFF715FF08F150
:102B900001080C34019B9845AFDB2846FFF71DFF69
:102BA00003B0BDE8F04FFFF78FBE03B0BDE8F08F74
:102BB0004C140000000800009013000000100000FA
:102BC000ABAAAAAA501400002DE9F7430446FAF371
:102BD0008BF4204600F008FA6B48EAF71DF920460E
:102BE000F2F334F600F578704FF47A730730674FDC
:102BF000B0FBF3F038602046F2F328F6644B654AE8
:102C0000C3186169B3FBF2F3634A22291360634E70
:102C1000634D04DDE369580601D5336800E02B6895
:102C200003F5C2630433D3F800E030682B6822292F
:102C300005DDE269520602D500F5C26201E003F546
:102C4000C262043212689645F1D0222905DDE2699C
:102C5000520602D500F5C26301E003F5C2630433F6
:102C6000D3F80080EAF7B8F83168814660692A68CD
:102C70001025222805DDE3695B0602D501F5C26354
:102C800001E002F5C26304331B689845F1D02228A5
:102C900005DDE3695E0602D501F5C26301E002F5D8
:102CA000C2630433013DD3F80080E2D1EAF794F81F
:102CB0003A68C9EB0006B2FA82F39A40191FB2FBD8
:102CC000F6F2384B01321A604FF47A73A2FB0323F9
:102CD0003548CA400160C1F1200113FA01F08018A3
:102CE000ECF742FB396804230FE0B5FA85F2B6FA37
:102CF00086F0013A8242A8BF0246964095409B1852
:102D0000B6FBF1F201FB1266551915F0404FECD0FD
:102D1000264A1360264B40F2FF321D60236A002BC7
:102D2000244BC8BF6FF07F421A606369222B0CDD11
:102D3000E369580609D5002040F6270102461E4BDC
:102D400000900190FFF76CFB05E020461A49202215
:102D50000023FFF7E5F900201849F0F301F5184DBD
:102D6000286078B10120F4F36DF220462D68F2F36B
:102D70006DF5B5FBF0F04FF47A754543114BA5F5B1
:102D8000FA651D60BDE8FE83E91E0000A45C010039
:102D90003F420F0040420F00B40300003404000023
:102DA00024040000A8030000AC030000A4030000FA
:102DB000A0030000B003000019B980008C85020058
:102DC00084040000800400000D4B00211A6842F0CA
:102DD00010021A601A6822F400721A60094A136815
:102DE00043F0807343F480331360074B07221A606B
:102DF00043F8041C59685A60044B20221A6070473B
:102E000014ED00E0FCED00E0241000E000E400E040
:102E100070B504460E46FAF367F32046F9F3FCF664
:102E20000546EAF75BFD40F62A0102462046FAF322
:102E300095F48269436926B142F0004243F00043B1
:102E400003E022F0004223F00043826129464361FF
:102E50002046BDE87040FAF38FB42DE9F8430446EC
:102E60001E4690460D46FAF33FF32046F9F3D4F69A
:102E70004146324607462046FAF370F42046FAF3FC
:102E800045F00646EAF72AFD40F62A0102462046AA
:102E9000FAF364F44FF00108814685B108FA06F5AB
:102EA000836933EA050502D14046E9F787FF013619
:102EB0000120B040E9F774FFC9F818500EE0701C0B
:102EC00008FA06F608FA00F0E9F778FF4046E9F755
:102ED00067FFD9F818301E43C9F8186020463946F4
:102EE000BDE8F843FAF348B4034630B1002000E0EF
:102EF0001046421C5B08FBD1704770470346032B0A
:102F000010B510460C461DD8FAB1022B0BD0032B7E
:102F100014D0012B03D0FFF7E7FF0D4B06E0FFF7BE
:102F2000E3FF0C4B02E0FFF7DFFF0B4B186043F8A9
:102F3000044C5A6804225A60002010BDFFF7D4FFE9
:102F4000064BF3E76FF0010010BD6FF0010010BDFC
:102F5000241000E0341000E0441000E0541000E0C1
:102F600050B1431E034207D0002300E013465A1C11
:102F70004008FBD1012098407047000070B5EAF787
:102F8000E3F90446EAF7DAF9164E241826F4FE4669
:102F900026F0FF0606F50046A41B1ED00125B4F559
:102FA000004F0FD3284631464FF40042FFF7A6FFEB
:102FB000B0B90135EDB2042DA4F5004406F5004684
:102FC000EDD170BD20465CB1FFF7CAFF3146024625
:102FD0002846BDE87040FFF791BF4FF0FF3070BD4D
:102FE00070BD00BF8C6A03002DE9F8430446FAF374
:102FF0007BF2204640F60E010022FAF3AFF30546BD
:10300000002838D02046FAF36BF2014618B9204662
:103010000A46F9F3F5F520462F68D5F80080F9F354
:1030200003F60428064605D825D108F4E028B8F5AB
:10303000403F20D100205049F0F392F3D8B907F077
:10304000F0073F090FE0013F072E2F6108D90C2E32
:1030500006D02B6C03F44063B3F5406F00D010B181
:10306000464B01206B61002FEDD1D5F8E83123F0FC
:103070001003C5F8E831EAF731FC40F62A010246B0
:103080002046FAF36BF33E4D06462860EAF726FC2D
:10309000314602463B48EFF311F52046F9F3C4F5FB
:1030A000394B18602B681A6842F080721A601A68EF
:1030B00042F002021A600022C3F8E0216269272A66
:1030C00005DDD3F8E02142F04002C3F8E02140F2F0
:1030D000DD5602E00A20F4F3CFF12B68D3F8E0319B
:1030E0009B0301D4013EF5D100210B4620464FF44D
:1030F0000062FFF7B2FE00210B46204640F61202A6
:10310000FFF7ABFE00210B46204640F62902FFF7F1
:10311000A4FE20460121FFF77BFE00201B49F0F3AF
:103120001FF300B32046F9F377F50646EAF7D6FB1E
:1031300040F62A0102462046FAF310F3D0F8149024
:103140000746D0F898802046F9F366F501238340BE
:1031500043EA09037B6148F00103C7F89830204631
:103160003146FAF309F32B681A6A42F003021A6235
:10317000BDE8F843FFF702BF97850200FF7F0121FA
:10318000B0600100BB3C0100B8600100A2850200F4
:103190000721C0F8A4114021C0F8A8114FF4F06134
:1031A000C0F8C8111821C0F8CC1108210122C0F8BC
:1031B000D01106210A23C0F89C21C0F8B021C0F824
:1031C000DC11C8221C21C0F89831C0F8B42120239A
:1031D0001022C0F8E0110C21C0F8A031C0F8BC31B9
:1031E000C0F8C031C0F8C421C0F8D431C0F8E4112F
:1031F0000323C0F8E8210421C0F8F0210022C0F820
:10320000D831C0F8EC11C0F8F421C0F8FC21C0F8A6
:103210000032704741F2E443984206D144F2F43060
:103220000B1A584240EB0300704700207047D0F85B
:103230001C1238B5044659B1806804F0D0FB05462D
:10324000D4F81C02F4F33CF40023C4F81C3200E070
:103250000D46284638BD7FB50446062384200393D7
:10326000F4F31CF4C4F81C02B8B100218422EFF37B
:10327000FFF300251C23A068D4F81C1203AA0095B4
:10328000019504F061FB0646013008D1D4F81C0218
:10329000F4F316F4C4F81C5201E04FF0FF36304648
:1032A00004B070BD2DE9F04104460D46164698461F
:1032B00040F2E93702E00A20F4F3DEF063691A6DA8
:1032C000002A04DA013FF6D13846BDE8F081069ABB
:1032D00046443602B2F1807F46F0004603D12A7898
:1032E00042F08072B6181E6540F2E93602E00A200C
:1032F000F4F3C2F063691B6D002B03DB2B7001201C
:10330000BDE8F081013EF2D13046BDE8F081000019
:103310002DE9F0438BB01D46DDF848909F4B0846E1
:10332000C3F8009011461746FFF774FF002800F01D
:1033300030814FF40B70F4F3B1F30446002800F031
:10334000298100214FF40B72EFF392F3A560C4F8CA
:1033500014902046FFF71CFF914B1E68C4F81862BA
:103360001EB13678003618BF012604F12808404601
:1033700002214122F0F382F400230093019302938F
:10338000384629464A46139B06F024FBE060002895
:1033900000F0FA80F9F338F42060E068F9F344F4BF
:1033A0006769804A7B68804903F0010383F0010369
:1033B000D4F800C0002B18BF114684F87A3140F6CB
:1033C00029039C456060D4F808E0E26807F50073C3
:1033D00003D110B107F5087701E007F504770097EE
:1033E000D4F8BC010190D4F8C0010290D4F8C8010F
:1033F00003904FF0FF300490D4F8C40105900820EA
:10340000069000200790704604F04EFC6062002891
:1034100000F0BA80D4F81812644FB9B10B78ABB190
:10342000D7F8B030984762492246D4F81802F0F332
:103430002DF3D4F818025F49224604F0F1FA2EB1B8
:103440002046FFF708FF002840F09E8002210A4630
:10345000D7F8B830606A984720460021E2682B46CA
:1034600000F06EF92061002800F08E8000210B46EC
:103470002046514AF3F336F50023C4F8940184F84A
:103480007D314E48F5F304F010B3EFF347F5012317
:1034900083404B48C4F88431F4F3FAF710B1EFF3EA
:1034A0003DF508B1D4F88401C4F8880145490020ED
:1034B000F0F356F1030CA4F88C31A4F88E013BB163
:1034C00000212046404A0B46F3F30CF5C4F8900166
:1034D00000203E49F0F344F1012808BF84F822029D
:1034E0002046F6F391F4002835D000200125C4F8D9
:1034F000A40184F82A523649F0F332F120B184F85D
:1035000005523448EFF3DAF200203349F0F328F1A2
:10351000C0B28DF8260068B100F00F004FF0807344
:103520000AA901F8020D4FF44072009320460F23C0
:10353000FFF7B8FE0AA9082301F8013D63690022DC
:103540001D6F1A674FF0807300932046F023FFF73A
:10355000A9FE63691D67214922462148F4F30CF155
:103560002048F3F3ABF7204B04F58472511C1A602A
:103570000332DA60D4F8F020596004F5857199605F
:10358000C3F810805A6105E02046F4F399F2002454
:1035900000E0044620460BB0BDE8F083880400003C
:1035A00044040000B9850200CB85020010A7880002
:1035B00051E78000CDE7800091F08000E0850200B7
:1035C0000A86020002860200EDE68000D585020030
:1035D000C1850200E9850200AD85020095E6800004
:1035E000E03C0100F9E28000BC60010038B5002534
:1035F000044680F87951006900F0DEF82046F6F3C1
:10360000F5F5E0682946F9F3F9F2D4F8940128B108
:10361000F3F3ECF3D4F89401F3F312F4D4F890013B
:1036200028B1F3F3E3F3D4F89001F3F309F4E0687D
:1036300005F078FFD4F81C3223B11B7813B1204673
:10364000FFF7F5FD2046BDE83840F4F339B210B578
:103650008469A068FFF7CAFFE06805F061FD0020FB
:1036600010BD000010B584690021342204F11C0053
:10367000EFF3FEF1034BA06863622462F6F32AF3D2
:10368000002010BD91F680002DE9F347274D9946A3
:103690002B680646072B0F46924640DC05F032FDAC
:1036A00080465020F4F3FAF1044600283AD0002175
:1036B0005022EFF3DDF12B68A4F8149084E8480061
:1036C0002761C4F80C80204641F2E4414A46434653
:1036D0008DE88004FFF71CFEA06010B300200A995B
:1036E0000B9A134B8DE84004FEF79AFE074618B17B
:1036F000A068FFF77BFF12E0A068F6F367F12B6884
:10370000A0610F210B4A3046EFF318F2F7730A4815
:103710003146EFF3D3F12B6801332B6002E0002434
:1037200000E004462046BDE8FC8700BFD4600100ED
:10373000C1F680003386020013860200F4F3C0B1A4
:103740002DE9F0411B4F98463B780546072B144660
:1037500026D85420F4F3A2F1064610B300215422D7
:10376000EFF386F13B78002286F8443001333B705A
:103770000123B46086E82001A6F84C20A6F850206A
:10378000A6F84E20A6F85220B3640420F4F386F184
:103790000446306440B100210422EFF369F100E0F7
:1037A00000263046BDE8F0813046F4F389F1264624
:1037B000F7E700BFD8600100C26B1AB10023536263
:1037C000826B5362C068FFF7B9BF0000054A064B21
:1037D000D17E1970117F5970517F9970927FDA7084
:1037E000704700BF8C6A0300906001002DE9F04F24
:1037F0008FB0E9F7A9FD474E474D33680490059314
:103800002B68B3F5805F00F28180444F44493868EB
:10381000EFF3A6F701287AD02B68DFF81C91039309
:10382000D9F8003000240693DFF810812368DFF810
:1038300010A10793D8F80030DFF808B10893DAF840
:103840000030384A0993DBF80030D7F800C00A93FB
:10385000354B126819680C920B913449301D096878
:10386000039A0D916146CDF808C00193EFF37CF007
:1038700021462A683868EFF3FBF02D4A019BCAF80D
:1038800000202849294A04981C6014600C604FF0FD
:10389000FF32311A3C60C9F800402C60C8F8004083
:1038A000CBF80040EFF38CF70599019BCA43904297
:1038B000DDF808C029D1039A06992A60C9F80010DA
:1038C00021681C4AC7F800C01160079A0899226055
:1038D000099AC8F80010CAF800200A990B9ACBF888
:1038E00000101A600F490C9B039A0B600D9B0F4947
:1038F00060460B60311DEFF337F02A68301D21461A
:103900000FB0BDE8F04FEFF3B3B0FEE7FEE70FB046
:10391000BDE8F08F8C6A03009C5C0100985C01009C
:10392000828602004C14000048140000501400006D
:10393000DDBAADBB38140000945C010044140000F3
:10394000341400004014000070470000774B2DE94C
:10395000F04F1B6891B0043B012B03D8744B1868DF
:10396000FFF7F2FFFEF7D2FD00210446F9F334F72A
:1039700020460021F9F300F7054658B12046F9F337
:10398000B3F52B6A002B05DA2046F9F3ADF54FF0BD
:1039900000432B62E9F7CBFF2046F9F3CBF00EA9E9
:1039A0000822EFF3F1F202462046D4F840B00B9221
:1039B000F9F38CF082462046F9F388F081462046E0
:1039C000F9F384F080462046F9F3EEF007462046EE
:1039D000F9F3EAF006462046F9F3E6F005462046FC
:1039E000F1F334F7014620460C91F1F32FF78446AA
:1039F0002046CDF834C0F1F329F70B9A0C99DDF885
:103A000034C0029208F542484A4A05F5424500F59D
:103A100042400AF5424A09F5424908F5A87807F5F7
:103A2000424706F5424605F5A87501F542410CF5F9
:103A3000424C00F5A870B8FBF2F8B5FBF2F50CF5B6
:103A4000A87CB0FBF2F00AF5A87A09F5A87907F589
:103A5000A87706F5A87601F5A871B1FBF2F1DFF8B9
:103A6000F8E0BAFBF2FA02FB1899B7FBF2F702FB97
:103A7000156602FB10C2CDF804E0DFF8E0E02E4B43
:103A8000B2FBFEF2B9FBFEF9B6FBFEF60891099215
:103A90002A492B4A2B480093CDF80CB0CDF810A042
:103AA000CDF8149006970796EFF308F0264840F6F5
:103AB0000D0144F2F432FEF785FC38B1224840F69D
:103AC000290144F2F432FEF77DFC20B91F4A204B55
:103AD0001D4D1A6000E00025204605F01BFE44F253
:103AE00018334FF6FF72904214BF02461A4640F652
:103AF00012011848FEF766FC1649002818BF00217D
:103B00004DB141B1124B28461B685B6898472B6941
:103B100028465B6898472046F9F3E6F42946FEF705
:103B20001DFE204611B0BDE8F08F00BF501400000C
:103B30004C14000040420F007D8602003F860200C8
:103B40007E86020044860200A85C0100D45C01006D
:103B50008C040000945D010040390100A086010042
:103B6000084670472DE9F04FD1F8FC3091B00B9327
:103B700003F560630446099371E10E220023204699
:103B80000BA9E8F3DBF50F280746204602D1E8F33E
:103B900073F56CE100220BA91346E8F3CFF510F0A2
:103BA0000E0F40F061818B4E3A0D3E4040F23B4398
:103BB000360A00F4F8789A4208924FEA181804D1AD
:103BC00040F6FF739E4200F04A8100F478534FEABA
:103BD000532B002B00F0438100F4F82A00F4780303
:103BE000DB0C4FEA9A3A13EB0A02079325D140F215
:103BF00067339E4214D10CAB01930DAB02930EAB15
:103C000003930FAB049320460BA913460092E8F3ED
:103C100035F5002800F023810C9BC4F858331EE1D1
:103C200040F2DC539E4208D040F20B539E4204D037
:103C300040F627039E4240F01281D4F8D05031461E
:103C400005F1B60344F8237005F1C60344F82300D8
:103C50002046FFF785FF04EB8503C3F8D400002757
:103C60000BE0012220460BA91346E8F367F500F0AC
:103C70000E00022840F0F88001374745F1D10CAB27
:103C800001930DAB02930EAB002703930FAB04938C
:103C900020460BA93A463B460097E8F3EFF420B1E3
:103CA000B94627E04FF0010900E081464023009328
:103CB0000CAB01930DAB02930EAB039300220FAB41
:103CC000049320460BA91346E8F3D8F40028E9D161
:103CD000B9F1010F0ED00D9B002B40F0C5800F9B5A
:103CE000002B40F0C1800E9AB2F5805F40F0BC809E
:103CF0009946DBE70C9A04EB8503C3F814210E9A6E
:103D00000127C3F8D4210CAB01930DAB02930EAB8A
:103D100003930FAB0022049320460BA93B4600926D
:103D2000E8F3ACF460B1012F0AD10E9BB3F5805FCC
:103D300006D10C9904EB8502C2F89411C2F8143232
:103D400001370028DFD137464FF001082E4617E033
:103D50000025002300930CAB01930DAB02930EAB37
:103D600003930FAB049320460BA942462B46E8F37E
:103D700085F408B10135ECE7002D75D008F1010894
:103D8000D845E5D135463E4600271FE0C0230093C5
:103D90000CAB01930DAB02930EAB03930FAB0493EB
:103DA00020460BA93A460023E8F368F400285BD0CC
:103DB0000F9B002B58D10E9BB3F5805F54D127B9D0
:103DC0000C9A05F1A60344F8232001375745DDD1AD
:103DD000002739E000FF0F00802300930CAB019314
:103DE0000DAB02930EAB03930FABBBF1010F0CBFF6
:103DF0003A467A1C0493204600230BA9E8F33EF4CC
:103E0000089A40F23B439A420DD140F235139E424C
:103E100009D1D4F870330C9904EB83020133C2F852
:103E20007413C4F87033F8B10F9BEBB90E9BB3F564
:103E3000805F19D1BAF1000F05D127B90C9A05F1AD
:103E4000A60344F823200137079B9F42C4D1B9F150
:103E5000000F04D1D4F8D0300133C4F8D0300B9B1C
:103E6000099A9342FFF489AE0023C4F8D03011B010
:103E7000BDE8F08F10B5D0F87023002306E0D0F82D
:103E800070134FF44C74C1F800490133043093426D
:103E9000F5D110BD2DE9F843002704461546994693
:103EA0000E46B84609E0304600210422EEF3E0F564
:103EB0000137C6F80080B04676194F45F3DBC4F8E9
:103EC0000080BDE8F88370B50D460446D8B1D1B185
:103ED0000E68C6B1B389CBB9738A03F00303012B13
:103EE00003D1F06908B1F3F3EBF5738A201D23F0D9
:103EF000040373823146EDF361F723890020013B0F
:103F00002381286070BD6FF0010070BD6FF00F005D
:103F100070BD2DE9F74F0C9F019116469A46DDF8CA
:103F200034B0BDF838900546002857D00F9B002BC1
:103F300054D0002952D0002A50D0BBF1000F4DD0F0
:103F40009BF80030002B49D000F104084046EDF307
:103F500041F70446002844D0B9F1010F0BD157B9FD
:103F600006FB0AF0F3F39AF5074638B940462146B6
:103F7000EDF324F735E04FF0000800E08046002123
:103F800024222046EEF374F5019B0822A360638A85
:103F9000204623F0030349EA030343F0040363824A
:103FA0005946EEF33DF60023B9F1010FE3710CD150
:103FB000A4F814A0C4F81C80A66104F120003946BE
:103FC00032465346FFF766FF01E0EB6863612B89D9
:103FD000002001332B810F9B1C6004E06FF0010077
:103FE00001E06FF01A00BDE8FE8F2DE9F8430746A7
:103FF0000E461546002A2DD000282BD0002929DD99
:104000001020F3F34BF5044640B300211022EEF3E9
:104010002FF5E760242707FB06F966814846F3F38E
:104020003DF5804630B92046F3F34AF56FF01A00AB
:10403000BDE8F88300214A46EEF31AF5204640F821
:10404000048B41463A463346FFF724FF2C6000209C
:10405000BDE8F8836FF00100BDE8F8836FF01A0047
:10406000BDE8F88370B5064660B1046854B125898F
:104070005DB92068F3F324F52046F3F321F53560AC
:10408000284670BD6FF0010070BD6FF00F0070BD6D
:10409000FFF719BF1FB50024019203930A46234678
:1040A00000940294FFF735FF04B010BDFFF70BBF7B
:1040B00051B1032902D80423136003E0033121F036
:1040C00003011160002070476FF0010070472DE977
:1040D000F04186B005460C461E46DDF83080174696
:1040E00012B31BB1B8F1000F03D11DE0B8F1000FFE
:1040F0001AD12846214605AAFFF7DAFFB0B92EB13A
:10410000059B7B4398450FD3B3070DD10D9B2846E4
:104110000193012302930E9B21460393059A3B468C
:104120000096FFF7F6FE01E06FF0010006B0BDE873
:10413000F08110B5044690B1C36823B1406804F122
:104140000C01FFF7A5FFA36823B1606804F1080123
:10415000FFF79EFF2046BDE81040F3F3B1B410BD59
:104160002DE9FF41074610200D4616469846F3F309
:1041700095F40446F8B100211022EEF379F4124AC6
:1041800027606560019204F108020023029228462C
:104190000C2132460093FFF79AFF034658B90B4AA9
:1041A0000090019204F10C02029228460C21424632
:1041B000FFF78DFF18B12046FFF7BBFF0024204614
:1041C00004B0BDE8F08100BF90860200888602003E
:1041D000FFF7AFBF80697047008A4000704700005A
:1041E000808ACB69B2FBF0F300FB1322D2B242F01B
:1041F00000421B0642EA13438B61002300E00133B7
:104200008869094A002802DA9342F8D106E093420D
:1042100004D0C30005D4C0F3407070474FF6FF7060
:1042200070474FF6FF7070478096980010B584680D
:10423000002364694B61302CC4BFD1F8F43003F41F
:104240007E03C1F8F430BDE81040FFF7C9BF2DE987
:10425000F041002480460F46160125464046394667
:10426000AA19FFF7E3FF4FF6FF73984206D0A84064
:1042700001350443102DA4B2F0D100E004462046DD
:10428000BDE8F081BF230B80FF2313807047013905
:1042900006291DD8DFE801F0040A1C1C101C1700B9
:1042A0002023438240238382802310E040234382E3
:1042B00083824FF480730AE0602343824023838229
:1042C0004FF4C07303E010234382402383820382B0
:1042D0000020704701390A2919D8DFE801F00608E3
:1042E0000A0C0E1810181818130040230CE0602355
:1042F0000AE0802308E0A02306E0C02304E04FF496
:10430000807301E04FF4C073438220238382838A49
:10431000428A53431B110382002070476FF016003E
:10432000704770B50446058A8068F8F375F400217B
:104330000646A068F9F320F2A2685369222B05DD36
:10434000C36C9B059B0D0733DB08A38510463146E4
:10435000F9F312F2A38D6D00E81A023870BD70B542
:10436000044680680D461646F9F394F030B12046B5
:1043700029463246BDE87040FFF769BF06F5806602
:1043800035F8160080B270BDF8B504468068164650
:104390000F46F8F341F400210546A068F9F3ECF16B
:1043A0003A4601462046FFF7DAFF29463080A068EA
:1043B000F9F3E2F10020F8BD01392DE9F84F044688
:1043C00091461E460E2971D8DFE801F008187028C2
:1043D000707070347070707070703B0090F82E20A8
:1043E000838B0AB1C58C00E0C58BED1AA369D90592
:1043F0002ED53368AB4233D3A78B36E090F82E200E
:10440000038C0AB1C58C00E0458CED1AA3699A05AE
:104410001ED53368AB4223D3278C26E083694FF047
:10442000020513F4806F13D03368012B18D9876A03
:1044300002371AE0878CC58C8369ED1B13F4006F7B
:1044400005E0878BC58C8369ED1B13F4407F04D195
:1044500035606FF01D00BDE8F88F3368AB4204D2C1
:1044600035606FF00D00BDE8F88FA068F8F3D4F365
:1044700000218346A068F9F37FF14FF000088246DF
:1044800009E008EB070220465146FFF768FF08F1F4
:10449000010829F8020BA845F3D1A0685946F9F3A1
:1044A0006BF1C6F800800020BDE8F88F6FF00100C6
:1044B000BDE8F88F73B50023ADF80430ADF80630D1
:1044C000836804465B690D46272B05DDCB691B0518
:1044D0001B0D1B11043B06E01B2B06D84FF4926208
:1044E0009A4002D50C2383620EE0242B01D0272BA7
:1044F00004D1238A7F2B05D80C2304E0172B01D08D
:10450000182B01DD1423A362EB6903F4E023B3F558
:10451000803F0ED04FF00443AB61002300E0013335
:10452000AA69002A2E4A02DA9342F8D157E0934250
:1045300055D02B69A26AA361033220462946FFF7B2
:104540000EFF284BA269000903401343A36103F443
:1045500040730022B3F5407F84F82E2002D101235E
:1045600084F82E30A36A0DF106020433A383238A54
:104570002046E383E38401A9FFF784FEBDF806200B
:10458000BDF80430D61AB6B216B1E3836384A284B0
:10459000A369DB050AD520462946A26AFFF7DFFE9C
:1045A000000980B200B1E083E38B00E0A38B238499
:1045B000AEB92046FFF7B5FEA36900EBD0704010FE
:1045C0006084980509D5A26A204629460132FFF782
:1045D000C6FE00096084A08401E0238CA3847CBD16
:1045E0008096980000FFFF00F8B543690546152B3B
:1045F00001D0162B3CDD2846F8F340F7064600288C
:1046000036D12846F8F33CF7002833D02846F8F393
:1046100003F3314607462846F9F3AEF00646EAF7BB
:10462000FDF86B690446302B04DDF16901F470413B
:10463000090B03E0A96901F46011C90C91B1F36998
:1046400003F4E0231B0C012B03D12046FFF742FEAD
:1046500003E013B92046FFF71AFE20463146FFF764
:1046600029FF00E00C4628463946F9F385F002E0C0
:10467000002400E004462046F8BD08B54368DB6826
:10468000984708BD08B543681B68984708BD73B5CF
:10469000002604460196EAF7C1F84C223146054649
:1046A000EEF3E6F16369152B2B6001D0162B02D9CE
:1046B000EAF7B8F868606B68D3B1AC602046F8F3ED
:1046C00013F7E8602046F8F3DBF6064620B92046EB
:1046D000012101AAF8F30AF76B6820461B69984785
:1046E000054636B92046314601AAF8F3FFF600E048
:1046F0001D4628467CBD2DE9F74399460023044614
:104700000F4690460193F8F3BBF6054620B92046C4
:10471000012101AAF8F3EAF62046F8F3B1F678B1E0
:104720002046F8F3ABF658B92046FFF7B0FF50B17A
:10473000436839465E6942464B46B047064604E048
:104740006FF0180601E04FF0FF3625B920462946E4
:1047500001AAF8F3CBF63046BDE8FE8382604160E3
:10476000016070472DE9F041541A012C0F461E4696
:10477000069D0EDD2046F3F391F1804670B1394677
:104780002246EEF3F1F0C6F8008000202C60BDE870
:10479000F081002018602860BDE8F0816FF01A00F9
:1047A000BDE8F0810EB4F3B581680446012945D90E
:1047B00008AB4068079A0193EEF3A8F2431C064643
:1047C00003D0A368023B984202DD0020A06036E0DF
:1047D00060683D21EEF3CAF140B367682568C71BE6
:1047E00021E028463A46EEF3ABF0B0B9EB5D3D2B45
:1047F00013D12846EEF3E8F16268471C731CDB1BFB
:10480000521BE919D2182846EEF30EF16368DB1B40
:104810006360A368DF19A76008E02B4613F8012B3B
:104820001D46002AFAD161688D42DAD3A368701C54
:104830001B1AA36063681B18636000E00020BDE8DA
:10484000FC4003B0704700002DE9F04FBBB01A9058
:1048500019911B921893002B02F01C874FF4805083
:10486000F3F31CF11290002802F0148737A8129974
:104870004FF48052FFF772FF00214FF480521298DC
:10488000EEF3F6F0189A1168D9B10B78CBB1449ACF
:104890001368022B03D814E0013A026000E0449848
:1048A00002688B1813F8014C1CB913F8023C002B5A
:1048B000F2D01298EEF358F04499389A0B68D31856
:1048C000389300238DF89C304FF0FF3215931393EB
:1048D00001231192169302F0A8BE1999012251F8F2
:1048E000046B0023199117921493179949B1F25C44
:1048F0005F1C1092013AD2B2FD2A0FD8F55D9F1CC1
:104900000DE0F15C4A1ED2B2FD2A109103D880223C
:104910000D46109200E0179D5F1C00E000257B19FA
:10492000B3F5607F82F27E86109B202B28D005D8BD
:10493000152B0BD01B2B42F0708664E010992229B6
:1049400035D030D3802942F0688667E0F3195A7871
:10495000F35D1202D318072B12DDBC1C341922465A
:10496000E14937A8FFF71EFF2046EEF32DF1FA1CB0
:104970001218DE4937A8B218FFF714FF02F04DBE37
:10498000F4196278F35D1202D21837A8D849FFF7FC
:1049900009FFE378A2781B0237A8D6499A18FFF7D7
:1049A00001FF02F03ABEF25D149202F036BE149B93
:1049B0000C2B02F02D869DF89C30002B42F02D86AA
:1049C000F35D042B42F0298607F1020806EB080488
:1049D0002046EEF3B9F6002842F01F8616F808309C
:1049E000DB0702F11A8627A92046EEF325F3119979
:1049F000013142F01286F3199A79DB791202D31849
:104A0000119302F00ABEF319DA799B7937A8BA49F3
:104A100043EA0222FFF7C6FE02F0FFBDF35DF41980
:104A20008F2B02F2FA8501A252F823F0399301008C
:104A30006B9301005594010015990100F19A010052
:104A4000D598010053980100719801007B940100F2
:104A5000199B01008D9B0100B59B0100C99B0100C2
:104A600057BC01003B9A0100BB980100F797010079
:104A7000619C0100A19C01004B930100E19C01009D
:104A8000EF9C0100119D01001F9D01001793010083
:104A9000D992010057BC0100FD9401002D9D010039
:104AA0001195010057BC010057BC010057BC010023
:104AB000439D0100879D01009B9D0100BD9E01005B
:104AC00081A0010057BC010057BC010025A20100D4
:104AD000C9920100B9920100A99201009FA30100AF
:104AE000B3A30100C7A30100DBA3010057BC010071
:104AF000E99B0100EF94010057BC010057BC010085
:104B0000ED930100A7A60100EFA301006B9D01003A
:104B1000799D0100B5A601001DB4010057BC01003C
:104B200057BC010057BC010057BC01001D95010096
:104B300047A4010071A40100B3A40100F1A4010085
:104B40002FA501006DA50100ABA50100E9A501009D
:104B5000FDA5010057BC0100C595010057BC01002F
:104B600057BC010057BC0100D797010031950100E7
:104B700057BC010057BC010057BC010057BC0100E5
:104B800071B4010057BC01000B9801002BA7010074
:104B9000FBA7010051A901003BAA010025AB0100C0
:104BA0005FAB0100E7AB010035AC010043AD010094
:104BB000CDAE010079AF010025B001008FB4010036
:104BC0007B9601003B97010071B00100ADB101007F
:104BD000B9B20100C5B30100D5B40100AFB6010000
:104BE000E7B4010005B5010023B5010041B501009E
:104BF00053B5010065B5010077B5010089B5010025
:104C0000F3B50100FFB501000BB601002FBC010098
:104C100057BC010057BC010057BC010057BC010044
:104C200057BC010057BC010057BC010057BC010034
:104C300057BC010011A6010085A6010057BC010068
:104C400057BC010001B7010069B70100EFB70100CF
:104C500075B80100A1B90100B3B90100BFB90100E5
:104C6000E9B90100E1BA0100D9BB01004FEA950A98
:104C70005FFA8AFA4FF0000801F03CB84FEA550994
:104C80005FFA89F94FF0000801F005B84FEA5509BD
:104C90005FFA89F94FF0000800F0EBBF07F1010857
:104CA00006EB08042046EEF34FF5002842F0B584E9
:104CB00016F80830D80702F1B084204627A9EEF391
:104CC000BBF1119B013342F0A884F3195A799B7907
:104CD0001202D318119302F0A0BCA37862781B02D1
:104CE0009A18119202F099BCDE9302000589020025
:104CF000378F0200748A020043920200647837A85A
:104D0000A54922461694FFF74DFD02F086BCE378D4
:104D100022791B0443EA0263627837A81343A2781E
:104D20009E4943EA0222FFF73DFD02F076BCA278DD
:104D300063781202D2189A4937A8FFF733FD227917
:104D4000E378120237A89749D218FFF72BFD062DFA
:104D500042F26384A2796379120237A89249D21889
:104D6000FFF720FD082D42F25884237AE2791B02D6
:104D700037A88E499A18FFF715FD0A2D42F24D8487
:104D800007F10A0807F1090416F80820335D12023A
:104D9000D21837A88649FFF705FD16F80830325DAE
:104DA0001B0237A883499A18FFF7FCFC02F035BCB8
:104DB000814B0622B5FBF2F21A704FF000089946BB
:104DC00024E0434610217D4A1DA8EDF3B7F6434683
:104DD00010217B4A2FA8EDF3B1F66378A2781DA9C4
:104DE00043EA022237A8FFF7DDFC6379A2791B04AE
:104DF00043EA0263E27837A8134322792FA943EAF2
:104E00000222FFF7CFFC08F10108063499F80030C0
:104E10009845D6DB02F001BC022D06D137A86949BE
:104E20006278FFF7BFFC02F0F8BBA37862781B0240
:104E300037A864499A18FFF7B5FC02F0EEBBA278D8
:104E400063781202042D1A4405D92379E1781B06F0
:104E500009045B181A4337A85B49FFF7A3FC062D2A
:104E600042F2DB83F3199A7959791202082D0A4428
:104E700005D9197ADB7909061B04C9180A4337A832
:104E80005249FFF78FFC0A2D42F2C783F3199A7A31
:104E9000597A12020C2D0A4405D9197BDB7A0906CE
:104EA0001B04C9180A4337A84949FFF77BFC02F0E5
:104EB000B4BB37A847496278FFF774FC02F0ADBB7A
:104EC000A37862781B0237A83A499A18FFF76AFC60
:104ED00002F0A3BB01350021EDB2179102F09DBB9A
:104EE000A378627837A83C4942EA0322FFF75AFCCC
:104EF00002F093BB94F803A023794FEA0A4A4AEAE6
:104F0000036A6378B5F1050B4AEA030A48BFA5F1C5
:104F1000020BA3784FEAAB0B4AEA032A5FFA8BFB3A
:104F20004FF0000824E043441021244A2FA8EDF359
:104F300005F699F8003010214344214A1DA8EDF3ED
:104F4000FDF552462FA937A8FFF72CFCE37822790C
:104F50001B0443EA0263627837A81343A2781DA9B1
:104F600043EA0222FFF71EFC0AF1040A08F10108D5
:104F7000DFF844900434D84599F80030D3DB9B44E3
:104F800089F800B002F049BB0B4BEA081A704FF0E9
:104F9000000899464DE000BF2C94020034900200B6
:104FA000628D02005A9402008E8A02008D870200F0
:104FB00088900200FF8F020028610100003E01007E
:104FC0000B3E01001F930200D98D0200238A0200CC
:104FD000348A0200298B0200AF8D02004346102163
:104FE000B14A1DA8EDF3AAF543461021AF4A2FA8F8
:104FF000EDF3A4F5E37822791B0443EA02636278B7
:105000001DA91343A27837A843EA0222FFF7CAFB7F
:10501000E379227A1B0443EA0263627937A81343D7
:10502000A2792FA943EA0222FFF7BCFB08F101088D
:10503000083499F800309845D0DB02F0EEBA94F8C5
:1050400003A023794FEA0A4A4AEA036A6378B5F172
:10505000050B4AEA030A48BF05F1020BA3784FEAA1
:10506000EB0B4AEA032A5FFA8BFB4FF000083BE0A8
:10507000434410218C4A2FA8EDF360F599F80030D5
:10508000102143448A4A1DA8EDF358F599F80030E1
:1050900010214344874A33A8EDF350F552462FA917
:1050A00037A8FFF77FFBE379227A1B0443EA026308
:1050B000627933A91343A27937A843EA0222FFF7A2
:1050C00071FBE37A227B1B0443EA0263627A37A80E
:1050D0001343A27A1DA943EA0222FFF763FB0AF1F8
:1050E000080A08F101080834DFF8CC91D84599F88E
:1050F0000030BDDB9B4489F800B002F08EBA6E4BE5
:105100000C22B5FBF2F21A704FF0000899463EE00F
:1051100043461021644A33A8EDF310F543461021AD
:10512000634A1DA8EDF30AF543461021614A2FA8F2
:10513000EDF304F5E37822791B0443EA0263627815
:1051400033A91343A27837A843EA0222FFF72AFBC8
:10515000E379227A1B0443EA026362792FA913439D
:10516000A27937A843EA0222FFF71CFBE37A227BED
:105170001B0443EA0263627A37A81343A27A1DA98B
:1051800043EA0222FFF70EFB08F101080C3499F8FC
:1051900000309845BCDB02F040BAE37822791B046A
:1051A00043EA0263627837A81343A278434943EA8B
:1051B0000222FFF7F7FA02F030BAA378627837A834
:1051C0003F4942EA0322FFF7EDFA02F026BA4FF018
:1051D0000509B5FBF9F95FFA89F94FF0000816E007
:1051E00063781021374A2FA8EDF3A8F42379627968
:1051F0001B0443EA0263A27837A81343E2782FA97D
:1052000043EA0222FFF7CEFA08F101080534C84547
:10521000E6DB02F002BA37A82B496278FFF7C2FA40
:10522000022D42F2FA8137A82849A278FFF7BAFA8C
:1052300002F0F3B9002237A825496378FFF7B2FAE4
:10524000022D42F22D82012237A82149A378FFF7CF
:10525000A9FA032D02F02482022237A81C49E37820
:10526000FFF7A0FA042D02F0D681032237A81849CF
:105270002379FFF797FA0122139202F0CEB96278F0
:1052800037A81249FFF78EFA37A811490122A378EF
:10529000FFF788FA02F0C1B937A80E496278FFF724
:1052A00081FA02F0BAB900BF003E01000B3E0100D6
:1052B000163E0100223E01002861010045870200E0
:1052C000299002002E3E01006A8A020031910200FC
:1052D0009C8702005A8B0200AB1E0E2B02F29D81AE
:1052E00001A151F823F000BF6199010057BC0100F2
:1052F00057BC010057BC010057BC0100D9990100FF
:10530000A7990100879901006F99010057BC01001E
:1053100057BC0100D9990100A799010087990100A4
:105320006F99010037A8A9496278FFF73BFA02F0AC
:1053300074B937A8A649627AFFF734FA0C2D8CBFEE
:105340004FF009084FF0000801E04FF00008F31992
:1053500037A89E491A7AFFF725FA0C2D07D9B8F11C
:10536000000F08BF4FF0080801E04FF0000807F1F8
:105370000709984916F8092037A8FFF713FA002201
:1053800037A8954916F80930FFF70CFA0C2D07D904
:10539000B8F1000F08BF4FF0070801E04FF0000818
:1053A0004FF00009A27863788C491202494437A86B
:1053B000D21809F10909FFF7F5F90234B9F11B0F09
:1053C000F0D10C2D42F22981B8F1000F08BF4FF047
:1053D0000608834CB844B04404F1240998F802202C
:1053E00098F801301202214637A8D2180C34FFF782
:1053F000D9F94C4508F10208F0D102F00EB9142D8C
:1054000019D0172D03D0132D42F0078119E006EBB8
:105410000708744998F8162037A8FFF7C3F97249AE
:1054200098F8152037A8FFF7BDF937A86F4998F805
:105430001420FFF7B7F9F31937A86D49DA7CFFF7A5
:10544000B1F9A946A2464FF000082546AA786B7824
:1054500068491202414437A8D21808F10908FFF739
:10546000A1F90235B8F11B0FF0D14D464FF00008FD
:10547000227AE37960491202414437A8D21808F130
:105480000B08FFF78FF90234B8F1210FF0D1002497
:105490009AF80E209AF80D3058491202091937A8C7
:1054A000D2180B34FFF77EF9212C0AF1020AEFD152
:1054B00002F0B3B8E1786278A3780091217937A837
:1054C000019161790291A1790391E1790491217AA5
:1054D00005914B49FFF766F902F09FB8A9464FF0D6
:1054E0000008254615F8013FFF2B04D037A8454991
:1054F0004246FFF757F908F10108B8F1040FF1D15E
:10550000B9F10C0F4D4642F2888004EB08035B783A
:10551000FF2B04D037A83B494246FFF743F908F177
:105520000108B8F10C0FF0D1102D42F2768004EB97
:1055300008035B78FF2B04D037A832494246FFF7B7
:1055400031F908F10108B8F1100FF0D102F065B897
:10555000627837A80AB1A3781BB92B49FFF722F963
:1055600002E02A49FFF71EF9F31937A82849DA782B
:10557000FFF718F902F051B8A378627837A82549E7
:1055800042EA0322FFF70EF902F047B8E3782279E6
:105590001B0443EA0263627837A81343A2781E49CA
:1055A00043EA0222FFF7FEF802F037B837A81B499A
:1055B0006278FFF7F7F8022D42F22F8037A81849DA
:1055C000A278FFF7EFF802F028B800BF368E02008D
:1055D000D38E02009B9302004A890200D38B020003
:1055E000B38F0200BD8D0200E6900200E786020044
:1055F000C68B0200E98D020096900200B786020079
:10560000A6870200458A02003992020084950200B2
:10561000A78C02003C8D0200CB870200A7940200F9
:10562000E89402007C1C325D37A8764902F00F0234
:10563000FFF7B8F8325D37A81209BC1C7249FFF7B2
:10564000B1F8325D37A8714902F00702FFF7AAF8F6
:10565000325D37A8D2086E4902F00302FFF7A2F8C4
:1056600001F0DBBF7C1C325D37A86A4902F00F02F3
:10567000FFF798F8325D37A81209BC1C6649FFF79E
:1056800091F8325D37A8654902F00702FFF78AF802
:10569000325D37A8D208624902F00302FFF782F8B0
:1056A00001F0BBBF37A85F496278FFF77BF801F0D4
:1056B000B4BF627837A85C49FFF774F8A27837A8BE
:1056C0005A49FFF76FF837A85949E278FFF76AF8A7
:1056D00001F0A3BF37A857496278FFF763F801F0DC
:1056E0009CBF37A854496278FFF75CF801F095BF7A
:1056F000A2786378120637A8504942EA0322FFF7DE
:1057000051F801F08ABF627837A84D49FFF74AF88F
:10571000A27837A84B49FFF745F82379E2781B02B6
:1057200037A849499A18FFF73DF801F076BF37A826
:1057300046496278FFF736F801F06FBF37A8444951
:105740006278FFF72FF801F068BFA37862781B0238
:1057500037A840499A18FFF725F801F05EBF94F882
:10576000028063784FEA082898441FFA88F83A497B
:105770004FEAD82237A8FFF715F808F4E062120ABA
:10578000364937A8FFF70EF808F0F802D208344976
:1057900037A8FFF707F808F006025208314937A882
:1057A000FFF700F837A8304908F00102FEF7FAFFCA
:1057B000042D41F232872379E4781B021C19A4B22C
:1057C000E20A37A82949FEF7EDFF04F4E062120A65
:1057D00037A82749FEF7E6FF04F0F802D20837A8F9
:1057E0002449FEF7DFFF04F00602520837A82249D9
:1057F000FEF7D8FF37A8214904F00102FEF7D2FFD7
:1058000001F00BBFF487020042880200C68E02003E
:1058100039880200BF94020038870200558C0200CC
:10582000438E020093920200E6930200478D02002D
:10583000D4930200B7930200E78E0200AC8E020000
:10584000048E0200CC8D02000E900200438F0200F5
:10585000F29402009B8C0200F5880200CC940200B6
:105860006D870200E4880200D9940200769202005B
:10587000888B0200E3890200F18E0200A8930200E7
:1058800000226378674937A8FEF78CFF4FF00008C5
:105890006549A27837A8FEF785FFCDF80080227908
:1058A000E3781202D318019302226049434637A8D5
:1058B000FEF778FFCDF80080A27963791202D31841
:1058C000019302220123594937A8FEF76BFFCDF857
:1058D0000080227AE3791202D3180222019337A8BA
:1058E00052491346FEF75EFF1E2D41F29686627AFC
:1058F00037A84F49FEF756FFA27A37A84D49FEF761
:1059000051FFE27A37A84C49FEF74CFF227B37A8BB
:105910004A49FEF747FFCDF80080A27B637B120265
:10592000D31801930522434637A84049FEF73AFFB2
:10593000CDF80080227CE37B1202D318019305226C
:10594000012337A83949FEF72DFFCDF80080A27C4E
:10595000637C1202D31801930522022337A833492E
:10596000FEF720FFCDF80080CDF80480227DE37C97
:105970001202D318029305226C234FF0010937A8B5
:105980002F49FEF70FFFCDF80090CDF80480A27DDF
:10599000637D1202D318029305226C234FF0020A92
:1059A00037A82749FEF7FEFECDF800A0CDF8048009
:1059B000227EE37D1202D318029305226C2337A8BE
:1059C0001F49FEF7EFFECDF80080CDF80480A27EDF
:1059D000637E1202D31802930522682337A8184960
:1059E000FEF7E0FECDF80090CDF80480227FE37E44
:1059F0001202D3180293052237A868231049FEF734
:105A0000D1FECDF800A0CDF80480A37F627F1B02F9
:105A10009B18029337A80A4905226823FEF7C2FEA5
:105A200001F0FBBD4A8902002C880200A686020014
:105A3000E4910200C2920200409002007B940200B6
:105A400026920200012263789C4937A8FEF7AAFE3D
:105A50004FF001089A49A27837A8FEF7A3FECDF8C7
:105A600000802279E3781202D318019302220023E6
:105A7000944937A8FEF796FECDF80080A2796379A5
:105A80001202D318019302228E49434637A8FEF72B
:105A900089FECDF80080227AE3791202D31802221F
:105AA000019337A887491346FEF77CFE1E2D41F26D
:105AB000B485627A37A88449FEF774FEA27A37A8C3
:105AC0008249FEF76FFEE27A37A88149FEF76AFE47
:105AD000227B37A87F49FEF765FECDF80080A27BC8
:105AE000637B1202D31801930522002337A875495E
:105AF000FEF758FECDF80080227CE37B1202D3181B
:105B000001930522434637A86E49FEF74BFECDF8B8
:105B10000080A27C637C1202D31801930522022329
:105B20004FF0000937A86749FEF73CFECDF800901A
:105B3000CDF80480227DE37C1202D3180293052263
:105B40006C2337A86449FEF72DFECDF80080CDF810
:105B50000480A27D637D1202D318029305226C2378
:105B60004FF0020A37A85C49FEF71CFECDF800A0F2
:105B7000CDF80480227EE37D1202D3180293052221
:105B80006C2337A85449FEF70DFECDF80090CDF8F0
:105B90000480A27E637E1202D3180293052268233A
:105BA00037A84D49FEF7FEFDCDF80080CDF8048002
:105BB000227FE37E1202D3180293052237A86823BE
:105BC0004549FEF7EFFDCDF800A0CDF80480A37F96
:105BD000627F1B029B18029337A83F490522682366
:105BE000FEF7E0FD01F019BDA27863781202D21829
:105BF0003A4937A8FEF7D6FDA279637912061B044D
:105C0000D218237937A81B02D218E3783449D21866
:105C1000FEF7C8FD122D41F20085A27A637A1206C2
:105C20001B04D218237A37A81B02D218E3792D4916
:105C3000D218FEF7B7FDA27B637B12061B04D218B5
:105C4000237B37A81B02D218E37A2749D218FEF724
:105C5000A9FDA27C637C12061B04D318227C37A802
:105C600012029B18E27B21499A18FEF79BFD01F076
:105C7000D4BCA27863781202D31800930222434660
:105C800037A81B4908F10108FEF78CFD0234C8450E
:105C9000EFDD01F0C2BCA27863781202D318009342
:105CA0000522434637A8124908F10108FEF77AFD9C
:105CB0000234C845EFDD01F0B0BC00BF4A890200E4
:105CC000DA8E0200A6860200F2910200CF92020054
:105CD0004B9402008A9402002692020086920200EF
:105CE00098860200169102008C930200028F020037
:105CF000138A0200CDF80080A27863781202D318CC
:105D0000019305226C2337A8BB4908F10108FEF76F
:105D100049FD0234D045EDDD4FEA55095FFA89F9B6
:105D200009F1010B09F10209B944BB4406EB09046E
:105D30004FF00008CDF800802278C9EB040313F877
:105D40000B301202D31801930522682337A8AA4901
:105D500008F10108FEF726FD0234D045EADD01F026
:105D60005CBCA37862781B0237A8A4499A18FEF796
:105D700019FD01F052BCA37862781B0237A8A04934
:105D80009A18FEF70FFD01F048BCA37862781B0259
:105D900037A89C499A18FEF705FD01F03EBCA37890
:105DA00062781B0237A898499A18FEF7FBFC01F0AD
:105DB00034BC2279E37812061B04D218A37837A8E2
:105DC0001B02D21863789149D218FEF7EBFC227AB5
:105DD000E37912061B04D218A37937A81B02D21844
:105DE00063798B49D218FEF7DDFC227BE37A120639
:105DF0001B04D318A27A37A812029B18627A85492D
:105E00009A18FEF7CFFC01F008BCA2786378120262
:105E100037A88149D218FEF7C5FC042D41F2FD8355
:105E20002379E2781B0237A87C499A18FEF7BAFC5E
:105E300001F0F3BB2279E37812061B04D218A37891
:105E400037A81B02D21863787549D218FEF7AAFC4E
:105E5000062D41F2E283227AE37912061B04D3185D
:105E6000A27937A812029B1862796E499A18FEF738
:105E700099FC01F0D2BBDFF8BC914FF00108A845B6
:105E800081F2CB832279E37812061B04D218A3781F
:105E900049461B02D218637837A8D21808F10408C3
:105EA000FEF780FC0434B8F1190F09F11809E6D1A6
:105EB00001F0B3BBDFF880914FF00108A84581F2F3
:105EC000AC832279E37812061B04D218A3784946E2
:105ED0001B02D218637837A8D21808F10408FEF71D
:105EE00061FC0434B8F10D0F09F11309E6D101F09A
:105EF00094BBDFF848914FF00108A84581F28D83EB
:105F00002279E37812061B04D218A37849461B02B3
:105F1000D218637837A8D21808F10408FEF742FCBB
:105F20000434B8F10D0F09F11409E6D101F075BB85
:105F3000DFF80C914FF00108A84581F26E832279B9
:105F4000E37812061B04D218A37849461B02D21824
:105F5000637837A8D21808F10408FEF723FC04344C
:105F6000B8F10D0F09F11409E6D101F056BBDFF8C5
:105F7000D4904FF00108A84581F24F832279E3784D
:105F800012061B04D218A37849461B02D218637864
:105F900037A8D21808F10408FEF704FC0434B8F15D
:105FA0000D0F09F11409E6D101F037BBA37862782F
:105FB0001B0237A81C499A18FEF7F4FB01F02DBB11
:105FC000A37862781B0237A818499A18FEF7EAFBF3
:105FD00001F023BB2279E37812061B04D318A278C0
:105FE000647812029B1837A8114901221B19FEF789
:105FF000D9FB01F012BB00BF00920200F48F020037
:10600000B7900200808902005989020016910200AF
:106010008C930200028F02009C920200AF92020059
:10602000A9910200C0910200B98E020037940200CB
:106030003B910200998A0200628C0200978802005C
:1060400048950200F09302002279E37812061B04BF
:10605000D318A278647812029B1837A897490222B5
:106060001B19FEF79FFB01F0D8BA37A89449627854
:10607000FEF798FB01F0D1BA9249627807F1020865
:1060800037A8FEF78FFB16F808208F49120937A8AA
:10609000FEF788FB16F8082037A88C4902F00F029B
:1060A000FEF780FB032D41F2B882E27837A88849D9
:1060B000FEF778FB07F10508227937A88549FEF736
:1060C00071FB16F8082037A892088349FEF76AFB8F
:1060D00016F8082037A8814902F00302FEF762FB98
:1060E00037A87F49A279FEF75DFB01F096BA94F8D4
:1060F000028063784FEA082898441FFA88F84FEA2C
:10610000D82237A87749FEF74DFB08F480630222B6
:106110009B0A37A87449FEF745FB08F40073022276
:106120005B0A37A87149FEF73DFB08F4F8730222B9
:106130001B0937A86E49FEF735FB08F00E03022253
:106140005B0837A86B49FEF72DFB022208F001031C
:1061500037A86949FEF726FB2379E4781B021C194E
:10616000A4B2E20A37A86549FEF71CFB04F4806379
:1061700005229B0A37A85C49FEF714FB04F4007360
:1061800005225B0A37A85949FEF70CFB04F4F873A3
:1061900005221B0937A85649FEF704FB04F00E033D
:1061A00005225B0837A85349FEF7FCFA37A8524985
:1061B000052204F00103FEF7F5FA01F02EBAA278E9
:1061C00063781202D21837A84D49FEF7EBFA94F81B
:1061D00004E0E3784FEA0E2E0022734437A84949C1
:1061E000FEF7E0FA217AE27909028A1894F806E0CB
:1061F00063790092A17A627A09024FEA0E2E8A1818
:106200007344019237A800223F49FEF7CBFA227B64
:10621000E37A0092627B37A80192A27B3B4902920B
:106220000022FEF7BFFAA17C627C09028A1894F86A
:1062300010E0E37B0092217DE27C09028A18019242
:10624000A17D627D09028A180292217EE27D090207
:106250008A180392A17E627E09028A180492217F25
:10626000E27E09028A180592A17F627F09028A18DC
:10627000069294F82010E27F09028A18079294F897
:10628000221094F8212009028A18089294F8241008
:1062900094F8232009028A18099294F8262094F889
:1062A0002510120252184FEA0E2E0A9237A81849EA
:1062B00000227344FEF776FA01F0AFB93B91020079
:1062C000508D0200808A0200328B0200FF8902009A
:1062D000D7870200958B0200099102008791020086
:1062E000129202006E8D02009B910200118F02003B
:1062F000D791020099940200C1930200D88602004F
:10630000458C02004A89020021870200A88B020006
:10631000EE8B020094F802E063784FEA0E2E012221
:10632000734437A8AA49FEF73DFAA17962790902B8
:106330008A1894F804E0E3780092217AE27909025D
:106340004FEA0E2E8A187344019237A80122A14900
:10635000FEF728FAA27A637A0092E27A37A80192CD
:10636000227B9D4902920122FEF71CFA217CE27BEE
:1063700009028A1894F80EE0637B0092A17C627C8B
:1063800009028A180192217DE27C09028A18029290
:10639000A17D627D09028A180392217EE27D0902B5
:1063A0008A180492A17E627E09028A180592217FD2
:1063B000E27E09028A180692A17F627F09028A188A
:1063C000079294F82010E27F09028A18089294F844
:1063D000221094F8212009028A18099294F82420A6
:1063E00094F82310120252184FEA0E2E0A9237A880
:1063F0007A4901227344FEF7D5F901F00EB994F8F9
:1064000002E063784FEA0E2E0222734437A87049E7
:10641000FEF7C8F9A179627909028A1894F804E0B4
:10642000E3780092217AE27909024FEA0E2E8A1867
:106430007344019237A802226649FEF7B3F9A27AA3
:10644000637A0092E27A37A80192227B6249029233
:106450000222FEF7A7F9217CE27B09028A1894F850
:106460000EE0637B0092A17C627C09028A18019293
:10647000217DE27C09028A180292A17D627D0902D7
:106480008A180392217EE27D09028A180492A17E75
:10649000627E09028A180592217FE27E09028A182B
:1064A0000692A17F627F09028A18079294F8201051
:1064B000E27F09028A18089294F8221094F82120A9
:1064C00009028A18099294F8242094F823101202E1
:1064D00052184FEA0E2E0A9237A8404902227344FE
:1064E000FEF760F901F099B8627837A83C49FEF7E9
:1064F00059F90122A37837A83A49FEF753F9022245
:10650000E37837A83749FEF74DF96379227903F02C
:1065100001031B0237A834499A18FEF743F901F02A
:106520007CB8A27863781202D31800932822002343
:1065300037A82E49FEF736F92279E3781202D318EC
:1065400000932822012337A82849FEF72BF9A279C6
:1065500063791202D31800932822022337A8234913
:10656000FEF720F9227AE3791202D3180093502221
:10657000002337A81D49FEF715F9A27A637A1202A3
:10658000D31800935022012337A81849FEF70AF9BF
:10659000237BE27A1B029B18009337A813495022F1
:1065A0000223FEF7FFF801F038B8A27863781202F0
:1065B000D21837A80E49FEF7F5F82379E2781B02C6
:1065C00037A80C499A18FEF7EDF801F026B800BF7D
:1065D0004A89020021870200A88B0200EE8B02008C
:1065E000E5870200F48602002D930200F590020078
:1065F000118802005292020094F804E0E3784FEA16
:106600000E6E1B049E44A3786C221B029E4463788A
:1066100037A873449749FEF7C5F894F808E0E37982
:106620004FEA0E6E1B049E44A3796C221B029E440B
:10663000637937A873449049FEF7B4F894F80CE0F6
:10664000E37A4FEA0E6E1B049E44A37A6D221B026E
:106650009E44637A37A873448649FEF7A3F894F8FA
:1066600010E0E37B4FEA0E6E1B049E44A37B6D2279
:106670001B029E44637B37A873447F49FEF792F860
:1066800094F814E0E37C4FEA0E6E1B049E44A37C56
:1066900068221B029E44637C37A873447549FEF749
:1066A00081F894F818E0E37D4FEA0E6E1B049E44D7
:1066B000A37D68221B029E44637D37A873446E4904
:1066C000FEF770F894F81AE0637E4FEA0E2E6C2203
:1066D000734437A86949FEF765F894F81CE0E37E37
:1066E0004FEA0E2E6D22734437A86449FEF75AF81C
:1066F000A37F647F1B0237A8604968221B19FEF73D
:1067000051F800F08ABF94F802E063784FEA0E2E49
:106710007344682237A85A49FEF744F82279E3788F
:106720001202D318009368226C2337A85549FEF74C
:1067300039F8A27963791202D318009368226C2386
:1067400037A85149FEF72EF8227AE3791202D318BE
:10675000009368226D2337A84A49FEF723F8A27AEE
:10676000637A1202D318009368226D2337A8464932
:10677000FEF718F8227BE37A1202D31868220093FE
:1067800037A813463F49FEF70DF8A27B637B120240
:10679000D3186822009337A813463B49FEF702F846
:1067A00094F810E0E37B4FEA0E2E73446C2237A876
:1067B0003349FDF7F7FFA27C637C1202D3186C22E9
:1067C000009337A813462F49FDF7ECFF227DE37CA9
:1067D0001202D3186C22009337A813462A49FDF7FA
:1067E000E1FFA27D637D1202D31800936C2207F1B2
:1067F00018086D2337A82349FDF7D4FF16F80820A1
:10680000E37D1202D31800936C226D2307F11A095D
:1068100037A81D49FDF7C6FF16F80920637E12024E
:10682000D31800936C22682337A81649FDF7BAFFE6
:10683000227FE37E1202D31800936C22682337A8CC
:106840001149FDF7AFFFA37F16F808E01B0268228D
:10685000734437A80D49FDF7A5FF94F8203016F8CA
:1068600009401B0237A809496C221B19FDF79AFF42
:1068700000F0D3BE328C02008F950200DC92020041
:10688000248F0200D78F0200428B0200688B020027
:106890006378002237A8AA4903F01F03FDF782FF9F
:1068A000A378012237A8A64903F01F03FDF77AFF5A
:1068B000E378022237A8A24903F01F03FDF772FF15
:1068C0006279237902F01F020092A27937A802F0C0
:1068D0001F020192E2799B4902F01F02029203F02B
:1068E0001F030022FDF75EFF627A237A02F01F0287
:1068F0000092A27A37A802F01F020192E27A91492F
:1069000002F01F02029203F01F030122FDF74AFF6B
:10691000627B237B02F01F020092A27B37A802F069
:106920001F020192E27B874902F01F02029203F0EC
:106930001F030222FDF736FF00F06FBE63780022CE
:1069400037A8814903F03F03FDF72CFFA37801220C
:1069500037A87D4903F01F03FDF724FFE3780222E7
:1069600037A8794903F01F03FDF71CFF62792379EB
:1069700002F03F020092A27937A802F03F02019292
:10698000E279724902F03F02029203F03F030022D3
:10699000FDF708FF627A237A02F01F020092A27AC2
:1069A00037A802F01F020192E27A684902F01F0242
:1069B000029203F01F030122FDF7F4FE627B237BAA
:1069C00002F01F020092A27B37A802F01F02019280
:1069D000E27B5E4902F01F02029203F01F030222D3
:1069E000FDF7E0FE00F019BE0022637837A8584991
:1069F000FDF7D8FE0122A37837A85549FDF7D2FE4E
:106A00000222E37837A85249FDF7CCFE0022237911
:106A100037A85049FDF7C6FE0122637937A84D49D2
:106A2000FDF7C0FE37A84B490222A379FDF7BAFE55
:106A300000F0F3BD94F8028063784FEA0828984488
:106A40001FFA88F84FEAD83300930522002337A8AD
:106A50004149FDF7A7FE08F4F043DB12009305223D
:106A6000002337A83D49FDF79DFE08F4E0631B12A3
:106A700000930522002337A83949FDF793FE08F05B
:106A80008003DB1100930222002337A83249FDF76F
:106A900089FE08F07803DB1000930222002337A858
:106AA0002E49FDF77FFE08F0070300930222002322
:106AB00037A82B49FDF776FE2379E4781B021C19D1
:106AC000A4B24FF000084FEAD4390522682337A852
:106AD000244904F4F04A4FEAEA2A8DE8000304F45A
:106AE000E064FDF75FFE0522682337A81E492412E3
:106AF0008DE80005FDF756FE682337A81B490522DF
:106B0000CDF800800194FDF74DFE052237A86D23D6
:106B100014498DE80003FDF745FE05226D2337A8D3
:106B200011498DE80005FDF73DFE37A80F49052204
:106B30006D23CDF800800194FDF734FE00F06DBDAB
:106B4000B18C02006689020032890200C390020003
:106B50004C8E02007D8B02000593020065940200BA
:106B60004F90020005870200528A0200118E020037
:106B700094F8028063784FEA082898441FFA88F84E
:106B80004FEAD83300930522012337A8B549FDF712
:106B900009FE08F4F043DB1200930522012337A815
:106BA000B149FDF7FFFD08F4E0631B1200930522D5
:106BB000012337A8AD49FDF7F5FD08F08003DB118F
:106BC00000930222012337A8A649FDF7EBFD08F048
:106BD0007803DB1000930222012337A8A249FDF7B6
:106BE000E1FD08F0070300930222012337A89F4923
:106BF000FDF7D8FD2379E4781B021C19A4B24FF0ED
:106C000001084FEAD4390522682337A8984904F4CB
:106C1000F04A4FEAEA2A8DE8000304F4E064FDF745
:106C2000C1FD0522682337A8924924128DE800058A
:106C3000FDF7B8FD682337A88F490522CDF80080FD
:106C40000194FDF7AFFD052237A86D2388498DE833
:106C50000003FDF7A7FD05226D2337A885498DE8C0
:106C60000005FDF79FFD37A8834905226D23CDF868
:106C700000800194FDF796FD00F0CFBC94F80280EF
:106C800063784FEA082898441FFA88F84FEAD83307
:106C900000930522022337A87249FDF783FD08F40B
:106CA000F043DB1200930522022337A86E49FDF75B
:106CB00079FD08F4E0631B1200930522022337A834
:106CC0006A49FDF76FFD08F080030222DB11009393
:106CD00037A813466349FDF765FD08F078030222E3
:106CE000DB10009337A813465F49FDF75BFD0222D6
:106CF00008F00703009337A813465C49FDF752FDDF
:106D00002379E4781B021C19A4B24FF002084FEA61
:106D1000D4390522682337A8554904F4F04A4FEACC
:106D2000EA2A8DE8000304F4E064FDF73BFD052248
:106D3000682337A84F4924128DE80005FDF732FD7E
:106D40000522682337A84C49CDF800800194FDF74F
:106D500029FD6D2337A8464905228DE80003FDF77C
:106D600021FD052237A86D2342498DE80005FDF776
:106D700019FD37A8404905226D23CDF80080019404
:106D8000FDF710FD00F049BC94F802E063784FEA8B
:106D90000E2E2822734437A83849FDF703FD94F8D6
:106DA00004E0E3784FEA0E2E2822734437A83449D2
:106DB000FDF7F8FC94F806E063794FEA0E2E5022B6
:106DC000734437A82D49FDF7EDFC237AE4791B02C3
:106DD00037A82B4950221B19FDF7E4FC00F01DBC1D
:106DE000A27863780092E2782521019222791DA889
:106DF000029262790392A2790492E2790592227A50
:106E00000692627A0792A27A0892E27A0992227B2B
:106E10000A92627B0B92A27B0C92E27B0D92227C07
:106E20000E92184AEBF38AF637A817491DAAFDF708
:106E3000B9FCF2E37C1C325D37A8144902F07F02F2
:106E4000FDF7B0FC325D37A81149D209FDF7AAFC65
:106E5000E3E3A378627837A80E4942EA0322FDF7FC
:106E6000A1FCDAE305930200659402004F90020052
:106E700005870200528A0200118E02004C91020026
:106E8000148902003A3E010068910200B2940200A7
:106E90006692020070910200A378627837A8944944
:106EA00042EA0322FDF77EFCB7E3E37822791B0474
:106EB00043EA0263627837A81343A2788D4943EA14
:106EC0000222FDF76FFCA8E3E37822791B0443EA72
:106ED0000263627837A81343A278874943EA022203
:106EE000FDF760FC99E3E37822791B0443EA02632F
:106EF000627837A81343A278804943EA0222FDF75B
:106F000051FC8AE3A378627837A87D4942EA0322DC
:106F1000FDF748FC81E3A378627837A8794942EA13
:106F20000322FDF73FFC78E3A378627837A876491F
:106F300042EA0322FDF736FC6FE3A378627837A8B4
:106F4000724942EA0322FDF72DFC66E394F80190B2
:106F50005FEA990900F061834FF00008A179E279B6
:106F6000090294F803E041EA0241627923790A4375
:106F70004FEA0E2E4EEA034EA3780092617AA27A6F
:106F8000090241EA0241227A37A80A430192217B91
:106F9000627B090241EA0241E27A4EEA03030A43B4
:106FA00002925B49424608F10108FDF7FBFB0C34F5
:106FB000C845D3DB31E337A856496278FDF7F2FBC9
:106FC0002BE337A854496278FDF7ECFB25E3227ADE
:106FD000E17923791143A27994F803E011436279AE
:106FE0004EEA030EA3780A434EEA030E637800923A
:106FF000227BE17A4EEA03031143A27A37A81143B8
:10700000627A0A430192227CE17B1143A27B114305
:10701000627B0A43029241490022FDF7C3FB227EB4
:10702000E17D237D1143A27D94F813E01143627D3D
:107030004EEA030EA37C0A434EEA030E637C0092E1
:10704000227FE17E37A81143A27E4EEA030311435B
:10705000627E0A43019294F82020E17F1143A27FCF
:107060000A43617F0A4302922C490122FDF79AFBF1
:10707000D3E2A37864781B021C19A4B204F00F03B6
:1070800000932822002337A82549FDF78BFB04F045
:10709000F0031B1100932822012337A82049FDF794
:1070A00081FB04F470631B1200932822022337A88B
:1070B0001B49FDF777FB37A81A492822E30BFDF798
:1070C00071FBAAE22179E27809028A1894F802E0B9
:1070D00063780092A2796179120252184FEA0E2E5B
:1070E000019237A8104900227344FDF75BFB94E23C
:1070F000D38802003F930200579302006F9302006F
:10710000588E02006D8E0200828E0200978E020061
:107110006890020024910200D4890200798D020057
:10712000998D0200ED920200538702002179E278E6
:1071300009028A1894F802E063780092A1796279D2
:1071400009028A180192217AE27909028A180292C8
:10715000A17A627A09028A180392217BE27A0902F3
:107160008A180492A17B627B09028A180592217C0D
:10717000E27B09028A180692A17C627C09028A18C5
:107180000792217DE27C09028A180892A17D627D26
:1071900009028A180992227EE17D120252184FEAF2
:1071A0000E2E0A9237A87B4900227344FDF7FAFAA3
:1071B00033E22179E27809028A1894F802E06378D0
:1071C0000092A179627909028A180192217AE27902
:1071D00009028A180292A17A627A09028A18039235
:1071E000217BE27A09028A180492A17B627B090260
:1071F0008A180592217CE27B09028A180692A17CFA
:10720000627C09028A180792217DE27C09028A18B1
:107210000892A17D627D09028A180992227EE17D91
:10722000120252184FEA0E2E0A9237A85A4900222B
:107230007344FDF7B7FAF0E12179E27809028A1880
:1072400094F802E063780092A179627909028A18C1
:107250000192217AE27909028A180292A17A627A6D
:1072600009028A180392217BE27A09028A180492A1
:10727000A17B627B09028A180592217CE27B0902CC
:107280008A180692A17C627C09028A180792217DE5
:10729000E27C09028A180892A17D627D09028A189F
:1072A0000992217EE27D09024FEA0E2E8A180A9287
:1072B0007344002237A83949FDF774FA217FE27E32
:1072C00009028A1894F81AE0637E0092A17F627F17
:1072D00009028A18019294F82010E27F09028A18A4
:1072E000029294F8221094F8212009028A1803923D
:1072F00094F8241094F8232009028A18049294F830
:10730000261094F8252009028A18059294F828106E
:1073100094F8272009028A18069294F82A1094F803
:10732000292009028A18079294F82C1094F82B202F
:1073300009028A18089294F82E1094F82D20090258
:107340008A18099294F8302094F82F1012025218DB
:107350004FEA0E2E0A9237A8104901227344FDF716
:1073600021FA5AE1A37862781B0237A80C499A18CF
:10737000FDF718FA51E137A80A496278FDF712FAC9
:107380004BE1A378627837A8074942EA0322FDF768
:1073900009FA42E14F8802008C890200FE94020043
:1073A000458C0200018802007E870200E278237982
:1073B000120442EA03626378217A1A43E379207B5C
:1073C0001B0443EA0163617994F802C00B43E17A3C
:1073D00094F806E0090441EA0061607A42EA0C226E
:1073E0000143A07A43EA0E2341EA00210091E17BA8
:1073F000207C090441EA0061607B0143A07B41EAF3
:1074000000210191E17C207D090441EA0061607C5A
:107410000143A07C41EA00210291E17D207E090424
:1074200041EA0061607D0143A07D41EA00210391B2
:10743000E17E207F090441EA0061607E0143A07E75
:1074400041EA00210491E17F94F82000090441EA17
:107450000061607F0143A07F41EA0021059194F81B
:10746000231094F82400090441EA006194F82100F3
:10747000014394F8220041EA0021069194F8270084
:1074800094F82810000440EA016094F825100143A4
:1074900094F8260041EA0021079137A88249FDF7B8
:1074A00081F9BAE0E2782379120442EA0362637850
:1074B000217A1A43E379207B1B0443EA0163617953
:1074C00094F802C00B43E17A94F806E0090441EA1B
:1074D0000061607A42EA0C220143A07A43EA0E235B
:1074E00041EA00210091E17B207C090441EA00612E
:1074F000607B0143A07B41EA00210191E17C207D7A
:10750000090441EA0061607C0143A07C41EA00215A
:107510000291E17D207E090441EA0061607D014322
:10752000A07D41EA00210391E17E207F090441EA28
:107530000061607E0143A07E41EA00210491E17F69
:1075400094F82000090441EA0061607F0143A07FB4
:1075500041EA0021059194F8231094F824000904CD
:1075600041EA006194F82100014394F8220041EAC5
:107570000021069194F8270094F82810000440EAAE
:10758000016094F82510014394F8260041EA002197
:10759000079137A84549FDF705F93EE00B2D3CD191
:1075A000A37862781B02D21837A84149FDF7FAF890
:1075B0002379E2781B02D21837A83E49FDF7F2F88A
:1075C000A37962791B02D21837A83B49FDF7EAF884
:1075D000237AE2791B02D21837A83849FDF7E2F87E
:1075E000A27A637A120237A835499A18FDF7DAF8B9
:1075F00013E0E37822791B0443EA0263627837A838
:107600001343A2782F4943EA0222FDF7CBF804E0A6
:107610000022149201E00123139310997B19FF2992
:107620007DF463A9159A01321592159B1B998B4223
:107630007DF453A9119A511C03D037A82249FDF7B4
:10764000B1F89DF89C3023B137A8204927AAFDF74F
:10765000A9F8169B0A2B0CD800201D49ECF3A4F0C6
:1076600038B9139929B937A81A49139AFF23FDF796
:1076700099F8389A002302F8013B449B1A9800932A
:107680001299189B3892FDF76DF804461298F0F3A2
:1076900017F201E06FF0010420463BB0BDE8F08F27
:1076A00001211391B9E700BFC28C0200FF8C0200D8
:1076B0004F8F0200638F0200778F02008B8F0200D2
:1076C0009F8F02002C8E02001D900200F4890200A0
:1076D000468902009C8702002DE9F04F8DB005928B
:1076E00005468A4606A80021142298460B91EBF322
:1076F000BFF1594B1C78002C40F0A3806B69232B01
:107700000CDD1C222846214623460094F5F388F21E
:10771000002806DA01260227B14605E004270126E3
:1077200001E00C270326A1462846F5F30BF20128B9
:10773000834602D0022813D105E028465146EBF3D8
:10774000CBF040000BE02846FCF7A1FF044638B11F
:10775000FCF793FFC20503D52046FCF793FF0B907F
:107760000B9800284ED0F0F399F1044600286ED013
:10777000BBF1010F03D0BBF1020F1BD10BE00B9B40
:10778000002101930290059A2846534600910391E7
:10779000EBF3A0F00CE00B9A0CAB520843F8042D6D
:1077A000284601212246FCF7A6FF0B9B5B000B93AA
:1077B000002840D122884FF6FD73013A92B29A42D6
:1077C00003D92046F0F37CF11CE0B9F1000F03D09F
:1077D00004EB4707069719E0E31962880693A3882C
:1077E000A7F5805707EB12221B0602EB1343E318A1
:1077F0000793E388DB19E31808932389DF19E71956
:10780000099703E0154B002406930126169A50466B
:10781000009206A932464346FDF716F850B9169B6A
:1078200028461A68D8F8001001F038FDD8F8002072
:107830000B4B1A6014B12046F0F342F1064A0123C3
:107840001370169B0020C8F80000186001E06FF06C
:107850001A000DB0BDE8F08F29610100608B0200B5
:107860008893020030B51946039B049C43B14CB188
:1078700000251D6025600394BDE83040FFF72CBF54
:10788000184630BD204630BD014B00221A707047AB
:1078900029610100F8B50C4F06463C688CB1012502
:1078A0000BE0284600212C46E6F7C6FF20B128460B
:1078B0003146E6F7BBFF04E001353B689D42F0D955
:1078C00000242046F8BD00BF2C61010010B584786B
:1078D00001462046E6F7B0FF28B120460021E6F732
:1078E000A5FF002010BD4FF0FF3010BD70B50C4E4D
:1078F0000D46306880B90B49E6F798FF012404E093
:1079000020460021E6F792FF013433689C42F7D904
:10791000034B28461D6070BD4FF0FF3070BD00BFA7
:107920002C610100ADDEADDE064B1A68194632B19E
:10793000012300E001339342FCD900230B600020B7
:10794000704700BF2C6101002DE9F0470C46166816
:107950008246154608468422002198469DF82470E8
:10796000EBF386F02046FFF795FFC0B2002832D037
:10797000012323709DF82030A070003318BF01232D
:10798000E3703C233C2EB4BFB1464FF03C09A4F851
:107990000E806770A381002615E0504641463A46A6
:1079A000F0F390F030B96368002B0CBF6FF01A0051
:1079B00000200BE0A3780136C3706368436123891C
:1079C0006060013323814E45E7DB0020238963811A
:1079D0002B60BDE8F0874FF0FF30BDE8F087F8B5C9
:1079E00006460C4600250BE07B69304663600023A9
:1079F0007B61FB703946E278F0F386F00135ADB279
:107A00006768002FF0D1238920465B1B238163899F
:107A10005D1B6581FFF75AFFA77027703846F8BDD8
:107A200010B5C37C032B08D09C1D00EBC4040133AC
:107A30006160A260C374002010BD4FF0FF3010BD24
:107A40002DE9F84311F01F0618BF012606EB511768
:107A500007F107094FEA890948460D4601F01F085A
:107A6000F0F31CF0044600283BD000214A46BFB288
:107A7000EAF3FEF76780A580E580A46021462246F0
:107A8000002303E04FF0FF30906101330432BB422A
:107A9000F8D356B14FF0FF3202FA08F87B1D04EB21
:107AA00083035A6882EA08025A6017F01F0318BF5E
:107AB000012307F01F0003EB57172780002203E084
:107AC0004FF0FF358D6001320431BA42F8D343B133
:107AD0004FF0FF338340013704EB87077A68534048
:107AE0007B602046BDE8F8830846EFF3E9B7436BB7
:107AF00023B14FF47F629A60436B05E0836B4BB117
:107B00004FF47F629A60836B9868D0F1010038BFB0
:107B100000207047012070470346002001E001303B
:107B2000C0B25B08FBD170470B6843F440330B6075
:107B300008680B6800F4403023F440330B60A0F574
:107B40004031484240EB0100704708B5416B09B92C
:107B5000816B21B1806AFFF7E7FF012008BD08466D
:107B600008BD2DE9F047DDF820801F88099D1046EB
:107B7000894614461E46394642462B46EFF38EF49C
:107B80008246E8B1012313FA07F72B68013BDB19A2
:107B9000B3FBF7F35F43631EDB195F4017EA090F7E
:107BA0000ED02046FFF7B8FF30805046EFF380F448
:107BB0003188204642462B46BDE8F047EFF36EB4CD
:107BC0005046BDE8F08770B5002301290CBFB0F81E
:107BD0004620B0F86C2086B00493B0F8443012010F
:107BE00001290446ADF816300D46806A41F6FF7350
:107BF00029D104AED4F8C410009604F15C060196B5
:107C0000994214BF4FF480314FF4005104F15006F3
:107C10000DF116030296FFF7A4FF002840D0BDF82F
:107C20001630E26D15FA03F3511EC918B1FBF3F1DA
:107C30004B43A3659B1A9BB2C018A4F86030049B09
:107C4000E06363662BE004ADD4F8CC10009504F13A
:107C500084050195994214BF4FF480314FF40051CF
:107C600004F178050DF116030295FFF77AFFB8B11C
:107C7000BDF81630012515FA03F3D4F88420511EFF
:107C8000C918B1FBF3F14B43C4F880309B1A9BB287
:107C9000C018A4F88830049B2064C4F88C302846AF
:107CA00006B070BDFFF78FBF2DE9F74F8DE80300D9
:107CB0000EAEE02014469A460D9F96E8400ADDF885
:107CC0004C80EFF3EBF60546002800F079810021A7
:107CD000E022EAF3CDF69A4B0021B8F1000F08BF7D
:107CE00098460A46C5F81C802046F4F38BF70C9B97
:107CF000C0F30030AB63934B03212B60002285F867
:107D00003000C5F834A02846EDF3F8F5082205F157
:107D100020000199EAF384F7002385F82730009BBF
:107D2000EC62AB62BBF1FF3F14BF5B46CC23B9F101
:107D3000CC0F88BFC3EB0909C5F89830BDF84430B3
:107D4000A5F84670C5F89C309DF84830A5F86C60E1
:107D5000C5F8A0300C9BA5F89490002B45D0AA6BD9
:107D60001368D80704D523F001031360AA6B1360CE
:107D7000AB6B4FF0FF329A602046F4F345F740F6C4
:107D80003C03984212D1E86AF4F34EF7052809D073
:107D9000E86AF4F349F7082804D0E86AF4F344F7F2
:107DA0000C2803D1AB6B4FF0FF329A60AB6B9A6833
:107DB0001205120D1AB15A6842F00F0201E041F6A5
:107DC000FF72C5F8CC201A6802F4E012920C85F814
:107DD000B5201A6802F46002520D85F8BA201B68BB
:107DE00003F040731B0E85F8BB30BAF1000F4DD085
:107DF0006A6B1368D90704D523F0010313606A6B1B
:107E000013606B6B4FF0FF329A60E86AF4F3FCF694
:107E100040F63C03984212D1E86AF4F305F70528CE
:107E200009D0E86AF4F300F7082804D0E86AF4F30C
:107E3000FBF60C2803D16B6B4FF0FF329A606B6B33
:107E40009A681205120D1AB15A6842F00F0201E049
:107E500041F6FF72C5F8C420C5F8C8201A6802F4BC
:107E6000E012920C85F8B6201A6802F4E0729209CA
:107E700085F8B7201A6802F46002520D85F8B82020
:107E80001B6803F040731B0E85F8B930626800234D
:107E9000012AC5F8A430C5F8AC3018D1A268B2F5F3
:107EA000026F03D040F63C018A4202D14FF00043FA
:107EB00003E04FF08042C5F8A420C5F8A830D5F8FB
:107EC000A430C5F8AC30D5F8A830C5F8B03020469D
:107ED000F4F39AF640F62903984208D12046F4F3C9
:107EE000A3F620B12046F4F39FF602280FD92046CE
:107EF000F4F38AF640F6340398420CD12046F4F3AA
:107F000093F620B12046F4F38FF6012803D1002325
:107F100085F8313004E02846FFF717FE85F8310078
:107F20002846FFF7E4FD85F8B40068B10D23FF2F64
:107F3000A5F844300CD8FF2E09D80C2305E000BF6B
:107F4000906101008C5001000423A5F844304FB12A
:107F5000BC002046EFF3A2F5E86468B30021224696
:107F6000EAF386F54EB1B4002046EFF397F5686763
:107F700010B300212246EAF37BF527B12846012100
:107F8000FFF790FEC0B126B128460221FFF78AFE16
:107F900090B1D5F8A4305BB195F8313043B9AB6DF1
:107FA000B3F1804F08D8D5F88030B3F1804F03D8B3
:107FB000012385F8DD3003E02846EDF3F9F40025D0
:107FC0002846BDE8FE8F00BF10B50446F5F38CF2DD
:107FD000002120460A46F4F315F6C30407D52046CF
:107FE00001F0DBFA00280CBF2020402010BD20202B
:107FF00010BD2DE9F0470446266A09A9042E666AD9
:108000009DF82000CCBF06F4781606F4F01691E82F
:108010002202760C4FF000084BE031F828A01FFA3E
:1080200083FCE24501EB880703D197F802C0844541
:1080300004D008F101085FFA88F83AE0002A35D048
:1080400006FB08F800252EE063692046222B0ADD96
:10805000E3695A0607D540F627010022F4F342F7F8
:108060000146204600E000214FF4CC62F4F3DAF53B
:10807000056063692046222B0ADDE3695B0607D5AC
:1080800040F627010022F4F32DF70146204600E0D8
:10809000002140F26462F4F3C5F509EB880353F85C
:1080A000253001350360EBB2B342CDD3F878BDE89B
:1080B000F087A845B1D30020BDE8F0872DE9F8434B
:1080C00004461E46002B00F0B480436A02EB0615FE
:1080D00003F4F8594FEA192955F8043C013E0BB94D
:1080E00000279FE020469847002800F09E80F7E791
:1080F0000122BA4055F8103C1A4200F092806369A0
:108100002046222B0ADDE3695A0607D540F62701EF
:108110000022F4F3E7F60146204600E000214FF488
:10812000C462F4F37FF5076015F90C2C22B1012A23
:1081300019D0013275D144E063692046222B09DD54
:10814000E3695B0606D540F62701F4F3CBF601465A
:10815000204600E0002140F22462F4F363F555F874
:10816000083C03605DE063692046222B0ADDE36979
:10817000590607D540F627010022F4F3B3F601466D
:10818000204600E0002140F22462F4F34BF56369DD
:108190008046222B20460ADDE3695A0607D540F6C1
:1081A00027010022F4F39EF60146204600E000215C
:1081B00040F22462F4F336F555F8083C02681343A4
:1081C0002DE063692046222B0ADDE3695B0607D5B3
:1081D00040F627010022F4F385F60146204600E030
:1081E000002140F22462F4F31DF563698046222BDE
:1081F00020460ADDE369590607D540F6270100222B
:10820000F4F370F60146204600E0002140F22462BB
:10821000F4F308F555F8082C036823EA0203C8F8BC
:10822000003001374F457FF463AF103D002E7FF4DF
:1082300053AFBDE8F883000070B59D4904460020A7
:10824000EBF38EF2002800F0318100209849EBF327
:1082500087F2974905460020EBF382F294490646DF
:108260000020EBF37DF215F0006500F0AC804FF4D8
:108270000012002113462046E6F741FD02220621A6
:1082800013462046F4F344F663692046222B0ADDA8
:10829000E3695A0607D540F627010022F4F322F6D7
:1082A0000146204600E000214FF4C162F4F3BAF425
:1082B0000668002506F480761BE04FF47A70EFF331
:1082C000DBF063692046222B0ADDE3695B0607D5F4
:1082D00040F627013246F4F305F60146204600E059
:1082E00000214FF4C162F4F39DF40668013506F4F1
:1082F00080761EB9B5F57A7FDFD170BDB5F57A7F8E
:1083000000F0D4804FF47A70EFF3B6F00822062123
:1083100013462046F4F3FCF50023062104222046F0
:10832000F4F3F6F54FF47A70EFF3A6F063692046A4
:10833000222B0ADDE369590607D540F62701002202
:10834000F4F3D0F50146204600E000214FF4C0626E
:10835000F4F368F40568002605F001051BE04FF40E
:108360007A70EFF389F063692046222B0ADDE36916
:108370005A0607D540F627010022F4F3B3F501466B
:10838000204600E000214FF4C062F4F34BF405688E
:10839000013605F001051DB1B6F57A7FDFD102E0A7
:1083A000B6F57A7F03D120460621082279E02946D6
:1083B0004FF480122B462046E6F7A1FC204606210A
:1083C00001222B466EE0730170D54FF480121346E4
:1083D00029462046E6F793FC012206211346204653
:1083E000F4F396F54FF47A70EFF346F00422062189
:1083F00013462046F4F38CF5062108222B4620462E
:10840000F4F386F54FF47A70EFF336F063692046A3
:10841000222B0ADDE3695E0607D540F627012A46CE
:10842000F4F360F50146204600E000214FF4C062FD
:10843000F4F3F8F30668002506F001061BE04FF49C
:108440007A70EFF319F063692046222B0ADDE369A5
:10845000590607D540F627013246F4F343F50146A5
:10846000204600E000214FF4C062F4F3DBF306681D
:10847000013506F001061EB9B5F57A7FDFD102E0BD
:10848000B5F57A7F03D120460621042209E00021B8
:108490004FF400120B462046E6F731FC2046062139
:1084A00002220023BDE87040F4F332B570BD00BF76
:1084B0006853010046F29053994210B5044609D022
:1084C00049F21823994207D0B1F5964F0CBF1F23EC
:1084D000002302E02A2300E03C230521FF2220465E
:1084E000E6F779FC4FF40002062113462046E6F732
:1084F0003CFC1E20EEF3C0F7204606214FF400029C
:108500000023BDE81040E6F730BC0000F0B5036A78
:10851000466A042BCCBF06F4781606F4F01685B034
:108520000446760C00253BE0102168461F4A2B4686
:10853000EAF304F300206946EBF336F100282ED06D
:1085400000210A46EAF3CCF663690746222B20464F
:108550000ADDE369590607D540F627010022F4F346
:10856000C1F40146204600E000214FF4CC62F4F350
:1085700059F3056063692046222B0ADDE3695A0638
:1085800007D540F627010022F4F3ACF4014620465B
:1085900000E0002140F26462F4F344F30760013527
:1085A000EBB2B342C0D305B0F0BD00BFD595020019
:1085B000F0B5036A85B0042B0446466A03DD06F075
:1085C000F866B60D02E006F0F076760D00253BE089
:1085D000102168461F4A2B46EAF3B0F20020694694
:1085E000EBF3E2F000282ED000210A46EAF378F6F9
:1085F00063690746222B20460ADDE3695A0607D540
:1086000040F627010022F4F36DF40146204600E015
:1086100000214FF4CB62F4F305F305606369204653
:10862000222B0ADDE3695B0607D540F6270100220D
:10863000F4F358F40146204600E0002140F25C6269
:10864000F4F3F0F207600135EBB2B342C0D305B0EA
:10865000F0BD00BF0C990200F0B5036A85B0042B91
:108660000446466A01DDF60E02E006F0F056760E8C
:1086700000253BE0102168461E4A2B46EAF35EF2D5
:1086800000206946EBF390F000282ED000210A4626
:10869000EAF326F663690746222B20460ADDE369E2
:1086A0005B0607D540F627010022F4F31BF40146D0
:1086B000204600E000214FF4CA62F4F3B3F20560F3
:1086C00063692046222B0ADDE369590607D540F687
:1086D00027010022F4F306F40146204600E00021C1
:1086E00040F25462F4F39EF207600135B542C1D105
:1086F00005B0F0BD1B99020000487047C0AD3A02BA
:108700002DE9F04304460F4685B0002090491546F8
:108710001E46EBF325F060B92046394615B1FFF748
:10872000EBFF07E0FFF7E8FF4FF47A75B0FBF5F5D4
:1087300000E0054600208749EBF312F000F00F003F
:10874000012808D0022809D0834B844A032814BF8B
:108750009146994604E0DFF8149201E0DFF81092A8
:1087600029462046FFF7A6FE2046F4F355F20021E5
:1087700080462046F5F300F0794B0246002E4BD19F
:108780000193032302933946204632462B46009636
:10879000CDF80C90FFF72DFC0746002837D0636911
:1087A0002046222B0ADDE3695B0607D540F6270148
:1087B0003246F4F397F30146204600E000214FF4DF
:1087C000C062F4F32FF20268BF004FF683731340C8
:1087D00007F07C0205F17F07FF09013F42EA0747E6
:1087E0001F4363692046222B0ADDE369590607D53A
:1087F00040F627010022F4F375F30146204600E01D
:1088000000214FF4C062F4F30DF2076096E02946B0
:108810005448EAF353F192E000218DE80A00032363
:108820000293204639462B46CDF80C90FFF7E1FB2A
:10883000002D00F083802046E6F774F8064606E037
:10884000AB4203D16369222B07DC12E00C36002E09
:1088500074D03388002BF3D170E0E3695A0608D551
:1088600040F6270120460022F4F33CF3014620465F
:1088700001E0204600214FF4C062F4F3D3F1026816
:10888000B37802F07C02B3EB920F57D03579F378CE
:108890002D061B0505F0706503F4700300214FF0F1
:1088A0007F622B432046E6F796FA737902211B0577
:1088B0002D4A43F400332046E6F78DFAB3686FF093
:1088C0007F42032113402046E6F785FA636920467C
:1088D000222B0ADDE3695B0607D540F6270100225B
:1088E000F4F300F30146204600E000214FF4C0629B
:1088F000F4F398F102684FF6837335881340B27829
:108900007F35ED119200013D02F07C0242EA0545FF
:108910001D4363692046222B0ADDE3695E0607D505
:1089200040F627010022F4F3DDF20146204600E084
:1089300000214FF4C062F4F375F105600126204672
:108940004146F4F319F7304605B0BDE8F08300BFA7
:10895000EC950200745301008C5101000C5201008F
:1089600006970200A39502000000FE1F805301003D
:10897000F85301002DE9F04399468BB0002307938B
:1089800008930993036A476A042BCCBF07F478174E
:1089900007F4F01704460D4690467F0C00260CE0C5
:1089A000102103A8334A3346EAF3C8F0002003A994
:1089B000EAF3FAF620B90136F6B2BE42F0D34EE041
:1089C00008AB009309AB019320462946424607AB0A
:1089D000E6F7C0FB012329464A462046FFF790FEF2
:1089E00020462946FFF792FD236A012B2CDD63699F
:1089F0002046222B0ADDE3695E0607D540F62701F3
:108A00000022F4F36FF20146204600E000214FF40B
:108A1000C062F4F307F163690646222B20460ADDA3
:108A2000E369590607D540F627010022F4F35AF20C
:108A30000146204600E000214FF4C062F4F3F2F05A
:108A4000036843F480633360089B20460093099BCE
:108A5000294601934246079BE6F7D4F807E02046F3
:108A600029464A460023FFF74BFE0028A8D10BB049
:108A7000BDE8F083D59502002DE9F04F002587B0C1
:108A800004460E4604950595F4F3C6F02946834640
:108A90002046F4F371F6A14982462846EAF384F6AB
:108AA00048B1012384F8603329462A46EAF318F4D2
:108AB000C4F85C0301E084F8600300209849EAF3FD
:108AC00073F648B10123002184F868330A46EAF3BB
:108AD00007F4C4F8640301E084F868032046F3F364
:108AE000F5F7904B676A98428F4B94BF202521255C
:108AF000A3F1080898BF984607F4F8573F0A08EB17
:108B0000C50863692046222B0ADDE3695A0607D5AA
:108B100040F627010022F4F3E5F10146204600E08B
:108B200000214FF4C462F4F37DF018F8083C013DD5
:108B3000036063692046222B0ADDE3695B0607D5E3
:108B400040F627010022F4F3CDF10146204600E073
:108B500000214FF4C562F4F365F058F8043CA8F125
:108B600008080360002DCCD147E0082102A86F4A15
:108B70002B46E9F3E3F7002002A9EAF315F60028F3
:108B80003AD000210A46EAF3ABF3236A80460C2B65
:108B900007DDB0F5803F04D2C3B24FEA102843EAA4
:108BA000084863692046222B0ADDE369590607D588
:108BB00040F627010022F4F395F10146204600E03B
:108BC00000214FF4C462F4F32DF005606369204680
:108BD000222B0ADDE3695A0607D540F62701002259
:108BE000F4F380F10146204600E000214FF4C56215
:108BF000F4F318F0C0F800800135BD42B5D120462D
:108C000031464B4A1F23FFF759FA00253EE0082161
:108C1000484A2B4602A8E9F391F7002002A9EAF39B
:108C2000C3F58146002830D063692046222B0ADD37
:108C3000E3695B0607D540F627010022F4F352F101
:108C40000146204600E000214FF4C462F3F3EAF746
:108C5000056063692046222B0ADDE369590607D5C2
:108C600040F627010022F4F33DF10146204600E0E2
:108C7000002140F22462F3F3D5F7002180460A4632
:108C80004846EAF32DF3C8F800000135BD42BED1D5
:108C9000204604A905AAE5F70FFF049F52463B466C
:108CA0003146002520460095E5F752FE38430490F2
:108CB0002046F4F347F4059A049B002A3CD01A435B
:108CC00063690592222B20460ADDE3695A0607D51F
:108CD00040F627012A46F4F305F10146204600E05C
:108CE000002140F21C62F3F39DF763690546222BD5
:108CF00020460ADDE3695B0607D540F6270100221E
:108D0000F4F3F0F00146204600E0002140F21C623E
:108D1000F3F388F7059B02683AE000BFC5950200AF
:108D200000970200BFAD3A0200960200E7950200EC
:108D30001C970200E2950200002B2BD063692046AD
:108D4000222B09DDE369590606D540F62701F4F325
:108D5000C9F00146204600E0002140F21C62F3F316
:108D600061F763690546222B20460ADDE3695A064E
:108D700007D540F627010022F4F3B4F0014620465F
:108D800000E0002140F21C62F3F34CF7049B026800
:108D900013432B60049BABB163692046222B0ADD91
:108DA000E3695B0607D540F627010022F4F39AF049
:108DB0000146204600E000214FF4C362F3F332F78E
:108DC000049B0360059BABB163692046222B0ADD3F
:108DD000E369590607D540F627010022F4F382F033
:108DE0000146204600E0002140F21C62F3F31AF72E
:108DF000059B0360314652462046E6F77EF94FF464
:108E0000FA60EEF339F320465946F4F3B5F407B0AF
:108E1000BDE8F08FF8B5044615460E46F3F3FCF6B0
:108E2000002107462046F4F3A7F4314602462B46BC
:108E30002046FFF79FFD204631462A46E5F7D8FD3C
:108E400020463946BDE8F840F4F396B438B5036AD5
:108E50000446012B2DD14369222B0ADDC3695A0632
:108E600007D540F627010022F4F33CF001462046E6
:108E700001E0204600214FF4C062F3F3D3F66369AA
:108E80000546222B20460ADDE3695B0607D540F63E
:108E900027010022F4F326F00146204600E00021DD
:108EA0004FF4C062F3F3BEF6036823F400732B6043
:108EB00038BD2CDD4369222B0ADDC369590607D56D
:108EC00040F627010022F4F30DF00146204601E0B0
:108ED000204600214FF4C062F3F3A4F6636905460F
:108EE000222B20460ADDE3695A0607D540F6270102
:108EF0000022F3F3F7F70146204600E000214FF48B
:108F0000C062F3F38FF6036843F400732B6038BD3F
:108F100070470120704738B505460C46FFF79CFBAB
:108F2000284621460022FFF7F3FF28462146BDE8E8
:108F30003840FFF781B9000038B504460D460020DF
:108F40003149EAF331F440B100210A46EAF3C8F1AD
:108F50002946C3B20122204603E0204629460122C9
:108F60000523E5F78BFF00202849EAF31DF448B1FB
:108F700000210A46EAF3B4F12946C3B20922204689
:108F8000E5F77CFF00202249EAF30EF448B1002106
:108F90000A46EAF3A5F12946C3B205222046E5F7C1
:108FA0006DFF00201B49EAF3FFF348B100210A4698
:108FB000EAF396F12946C3B206222046E5F75EFFA2
:108FC000002120464FF478624FF43863E5F7CDFE78
:108FD000002120464FF460424FF42043E5F7C5FEE0
:108FE0004FF4C022002113462046E5F7BEFE0122C1
:108FF000002120461346E5F7B8FE20462946BDE885
:109000003840FFF7D5BA00BF12970200DB95020087
:1090100012990200CA95020038B5036A0446092B6A
:1090200069DD4369222B0ADDC3695B0607D540F67B
:1090300027010022F3F356F70146204601E02046BF
:1090400000214FF4C062F3F3EDF5026812F0010263
:1090500053D163692046222B09DDE3695D0606D5FD
:1090600040F62701F3F33EF70146204600E00021D9
:1090700040F26C62F3F3D6F54FF0004303604FF417
:109080007A70EEF3F9F163692046222B0ADDE36979
:10909000590607D540F627010022F3F323F70146CE
:1090A000204600E0002140F26C62F3F3BBF5056856
:1090B0006369ED04ED0C222B20460ADDE3695A06B4
:1090C00007D540F627010022F3F30CF701462046AE
:1090D00000E0002140F26C62F3F3A4F56D0300237D
:1090E000036005F54245064805F5A875B5FBF0F5A2
:1090F0006420684338BD002038BD002038BD00BF63
:10910000A086010038B5002105461020E3F7A0FF36
:10911000002104461022E9F3ABF46560204638BD17
:1091200008B1E4F71DB8704710B50446E4F706F936
:109130006060E0602068E7F716FA6368A0F50060F9
:10914000206118180123A060237610BD38B50546AC
:10915000F4F3CAF11C20EEF3A1F4084C00211C2208
:109160002060E9F385F420680560FFF7DDFF04491E
:1091700022682846BDE83840E6F726BC9004000087
:10918000D93F00002DE9F84F0C46F4F3ADF141F260
:109190000100E568EEF382F400287CD000F1010CB8
:1091A000064620E001321970D2B2434639783D4676
:1091B0000137C1B13D2903F10108F3D132702946CD
:1091C0004646002203E001323770D2B2664611F8FB
:1091D000017FC3EB0508B04406F1010C002FF2D16A
:1091E0001A7008F10105E768A368FB189D4205D2D3
:1091F0002B781BB12F4663460022D7E72546012373
:10920000E2688346BA1A2A823BE0594611F8012BDC
:109210009A4202D14FF0000C0AE0102B2AD10F2AFB
:10922000F8DC27E01BF8018F07F80C800CF1010C2B
:109230006245F7D101EB0208895C07EB020C4FF0A5
:109240003D0907F8029008F1010B0CF1010701F14B
:109250000109002203E018F802A00CF802A0013274
:109260004A45F8D17A184FF0000C07F801C08B443A
:10927000571C06E011F802B001EB020C0BF1010BD8
:10928000E344B345C1D301330235112BB8D1BDE856
:10929000F84FEEF315B4BDE8F88F0000F8B50E46B0
:1092A00017460446F4F320F13020EEF3F7F30546B9
:1092B00068B1C660074E302343603368876003603F
:1092C00029462046FFF75EFF35600020F8BD6FF0AD
:1092D0001A00F8BD9404000008B5064B1B683BB9A2
:1092E000054B196821B1054B1A680AB1FFF7D6FF83
:1092F000002008BD94040000985C01009C5C010003
:10930000F8B5104B07461C681E46BCB1E3689BB11C
:109310000D4D2A689A420FD1F4F3E6F0E068EEF3BF
:10932000CFF300232B6007E038462568F4F3DCF028
:109330002046EEF3C5F32C46002CF5D10023336014
:10934000F8BD00BF940400008893020073B5856ED9
:1093500004466DB1D0F8CC3000EB8303D3F8D420B1
:10936000036E9A4203D1406EA847054600E00025EF
:109370002046F3F351F4002302A941F8083D0646C4
:109380006946204601AA0DF0C1FE9DE806004FF493
:10939000FF20E9F3E9F220463146F4F3EDF1E36E04
:1093A0005BB1D4F8CC2004EB8202D2F8D410226E48
:1093B000914202D1606E294698477CBDF8B50446BB
:1093C000F0F3BAF000284FD0A56E6DB1D4F8CC30D0
:1093D00004EB8303D3F8D420236E9A4203D1606E4A
:1093E000A847054600E000252046F3F315F40021C8
:1093F00007462046F4F3C0F101210646002220462C
:10940000F0F3BAF04FF480110A462046F0F396F0DC
:1094100040210A462046F0F3A5F04FF080710A463D
:109420002046F0F38BF02046FFF790FF0F4B012111
:10943000C6F804354FF4FC73C6F808350A462046D2
:10944000F0F39AF020463946F4F396F1E36E5BB1FF
:10945000D4F8CC2004EB8202D2F8D410226E9142D0
:1094600002D1606E29469847F8BD00BFF20039402E
:1094700001207047C36B44F2583293420DD004D898
:1094800044F25632934218D112E04AF62E22934209
:1094900008D04AF62F2293420FD1C0F884334AF6FF
:1094A000322303E0C0F884334AF63123C3637047A4
:1094B000C0F8843344F25433C363704738B541F283
:1094C000E443044603630D4629B108460F49EAF315
:1094D00047F1A06240B928460D49EAF341F1A06284
:1094E00010B94FF6FF73A3620A492846EAF338F130
:1094F0000949E0622846EAF333F1084960632846E7
:10950000EAF32EF184F8550038BD00BF2D99020012
:109510002399020064990200439902004E990200C7
:109520007047000030B585B00190002404A840F8D1
:10953000044D01A90422E9F317F2019DB5B12B46B0
:10954000D3F88C2012B10022C3F88C2001340433EC
:10955000102CF5D10398FEF797F90398FFF7D0FE8A
:10956000034B9D4202D02846EEF3AAF205B030BD6F
:10957000E46101000367D0F8CC3010B500EB830341
:10958000029CD3F8D43044668166C266036610BD7F
:1095900000238366C366036770478069C0F3C060B9
:1095A00070472DE9F84304461E46089D099FFAF7C7
:1095B00061FC00212046F4F3DFF080462046F3F3FF
:1095C00033F30A28C8BFD8F82C306061C8BFA36441
:1095D0002228D8F80430C8BFD8F8AC20A361C8BF8F
:1095E000E261DA001CD5222814DDE3695B0611D59F
:1095F0000022204640F62701F3F374F4014620468A
:10960000F4F3BAF0D0F80436002163622046F4F394
:10961000B3F002E0D8F80436636294F82430236291
:109620004FF4E063A3604FF0FF33E3601123236145
:10963000A1464FF0000817E04146F4F39DF02046A4
:10964000F3F3E2F22046F3F3EFF21EB1D9F814314E
:109650009E4203D0D9F88C309F4201D1C5F80080DA
:1096600008F1010809F10409D4F8D03020469845E2
:10967000E2D32968F4F380F00120BDE8F883F7B560
:10968000002213460D4601210446E5F738FB002170
:10969000282207460B4620460091F3F3C1F2064606
:1096A000280709D0204601210622F3F367F6204659
:1096B00002210622F3F362F615F0F00F04D02046E3
:1096C00000210222F3F35AF615F4706F0ED02046F3
:1096D00000210122F3F352F601210A462046F3F35A
:1096E0004DF6204602210122F3F348F601213B46C4
:1096F00020464FF0FF32E5F702FB204600212822EA
:109700004FF0FF330096F3F38BF2FEBD0020EAF337
:1097100027B0000010B50C490446FFF7F7FF80B2F0
:1097200088B9D4F880000849EAF31AF080B250B939
:10973000D4F880000549EAF313F04FF6FF7380B2C6
:10974000002808BF184610BD6D9902007B990200E1
:10975000436907B50A2B09DD003118BF01210091CB
:10976000242200210123F3F35BF201E04FF0FF30EC
:109770000EBD07B50021F8220B460091F3F350F21D
:1097800000F00F000EBD00002DE9FF47DDF830802E
:109790009246DDF834900F464FF463720021044680
:1097A0001E460E9DB8F1010F08BF4FF00008E9F307
:1097B0005FF111232361C4F88860C4F85C90C4F899
:1097C00058A0C4F80480B8F1000F40F0C5802046CE
:1097D00041463A464B46FFF74BFE002800F0C0805A
:1097E0004FF0C0531A68130F02F47021236093B234
:1097F00002F47002120D626444F25832090C934272
:10980000E36321640AD004D844F25632934208D16B
:1098100004E0A3F52A432E3B012B02D82046FFF794
:1098200029FE636C20460E3B012B8CBF00230123D5
:1098300084F84C304FF0C0513A46FAF793F9D4F817
:10984000D030002B00F08A80002704AB43F8047D61
:109850008DE8480020464FF0C0513A463B46FFF79E
:10986000A0FE00287CD02046FFF736FD0F9B009518
:109870000193204639463246A36DFDF7F3FF0028D9
:1098800070D105B12D683A4E20462946FFF716FEE5
:109890003278002A42D16369132B19DD4FF400613D
:1098A0002046F3F35BF7334907462846E9F37CF794
:1098B00038B128462F49E9F353F7B0F1FF3F08BF0D
:1098C00000200023BB650399F8652046F3F354F7A5
:1098D0002046A16DFFF7BAFA2046A16DFFF71BFBEA
:1098E00028462549E9F33CF7024620B92046A16DF8
:1098F000FFF792FB0246C4F88823A16D2046FFF7CC
:1099000089FA2046FFF75AFD2046A16DFFF7B4F80B
:109910002046A16DFFF710FB012333702046F3F3BF
:10992000E1F528461549E9F33FF738B113492846D0
:10993000E9F316F701462046FFF7A1FE2846104935
:10994000E9F332F778B128460D49E9F309F7014602
:109950002046FFF7E5FD06E0002404E01C4602E097
:10996000044600E03C46204604B0BDE8F08700BF56
:10997000E06101003E9902005B99020073990200C8
:10998000349902001FB50F4C02462378BBB910B9B9
:109990000346014601E00C4B191D00200090019088
:1099A00002930391094844F210714FF0C053FFF73E
:1099B000EBFE28B1064B20221A60012323700348D6
:1099C00004B010BD7065010064620100E461010033
:1099D000A00400002DE9FF4707464FF46370884656
:1099E00091469A460D9E0E9DEEF358F00446C8B17E
:1099F0000C9B3946019342464B46CDF800A0029697
:109A00000395FFF7C1FE074620B92046EEF358F054
:109A10003C4607E006B13668C4F8806005B12D68A1
:109A2000C4F88450204604B0BDE8F08770B50646FF
:109A300086B04FF4BC70EEF331F00446E8B100217B
:109A40004FF4BC72E9F314F00D4B266000930D4BFC
:109A50000025019330680C490C4A23460295039572
:109A60000495059500F0D8FE30B94FF49663C4F81C
:109A7000603184F8640100E02C46204606B070BDD9
:109A8000A53881005D3D8100D8D288003CC58900A1
:109A900010B5044650B1036805491868224600F025
:109AA00060FE2046BDE81040EEF30AB010BD00BFD6
:109AB0003CC589002DE9F041054686B08020EDF3D4
:109AC000EDF70446002844D000218022E8F3D0F7C7
:109AD00004236360B4232560A381A046C5F85847DA
:109AE000274600260EE01C2202FB06423C61A868C5
:109AF0001B4910320023FAF36DF338621C3700283B
:109B00002BD0013663689E42EDDB164B164900935D
:109B10000023019302930393049305932868134A47
:109B2000234600F079FEC0B913E0D8F8201031B117
:109B300023689868FAF336F30023C8F8203001351B
:109B400008F11C0863689D42EFDB2046EDF3B8F78F
:109B50000024204606B0BDE8F0810025F2E700BFF2
:109B600049488100A94681007CD388007F3F890055
:109B700070B5044600281ED003680F4918682246B5
:109B800000F0EFFD254600260DE0296A29B1236883
:109B90009868FAF307F300232B62E86908B1EDF344
:109BA0008FF701361C3563689E42EEDB2046BDE828
:109BB0007040EDF385B770BD7F3F890010B5044656
:109BC000C06F08B1FFF764FFD4F8840008B107F054
:109BD000C1FED4F8800008B1FFF7CAFFD4F8B00086
:109BE00008B100F013F9A06808B101F0E3F92046CC
:109BF000BDE81040EDF364B72DE9F04F07468DB096
:109C0000B8208A4690461D46179EEDF347F7044656
:109C1000002800F0A0804FF0000B0021B822E8F3EC
:109C200027F7266084F88CB03846FFF76BFA0BAB49
:109C3000C4F8A8B02A4601900693814641F2E44157
:109C400020463346CDF800B0CDF808A0CDF80C8002
:109C50000494CDF814B001F05DFA0546002875D0E3
:109C6000A06010F06FDA2B691021E3603C4B60605C
:109C7000A3643C4A3346276164643846E8F35EF7E0
:109C80002B69D86FF2F356F749F6981398422B696F
:109C9000D86F06D8F2F34EF708210346324A09A8D6
:109CA00005E0F2F347F7314A0346082109A8E8F333
:109CB00045F7314609AA2E4B2E48E8F3FFF6324607
:109CC000002016992C4B8DE88001F8F7A9FB064679
:109CD00000283BD16368012783F8787008210A4681
:109CE000286930F0D5DA36213A46D5F89802EFF7F0
:109CF00030FD2846FFF7DEFEC4F8800030B328466A
:109D000007F0F6FDC4F8840000B32846FFF78EFE86
:109D1000E067D8B16368194983F8E070184B029680
:109D20008DE848000396049605962868154A234650
:109D300000F072FD50B9284600F032F8C4F8B000C7
:109D400020B111482146EDF3A9F120B12046494642
:109D5000FFF734FF002420460DB0BDE8F08F00BFB0
:109D6000BD888100DB550100E05501004D498900A7
:109D70004039010081990200FD8D81002CD58800B9
:109D8000198A810058FB8900F589810001207047FC
:109D9000024B01221A70E3F763BA00BFFC03000014
:109DA00070B5064686B02020EDF37EF60446F0B18D
:109DB00000212022E8F35CF64FF4E153E3804B23CB
:109DC00023810A2363810E4B2660002500933068AF
:109DD0000C490D4A23460195029503950495059576
:109DE00000F01AFD30B93368012283F86321204660
:109DF00006B070BD2046EDF363F62C46F7E700BFD2
:109E00007D9A81008CD58800C04B890010B504462E
:109E100078B1FBF309F3236822461868054900F07E
:109E2000A0FC2046EDF34CF6236800221B6883F863
:109E3000632110BDC04B89000368D3F8D42041F2E0
:109E40006B03116B99420BD1936AEF2B28D001D889
:109E5000D62B04E0F52B23D040F20F118B421FD0FC
:109E6000936A40F2C65293421AD040F2745293421F
:109E700016D0036A7F2210E0482283F8FD2006E016
:109E800002F0C002921102EB810183F8FD10036A17
:109E900093F9FD20142A0BDC482283F8FD2070473B
:109EA000036A93F8FD104AB2B2F1FF3FE8D1E3E74D
:109EB0007047D0F8E81110B5044629B18068FAF36C
:109EC00071F10023C4F8E831D4F8001229B1A06878
:109ED000FAF368F10023C4F80032D4F88434D3F8DC
:109EE000301139B1A068FAF35DF1D4F8843400225E
:109EF000C3F83021D4F8501329B1A068FAF352F115
:109F00000023C4F85033D4F8541529B1A068FAF3EB
:109F100049F10023C4F85435D4F8F41529B1A068E8
:109F2000FAF340F10023C4F8F435D4F8C41729B18A
:109F3000A068FAF337F10023C4F8C43710BD10B598
:109F40000446006807F0D8F8D4F8800620B106F07F
:109F500021F80023C4F88036D4F87C0620B106F03E
:109F600049FA0023C4F87C36D4F89C0120B108F0EB
:109F700089FE0023C4F89C31D4F88C0120B101F093
:109F800025FE0023C4F88C31D4F8400120B102F042
:109F900069FF0023C4F84031D4F8540120B1FEF326
:109FA000FFF30023C4F85431D4F8300120B102F09B
:109FB00019FC0023C4F83031D4F8340120B102F088
:109FC000C1F90023C4F83431D4F8380120B102F0CB
:109FD0001BFB0023C4F83831204602F0D5FAD4F830
:109FE0004C0120B106F0BAFA0023C4F84C31D4F881
:109FF000480120B108F078FD0023C4F84831D4F8B6
:10A00000440120B106F032F90023C4F84431D4F8F9
:10A010005C0120B108F016FA0023C4F85C31D4F8D2
:10A020002C3113B10023C4F82C31D4F8600120B1D5
:10A0300004F0B4F90023C4F86031204608F0AAFA0D
:10A04000204605F09FFFD4F8500120B105F0FAFF3B
:10A050000023C4F85031D4F8700120B101F09EFC07
:10A060000023C4F87031D4F8780120B104F0A8FCC2
:10A070000023C4F87831D4F87C0120B107F06CFEDD
:10A080000023C4F87C31D4F8740120B108F072FDCB
:10A090000023C4F87431D4F8840120B101F01CFC11
:10A0A0000023C4F88431D4F8880120B104F0E2FB25
:10A0B0000023C4F88831D4F8780420B107F0F4FC08
:10A0C0000023C4F87834D4F87C0420B107F02EFDC6
:10A0D0000023C4F87C34D4F8800420B107F0C0FD1C
:10A0E0000023C4F88034D4F8940120B108F0A2FE13
:10A0F0000023C4F89431D4F8640820B108F0F6FEC7
:10A100000023C4F86438D4F8F80620B108F040F908
:10A110000023C4F8F836D4F89C0620B104F0E2FE1F
:10A120000023C4F89C36D4F8A00620B101F060FDED
:10A130000023C4F8A036D4F8CC0620B104F0BAFE4F
:10A140000023C4F8CC36D4F8D40620B104F0F4FCD3
:10A150000023C4F8D436D4F8D00620B108F084FA2D
:10A160000023C4F8D036D4F8600820B107F0D6FE3A
:10A170000023C4F86038D4F8DC0620B107F0FEFBF9
:10A180000023C4F8DC36D4F8BC0608B105F081FD24
:10A19000D4F8C00608B105F07CFDD4F8A00120B1C8
:10A1A00003F0F8FE0023C4F8A031D4F8F00620B183
:10A1B00006F0C2F90023C4F8F036D4F8300720B115
:10A1C000EDF37EF40023C4F83037D4F8A40620B1B0
:10A1D00005F03AFD0023C4F8A436D4F8940620B163
:10A1E00004F070FF0023C4F89436D4F8240120B1A1
:10A1F00008F06CF80023C4F82431D4F8280120B109
:10A2000003F0A6FD0023C4F82831D4F8880420B157
:10A2100006F0A8FA0023C4F88834D4F8E80520B181
:10A2200004F0D2FD0023C4F8E835D4F8380620B194
:10A23000F9F7CEFF0023C4F838362046BDE81040B9
:10A2400004F0D4BB70B5D0F884340568012204460C
:10A25000A3F89020D5F8D8003C49E9F3A5F240B125
:10A26000D5F8D8003949D4F88464E9F379F2A6F82E
:10A270009000D4F884346422A3F84A20D5F8D8009A
:10A280003349E9F391F240B1D5F8D8003049D4F818
:10A290008464E9F365F2A6F84A00D4F884346422B1
:10A2A000A3F84C20D5F8D8002A49E9F37DF240B153
:10A2B000D5F8D8002749D4F88464E9F351F2A6F818
:10A2C0004C00D4F884346422A3F89220D5F8D80046
:10A2D0002149E9F369F240B1D5F8D8001E49D4F814
:10A2E0008464E9F33DF2A6F89200D4F884340122A4
:10A2F000A3F89620D5F8D8001849E9F355F240B1F3
:10A30000D5F8D8001549D4F88464E9F329F2A6F801
:10A310009600D4F884340422A3F89E20D5F8D800FF
:10A320000F49E9F341F240B1D5F8D8000C49D4F80F
:10A330008464E9F315F2A6F89E00D4F8843464220C
:10A34000A3F894200122A3F8982070BD079A020078
:10A35000239A0200E3990200749B0200CD99020047
:10A36000B5990200F7B5036A044693F9FC00421C54
:10A370002CD0236893F87C200A2A02D8FEF308F236
:10A3800025E0D3F8D85014492846E9F3E9F11349F8
:10A390008DF804002846E9F3E3F111498DF8050032
:10A3A0002846E9F3DDF100258DF806002E4601AFC1
:10A3B0007857FEF3EDF176B2E8550135B042A8BF0B
:10A3C0000646032DF6B2F2D1304600E00820236A9B
:10A3D00083F8FC00FEBD00BFF5990200FB99020066
:10A3E000019A02000368D0F8842470B5D3F8D850DD
:10A3F0000323D371D0F8842404461372D0F8842444
:10A40000444982F8AD30D0F88424284682F8AE3032
:10A41000E9F3A6F140B220B928463F49E9F3A0F19B
:10A4200040B2431E0E2B0CD80128D4F8842401D14D
:10A43000002302E0022804D10123D371D4F884243C
:10A440001372D4F8843493F81C210AB10322DA7110
:10A4500032492846266AE9F383F186F8FC00204653
:10A46000FFF780FF2E492846266AE9F379F186F83E
:10A47000FD002046FFF7E0FC236A93F8FD2083F8F7
:10A48000FE20216841F26B02D1F8D430186B904263
:10A4900029D1226A92F9FC00082824DC9B6AD12B7E
:10A4A00012D0E92B10D0902B0ED08B2B0CD08D2BF3
:10A4B00001D10D2315E0932B0AD1B1F87A301B0599
:10A4C0001B0DB3F5826F01DC18230AE01B2308E0A3
:10A4D0008E2B01D1102304E0D62B01D0E42B02D126
:10A4E000172382F8FC30236840F27452D3F8D4303A
:10A4F0009B6A934203D040F2C652934207D1236A2B
:10A5000093F9FC20082A02DC172283F8FC200120A2
:10A5100070BD00BF579A02001F9A0200959B02006F
:10A52000519A020010B504461C4980682246002357
:10A53000F9F350F6C4F8E80170B3A0681849224650
:10A540000023F9F347F6C4F8000228B3A0681549C0
:10A5500022460023F9F33EF6C4F85003E0B1A068A8
:10A56000114922460023F9F335F6C4F8540598B191
:10A57000A0680E4922460023F9F32CF6C4F8F4052E
:10A5800050B10023A0680A492246F9F323F6C4F823
:10A59000C407003018BF012010BD00BF713D82000C
:10A5A0005D01820075EF81001DFD8100CD378200C5
:10A5B000A5CF810070B5FF220446012384F87324DF
:10A5C00084F8DB2241F20101D4F8842400260376CA
:10A5D000A4F858146420032184F8400584F87634E4
:10A5E00084F87264D171D4F8842440F62A1511726B
:10A5F000A4F85A54A4F85C54A4F85E54A4F8605427
:10A60000A4F86254A4F86454A4F86654A4F86E1430
:10A6100040F62B150221A4F86854A4F870140725FD
:10A620000421A4F86A54A4F86C14A4F82E06A4F823
:10A63000686384F82062A4F82C6684F8346284F895
:10A64000236284F8216284F8F26484F8B06284F8AA
:10A65000276521684FF0FF3081F853304863216847
:10A66000204681F84130216881F84230216881F824
:10A67000D160216881F84360216884F80E6284F813
:10A680000F62C4F8506681F89430216881F8F53083
:10A69000216881F8F430216881F89D30216881F8C3
:10A6A0003431216881F86931216881F82861216895
:10A6B00081F86161216881F86A612268966684F890
:10A6C000643384F8653392F84F10890718BF82F815
:10A6D000523003230125002284F8DC3184F8E43170
:10A6E0004FF44873A4F8343584F85065A4F84E2527
:10A6F00084F8DC5505F096DD052384F820362368C0
:10A7000084F8206184F8585683F8115123684FF07B
:10A71000FF31A4F87017A4F8541884F8736784F80C
:10A72000A15784F8B05783F84251236883F8435106
:10A73000236883F85C61236883F86451236883F895
:10A740006651236883F86B51236883F86751236847
:10A7500083F86851236883F83B612368C3F83C6140
:10A7600070BD2DE9F0470F469246002834D00468AA
:10A77000002C35D04FF00008C14628E0D4F8C402C0
:10A7800039464044E8F300F2E8B9D4F8C8324FEA59
:10A79000890653F82930534515D1D4F8C4324344BF
:10A7A0005D6B013D5D63EDB9184629463822E8F33B
:10A7B0005FF1D4F8C802294680190422E8F358F161
:10A7C0002846BDE8F08709F1010908F13808236837
:10A7D00093F8B4309945D1DB6FF01D00BDE8F087E8
:10A7E0006FF01D00BDE8F087F8B500250F4606683C
:10A7F0002C4608E0D6F8C40239464019E8F3C4F103
:10A80000383538B10134336893F8B4309C42F1DB09
:10A810006FF01D042046F8BD2DE9F0478A46114629
:10A82000984691460468FFF7DFFF031E05DA2368A8
:10A83000002693F8B42035463BE0D4F8C8223820EF
:10A8400042F82380D4F8C42200FB0320436B013379
:10A8500043630020BDE8F087D4F8C43206F1380124
:10A860009F5D98191FBB49461F22E8F3D9F1D4F820
:10A87000C4320C999E19089BC6F820A0B362099BAC
:10A88000384673620A9BF3620B9B3363D4F8183724
:10A8900043F8351003EBC5020D9B5360736B013316
:10A8A0007363D4F8C83243F82580BDE8F0870135DA
:10A8B0000E469542D0DB6FF01500BDE8F0872DE91C
:10A8C000F04107680C4615469846D7F8CC0200269A
:10A8D00004E003689C420BD0064600690028F8D1CA
:10A8E00011E0002303610EB1306101E0C7F8CC0232
:10A8F000069B80E83001C3600020BDE8F0816FF066
:10A900001500BDE8F0811420EDF3C8F00028E8D16F
:10A91000F5E7000013B500230446009321460068C4
:10A92000194AFFF7CCFF014658BBD4F8880403222C
:10A93000164B05F07FFF014618BBD4F888040222AD
:10A94000134B05F077FF0146D8B9D4F888040522E7
:10A95000104B05F06FFF014698B9D4F88804062221
:10A960000D4B05F067FF014658B9D4F8880408225A
:10A970000A4B05F05FFF002814BF4FF0FF300020A6
:10A9800001E04FF0FF301CBDC9A381002DCC810038
:10A99000B12C8200F92E8200FD4E000029FD8100BD
:10A9A000026810B5D2F8CC0200230EE00468A14280
:10A9B00009D101690BB1196101E0C2F8CC12EDF3C4
:10A9C0007FF0002010BD034600690028EED16FF033
:10A9D0001D0010BD41F2E443984208D10023064A0D
:10A9E0009A5A8A4205D00233B3F58C7FF7D1002002
:10A9F00070470120704700BF5C9A02002DE9F043C8
:10AA0000D0F854530021C82287B004462846E8F302
:10AA10002FF06423EB85032385F8603000220123A7
:10AA2000D4F858014FF4805139F042D8FF28074636
:10AA300005D1236A186919684DF094D90746236A2D
:10AA40006F860021A4F85674204607F46057B3F8C7
:10AA500008801E680CF008DBB7F5205F05F13809A7
:10AA600008D0B7F5C05F07D0B7F5805F14BF0A27DD
:10AA7000142702E0A02700E028270021FF238DE80B
:10AA80000A00D4F88434029003971B794246049359
:10AA9000484633465BF07ADA236893F84F309A07DA
:10AAA00003D0EB8843F02003EB8007B0BDE8F083D0
:10AAB00082B010B514246143D0F8D442039363509C
:10AAC000059B60184360069B02618360049BC36022
:10AAD000BDE8104002B0704730B503680446DB693A
:10AAE00085B09A6D4068D4F83C16DB6DF9F738FBF9
:10AAF000C4F83806002800F0DE81204604F068F92A
:10AB0000C4F8E805002800F0D981204605F04AFE87
:10AB1000C4F88804002800F0D481204603F048F9E6
:10AB2000C4F82801002800F0CF81204607F098FBE8
:10AB3000C4F82401002800F0CA81204604F0D6FCA5
:10AB4000C4F89406002800F0D181204605F08EF864
:10AB5000C4F8A406002800F0CC81204604F0F2FEE0
:10AB6000002840F0C981204604F04EFF002840F044
:10AB7000C381204604F076FF002840F0BD812046C6
:10AB800004F0D4FF002840F0B781204605F00AF811
:10AB9000002840F0B181204605F020F80546002845
:10ABA00040F0AA810321D4F8A4060A4605F054F91E
:10ABB000C4F8BC06002800F0A281D4F8A406022143
:10ABC0002A4605F049F9C4F8C006002800F09A8129
:10ABD0002946C04AC04B20460095019407F084FBEB
:10ABE000BE4B1A1D07CA1B688DE8070008212246C4
:10ABF0002046FFF75DFF206806F062FA204606F067
:10AC000065FFC4F87804002800F07F81204606F034
:10AC1000A7FFC4F87C04002800F07981204607F0E3
:10AC200035F8C4F88004002800F07381204601F054
:10AC300063FEC4F81805002800F06D81A84B20467B
:10AC4000C4F8543101F0E8FDC4F83001002800F0E8
:10AC50006481204601F0A0FBC4F83401002800F014
:10AC60005E81204601F000FDC4F83801002800F0A4
:10AC70005881204601F092FC002840F05581204682
:10AC800007F092FBC4F85C01002800F050812046D8
:10AC900007F06CF9C4F86008002800F04A812068C9
:10ACA0002146A2688F4B03F0CBFEC4F8980200281F
:10ACB00000F04181204603F0BBFBC4F8600100288E
:10ACC00000F03B81884B2046C4F82C3105F000FB96
:10ACD000C4F84401002800F03281204607F01EFF2E
:10ACE000C4F84801002800F02C81204605F074FCCF
:10ACF000C4F84C01002800F02781204602F0D6F865
:10AD0000C4F84001002800F021812368012283F863
:10AD1000A120204604F0EAF8C4F89C06002800F0C0
:10AD20001781204607F09EFB002840F01381204643
:10AD300005F0E4F9C4F85001002800F00D81204628
:10AD400005F004F9002840F00981204600F03CFE9F
:10AD5000C4F87001002800F00381204603F09AFD3A
:10AD6000C4F87801002800F0FD80204607F010F8B4
:10AD7000C4F87C01002800F0F880204607F010FF9E
:10AD8000C4F87401002800F0F380204600F0BAFDFA
:10AD9000C4F88401002800F0ED80204603F034FD63
:10ADA000C4F88801002800F0E780204607F0BEFFC5
:10ADB000C4F89401002800F0E180204600F06AFE0B
:10ADC000C4F88C01002800F0DB80204607F070FFFB
:10ADD000C4F89C01002800F0D580204669F094DE7C
:10ADE00060B1204608F036F8C4F86408002800F086
:10ADF000C9802368012283F8322102E0236883F8A6
:10AE00003201204607F08EFAC4F8F806002800F058
:10AE1000BB80204605F002FBC4F87C06002800F049
:10AE2000B580204605F0C4F8C4F88006002800F07C
:10AE3000AF80204607F03EFCC4F8D006002800F0A2
:10AE4000A9802368012283F8A320204600F0E2FEB7
:10AE5000C4F8A006002800F09F80204603F0D4FF2D
:10AE6000C4F8CC06002800F09980204603F08AFE42
:10AE7000C4F8D406002800F09380204606F08EFD2A
:10AE8000C4F8DC06002800F08D80236893F869314F
:10AE90003BB1204603F09CF8C4F8A001002800F064
:10AEA0008380204605F022FBC4F8F00600280CBF82
:10AEB0007620002079E04FF4967076E040F22D1075
:10AEC00073E04FF4977070E040F22F106DE04FF494
:10AED00098706AE019348200E5338200389A0200E3
:10AEE000EFBEADDE41FF8100EFBEAD0D40F231108F
:10AEF0005BE04FF4997058E040F2411055E040F2A9
:10AF0000471052E04FF4A4704FE024204DE025207C
:10AF10004BE0262049E02A2047E0312045E032205E
:10AF200043E040F2F51040E04FF4FB703DE0352087
:10AF30003BE0BD2039E0392037E03C2035E03E20C1
:10AF400033E040F26D2030E03F202EE043202CE043
:10AF50006A202AE0472028E0492026E0482024E013
:10AF60004A2022E040F2E5201FE040F2E6201CE00B
:10AF70004B201AE05A2018E05B2016E05E2014E017
:10AF80005F2012E0632010E065200EE008480CE02E
:10AF900067200AE06C2008E06E2006E06F2004E0E5
:10AFA000702002E0722000E0732005B030BD00BFC9
:10AFB00050464D00F8B50446002800F0A6800FF07A
:10AFC00099D9D4F8F415D0F1010638BF002621B183
:10AFD000A068F9F37BF000B901362046D4F82C13B1
:10AFE00005F00CDF2046D4F8DC1405F007DF20461E
:10AFF000D4F8341305F002DFD4F8400308B1ECF3C1
:10B000005FF5D4F8980220B103F070FD0023C4F876
:10B010009832276AB96911B1204661F09BD80025A2
:10B02000BD61D4F86432595911B1204632F098DA32
:10B030000435202DF5D1D4F8580103F0B3FA204699
:10B04000FEF737FFD4F8180520B101F031FC0023DA
:10B05000C4F818352046FEF772FF204602F042FA87
:10B0600023688619D3F8D41031B1606802F035FA3C
:10B0700023680022C3F8D4202368D3F8D80028B16D
:10B08000ECF31EF523680022C3F8D820D4F8D05280
:10B0900004E02846EF68ECF313F53D46002DF8D1A7
:10B0A0002146C4F8D0522068FFF77AFC206818497E
:10B0B0002246FFF756FBD4F8640118B107F09EF85A
:10B0C000C4F86451D4F89C0220B1ECF3F9F40023E5
:10B0D000C4F89C32D4F8F80448B1ECF3F1F400233E
:10B0E000C4F8F83403E02046616815F037D8D4F886
:10B0F0009422002AF7D104F5C6600C30F8F7B2FFAD
:10B100002046616801F08AF800E006463046F8BD46
:10B11000DD5601002DE9F04F91B0002491461B9EB1
:10B120009DF868200790DDF878B020460991984690
:10B130000892DDF880A00C940D940E94E3F792FB36
:10B14000484631461C9A1D9BCDF800B00CF031F8F2
:10B15000054608B1012376E3FEF71AFE0DAB019315
:10B160000EAB0293484631461C9A1D9BCDF800B0A9
:10B1700002F0AEF9074618B901230C93044688E3A0
:10B180000D9848B1AA49E8F30FF328B129462A4699
:10B19000E8F3A6F01FFA80F91F9B30460093414662
:10B1A0000CAA4B4601F06CF80446002800F0898395
:10B1B00005680E9A46600D9BC5F8DC20D0F8842403
:10B1C000FF21C5F8D470C5F8D83082F86010426A03
:10B1D0000023C261079A0D938260964AC5F80C80DD
:10B1E000C5F8A4206E610E93012280F84226D0F8A3
:10B1F000E022C0F8A4B163F31722C0F8E022089A55
:10B20000414685F8212080F8CF31032380F841356D
:10B21000FFF7D0F9236804F5C662DB696068196E30
:10B220000C32F8F7E2FE0746002840F03283204651
:10B23000394605F007D8204607993246434606F0BE
:10B2400045FFC4F8640108B90F23FCE27A4B284695
:10B250008DE88800794B7A4904937A4B7A4A0593B2
:10B26000234602970397FFF7D7FA08B11023EAE2C3
:10B27000089B1C9A8DE848001D9B02920393204670
:10B2800009994A464346CDF810B002F01DFA0C90D9
:10B29000002840F0FE822369D86FFEF76AFAA4F80E
:10B2A0004006B4F8AA010DF0CFD9003018BF012034
:10B2B0000A3054F820300AA9236220692FF0FCDFFD
:10B2C00000283DD10A9B0746C4F8B03139460FAA81
:10B2D000204604F0ADDC39462046BDF83C2001375D
:10B2E00004F0AADC062FF1D14FF44073C5F8E83022
:10B2F0002A23C5F8B8303223C5F8BC3036234FF4C2
:10B300007D62C5F8C43040F2D453A5F8CA20A5F830
:10B31000C0304FF45D72002385F8B670A5F8C820E0
:10B3200084F89437D5F8B830842B02D98423C5F833
:10B33000B8304FF40470ECF3B1F3C4F89C0208B9D0
:10B34000142380E24FF404720021E7F391F32246C4
:10B350000023D2F8A002D4F89C12043241F8230052
:10B36000D4F89C1251F823108B710133042BF0D1C7
:10B37000012385F89330236A1869EEF7A1FF00F0E6
:10B38000010085F85400236A1869EEF799FFC0F3AD
:10B39000C00085F855002946204607F0EDF92B49F5
:10B3A000D5F8D800E8F3DCF1D5F8D42040F26E519E
:10B3B000936A07468B4208D0126B41F26B018A42B6
:10B3C0005AD1D12B01D0E92B12D1D4F884341922CF
:10B3D00083F84920D4F884344FF0FF325A64642251
:10B3E00083F87A20D4F88434012283F8302059E09D
:10B3F000B3F5897F11D8B3F5887F32D8F52B07D8FC
:10B40000F42B2ED2E42B2CD0EF2B2AD0D62B27E0F6
:10B41000A3F58773012B45D823E0B3F59A7F17D2A4
:10B42000B3F5987F1DD840F21712934218E000BF81
:10B43000839B020000315F0701638200EC5601002C
:10B4400008D68800514F0000DD560100899B02009C
:10B45000B3F59A7F26D9B3F59B7F02D9B3F5A57FC3
:10B4600020D1D4F88434322283F87A20D4F884347A
:10B47000642283F8492010E041F2E4418A4211D16C
:10B4800040F2DA5293420DD1D4F88424642382F836
:10B490007A30D4F8842482F84930D4F884344FF0D8
:10B4A000FF325A642046FEF7CDFED4F884341922C8
:10B4B000A3F8AA20204607F07FF8D4F88434226A43
:10B4C00019781069DA784EF0D1D8D4F878364FF080
:10B4D000010983F83490E1692069043103F0D7FD54
:10B4E000236AD4F884B418694EF0D8D9CBF8400058
:10B4F00004F5E47B206959462EF064DF0622281DFE
:10B500005946E7F331F2B4F8AA010DF09DD80030A6
:10B5100018BF01200A3054F8203020462362FEF77D
:10B5200061FF08B918238EE1216A0F2340F2FF3230
:10B53000A1F80031A1F8022101F1F80301F1F402B0
:10B54000204601F01BFC236AD3F8F420C3F8F02056
:10B55000C3F8E820D3F8F820C3F8EC201A68022AD0
:10B5600008BF83F8159007F00103002B0CBF0323DD
:10B57000002385F84F30236A1869EEF7A1FE10F416
:10B580000060236806D093F84F2002B1012283F8AF
:10B59000512001E083F85100216A20461C3106F059
:10B5A0006DDA00212046D4F820900BF05DDD0022FA
:10B5B0007F2309F1500100930190134609F11C000B
:10B5C0005AF020DD204664F02FDF40F2CC63C4F84F
:10B5D00028362046FFF780FA0C90002840F0598169
:10B5E000D4F8800402219DF92C2059F0F9DD204681
:10B5F0004146FEF797FF10B94FF47A7323E12046D6
:10B6000002F0F4FFC4F8580110B940F2E9331AE12E
:10B610002046FFF7F3F92046314614F07FDD10B9DC
:10B6200040F2EB330FE1C4F8BC05C4F8C005314665
:10B63000204614F073DD10B94FF47B7303E101234E
:10B64000C4F8C40585F8A830204602F045FC10B1C6
:10B6500040F2ED33F7E00623A5F86030A5F862303C
:10B6600095F89C30012B04D14022A5F86020A5F864
:10B670006220D5F888300A221A804FF454725A801A
:10B68000D5F88C300126C4221E805A80D4F83001AF
:10B690001FF0C8DD08B184F80E62B4F8E13243F45B
:10B6A000C05343F01E03A4F8E132236A1869EEF791
:10B6B00007FEC10607D5D4F8843401229A74D4F861
:10B6C0008434FF22DA74B4F8E1224FF2FF7313409E
:10B6D000D4F88424A4F8E132D278012A07D123F4E3
:10B6E000006323F00C031B041B0CA4F8E132FF26BB
:10B6F0000221012284F8E06284F8DF6284F8DE62CD
:10B70000204603F0BDDB01213246204603F0B8DBC2
:10B71000236A4FF0FF38C4F814821869EEF7D0FDA1
:10B7200010F00406204605D00321FEF3C3F684F88A
:10B730001C8204E03146FEF3BDF684F81C62236AE5
:10B740001869EEF7BDFD3A0702D5002384F81C32D4
:10B75000FB0603D520460021FEF3ACF6BE070ED54E
:10B76000A26A002382F84D30E26A82F84D30B4F8C4
:10B77000E13223F080031B041B0CA4F8E1327807AC
:10B7800003D52046002164F0D5DF390607D5B4F88B
:10B79000E13223F010031B041B0CA4F8E13295F8EE
:10B7A0004130A3B195F842308BB117F0600F0ED045
:10B7B00007F02001D1F1010107F0400238BF00215C
:10B7C000D2F10102204638BF002200F00FFFB4F88A
:10B7D000AA010CF039DF003018BF012000F10A0681
:10B7E00054F82670D4F868122046384A3B4660F078
:10B7F0006FDCB86154F82610886910B940F24C43E8
:10B8000021E0503128223C30E7F3AEF01420ECF375
:10B810004BF1C4F8300710B940F24D4313E0AB6D63
:10B82000204643F00403AB650EF078DD2046FFF7B9
:10B8300071F810B14FF4FA6305E0204603F0DEF82A
:10B8400018B140F2D1730C9323E023682049D3F858
:10B85000D800E7F3A9F770B10346184613F8012B97
:10B860001AB11C498A5C5207F7D500210A22E7F376
:10B8700037F5C4F88406A0680021F8F3A7F4012383
:10B8800084F8A837BAF1000F17D00023CAF80030A7
:10B8900013E00D9820B1ECF313F100230D930E93F8
:10B8A00014B12046FFF786FBBAF1000F04D00C9BC1
:10B8B0000024CAF8003000E05446204611B0BDE82C
:10B8C000F08F3046394601F008FEE2E710570100DC
:10B8D000489A02000AA0880038B5044670B105688D
:10B8E00021462868FFF75CF8286805492246FEF7DC
:10B8F00038FF2046BDE83840ECF3E2B038BD00BF69
:10B900001657010070B5066A8EB005463820ECF374
:10B91000CBF0044600282FD01B4B0560009300237A
:10B920000193029303930493059328681749184AD7
:10B930002346FEF771FFF8B9164B2146009328689D
:10B94000154A0223FEF7BBFF0546A8B929461C226B
:10B9500004F10B00E7F38CF03069316807AA4CF072
:10B9600025DA234607AAD97AAA5C01350A43DA7296
:10B9700001331C2DF6D103E02046FFF7ADFF002474
:10B9800020460EB070BD00BFC54F830084E1880023
:10B990001657010074E188007D4F830038B50446D6
:10B9A00070B1056821462868FEF7FAFF2868054946
:10B9B0002246FEF7D6FE2046BDE83840ECF380B0C4
:10B9C00038BD00BF1A57010030B5054687B00C20BE
:10B9D000ECF36AF0044600283FD000230560012103
:10B9E00000930190204A2846204B02F037FA0028A5
:10B9F000606032DB1E4BD5F894068DE818000521F7
:10BA000021221C4B03F0F2FB38BB1B4BD5F89406EC
:10BA10008DE8180005212422184B03F0E7FBE0B95C
:10BA2000174B0190009302900390049005901549E4
:10BA30002868154A2346FEF7EFFE70B9134B2868B5
:10BA400000932146124A0323FEF739FF28B92A68DA
:10BA50000123A36082F8A93003E02046FFF79EFF90
:10BA60000024204607B030BD79548300755483000C
:10BA7000C15583007D548300915683009D548300FB
:10BA80004D558300C0E188001A570100A8E18800E5
:10BA9000D154830030B5054687B000286DD008200A
:10BAA000ECF302F00446002868D00023056014215E
:10BAB00000930190354A2846354B02F0CFF9002813
:10BAC00060605EDB334B4FF498718DE818006B2299
:10BAD000D5F89406304B03F089FB002851D12F4B49
:10BAE00005218DE818006B22D5F894062C4B03F045
:10BAF0007DFB002845D12B4B4FF490718DE8180049
:10BB00006C22D5F89406284B03F070FB002838D13E
:10BB1000264B4FF490718DE818006F22D5F89406EB
:10BB2000234B03F063FB00282BD1224B0A218DE825
:10BB300018006E22D5F894061F4B03F057FB00281F
:10BB40001FD10095D5F894060A216E221B4B03F0F5
:10BB500003FEB0B91A4B0190009302900390049039
:10BB6000059028681749184A2346FEF755FE40B944
:10BB70002B68012283F8AC2000E00446204607B081
:10BB800030BD2046EBF39CF70024F7E7215C8300EF
:10BB9000015C8300395E8300555C8300195E83007D
:10BBA000355C8300595E8300815C8300C55E830041
:10BBB000C15C8300F15E8300ED5C8300E15B830088
:10BBC000195D8300D8E188001E57010010B50446B6
:10BBD00050B10368054918682246FEF7C2FD2046A9
:10BBE000BDE81040EBF36CB710BD00BF1E5701005D
:10BBF00010B5044650B10368054918682246FEF79F
:10BC0000B0FD2046BDE81040EBF35AB710BD00BFB1
:10BC1000999B020070B5054686B00820EBF33EF70D
:10BC20000446002800F0B9805F4B05604FF4907126
:10BC3000009301903022D5F894065C4B03F0D6FABD
:10BC4000002840F0AA805A4BD5F894068DE81800D9
:10BC50004FF49071F422574B03F0C8FA002840F0DB
:10BC60009C80554BD5F894068DE818000A21F422E3
:10BC7000504B03F0BBFA002840F08F804F4BD5F8B3
:10BC800094068DE818004FF49071A0224C4B03F0FD
:10BC900039FB002840F081804A4BD5F894068DE8A6
:10BCA000180005213022484B03F0A0FA002874D177
:10BCB000464BD5F894068DE818000521F422444B34
:10BCC00003F094FA002868D1424BD5F894068DE829
:10BCD00018000521A022404B03F014FB00285CD182
:10BCE000D5F89406052130223C4B009403F034FD36
:10BCF000002852D1D5F894060521F422384B00943F
:10BD000003F02AFD002848D1D5F894060521A02289
:10BD1000344B009403F0A6FD00283ED1D5F89406DC
:10BD2000C0213022304B009403F016FD002834D19E
:10BD3000D5F89406C021A0222C4B009403F092FD6C
:10BD400058BBD5F89406C021F422294B009403F087
:10BD500003FD10BBD5F894060A21F422254B00946C
:10BD600003F0FAFC0646C0B98DE81100012128460F
:10BD7000214A224B02F072F8002860600DDB204B54
:10BD800028688DE848001F491F4A234602960396FB
:10BD900004960596FEF740FD18B12046FFF728FFF0
:10BDA0000024204606B070BD5963830021638300E0
:10BDB0003BA10000D59C0000E5A000006D6383005E
:10BDC0003D638300996283002161830077A00000B6
:10BDD00031A00000E962830071618300A9618300E2
:10BDE0000D9D00001D6283003D6683005566830043
:10BDF0005D9C00008F9C000085638300816383004D
:10BE0000B964830038E28800999B02002023402116
:10BE100080E80A00C0F8B010C16218214FF4F06247
:10BE20008163016401651D212DE9F04182600B25CC
:10BE30001022C16505210A24C26045618561426204
:10BE40000425C0F8B820016680224FF4F0714FF449
:10BE500080660461C4618562012409254FF0140CD9
:10BE600042631127082281664FF027080321C0F89A
:10BE7000B43004624466C46443658567C0F830C06A
:10BE8000C2638765C66606674167C0F87C80C0F8F4
:10BE9000A440B024C0F8C0404824C0F8C440602486
:10BEA000C0F88450C0F88850C0F8C840022530243B
:10BEB000C0F8E030C0F8F030D3234FF01208C0F8DB
:10BEC0008C50C0F89050C0F89C50C0F8A050C0F8FA
:10BED000CC404FF4FA650624C0F8F4300023C0F8D3
:10BEE0008080C0F894C0C0F89810C0F8A810C0F8BE
:10BEF000AC20C0F80021C0F80421C0F8D040C0F840
:10BF0000D470C0F8D850C0F8DC20C0F8E840C0F8C1
:10BF1000E460C0F8FC30C0F8F810BDE8F081012002
:10BF20007047704738B50446D0F82C0320B1EBF3C6
:10BF3000C7F50023C4F82C33D4F8340320B1EBF355
:10BF4000BFF50023C4F83433D4F8180730B12368A0
:10BF500023B1EBF3B5F50023C4F81837D4F8C402C5
:10BF600018B123680BB1EBF3ABF5D4F8C802002588
:10BF7000C4F8C45228B123681BB1EBF3A1F5C4F88F
:10BF8000C852D4F8640208B1EBF39AF5D4F854031C
:10BF90000025C4F8645218B1EBF392F5C4F8545379
:10BFA000D4F8140320B1EBF38BF50023C4F8143359
:10BFB000D4F8D40208B1EBF383F500256319D3F864
:10BFC000A032D3F8E00008B1EBF37AF50435102D78
:10BFD000F4D1D4F8A00208B1EBF372F5D4F88404DC
:10BFE00020B1EBF36DF50023C4F88434D4F8DC04FD
:10BFF00020B1EBF365F50023C4F8DC34D4F8280550
:10C0000020B1EBF35DF50023C4F8283538BD10B539
:10C010000C46D1B1C86918B1EBF352F50023E361C6
:10C02000D4F8880020B1EBF34BF50023C4F8883036
:10C03000D4F88C0020B1EBF343F50023C4F88C3026
:10C040002046BDE81040EBF33BB510BD70B504468B
:10C050004FF4B8701646EBF327F50546A8B14FF438
:10C060008470EBF321F5E86178B13146FFF7CEFE3D
:10C070004FF45470EBF318F5C5F8880028B1C420CC
:10C08000EBF312F5C5F88C0020B929462046FFF7DE
:10C09000BEFF0025284670BD2DE9F0411D46002653
:10C0A0000368C0F8C46293F8B4300446382058439B
:10C0B000EBF3FAF4C4F8C402002855D0236893F8CF
:10C0C000B4008000EBF3F0F4C4F8C80210B940F2F9
:10C0D000F53394E04FF40070EBF3E6F4C4F818077E
:10C0E000002800F09580C4F864622020EBF3DCF4B3
:10C0F000C4F8640210B94FF47E7380E0C820EBF3FB
:10C10000D3F4C4F8540310B940F2F23377E04FF49B
:10C11000B870EBF3C9F4C4F8840410B940F2F933F1
:10C120006DE08020666AEBF3BFF4B06210B940F2B4
:10C13000034364E04FF48470EBF3B6F4C4F82C03CB
:10C1400010B940F2EF335AE04FF48470EBF3ACF4E3
:10C15000C4F8340310B94FF47C7350E01220EBF3B1
:10C16000A3F4C4F8140310B94FF47D7347E0B4206E
:10C17000EBF39AF4C4F8D40210B940F2F6333EE07F
:10C180004FF46470EBF390F4C4F8A002F0B100F146
:10C19000E403C4F8A43200F5E47300F52B70C4F88E
:10C1A000A832C4F8AC02264604F110072368D6F87A
:10C1B000A082DB69D3F8D4004001EBF375F4C8F832
:10C1C000E000D6F8A032D3F8E00010B940F2F7331F
:10C1D00015E00436BE42E9D14FF48470EBF364F409
:10C1E000C4F8DC0410B940F2FB3308E04FF4867069
:10C1F000EBF35AF4C4F8280520B940F2FF332B6062
:10C20000BDE8F0813820EBF34FF4C4F8780610B99C
:10C210004FF48163F3E70120BDE8F08138B50D46A6
:10C22000044600282BD0FFF77CFE20462946FFF766
:10C2300079FEA06A08B1EBF343F4636A5BB1986AD4
:10C2400020B1EBF33DF4636A00229A62606AEBF37B
:10C2500037F400236362D4F8780620B1EBF330F4AE
:10C260000023C4F87836216821B12846FFF7CFFEB5
:10C27000002323602046BDE83840EBF321B438BDED
:10C280002DE9F341064640F67400884615461F46E0
:10C29000EBF30AF4044610B940F2EA3310E0262327
:10C2A000C0F8E035C0F8E435089B4146C0F81C37BB
:10C2B0003A463046FFF7CAFE206018B940F2EB3329
:10C2C0002B602DE040231A4A80F8B43023681268AE
:10C2D0000460C3F898204FF40870EBF3E5F3A06214
:10C2E00040B100F58870E0622C20EBF3DDF3606272
:10C2F00030B902E040F2F233E2E740F2F333DFE735
:10C300002046314642462B460097FFF7C5FE38B11E
:10C310002046314642462B460097FFF700FE20B9E3
:10C3200020463146FFF77AFF00242046BDE8FC8115
:10C330004404000003680B22DB69C3F8BC205A6187
:10C340009A61704710B50446F8B1D0F8500208B1B0
:10C35000EBF3B6F3D4F8E80220B1EBF3B1F300232A
:10C36000C4F8E832D4F8FC0320B1EBF3A9F30023BE
:10C37000C4F8FC332368054918682246FEF7F1F932
:10C380002046BDE81040EBF39BB310BD6E7D8900E5
:10C3900080F8C01370470000F0B587B00546FFF77E
:10C3A000C9FF4FF48160EBF379F30446002800F0F5
:10C3B000D48000214FF481624026E6F359F32560D2
:10C3C00084F8E163BC20EBF369F3C4F85002002861
:10C3D00000F0BA800021BC22E6F34AF30123A372E5
:10C3E0006373A373E373A37494F8E13300223F2BC8
:10C3F000E67498BFE374FF2384F828300B2322747B
:10C4000062742273E2720521022284F8DE33002373
:10C4100084F8271084F82D2041F2285084F82C301D
:10C420006085286890F89C00217501280CBF0120C8
:10C43000104684F82E00012084F8C0034FF40060F9
:10C44000A2756063224621460520D0750220D07770
:10C4500023B94FF48070A4F8E40302E02020A1F88F
:10C46000E403013301320231082BEDD1002601270C
:10C47000204641F2285184F82F6084F8307018F07B
:10C48000D1DA0221204685F8DA721AF011DE84F83A
:10C49000D86304212846324A324B0096019401F0B9
:10C4A000DDFCB042C4F800044EDB042128462E4ACD
:10C4B0002E4B0096019405F017FFB042606043DBFD
:10C4C0004FF43E70EBF3EAF2C4F8E80200283BD0E8
:10C4D00031464FF43E72E6F3CBF21020EBF3E4F278
:10C4E000C4F8FC0300282FD0214B28680093214B6F
:10C4F00021490193214B224A039323460296049635
:10C500000596FEF789F9F8B91E4B84F854721A1D86
:10C5100007CA8DE8070022461B6828460721FEF758
:10C52000C7FAFF2384F8DD332B68204693F84110C7
:10C530001BF03CDDC823C4F8EC3220461BF04AD87F
:10C54000202384F8E23308E0D4F8500208B1EBF37A
:10C55000B7F22046EBF3B4F20024204607B0F0BD5A
:10C5600001918300E5908300A19183008191830074
:10C570006199830099B783005CE2880015AA830063
:10C580006E7D8900A09B0200024618B10068024936
:10C59000FEF7E7B8704700BF5D89890010B5044613
:10C5A00086B00E490E4A234600680AF0F1D90D4BB9
:10C5B000206800930023019302930393049305934F
:10C5C0000949064A2346FEF727F920B12046FFF71E
:10C5D000DBFF4FF0FF3006B010BD00BF5D89890062
:10C5E00021CF830015CE83004CE3880038B5044684
:10C5F000D0F834011546FFF7CBFED4F838012946B0
:10C60000BDE8384000F02CB810B50446002824D00E
:10C61000416969B190F829301BB103689868F7F354
:10C6200055F5236861699868F7F3BCF500236361E9
:10C63000A06908B1EBF344F2E06918B1EBF340F202
:10C640000023E3612368054918682246FEF789F84C
:10C650002046BDE81040EBF333B210BD768689006A
:10C6600080F828107047000070B5054686B0342069
:10C67000EBF314F20446002800F0928000213422EB
:10C68000E6F3F6F14023256084F82A305020EBF3DE
:10C6900005F2A06100287BD000215022E6F3E8F1EA
:10C6A000012384F8203084F8213084F8223084F883
:10C6B000233084F8243084F8253084F8263084F838
:10C6C000273023721023637294F82A300F2B98BFFF
:10C6D00063722B6A00261869EDF7F2FD4FF47A7346
:10C6E000E381C823238200F01000012300280CBF3F
:10C6F0000520072084F8283003232073E3722046A6
:10C70000A6721DF0FDDC04212846274A274B00961F
:10C71000019401F0A3FBB042206339DB04212846D9
:10C72000234A244B0096019405F0DEFDB042606080
:10C730002EDBA868204922463346F7F34BF56061AB
:10C7400030B34FF4BA70EBF3A9F1E06100B33146B6
:10C750004FF4BA72E6F38CF1184B28680093184B2B
:10C7600018490193184B194A0393194B02960493E5
:10C77000184B05932346FEF74FF8064640B92B6841
:10C78000204693F842101DF06DDC84F8296007E024
:10C79000A06908B1EBF394F12046EBF391F100248A
:10C7A000204606B070BD00BF05DF8300EDDE8300CC
:10C7B00061DF830041DF830071E28300DDDF8300FE
:10C7C00045E5830088E3880029E1830076868900B7
:10C7D0004457010025A300000023037440F6FB63C7
:10C7E000C381704710B5044690B11EF025D960682A
:10C7F00008492246FDF7B5FFE06E08B1EBF360F1A2
:10C80000206EEBF35DF12046BDE81040EBF358B12C
:10C8100010BD00BF6E88890030B5054687B0702016
:10C82000EBF33CF10446002834D000217022E6F3FB
:10C830001FF12B68256063601820EBF32FF1206651
:10C8400020B300211822E6F313F16420EBF326F164
:10C85000E066D8B100216422E6F30AF10F4A104BDA
:10C860000292104A009300230193039204930593CC
:10C8700060680D490D4A2346FDF7CEFF30B901230C
:10C880006382A3822046FFF7A7FF03E02046FFF75D
:10C89000A9FF0024204607B030BD00BFDDF18300B2
:10C8A00095EE830075F08300DCE388006E888900D4
:10C8B00070B50446E8B18569C669284600F016F9E6
:10C8C000616C41B1A868F7F301F4A868616CF7F3F3
:10C8D00069F400236364224630460649FDF741FFB0
:10C8E00028682146FEF75CF82046BDE87040EBF36F
:10C8F000E7B070BD826A89002DE9F0433C234FF018
:10C9000005090A27D0F80080C0F80435C0F808955A
:10C91000C0F8107587B00446A020EBF3BFF00546C1
:10C92000002800F0B1800021A0220026E6F3A0F04C
:10C930002E70AC61C5F81C80284620F0AFDF0421C2
:10C94000A862554A204633460096019501F086FAC2
:10C95000B042A866C0F29880204600F0E1F8064692
:10C96000002840F09180A0684C492A463346F7F3EE
:10C9700031F46864002800F08780494B40460093FA
:10C98000484B49490193494B494A02932B46039628
:10C9900004960596FDF740FF0346002874D10090E9
:10C9A00029462068434AFDF78AFF014600286BD1DB
:10C9B000D4F888040122404B03F03CFF002863D1E7
:10C9C0003E4BD4F894068DE81800394601223C4BC2
:10C9D00002F00CFC002857D13A4B32228DE81800A7
:10C9E000D4F894063946384B02F000FC0246002881
:10C9F0004AD1D4F894064946344B009402F0ACFE78
:10CA0000002841D1D4F8940649460122304B0094C5
:10CA100002F0A2FE002837D1D4F89406494632220B
:10CA20002C4B009402F098FE70BBD4F89406494653
:10CA3000A422294B009402F015FF28BBD4F89406D9
:10CA400049463022254B009402F086FEE0B9D4F826
:10CA50009406C0212D22224B009402F07DFE98B94D
:10CA6000D4F8940690212D221E4B009402F0D6FC9F
:10CA700050B9D8F8D8001C49E6F372F64FF47A732F
:10CA800090FBF3F36B8103E02846FFF711FF0025CD
:10CA9000284607B0BDE8F08301FD8300DD16840061
:10CAA00009FD8300AD0F8400A8E48800891184008B
:10CAB000826A890065068400F9078400F513840002
:10CAC000A5118400D913840095118400911284006B
:10CAD000C912840055128400791384000D13840058
:10CAE000A9148400A51484006885890038B5D0F89D
:10CAF0001455044675B10849024660F0B5D9074996
:10CB000022462068FDF72DFE2846EAF3D9F70023D8
:10CB1000C4F8143538BD00BF1139840066570100D0
:10CB2000F0B5044687B04FF40A60EAF3B7F705465C
:10CB300020B9C4F814054FF0FF3005E100214FF48F
:10CB40000A62E5F395F7226805F120032B600026C1
:10CB500008236B612E61F821D36520467B4A7C4B0C
:10CB60000096019405F0C0FBB042A86105DA2046AA
:10CB7000FFF7BCFF6FF00100E6E0764B002243F8C0
:10CB8000042BF2071FD5744901270A780D2A07FAEA
:10CB900002FE03DCD21917FA02F001E04FF4004064
:10CBA000CA78012111FA02F70D2A47EA0E0747EA6F
:10CBB000000003DC521811FA02F201E04FF40042C7
:10CBC000024343F8042CB00723D5634901274A7870
:10CBD00053F804EC0D2A07FA02FC03DCD21917FA09
:10CBE00002F001E04FF400408A78012111FA02F7C7
:10CBF0000D2A47EA0C0747EA000003DC521811FA35
:10CC000002F201E04FF40042024342EA0E0243F80E
:10CC1000042C710723D5504901270A7953F804ECF5
:10CC20000D2A07FA02FC03DCD21917FA02F001E020
:10CC30004FF400404A79012111FA02F70D2A47EA20
:10CC40000C0747EA000003DC521811FA02F201E077
:10CC50004FF40042024342EA0E0243F8042C32072A
:10CC600023D53D4901278A7953F804EC0D2A07FAA8
:10CC700002FC03DCD21917FA02F001E04FF4004085
:10CC8000CA79012111FA02F70D2A47EA0C0747EA8F
:10CC9000000003DC521811FA02F201E04FF40042E6
:10CCA000024342EA0E0243F8042C0136102E7FF4B0
:10CCB00065AF2A4B002103932068294A234600913F
:10CCC0000191029104910591FDF7A6FD70BB012130
:10CCD000D4F888040A46234B03F0ACFD48BBD4F8D3
:10CCE000880401210222204B03F0A4FD20BB1F4B2E
:10CCF000D4F894068DE81800802105221C4B02F020
:10CD0000F3F9E0B91B4B1A1D07CA8DE8070020464E
:10CD1000032122461B68FDF7CBFE2046164922461A
:10CD200060F09CD870B9C4F814550DE06FF00300A2
:10CD30000AE06FF0040007E06FF0050004E06FF018
:10CD4000060001E06FF0080007B0F0BDC5388400B0
:10CD5000453884007465010060E188000D3284006C
:10CD600066570100CD2F840009368400F93984000C
:10CD7000FD318400B09B02001139840070B51E465D
:10CD80008B89154642F2560293420C4608D842F26D
:10CD9000550293422DD242F25002934229D108E02B
:10CDA00042F2600293421AD04EF2F542934220D1F1
:10CDB0001AE0CB89012B04D16FF03B032B600F23CA
:10CDC00003E06FF045032B60142333600368D3F84E
:10CDD0008030D90412D52B68023B2B600EE06FF037
:10CDE0004A032B600F2308E06FF095032B60962316
:10CDF00003E06FF04A032B6014233360D4F808017A
:10CE000030B300214022E5F333F6D4F80821802323
:10CE10001370D4F8082129685170D4F80821937050
:10CE2000D4F808313268DA70D4F80831BF221A71A8
:10CE3000D4F8083100225A71D4F808310322DA807C
:10CE400046221A810A225A8101229A810A22DA8113
:10CE5000D4F80C0128B100211022BDE87040E5F3A0
:10CE600007B670BD10B50446E0B103680E491868F6
:10CE70002246FDF776FCE36833B1214651F80C3BBE
:10CE8000D3F83C06F7F712F9A36833B1214651F8FD
:10CE9000083BD3F83C06F7F709F92046BDE81040F7
:10CEA000EAF30EB610BD00BF969F890070B5054627
:10CEB00086B01020EAF3F2F50446002837D00021AE
:10CEC0001022E5F3D5F5D5F83C06E421194A04F122
:10CED0000803F7F7DFF830BBD5F83C06E821164A1F
:10CEE00004F10C03F7F7D6F80646E0B98DE8110017
:10CEF00004212846114A124B05F0F6F9002860601B
:10CF000011DB104B286800930F4B10490193104B15
:10CF1000104A03932346029604960596FDF77CFC7F
:10CF200008B9256003E02046FFF79CFF0024204657
:10CF300006B070BD6B57010071570100DDBD840064
:10CF40009DBD840075B6840051BE840050E6880003
:10CF500079B68400969F890001207047012970B539
:10CF60000E46144607D1174B03211046D3F8B830AC
:10CF70000A46984770BD19BB124BD3F8C050FFF753
:10CF8000EBFF314602462046A847204601213246A3
:10CF9000A847204602213246A84720460321012205
:10CFA000A84720464FF481710122A84720464FF43C
:10CFB00080713246A847204640F201113246A84708
:10CFC00070BD00BF10A78800806C20381F2805D8CE
:10CFD000802333FA00F000F0010070470020704712
:10CFE000C16FB0F84E3010B58A6AB3B1FF2B16D9B5
:10CFF000180B0138012814D803F47060000A0928BE
:10D000000FD878B103F0F00090280AD803F00F0091
:10D0100009288CBF0020012004E0184602E001200E
:10D0200000E000200C6B41F2E4418C4215D1A2F5E6
:10D0300082610739012903D83F2B98BF002010BD1A
:10D0400040F20C418A4207D040F221418A4204D189
:10D05000502B98BF002010BD002010BD90F87630F6
:10D0600010B504463BB9044B04491A682CF03CDA6D
:10D07000012384F8763010BD78B802007CB8020035
:10D0800070B50C460546164608460A220021E5F30F
:10D09000EFF463881E432B6D6680980603D52388C2
:10D0A00043F480632380D5F8943042F25002198C07
:10D0B000914205D15B8C052B9CBF46F0040666802F
:10D0C00070BD0000D0F880000149E6F36DB300BFE9
:10D0D000119C020010B504460C20EAF3DFF4C4F8FA
:10D0E0000C0138B10C220021E5F3C2F4D4F80C3164
:10D0F00010229A7210BD10B50446D0F80C0120B170
:10D10000EAF3DEF40023C4F80C3110BD70B5064616
:10D1100005460024686938B1064B1B6898473046BD
:10D12000214600223BF03ADE01340435062CF1D1D1
:10D1300070BD00BF10A788002DE9F043046985B0D9
:10D140000546EC20A66FEAF3A9F43062002875D0FA
:10D150001020A66FEAF3A2F4706200286ED00026B9
:10D1600037460F216846384A3346E5F3E7F4D4F8EA
:10D1700080006946E6F318F308B10137BFB2013603
:10D1800040F2F1339E42ECD137B9D4F880002F49F8
:10D19000E6F30AF3002843D0B8000630EAF37EF441
:10D1A000C5F85C06002849D00023838000260F21A3
:10D1B0006846254A3346E5F3C1F4D4F88000694651
:10D1C000E6F3F2F298B1D5F85C866946D4F88000AF
:10D1D000B8F80490E6F3C4F208EB89031881D5F897
:10D1E0005C369A8803EB82010132CE809A80013648
:10D1F00040F2F1339E42DAD1D4F880001349E6F3CD
:10D20000D3F2D5F85C6650B1D4F880000F49E6F34C
:10D21000A7F2D5F85C36012270801A7000E03070F9
:10D22000A36F586A60B1012303808380C3800381A8
:10D230000223438104238381002001E06FF01A0060
:10D2400005B0BDE8F08300BF629C02006F9C020045
:10D250002DE9F04F0568C6682B688FB0DF690023A1
:10D260000446009388460BA80921944A3346E5F307
:10D2700065F4D4F81490B9F1000F40F01081D4F89F
:10D2800088103A6801F50071E06FD4F808A009929F
:10D29000D7F804B0FAF798FE0146A868FCF776FDC7
:10D2A000002800F005810921844A0BA83346CDF8F7
:10D2B0000090E5F343F4E26FD4F88810B8F1000F62
:10D2C00002D001F5007300E04346099801F50871AA
:10D2D000B8F1000F08BF002001900091CDF808B010
:10D2E000B9684FF0FF390391CDF81090F968DFF875
:10D2F000DC810591D5F8E015504606910BA9CDF8D3
:10D300001C80FAF7D1FC0546002800F0D1802A469F
:10D310006B4B20460021FFF721FE2A4620460021C4
:10D320003BF03CDD00250921644A33464FF0010BF8
:10D330000BA8CDF800B0E5F301F400953A68D4F8F5
:10D340008830019250460BA9E26F03F510730295E5
:10D350000395CDF8109005950695CDF81C80FAF749
:10D36000A3FC0746002800F0A4803A46544B204610
:10D370002946FFF7F3FD59463A4620463BF00EDDBD
:10D380004FF0020B09214D4A33460BA8CDF800B0EF
:10D39000E5F3D4F3099AD4F88830019250460BA9EA
:10D3A000E26F03F52073009502950395CDF8109078
:10D3B00005950695CDF81C80FAF776FC07460028FF
:10D3C00077D03A463E4B20462946FFF7C7FD5946DF
:10D3D0003A4620463BF0E2DC4FF0030B0921374A86
:10D3E00033460BA8CDF800B0E5F3A8F3099AD4F8BA
:10D3F0008830019250460BA9E26F03F53073009517
:10D4000002950395CDF8109005950695CDF81C80F2
:10D41000FAF74AFC074600284BD03A46284B2046EC
:10D420002946FFF79BFD3A46204659463BF0B6DCBD
:10D43000042733460921214A0BA80097E5F37EF320
:10D44000099AD4F88830019250460BA9E26F03F58F
:10D450004073009502950395CDF8109005950695BB
:10D46000CDF81C80FAF720FC064608B33246204669
:10D470002946134BFFF772FD3246204639463BF0F2
:10D480008DDC2646706930B10E4B0F49D3F88C30D5
:10D490009847C6F8C00001350436062DF2D1D4F8FD
:10D4A0009410204608310022FFF7EAFD012700E032
:10D4B000074638460FB0BDE8F08F00BFE29B020080
:10D4C000F05D010010A78800D4318900C40300007A
:10D4D00010B5BDE81040FCF77DBA11B10846FCF765
:10D4E00021B87047F8B504690546002C42D0E06FBA
:10D4F00008B1FCF74DF82046FFF708FED4F8946019
:10D50000B4F846000BF0A0D8706A28B103F04BFCC9
:10D5100000230746736200E00746D4F8900003F04A
:10D5200021FC00263F18D4F88C0004F0D9F92046DD
:10D53000C4F88060E667FFF7DEFDD5F85C0618B139
:10D54000EAF3BEF2C5F85C66A36F186A20B1EAF38D
:10D55000B7F2A36F00221A62A36F586A20B1EAF3F0
:10D56000AFF2A36F00225A62204601F03BFD002378
:10D570002B6100E027463846F8BD0000F0B587B0C3
:10D580004FF480350021042303AA0446D0F88870A4
:10D5900000952CF05BDC234B06AE46F8083D0021DD
:10D5A00004232046324600952CF09CDC0423002105
:10D5B00005AA204600952CF049DC049B059A9A4266
:10D5C0002AD1194B002104932046042332460095AA
:10D5D0002CF088DC0423002105AA204600952CF0BD
:10D5E00035DC049B059A9A4216D10423002120467B
:10D5F00003AA00952CF076DC0023C7F88C31D7F80D
:10D600002031B3F1042F09D00848C0EB030CDCF142
:10D61000000040EB0C0002E0002000E0012007B019
:10D62000F0BD00BFAA5555AA55AAAA55000400840A
:10D63000224B70B54FF00061002603660A4646662D
:10D64000044605682DF0C6DD4FF08073C4F8203124
:10D650000323A4F8A8300223A4F8AA300723A4F8CF
:10D66000A4300423A4F8A63041F2010384F8A26098
:10D67000A4F8BC304FF41673A5F810362B6893F855
:10D680009C20012A0CBF0C220622A5F80E2693F836
:10D6900064211AB1226E42F08072226693F89C20B7
:10D6A000074812F1FF3218BF01220649E5F306F2DE
:10D6B000FF2384F834310123637470BD60A8E7B898
:10D6C00078570100787502002DE9F04F97B09B461E
:10D6D0004FF0000916AB8A46174643F8049D21997E
:10D6E0005A46054601F097FC0446002800F01D83C9
:10D6F0009DF88030286103742B6840F61201D3F83E
:10D70000D400D3F8D860D3F8DC304A46C4F884306B
:10D71000E067C4F88060F0F321F0C4F88800804628
:10D72000E860E06FEFF380F2A0642046FFF780FF2F
:10D7300030469749E6F338F028B149464A46E5F3C2
:10D74000CFF51FFA80FA30469249E6F32DF048B142
:10D7500000210A46E5F3C4F54FF6FF7380B2984204
:10D7600018BF074650463946FDF734F908B90C236F
:10D77000DAE28949A4F844A0A4F846703046E5F3FB
:10D78000EFF78649C4F860013046E5F3E9F7C4F8DD
:10D790006401B4F846000AF057DF003018BF0120DA
:10D7A000263054F82030B4F84600C4F894300AF01B
:10D7B0004BDF003018BF01200A3055F820302046DA
:10D7C0002B62FFF701FC08B90D23ADE2E06FEFF328
:10D7D000E5F1E06FEFF39CF6204600212BF0B0DB83
:10D7E00020464FF0FF312CF021DC2046FFF7C6FE2B
:10D7F00008B90E2398E230466949E5F3B1F7FF28EE
:10D8000008BF0120A4F84E002046FFF7E9FB08B945
:10D810000F2389E263493046E5F3A2F7624984F8B1
:10D820004C003046E5F39CF7604920653046E5F34F
:10D8300097F794F84C3060650B2B05D930465C495E
:10D84000E5F38EF7C4F850015A493046E5F388F7FE
:10D85000594984F835013046E5F382F784F83601FA
:10D860002B6893F86A312BB130465449E5F378F7C9
:10D87000C4F8540152493046E5F372F7514984F82F
:10D8800058013046E5F36CF7E36F41F26B02196B18
:10D89000A4F86801914220D19B6A4E2B08D1B4F8BC
:10D8A0004E30402B19D9236D43F00203236514E059
:10D8B000E42B04D1B4F84E30B3F5A85F06E0EF2BAB
:10D8C0000BD1B4F84E2041F201239A4205D8236DC2
:10D8D00043F480032365002363653B493046D4F855
:10D8E0005C71E5F33DF7394938603046D4F85C7136
:10D8F000E5F336F7364978603046D4F85C71E5F3E5
:10D900002FF73449B8603046A76FE5F329F738762A
:10D91000A36F1A7E012A01D003221A76236D99067D
:10D9200004D5012120460A462DF0F6D8D4F880000F
:10D930002949E5F339F720B1D4F880002649E5F309
:10D940000FF781462549D4F88000E5F32DF720B183
:10D95000D4F880002149E5F303F707462049D4F8BD
:10D960008000E5F321F720B1D4F880001C49E5F3ED
:10D97000F7F62B6893F82821BAB3226D920504D5E7
:10D98000B9F1000F01D007B160BB00222BE000BF4E
:10D99000259C0200B49C02004C9C0200579C020093
:10D9A000AB9C0200BA9C0200069C0200869C02000E
:10D9B0009F9C0200CC9B0200D79B0200799C020036
:10D9C000369C0200C29C0200419C02002C9C02007A
:10D9D000C09B0200ED9B0200199C0200F29B02001A
:10D9E000929C0200012283F828212B6893F8692178
:10D9F00032B1226D12F0010218BF012283F86921B1
:10DA0000B4F846200123C4F8B830B4F844002B68B9
:10DA1000A5F8AA21E26FA5F8A801C3F8D420A26C4A
:10DA20001A6194F84C2083F87C202B68226DB4F89E
:10DA30004E00C3F88020626DA3F87A00C3F88420FA
:10DA400094F84C2020460B2A84BFD4F85021C3F808
:10DA50004821D4F8B820012783F83D705A62A9689C
:10DA60002A4603F02BFFC4F88C0008B919235BE1A8
:10DA7000219AE36F0292A26C04900692B4F84620B9
:10DA8000B4F84400ADF82A20DA6B03930B921A6CB9
:10DA9000ADF828000C925A6C02A80D9294F84C2014
:10DAA000CDF814B00E929A6A09960F92B4F84E20EF
:10DAB00010921A6B1192226D1292626D13925A6833
:10DAC000DB680792089303F0AFFAC4F8900008B936
:10DAD000102329E12623C5F8E035C5F8E4354FF4D5
:10DAE000FF73C4F83831B4F846000AF0ADDD10F128
:10DAF000000918BF4FF00109494620462EF0FCD816
:10DB0000B9F1000FD4F894300CBF02220122C3F8FF
:10DB100004901A602B6A14BF01220222C3F80490F9
:10DB20001A60E06FD5F81C90EFF376F0D8F85C310E
:10DB3000C9F8000023F000437E4AE3662367A36C24
:10DB40000C2101FB0323303BC4F8D8302046394672
:10DB50002BF0ACDDD4F89490D4F890004146D9F87D
:10DB60000020334603F066F9C9F8240008B91123F0
:10DB7000DAE04FF0FF3120462DF04EDAD4F8943041
:10DB8000E16E586A03F00CF9D4F8943003F12202E4
:10DB9000009203F11C0103F11E02586A203303F0C6
:10DBA000ECF8D4F89480D8F8240003F0F4F888F85E
:10DBB0002800D4F89430D5F82080586A03F0EBF8A8
:10DBC00088F81400D4F89480D8F8240003F0E6F81C
:10DBD000D4F89430C8F81800DA8B37FA02F1C90784
:10DBE00001D41223A0E0296A586A0861988B4A81FF
:10DBF00008811A8C588C8A81C8810F2240F2FF302C
:10DC0000D8829A8220463946FFF722FB08B91323AF
:10DC10008AE02B6893F86931002B32D0002120462E
:10DC20002BF0F6DF30464449A76FE5F399F5236DF5
:10DC3000C0B2DA07386020D5636D1B061DD4E36FD0
:10DC40009A69900002D5DA69D10704D5DB69DA0751
:10DC500001D4580711D5E36E99000ED530463649E8
:10DC6000E5F3A2F530B134493046E5F379F5C1B2B8
:10DC7000204604E02046082101E0204600212BF048
:10DC800073DDE06FEBF358F420462DF017DF0094BE
:10DC9000E06F2A492A4A0023FBF76CFC204600214A
:10DCA0002DF0EEDE2046FFF70DFA08B915233BE014
:10DCB00004F1FC063146E5F3A9F13046E5F338F509
:10DCC00018B93046E5F340F508B116232CE020469C
:10DCD000FFF700FA2846A16C01F0E2F92B68DA6937
:10DCE000526AC5F84425013A85F84225D3F89800D0
:10DCF000A8B103789BB113492246E5F3C7F62B6818
:10DD00001149D3F898002246F9F78AFE606930B1CC
:10DD10002B68D3F898100D4BD3F8B03098472846AD
:10DD2000FFF70AFA10B11B231593159817B0BDE839
:10DD3000F08F00BF005E0100FD9B020001DC84004B
:10DD400015DC84005DD98400BDD9840010A788004B
:10DD500010B50446002828D00368144918682246E4
:10DD6000FCF7FFFC236A1BB104F12000E4F396F0FA
:10DD7000E3691BB104F11C00E4F390F0A3691BB14B
:10DD800004F11800E4F38AF063691BB104F1140094
:10DD9000E4F384F023691BB104F11000E4F37EF096
:10DDA0002046BDE81040E9F38BB610BD8A5701004C
:10DDB000036830B5DB690546586D87B00001243033
:10DDC000E9F372F60446002838D0034643F8245B92
:10DDD000C36004F11001D5F83806E4F349F068BBDC
:10DDE000D5F8380604F11401E4F342F030BBD5F85D
:10DDF000380604F11801E4F33BF0F8B9D5F8380619
:10DE000004F11C01E4F334F0C0B9D5F8380604F18C
:10DE10002001E4F32DF088B94FF4856363600B4B68
:10DE2000019000930A4B03900293049005900949D6
:10DE30002868094A2346FCF7EFFC18B12046FFF793
:10DE400087FF0024204607B030BD00BFC10B85000E
:10DE50007513850080E688008A570100F0B5D0F878
:10DE600028410068A568C069406D854211D2E76805
:10DE70002E01B8194360059B01358360069BBA519A
:10DE8000C3606068A560C31C591821F0030161607C
:10DE9000F0BD6FF01500F0BDD0F828311869E3F33C
:10DEA000C3B7D0F8280110B10069E4F31FB0704780
:10DEB000D0F82831D869E3F3B7B7D0F82831D8695A
:10DEC000E4F314B0D0F82831186AE3F3ADB7D0F812
:10DED0002831186AE4F30AB073B505462EF058DC11
:10DEE0000446B8B12B684FF00052C5F868020092A2
:10DEF00093F82F20284601922146002204332EF069
:10DF0000D3D9064650B9284621462FF0B1DB064644
:10DF100020B901E06FF01A0630467CBD2846214644
:10DF20002FF01EDBF8E7F8B51F4603680D461E69A3
:10DF30001146D6F880001446E5F32AF440B3B842FF
:10DF400024D121460022D6F88000E5F315F428708C
:10DF500021460122D6F88000E5F30EF468702146D0
:10DF60000222D6F88000E5F307F4A87021460322C8
:10DF7000D6F88000E5F300F4E870D6F8800021467A
:10DF80000422E5F3F9F328710120F8BD4FF0FF30CA
:10DF9000F8BD000038B50446B8B103680B491868ED
:10DFA0002246FCF7DEFB606B08B1E9F389F5D4F893
:10DFB00080000025656318B1E9F382F5C4F880504C
:10DFC0002046BDE83840E9F37BB538BD91570100E4
:10DFD0002DE9F04105698CB007468420E9F364F52A
:10DFE0000446002800F0D28107603C20E9F35CF58C
:10DFF0008046002800F0CA813B69012680F838601D
:10E0000080F8396043603B6A046031461869ECF778
:10E010007EFAD8F80430B649D3F88000E5F3A0F3CF
:10E02000D8F80430C8F81400B249D3F88000E5F3FA
:10E0300097F3D8F80430C8F81800AF49D3F8800037
:10E04000E5F38EF3D8F80430C8F81C00AB49D3F8D8
:10E050008000E5F385F3D8F80430C8F80800A84933
:10E06000D3F88000E5F37CF3D8F80430C8F810004A
:10E07000A449D3F88000E5F373F3A34BC8F80C0070
:10E08000C4F880800093A14BA1490193A14BA24AFF
:10E090000293A24B0393A24B0493A24B05933868BF
:10E0A0002346FCF7B9FB8046002840F06F8184F8D6
:10E0B0002C003B699C49D3F88000E5F351F384F8C8
:10E0C0006F003220E9F3F0F407466063002800F0A7
:10E0D0005D8141460A2206A8E4F3CAF40C238DF8B8
:10E0E000193099238DF81A30A6238DF81B30082398
:10E0F0008DF81E30B7238DF81F30E2238DF82030C5
:10E100008A4AC4238DF821308DF818608DF81D607F
:10E110001068516809AB03C3128985491A80854B81
:10E120003E70A363844B84F85A80E363636B9E71F3
:10E13000D5F88000E5F338F3002800F093807C499F
:10E14000D5F88000666BE5F30BF370707B49D5F86A
:10E150008000666BE5F304F3B0707949D5F8800070
:10E16000666BE5F3FDF2F0707649D5F88000666BDA
:10E17000E5F3F6F230717449D5F88000666BE5F38B
:10E18000EFF270717149D5F88000666BE5F3E8F243
:10E19000F0716F49D5F88000666BE5F3E1F2B0717C
:10E1A0006C49D5F88000E5F3DBF284F844006A4955
:10E1B000D5F88000666BE5F3D3F230726749D5F885
:10E1C0008000666BE5F3CCF27072616B05230A3157
:10E1D000634A2046FFF7A7FE616B05230F3186B225
:10E1E000604A2046FFF79FFE616B05231431361805
:10E1F0005D4A2046FFF797FE616BB6B219310523E1
:10E2000036185A4A2046FFF78EFE616BB6B23618B2
:10E210000B7AB6B2B34225D11E310523544A2046AB
:10E22000FFF781FE616B0523233186B2514A2046F8
:10E23000FFF779FE616B0523283136184E4A2046D8
:10E24000FFF771FE616BB6B2052336182D312046FB
:10E250004A4AFFF768FE636BB6B236185B7AB6B20D
:10E26000B34225D0626B00235370626B0C21937014
:10E27000626BD370626B1171616B02224A71A86F7D
:10E28000616B0068C871616B0A72616B4A72606B86
:10E29000812284F8402006A90A2284F841300A30FD
:10E2A000E4F362F3606B09A91E300A22E4F35CF325
:10E2B000626BAB6FD27900211A6004F14D00082225
:10E2C000E4F3D6F3002384F8583084F85930A4F8E6
:10E2D0005630D5F880002A49E5F366F2002851D07F
:10E2E000D5F880002649E5F33BF284F85F0051E061
:10E2F000E49D0200D19C0200FA9C02000A9E0200EA
:10E30000629D0200D09D02005128850085DA000040
:10E31000A4E68800E12B850091570100D52B8500EC
:10E32000A45701006DD30000989E02003B38010005
:10E33000479E02001127850089278500919D0200D4
:10E34000319E02001B9E0200F39D0200E29C02002F
:10E35000A89D02004E9D0200819D02003D9D02008D
:10E360000D9D02001D9D02002D9D0200719D020069
:10E37000549E0200659E0200769E0200879E020067
:10E38000BD9D0200BA2384F85F3003E02046FFF70A
:10E3900001FE002420460CB0BDE8F08130B50446F3
:10E3A00085B0002840D0D0F8201131B103689868BA
:10E3B000F5F3F8F60023C4F8203123681A6892F8C0
:10E3C0002F2022B3D3F8240101A900225EF0A2DAA3
:10E3D0000FE043685A060CD5D4F83051451904E0D3
:10E3E0000368C5F81031E9F36BF3D5F81001002884
:10E3F000F6D1236801A9D3F824015EF0A1DA002840
:10E40000E7D104E00368C4F84431E9F359F3D4F8E0
:10E4100044010028F6D12368044918682246FCF715
:10E42000A0F92046E9F34CF305B030BD5DB3890097
:10E4300030B5054687B04FF4A670E9F32FF30446D4
:10E44000002875D000214FF4A672E4F311F33C4B81
:10E45000256000933B4B3C4A0193002302930392B7
:10E460000493059328683949394A2346FCF7D4F9BF
:10E4700000285DD12B6A1A68022A05D15B7D002B2A
:10E480000CBF1623302300E0302322184430B0F5AF
:10E49000887F1374EED1A8682E492A460023F5F32D
:10E4A00099F6C4F82001002842D04FF47A7345F25F
:10E4B0007352C4F81C31A4F83C2100234622C4F84E
:10E4C0004431A4F83E2128468DE828004FF48A7193
:10E4D000214A224B03F008FF0028C4F8300127DB53
:10E4E0001F4BD5F894068DE818000521B0221D4B6E
:10E4F00000F008FFE0B91C4BD5F894068DE8180031
:10E500000521B222194B00F0FDFE88B9D5F894061A
:10E510000A21B022164B009401F0A4F940B9D5F8B5
:10E52000C006B021134A144B009401F005FC18B149
:10E530002046FFF733FF0024204607B030BD00BF60
:10E540009150850011658500654E850018E88800AA
:10E550005DB389005549850011568500ED5585004C
:10E56000955D8500E94A8500D15C8500514A8500AA
:10E5700095538500854E8500994E850010B504465B
:10E5800030B133F091DE2046BDE81040E9F398B297
:10E5900010BD10B504462420E9F386F200B10460F2
:10E5A00010BD000010B50446E0B143680E4918687C
:10E5B0002246FCF7D6F8D4F83C01FFF7DFFFD4F889
:10E5C0003401FFF7DBFFD4F89C0008B1E9F378F2DF
:10E5D000D4F8940008B1E9F373F22046BDE8104086
:10E5E000E9F36EB210BD00BFBC5701002DE9F04148
:10E5F000754B00271F60754B056888B006461F6085
:10E600004FF4A070E9F34AF20446002800F0D780E6
:10E6100039464FF4A072E4F32BF284E860003046F0
:10E62000C6F85841FFF7B5FF8046C4F8340130B151
:10E630003046FFF7AEFF8046C4F83C0120B92046C3
:10E64000E9F33EF24446BAE07F21042204F144009B
:10E65000E4F30EF27F21042204F17000E4F308F2E7
:10E66000042207A83946E4F303F2336893F87C20C8
:10E67000D3F8D800012A13D95549E5F395F001469E
:10E6800058B107A80322E4F3CBF207A8042137F01E
:10E69000B7D990B107A84F490CE007A84E4909E047
:10E6A0004E49E5F35DF00928034606D84C4907A812
:10E6B00001EB83010322E4F3B3F2032207A904F17F
:10E6C0000800E4F3ADF233684649D3F8D800E5F327
:10E6D00047F0D5F8D43041F26B02196BE0609142FB
:10E6E0000ED19B6A8B2B01D0902B09D1022807D128
:10E6F00007A83D490422E4F36FF208B90323E3605D
:10E70000D5F8D43041F26B02196B91420DD19B6A5E
:10E71000932B0AD107A835490422E4F35DF220B90E
:10E72000E368042B01D10623E360D5F8D43041F22D
:10E730006B02196B914218D19A6A40F235139A42D2
:10E7400013D107A82A490422E4F346F258B107A8D6
:10E7500028490422E4F340F228B107A826490422FC
:10E76000E4F33AF208B91323E3600025EAF786FFE1
:10E7700035F058DF07A90422C4F89450C4F8985023
:10E78000C4F89C50C4F8A050C4F8A45084F8F450C5
:10E79000204633F0C3DE194B30688DE82800184955
:10E7A000184A23460295039504950595FCF734F81D
:10E7B00028B12046C6F85851FFF7F4FE2C462046F3
:10E7C00008B0BDE8F08100BFB4650100B865010084
:10E7D000A89E0200BF57010041B58900AE9E02000D
:10E7E00094E98800B19E0200C257010068EB8800DE
:10E7F00078E9880080E9880084E98800F16D850067
:10E800003CE98800BC57010030B5054687B00C20B4
:10E81000E9F34AF10446D0B1114B05604FF4907111
:10E82000009301900722D5F894060E4B00F0DEFC11
:10E8300080B90D4B019000930290039004900590D5
:10E840000A4928680A4A2346FBF7E6FF10B9204622
:10E8500007B030BD2046E9F333F10024F7E700BFED
:10E86000C19D8500299B8500659B8500ECED880096
:10E8700034590100036810B504460549186822465A
:10E88000FBF76FFF2046BDE81040E9F319B100BF68
:10E890003459010070B5054686B00C20E9F304F147
:10E8A0000446002863D00560002601900421284614
:10E8B000334A344B0096FFF7D1FAB042606059DB1F
:10E8C00004212846304A314B0096019403F00CFD98
:10E8D000B042A0604EDB28462D492246FFF7DCFA05
:10E8E000002847D12B4BD5F894068DE818004FF43B
:10E8F00090712522284B00F079FC00283AD1274B53
:10E90000D5F894068DE818004FF490713C22244B02
:10E9100000F06CFC00282DD1D5F8940605219C222E
:10E92000204B009500F036FF002823D1D5F894063F
:10E93000802125221C4B009400F070FDD0B9D5F841
:10E94000940680213C22194B009400F067FD88B9A1
:10E95000174B01900093174B03900293049005907E
:10E9600015492868154A2346FBF756FF10B920467B
:10E9700006B070BD2046E9F3A3F00024F7E700BF1E
:10E9800051A3850011A3850059A7850045A78500DF
:10E99000CDA38500E5A98500F1A3850015AA850012
:10E9A00019A4850031A28500D1A28500F1A28500BD
:10E9B00009A58500E1A9850028EE880050B98900E5
:10E9C00038B505680446224628680649FBF7C9FEA3
:10E9D000284605492246FFF764FA2046BDE838403C
:10E9E000E9F36EB050B98900CDA385000246024913
:10E9F0000068FBF7B6BE00BF3A59010030B50D4BB9
:10EA000087B0009300230446019302930393049379
:10EA100005930949094A23460068FBF7FDFE0028D3
:10EA200014BF4FF0FF350025204638F071D8284636
:10EA300007B030BDA1B08500445901003A5901002A
:10EA40002DE9F043064687B038200F469146984698
:10EA5000E9F324F00446002838D000213822E4F3FA
:10EA600007F0D7F83C0640211A4A04F12003F5F7D5
:10EA700011FB054620B12046E9F322F0002425E0F1
:10EA8000154BC4F81C80A760C4F80C90266113498C
:10EA90000093019002900390049005902346304625
:10EAA0000F4AFBF7B9FE034660B9E0680D492246FC
:10EAB000F5F390F30546A06140B920690A49224662
:10EAC000FBF74FFE2046E8F3FBF72C46204607B045
:10EAD000BDE8F08314C68900EDB4850058EE8800C7
:10EAE000B89E02004DB585005C59010010B5044682
:10EAF00038F042DA0F4920692246FBF732FEA1695D
:10EB000061B1237D23B1E068F5F3E0F200232375C2
:10EB1000E068A169F5F346F30023A361A36804F15B
:10EB20002001D3F83C06F5F7C1FA2046E8F3C8F710
:10EB3000002010BDB89E020010B50446C0B12246A8
:10EB40000C494068FFF7C3F9224660680A4903F0A0
:10EB50000EFE224660680949FFF7A3F9A06808493C
:10EB60002246FBF7FEFD2046BDE81040E8F3A8B7BB
:10EB700010BD00BF21BF850081C5850029BB850070
:10EB80006359010070B5054686B01820E8F386F792
:10EB90000446002800F0E98000211822E3F368F71A
:10EBA0002B680022A360AB686560E3606B6804219A
:10EBB00023610423A38228466D4B8DE81400FFF7E0
:10EBC0004DF900282060C0F2CC80284669492246D1
:10EBD000FFF778F9002840F0C480284666492246AD
:10EBE000FFF75AF9002840F0BC80284663492246C6
:10EBF00003F0B8FD002840F0B480614B0190009311
:10EC000002900390049005905E4928685E4A23466E
:10EC1000FBF702FE002840F0A4805C490322D5F8EF
:10EC2000BC063CF039DA5A4E5A490222D5F8C006E1
:10EC30003CF032DAD5F89406B0213022564B0096DB
:10EC4000019400F051FA002840F08B80534BD5F826
:10EC500094068DE8180040F605013622504B00F06E
:10EC6000C5FA00287DD14F4BD5F894068DE81800E1
:10EC700040F6040137224C4B00F0B8FA002870D15E
:10EC8000D5F8BC063021444A3346009401F009F817
:10EC9000002866D1D5F8BC063621414A3F4B009486
:10ECA00000F0FFFF00285CD1D5F8BC0637213E4AB2
:10ECB0003C4B009400F0F5FF002852D1D5F8C00677
:10ECC00039213A4A3A4B009400F0EBFF002848D132
:10ECD000D5F89406C0213622364B009400F03CFD56
:10ECE00000283ED13021D5F894060A46324B0094D4
:10ECF00000F094FB002834D1D5F8940640F60A01C0
:10ED000036222E4B009400F027FD50BBD5F8940618
:10ED100040F60A0137222A4B009400F01DFD00BB8B
:10ED2000D5F8940630213922264B009400F014FDCA
:10ED3000B8B9D5F8BC0630211F4A234601F044F883
:10ED400078B9D5F8BC0636211C4A234601F03CF8B8
:10ED500038B9D5F8BC063721194A234601F034F8F2
:10ED600018B12046FFF7E8FE0024204606B070BD2B
:10ED7000A1BA850021BF850029BB850081C585001A
:10ED800035BC850080EE8800635901007CEE880068
:10ED900019BA8500A4EE880071B8850085C6850083
:10EDA000A5BB8500C1C5850035BB850021BC85009C
:10EDB000DDC68500C9C4850005C28500C9C08500BF
:10EDC00011C0850035C1850008B1E8F379B67047F8
:10EDD00037B505463820E8F367F6044650B14FF0E2
:10EDE000FF33056005490193054A064B009539F04C
:10EDF000ABDD01E0FFF7E8FF20463EBDE9CD850031
:10EE0000F1CD8500E1CD850070B5054686B01020B6
:10EE1000E8F344F60446002838D000211022E3F33A
:10EE200027F6002625600121C5F8CC462846194A58
:10EE3000194B00960194FFF711F8B042E06021DB16
:10EE4000164B28688DE848001549164A2346029655
:10EE5000039604960596FBF7DFFC98B9124BD5F89C
:10EE600094068DE828000521BE22104B00F04AFAD6
:10EE700040B9D5F89406C021BE220D4B009500F094
:10EE8000F1FC18B12046E8F31BF60024204606B03A
:10EE900070BD00BF8DD0850089D08500E1CF850091
:10EEA000A8EE8800BF9E02005DD085003DD08500A1
:10EEB00091D0850010B5044688B1037923B18068EC
:10EEC000E8F3FEF5002323712368054918682246FC
:10EED000FBF747FC2046BDE81040E8F3F1B510BD54
:10EEE000BF9E020008B1E8F3EBB5704737B50546A1
:10EEF0000420E8F3D3F50446002855D02D4B0560D7
:10EF000040F23F11009301902D22D5F894062A4B30
:10EF100000F06CF9002847D1284BD5F894068DE80D
:10EF200018004FF495713D22254B00F05FF9002841
:10EF30003AD1244BD5F894068DE818004FF495711A
:10EF40004A22214B00F052F970BB204BD5F89406B1
:10EF50008DE81800152150221D4B00F0D3F918BB85
:10EF6000D5F8940605212D221A4B009400F0F4FBED
:10EF7000D0B9D5F89406C0212D22174B009400F08B
:10EF8000EBFB88B9D5F89406C0213D22134B0094C1
:10EF900000F0E2FB40B9D5F89406C0215022104B96
:10EFA000009400F05FFC18B12046FFF79BFF00249F
:10EFB00020463EBDC5D28500CDD0850011D3850049
:10EFC000E1D085000DD38500DDD0850071D28500AC
:10EFD000B5D0850041D1850001D2850021D28500C0
:10EFE0007DD1850010B50446A0B10368806F002272
:10EFF0005A6108B1E8F364F5D4F8980008B1E8F371
:10F000005FF5606808B1E8F35BF52046BDE81040A5
:10F01000E8F356B510BD2DE9F04104464FF4B67043
:10F020000D4616469846E8F33FF5074610B940F2FC
:10F03000F2331EE004608560C6602820E8F334F5F2
:10F04000B86710B940F2F33313E05820E8F32CF519
:10F05000C7F8980040B12C30C7F89C003020E8F386
:10F0600023F5786060B902E04FF47D7301E040F26F
:10F07000F5333846C8F80030FFF7B4FF002703E047
:10F080000023C8F8003060613846BDE8F0810023F5
:10F09000C218D2F8C020CA500433182BF8D17047D8
:10F0A0004FF4C863C0F864366823C0F868364FF47C
:10F0B0008073C0F86C360223C0F87036C0F874361E
:10F0C0007047000010B5044650B103680549186840
:10F0D0002246FBF746FB2046BDE81040E8F3F0B4BB
:10F0E00010BD00BF0D5A010001F0F0012DE9F04FF5
:10F0F0000E110168B0F81080096889B0C96994469A
:10F10000D1F8C010079388450446B0F812A0838A4E
:10F11000C78AB2B25CDA817900295CD1324D05EB45
:10F12000C200808806E055F8329019F80190E14558
:10F1300002D001318142F6D381424FD0E71937F82E
:10F1400012B0013237F81250A244454523441AD276
:10F15000C5EB080805F101090AEB050142460AEB77
:10F160000900CDF814C00693E3F35EF4069B0C226D
:10F1700002FB093002FB053102FB08F2E3F354F411
:10F18000DDF814C0069B3146002207E007EB46007D
:10F1900030F802E00EF1010E20F802E001310232F7
:10F1A0000D29F3D91299CBEB0502009113990AEBC3
:10F1B0000B0001910C2101FB0B3192B2079BCDF8A2
:10F1C00008C000F0A1FB238A00200133238207E05E
:10F1D0006FF0150004E06FF0160001E06FF01D0005
:10F1E00009B0BDE8F08F00BF685901002DE9F34771
:10F1F000DDF82890DDF82CA007460E461546984607
:10F20000002456FA04F3DB070AD52101384601F041
:10F21000F0012A4643468DE80006FFF765FF18B95E
:10F2200001340D2CEDD10020BDE8FC872DE9F04F15
:10F2300089B007920268B0F8188012689C46D269BB
:10F240000446D2F8C420B0F81AA09045838BC78B2F
:10F2500050DA8279002A50D101F0F0063611C71930
:10F26000B2B237F812B0013237F812508244454535
:10F2700003441AD2C5EB080805F101090AEB0501A0
:10F2800042460AEB0900CDF814C00693E3F3CCF331
:10F29000069B0C2202FB093002FB053102FB08F23F
:10F2A000E3F3C2F3DDF814C0069B3146002207E009
:10F2B00007EB460030F802E00EF1010E20F802E004
:10F2C000013102320D29F3D91299CBEB05020091DD
:10F2D00013990AEB0B000191079992B202910C214C
:10F2E00001FB0B31634600F00FFB238B0020013341
:10F2F000238304E06FF0150001E06FF0160009B001
:10F30000BDE8F08F2DE9F347DDF82890DDF82CA05B
:10F3100007460E4615469846002456FA04F3DA07C7
:10F320000AD52101384601F0F0012A4643468DE80E
:10F330000006FFF77BFF18B901340D2CEDD100203A
:10F34000BDE8FC872DE9F04F89B007920268B0F85C
:10F35000308012689C46D2690446D2F80021B0F889
:10F3600032A09045838EC78E50DA8279002A50D120
:10F3700001F0F0063611C719B2B237F812B00132F7
:10F3800037F812508244454503441AD2C5EB0808A9
:10F3900005F101090AEB050142460AEB0900CDF827
:10F3A00014C00693E3F340F3069B0C2202FB0930E2
:10F3B00002FB053102FB08F2E3F336F3DDF814C07B
:10F3C000069B3146002207E007EB460030F802E0DA
:10F3D0000EF1010E20F802E0013102320D29F3D9BD
:10F3E0001299CBEB0502009113990AEB0B000191E6
:10F3F000079992B202910C2101FB0B31634600F098
:10F4000083FA238E00200133238604E06FF0150079
:10F4100001E06FF0160009B0BDE8F08F2DE9F04F64
:10F4200087B005920268B0F8208012689C46D269C5
:10F430000446D2F8C820B0F822A09045838CC78C2F
:10F440004CDA8279002A4CD101F0F0063611C71946
:10F45000B2B237F812B0013237F812508244454543
:10F46000034419D2C5EB080805F101090AEB0501AF
:10F4700042460AEB0900CDF80CC00493E3F3D4F242
:10F48000049B4FEAC80203EBC90003EBC501E3F399
:10F49000CBF2DDF80CC0049B3146002207E007EBFD
:10F4A000460030F802E00EF1010E20F802E00131D2
:10F4B00002320D29F3D91099CBEB05020091059981
:10F4C0000AEB0B00019192B203EBCB01634600F013
:10F4D0002BFA238C00200133238404E06FF0150005
:10F4E00001E06FF0160007B0BDE8F08F0368F0B5DB
:10F4F000DB690C25B3F8C020064605FB02F4433255
:10F5000022F003020134A418B3F8C4204FF6FE71B0
:10F5100002F11F006A4321404118501C4FF6FC7253
:10F520000A408218B3F800014FF6FE7100F11F0483
:10F530006843114061184FF6FC7201300A4082188E
:10F54000B3F8C8004FF6FE7100F11F0411406118B6
:10F55000C0004FF6FC7201300A408218B3F8CC00AC
:10F560004FF6FE7100F11F0411406118C0004FF604
:10F57000FC720A40B3F80431013080184FF6FE7275
:10F5800003F11F010240DB008A18591C4FF6FC737F
:10F590001340CB184FF6FE771F401C37BFB287B021
:10F5A0003846E8F37BF20446002800F0BC800021D6
:10F5B0003A46E3F35DF24023638233684FF6FC7210
:10F5C000DB692660B3F8C010A78001F14300024058
:10F5D00005FB0121A28201314FF6FE720A40B3F809
:10F5E000C410E2821C3292B2C81C101862834FF61B
:10F5F000FC72024005FB0121A28301314FF6FE722D
:10F600000A40B3F80011E2831C3292B2C81C1018F1
:10F6100062864FF6FC72024005FB0121A286013191
:10F620004FF6FE720A40B3F8C810E2861C3292B25E
:10F63000C81C101862844FF6FC72024002EBC10134
:10F640000131A2844FF6FE720A40B3F8CC10E28476
:10F650001C3292B2C81C101862854FF6FC72024030
:10F6600002EBC1010131A2854FF6FE720A40B3F8E8
:10F670000411E2851C3292B2CB1C6287D2184FF67D
:10F68000FC731340A38703EBC10301334FF6FE72F3
:10F690001A40E2870025274F57F8353063B1264BD3
:10F6A00029018DE81800DD22204601F0F001234BEE
:10F6B000FFF71AFD002836DB01350D2DEBD10025B3
:10F6C00057F8353053B12901DD22204601F0F00111
:10F6D0001B4B0094FFF7A2FE002824DB01350D2D03
:10F6E000EED1184BB0218DE81800FF222046164BB2
:10F6F000FFF7FAFC002816DBB021FF222046134B4F
:10F700000094FFF78BFE00280DDB114B00210293C4
:10F710003068104A234600910191039104910591AC
:10F72000FBF77AF818B12046FFF7CCFC00242046FE
:10F7300007B0F0BD685901000DD5850061D5850081
:10F74000ADD58500F1E0000043E1000091E000004C
:10F7500099D485000D5A01002DE9F743DDF8289072
:10F7600007460E4615469846002456FA04F3D80775
:10F770000AD52101384601F0F0012A464346CDF86A
:10F780000090FFF74BFE18B901340D2CEDD100208D
:10F79000BDE8FE832DE9F04F87B005920268B0F80E
:10F7A000288012689C46D2690446D2F8CC20B0F872
:10F7B0002AA09045838DC78D4CDA8279002A4CD1DE
:10F7C00001F0F0063611C719B2B237F812B00132A3
:10F7D00037F8125082444545034419D2C5EB080856
:10F7E00005F101090AEB050142460AEB0900CDF8D3
:10F7F0000CC00493E3F318F1049B4FEAC80203EB37
:10F80000C90003EBC501E3F30FF1DDF80CC0049B65
:10F810003146002207E007EB460030F802E00EF127
:10F82000010E20F802E0013102320D29F3D91099BE
:10F83000CBEB0502009105990AEB0B00019192B206
:10F8400003EBCB01634600F06FF8238D00200133FA
:10F85000238504E06FF0150001E06FF0160007B09B
:10F86000BDE8F08F2DE9F743DDF8289007460E46F6
:10F8700015469846002456FA04F3DB070AD5210101
:10F88000384601F0F0012A464346CDF80090FFF7D4
:10F8900081FF18B901340D2CEDD10020BDE8FE83A5
:10F8A0002DE9F047089F9A4604469DF824600346D8
:10F8B00000250CE013F8010B86420AD01DB113F8A5
:10F8C00002ECB64501D2864203D90135ADB295426C
:10F8D000F0D1AA4207FB05180ED9C5EB0209414633
:10F8E00007FB09F208EB0700E3F39EF0681C201801
:10F8F00061194A46E3F398F0404651463A46E3F32D
:10F9000033F06655BDE8F0877FB50393089B0493F9
:10F91000099B05930C2300939DF82830019303ABBA
:10F92000FFF7BEFF07B000BD1FB50293069B039310
:10F93000082300939DF81C30019302ABFFF7B0FF42
:10F9400005B000BD37B5254BD0F89456044600935A
:10F95000019040F23F1128467F22214BFFF746FCE1
:10F9600000283AD11F4B28468DE8180041F63F5138
:10F9700040221D4BFFF7C6FC78BB1C4B28468DE888
:10F98000180040F63F119822194BFFF7BBFC20BB33
:10F99000184B28468DE8180040F22F11A822164B6C
:10F9A000FFF7B0FCC8B9284640F20F117F22134B75
:10F9B0000094FFF7D1FE80B9284640F20F1198223B
:10F9C0000F4B0094FFF74EFF38B9284640F20F1155
:10F9D000A8220C4B0094FFF745FF3EBD55F0850073
:10F9E00081EC8500A1F08500A1EC850009F085007F
:10F9F00007E2000019F1850015ED8500C5ED8500D1
:10FA000085ED850001EE850037B5104BD0F8945692
:10FA10000446009301900521284600220C4BFFF775
:10FA2000E5FB90B90B4B28468DE818000521012213
:10FA3000094BFFF7DBFB40B9084B28468DE818005F
:10FA400005213222064BFFF7D1FB3EBD49E7850079
:10FA500011E7850065E785001DE785002DE7850036
:10FA600001E7850037B5254BD0F89456044600933E
:10FA700001904FF4907128460022214BFFF7B6FB0E
:10FA800000283AD11F4B28468DE818004FF490719A
:10FA900001221D4BFFF7AAFB78BB1C4B28468DE8C3
:10FAA00018004FF490713222194BFFF79FFB20BBD7
:10FAB000184B28468DE818004FF490710322164B1E
:10FAC000FFF794FBC8B9154B28468DE818004FF492
:10FAD00090710622124BFFF789FB70B928468021EE
:10FAE0000522104B0094FFF799FC30B9284680217D
:10FAF00005220D4B0094FFF791FC3EBD01EC850003
:10FB000089E985003DEC850091E98500A5EB85003C
:10FB100045E9850079EB850031E98500CDEB85006D
:10FB200061E985009DE9850019EB850037B5154B26
:10FB3000D0F89456044600930190402128460022B4
:10FB4000114BFFF7D1FAE0B9104B28468DE81800A9
:10FB5000402101220E4BFFF7C7FA90B90D4B284602
:10FB60008DE81800402132220B4BFFF7BDFA40B957
:10FB70000A4B28468DE8180040210322084BFFF766
:10FB8000B3FA3EBD8DF2850031F28500A5F2850005
:10FB90003DF2850071F2850021F2850049F2850071
:10FBA00011F2850037B50A4BD0F8945604460093FD
:10FBB0000190B02128461022064BFFF795FA30B984
:10FBC0002846B0211022044B0094FFF727FC3EBDCD
:10FBD00065E8850081E78500ADE7850037B5D0F899
:10FBE000945604460090C02128460022114BFFF78E
:10FBF000B3FDF0B92846C02101220F4B0094FFF756
:10FC0000ABFDB0B92846C02106220C4B0094FFF78B
:10FC1000A3FD70B92846C021A822094B0094FFF724
:10FC200021FE30B92846C0219822064B0094FFF7E8
:10FC300019FE3EBDF9F2850021F38500D9F2850059
:10FC40003DF38500C1F2850010B5044650B103684C
:10FC5000054918682246FAF784FD2046BDE81040A1
:10FC6000E7F32EB710BD00BFAA5A010038B505460C
:10FC70000C20E7F313F7044638B100210C22E2F31D
:10FC8000F7F60C232560A38001E0FFF7DDFF204697
:10FC900038BD28B18368DA88013ADA80E7F310B713
:10FCA00070472DE9F04F9B46038B87B0C518C65AA5
:10FCB000B5F80480438AC6EB080898450591944638
:10FCC000878AB0F816A032DA6C88C7194445824496
:10FCD00016DAC4EB080804F101093919424607EBAA
:10FCE0000900CDF810C0E2F39FF60C2202FB09A038
:10FCF00002FB04A102FB08F2E2F396F6DDF810C065
:10FD00006B88A21B01336B80AB880C210133AB8065
:10FD1000109BB8190193059B01FB06A1029392B2B7
:10FD20006346CDF800B0FFF7EFFD002001E06FF073
:10FD3000150007B0BDE8F08F2DE9F04F9B46038B0F
:10FD40009446C518AC8830F80380428AC8EB040397
:10FD500087B093420591878AB0F816A02FDA9C42AB
:10FD6000074482446E8816DAC8F1000804F10109DC
:10FD70003919424607EB0900CDF810C0E2F354F6FA
:10FD80000C2202FB09A002FB04A102FB08F2E2F331
:10FD90004BF6DDF810C0AB88A21B0133AB80109B83
:10FDA0000C210193059BB819029301FB06A192B2A5
:10FDB0006346CDF800B0FFF7A7FD002001E06FF02B
:10FDC000150007B0BDE8F08F2DE9F04F9B46038C7E
:10FDD00085B0C518C65AB5F80480438BC6EB080831
:10FDE000984503919446878BB0F81EA02EDA6C8854
:10FDF000C7194445824415DAC4EB080804F1010927
:10FE00003919424607EB0900CDF808C0E2F30CF6B9
:10FE10000AEBC9000AEBC4014FEAC802E2F304F698
:10FE2000DDF808C06B88A21B01336B80AB88B81962
:10FE30000133AB80039B0AEBC601019392B2634688
:10FE4000CDF800B0FFF770FD002001E06FF0150065
:10FE500005B0BDE8F08F00002DE9F04F036885B0D4
:10FE600003931B681546DB69C288D3F8D030074678
:10FE70009A420E465BDA09B14E1CB6B20DB101359D
:10FE8000ADB206F127034FF6FC7A03EA0A0A0C2307
:10FE900003FB06A34FF6FE78013303EA080808F1D6
:10FEA0000903EB184FF6FC7B03EA0B0B0BEBC502C7
:10FEB00001324FF6FE73134003F106091FFA89F968
:10FEC00048460293E7F3EAF50446002830D00021C3
:10FED0004A46E2F3CDF5029B03992384FB88A4F8FC
:10FEE0001880242208F1060801332160A760A4F8D5
:10FEF0001090A282A4F816A0A4F81C80A4F81EB04A
:10FF000066826583FB8046B1DD2120460C4A0D4B9D
:10FF10000094FFF7C6FE00280ADB6DB1DD21204604
:10FF2000094A2346FFF750FF002805DA00E00024C5
:10FF30002046FFF7AEFE0024204605B0BDE8F08F56
:10FF400085F5850041F58500BDF585007FB50A4A38
:10FF500003460092002201920292039204920592BB
:10FF60000649074A0068FAF757FC002814BF4FF00B
:10FF7000FF30002007B000BD991E860078F0880091
:10FF8000AE5A0100024602490068FAF7EABB00BF18
:10FF9000AE5A010010B5044648B1036821461868FE
:10FFA000FAF7FEFC2046BDE81040E7F389B510BD26
:10FFB00037B505460820E7F377F50446A0B105609C
:10FFC000002201900C2128460A4B0092FDF746FFC3
:10FFD0000028606008DB084B286800932146074A28
:10FFE0000423FAF76CFC18B12046FFF7D3FF002476
:10FFF00020463EBD1D2686002CF188003126860055
:020000041004E6
:1000000010B50446C06818B1E7F35AF50023E36061
:1000100010BD10B50446A020E7F340F570B1E060D4
:10002000A06000F1900203461033934243F8103C65
:10003000FAD10023C0F89030184610BD6FF01A00B6
:1000400010BD000038B50446002852D000210568D4
:100050003FF04EDA20463FF02BD8636933B120469B
:10006000002141F015DA606938F044DCA36933B14E
:100070002046012141F00CDAA06938F03BDC23690D
:1000800033B12046022141F003DA206938F032DC36
:10009000E36F33B12046032141F0FAD9E06F38F025
:1000A00029DC204641F09AD9D4F89800E7F308F506
:1000B00001E03EF027DEE16920460029F9D1FFF793
:1000C0009FFFD5F8440118B10A492A4600F08FF97C
:1000D000286809492246FAF744FBD4F8A8301BB136
:1000E00004F1A800E1F3DAF62046BDE83840E7F372
:1000F000E7B438BD11428600F4C8890030B5054622
:1001000087B0B020E7F3CAF40446002800F09980D5
:100110000021B022E2F3ACF40A2384F84330012337
:1001200084F84830FF2384F8203084F8213084F8A4
:10013000223084F823302560C420E7F3AFF4C4F8FC
:10014000980000287DD020463FF0C4D920463FF0DB
:1001500047DD2B6841F26B02D3F8D43020F07F00EA
:10016000196BA0879142204608D19B6A932B05D139
:100170003FF036DDC0F58440683001E03FF034DD0B
:10018000E087E38F204623F07F03E3873FF02CDDF9
:1001900041F2883222652E4A002320F07F00A4F825
:1001A0004000E36400922B4A049301922A4A05938B
:1001B00002922A4A2868039229492A4A2346FAF7D2
:1001C0002BFB00283DD1D5F8E80538F069DB6061EC
:1001D000002836D0D5F8E80538F062DBA06180B39E
:1001E000D5F8E80538F05CDB206150B32046FFF716
:1001F00010FF30BBD5F8E80538F052DBE06700B3FC
:10020000012384F87830D5F8440141F27073A4F8E2
:100210007A3020B114492A4600F0E6F888B9204621
:1002200001213FF065D94FF44843A3650023E365FE
:1002300032232366D5F8380604F1A801E1F318F655
:1002400018B12046FFF7FEFE0024204607B030BD5F
:1002500059348600B152860039528600ED36860048
:100260004CF18800F4C889001142860038B5044674
:10027000002827D00568144928682246FAF771FA41
:10028000236A1BB104F12000E1F308F6E3691BB116
:1002900004F11C00E1F302F6A3691BB104F118009C
:1002A000E1F3FCF563691BB104F11400E1F3F6F529
:1002B000284606492246FDF7F4FD2046BDE83840B1
:1002C000E7F3FEB338BD00BFB0CB89002D628600D6
:1002D00070B5054686B03020E7F3E6F30446002803
:1002E00059D04FF0FF3303610422FF2105600A302B
:1002F000E2F3BEF30B2104F10E00E3F391F70023C8
:100300008DE8180004212846264A274BFDF7A6FD54
:10031000002860603FDB284624492246FDF7BCFDEB
:10032000002838D1D5F8386604F114013046E1F3DD
:100330009FF500282FD1304604F11801E1F398F51C
:1003400048BB304604F11C01E1F392F518BB30467E
:1003500004F12001E1F38CF5E8B9154B019000930D
:10036000144B04900293144B05900393286813498F
:10037000134A2346FAF750FA68B9204641F09ADF4B
:1003800020B12046012141F0C9DF20B93223A36208
:100390002623636203E02046FFF768FF002420461F
:1003A00006B070BD45638600FD6286002D62860042
:1003B000A962860051658600F96286003CF28800D9
:1003C000B0CB89004069E1F32FB54069E1F38EB508
:1003D0008069E1F329B58069E1F388B5C069E1F38B
:1003E00023B5C069E1F382B5006AE1F31DB5006A87
:1003F000E1F37CB538B5044660B10568224606498C
:100400002868FAF7AEF92046E7F35AF32B68002282
:1004100083F84E2038BD00BF54CC890070B5036806
:10042000002686B0054683F84E600C20E7F33CF3C7
:100430000446002843D0234B056023498DE848003B
:100440002868224A23460296039604960596FAF7F0
:10045000E3F9064600282ED18DE811001C2128461C
:100460001B4A1C4BFDF7FAFC0028606023DB0C21C3
:100470002846194A194B0096019401F035FF0028CF
:10048000A06018DB164BD5F894068DE818000A21F9
:100490003822144BFEF7AAFE68B9D5F894060A2153
:1004A0003822114B0095FFF757F920B92B6801222C
:1004B00083F84E2003E02046FFF79CFF00242046EF
:1004C00006B070BDD971860054F2880054CC890002
:1004D000A97186007D718600917686005D76860022
:1004E0007D778600197786004977860070B50646C5
:1004F00086B00820E7F3D2F20446A0B10B4B0025EA
:10050000066045600A498DE828003068094A23469C
:100510000295039504950595FAF77EF918B12046E2
:10052000E7F3CEF22C46204606B070BD4D7E860025
:1005300098F28800B0C6890010B5044650B103682F
:10054000054918682246FAF70CF92046BDE8104024
:10055000E7F3B6B210BD00BFB0C6890070B504465F
:1005600000282AD00668224630681449D6F844513B
:10057000FAF7F7F8224630461149FDF792FC224679
:1005800030461049FDF799FC224628460E49FFF7F0
:100590001CFF224628460D49FFF71DFF224628462C
:1005A0000B49FFF71EFF28460A492246FFF71FFFA7
:1005B0002046BDE87040E7F383B270BD35D28900B4
:1005C0005D8786006D978600FD848600E98686003B
:1005D000CDAA8600A5928600F0B5D0F8446187B018
:1005E00005465820E7F35AF20446002800F09380AD
:1005F00000215822E2F33CF220462021494A40F8EB
:10060000205BE2F39BF201274FF0FF33E06184F8B7
:100610004070A4F84C30304643492246FFF7D2FEE2
:10062000002878D1304641492246FFF7D1FE002804
:1006300071D130463E492246FFF7D0FE00286AD1EC
:1006400030463C492246FFF7CFFE002863D12846BA
:1006500039492246FDF72CFC064600285BD18DE87F
:10066000110004212846354A354BFDF7F7FB0028D9
:10067000206150DB284639463246334600960194C5
:10068000FDF7ECFB0028606145DB042128462D4A7C
:100690002D4B0096019401F027FE0028A0613ADB63
:1006A00028462A492246FDF7F7FB002833D1284B7C
:1006B00003EBC60253F8363063B1526852B13101D0
:1006C0008DE81400D5F8940601F0F001C022FEF781
:1006D000ADFD00BB01360D2EE9D11E4B1E4A009325
:1006E00000230193029203930493059328681B4906
:1006F0001B4A2346FAF790F868B9204646F0F6D828
:1007000020B12046012144F0C3D820B9636C43F0E6
:100710000403636403E02046FFF720FF0024204623
:1007200007B0F0BDB15A0100FD848600E98686005D
:10073000CDAA8600A59286006D978600019286005C
:1007400089918600059E8600F19D86005D87860062
:10075000C49E0200198A860055AB8600ECF2880020
:1007600035D2890038B50446D0B1806808B1E7F3C6
:10077000A7F1236943B90EE0236953F8350008B1A6
:10078000E7F39EF1013500E00025E3689D42F3DBCD
:100790002069E7F395F12046BDE83840E7F390B1D2
:1007A00038BD00002DE9F04105461820E7F37CF143
:1007B0000446002833D02B680560DB690C20DB6918
:1007C00001335843E7F370F1A06040B32B68182061
:1007D000DB69DA695B6F6260E360E7F35FF1206118
:1007E000E8B1124918220026E2F3BEF037460EE0C7
:1007F0000E4BD4F810809B1918798000E7F354F160
:10080000236948F806009B59083643B10137E3686D
:100810009F42EDDB6B68064ADC609A6003E020468D
:10082000FFF7A0FF00242046BDE8F0812C9F0200C6
:10083000B9BC860010B5C468A1420BDA006900EBB0
:10084000C1042479A24208DA50F83110002041F89E
:10085000223010BD6FF0150010BD6FF0150010BDF7
:1008600047F06C9B10B50446FFF7FAFFE084000CDC
:1008700084F82800002010BDD0F8F03310B50446ED
:1008800083B1D3F8280830B1E7F31AF1D4F8F03384
:100890000022C3F82828D4F8F003E7F311F100236D
:1008A000C4F8F03310BDC36B10B5044683B1836B3D
:1008B0005B6B0B2B07D1D0F8E00320B1E7F300F11D
:1008C0000023C4F8E033E06BE7F3FAF00023E363BE
:1008D00010BD10B504460120E7F3E0F00346E063E5
:1008E000A8B100210122E2F3C3F0A36B5B6B0B2BD9
:1008F0000CD14FF49470E7F3D1F00346C4F8E00351
:1009000028B100214FF49472E2F3B2F001231846AB
:1009100010BD70B5044640F678100D46E7F3BEF002
:10092000C4F8F003002831D0002140F67812E2F339
:100930009FF0B4F85220D4F8F03300261A70D4F89F
:10094000F033204683F8B660C3F8B060D4F8F033D3
:1009500083F8B460A36B83F88460A36B1E679E6703
:100960003C23C4F8BC301023C4F8C030C4F8C460C1
:1009700000F09AFFA36B022D0CBF1A6F9A6F002034
:10098000DA6684F8C36284F8C26270BD6FF01A0040
:1009900070BD0000B0F8C632F7B504460E46FBB194
:1009A0000846E2F311F107461348E2F30DF13F1850
:1009B0001037BFB23846E7F371F00546B8B1B4F866
:1009C000C632394600930D4A3346E2F3B7F0E06C85
:1009D0002946E2F3E9F607462846E7F371F03FB906
:1009E000E06C314603B0BDE8F040E2F3DDB6074607
:1009F000384603B0F0BD00BF8F9F02007A9F02000F
:100A0000044B1B78012B02D1002000707047FFF7C8
:100A1000C1BF00BFFC0300002DE9F3471C46B0F83E
:100A2000C632074688469146C66C002B32D008462F
:100A3000E2F3CAF082462248E2F3C6F082440AF1A9
:100A4000100A1FFA8AFA5046E7F328F005460028F4
:100A50002FD0B7F8C632514600931A4A4346E2F304
:100A60006DF038462946FFF7CBFF074668B13046A0
:100A70002946E2F38DF640B1484506DD3046294669
:100A80004A46E2F379F6824600E0A2462846E7F3BA
:100A900017F08FB930464146E2F37AF658B148452F
:100AA00009DD304641464A4602B0BDE8F047E2F370
:100AB00063B6824600E0A246504602B0BDE8F08729
:100AC0008F9F02007A9F020010B51446FFF798FF2F
:100AD00028B100210A46BDE81040E2F301B42046E7
:100AE00010BD000038B500220D4608490446FFF746
:100AF000EBFFC0B22823A84284F8660384F8D531FE
:100B0000CCBF84F8663384F8D50138BDD69F020087
:100B1000012238B580F860200A23826B002580F816
:100B20009E31032380F89F3180F86F5380F8715312
:100B300080F8735380F8755380F8775380F8BA5172
:100B400082F88A304FF6CE73A0F878321449142216
:100B5000C0F874520446FFF7B7FF124984F86603E1
:100B60002A462046FFF7B0FF7F2384F87B304FF002
:100B7000FF33A4F8983004F5F673C4F88C3164237D
:100B800084F858300423C4F8280384F86C50C4F85F
:100B9000E453C4F8745284F8D43184F8D63138BDA3
:100BA000D69F02005E9F02000022FFF78DBF00006B
:100BB00010B517490446FFF7F7FFC0B284F8E80301
:100BC0000138C0B2FD2802D9732384F8E83394F8C1
:100BD000E833204684F8E9330E49FFF7E5FFC0B259
:100BE00084F8EA0308B10F2802D1052384F8EA3318
:100BF00094F8E82394F8EA33D31A84F8EB3300230B
:100C000084F8EC3384F8EE33112384F8ED3310BD0F
:100C1000849F0200E79F02002DE9F04105460C4643
:100C200017461E46FFF7ECFE38B1284621463A46E5
:100C30003346BDE8F041FFF7EFBE3046BDE8F08136
:100C40000023FFF7E9BF000070B501220D463C49C3
:100C50000446FFF739FF3B4984F868030022204629
:100C6000FFF732FF384984F82C0307222046FFF7AC
:100C70002BFF364984F82D032046FFF7C1FE88B1CB
:100C800032492046A66BFFF78FFF30493067204678
:100C9000A66BFFF789FFA36BB067022D0CBF1A6F1D
:100CA0009A6FDA662A4900226FF095032046FFF713
:100CB000B3FF274984F83403012220466FF09503DF
:100CC000FFF7AAFF022584F8350300232A462046B1
:100CD0001F49FFF7A1FF63190135052D83F8340380
:100CE000F3D100252A4620461A49FFF7A9FF6319C8
:100CF00001350E2D83F85703F4D1012384F86733AF
:100D0000062220461449FFF7DFFE002284F865031F
:100D100012492046A56BFFF7D7FE114985F82C0133
:100D200000222046FFF7D0FE002384F83E03402136
:100D3000204684F82433BDE87040FFF7D3BE00BFDF
:100D40006E9F0200449F0200C89F0200A09F020005
:100D5000F89F0200C19F0200959F0200AD9F020014
:100D6000699F020010B5044628B10468003418BF1A
:100D70000124E6F3A5F6204610BD10B5848B0C8047
:100D8000018C118040F2DA321A8090F83520029BF3
:100D900001201A8010BD90F834007047C06A704777
:100DA000836B9961704738B5044600283ED0C56D05
:100DB000013DC565002D39D1FFF75EFD2046FFF7E7
:100DC00072FDD4F8801229B1A36B186900F08CFD74
:100DD000C4F88052002584F89551204646F0E4DEA0
:100DE000A26B1368A34202D1A36C136003E09A6C58
:100DF000A2421DD19D64D4F8943A0BB12046984785
:100E0000A36B186951F094D8D4F8E41320B141B120
:100E1000204647F08FD804E019B1A36B986852F0D0
:100E2000CDDC2046E6F34CF6002038BD012038BD6D
:100E3000012038BD2DE9F0478A46002104461546B9
:100E4000C0680A4676469946EBF3DCF68046000712
:100E50000CD5276857B1BB6BC7F84C901869F96A75
:100E600051F02CD8FB6D0133FB65CEE04FF42F60C1
:100E7000E6F314F6074628B96FF01A00314648F039
:100E8000A3DDC5E000214FF42F62E1F3F1F5FB6D26
:100E9000C7F844A00133FB652368BC63BB6401232E
:100EA000C7F84C90276087F85930E26C41F26B0329
:100EB0009A4205D1636C932B0CBF0123182300E0E9
:100EC0001823022DA7F88A3005D118F0010F1CBF96
:100ED0004FF40053FB62BB6BF96A186950F0EEDF08
:100EE0007B6CB3F8E0831FFA88F808F470631B0A80
:100EF000FB615FFA88F33B62BB6BD868F8F739FC9B
:100F0000FB69A7F8C602092B04D10423FB613B6AE5
:100F100010333B62012387F824304FEA18333B63D8
:100F20003846FFF79FFC002875D14FF48053A7F88F
:100F300056304DF2240241F20103022D18BF134630
:100F4000A7F8523038463749FFF75AFD38B13846CE
:100F50003449D7F83880FFF727FEC8F868003846CC
:100F6000FFF7B7FC002856D038462946FFF76CFE3D
:100F70003846FFF7CDFD384600F0D2FB00284AD0B6
:100F800029463846FFF7C5FC0546002843D13846B8
:100F9000FFF70EFE384647F001DD3846012146F0E6
:100FA000AFDD3846294648F083DB4FF0FF33C7F802
:100FB000D432C7F8D832C7F8DC32C7F8E032C7F805
:100FC000E432C7F8E832C7F8EC32C7F8F0323846F6
:100FD00007F11C011C22E1F3C7F4206950F0A8DFDF
:100FE00060B1BB6B986852F035DEC7F8F80328B9DA
:100FF0006FF01A00314648F0E7DC0CE0384600217B
:1010000048F04CDA002387F8FC3907F14C03FB6405
:101010003846BDE8F0873846FFF7C5FE0020BDE83A
:10102000F08700BF519F020070B505464FF49870DD
:101030007646E6F333F5044628B96FF01A003146D8
:1010400048F0C2DC39E000214FF49872E1F310F56A
:101050002B68A3606B68E360AB682361EB68636037
:101060002B6963612B8CA3846B8CE3846B6AA36212
:10107000AB6AE362EB6A23632B6B63636B6B636442
:10108000AB6BA364EB6BE3642B6C23656B6C6365E8
:10109000AB6CC4F81C316B69A365AB69E3650F23C6
:1010A00023663D2363667923A3660123C4F81831C0
:1010B0000323E366002384F88B30204670BD0000D4
:1010C0007FB50A4B0A4900930023019302930393CF
:1010D00004930593074A0368F9F79EFB002814BFA1
:1010E0004FF0FF30002007B000BD00BF05E38600D1
:1010F00068F48800B95A010001490268F9F731BB68
:10110000B95A01000023F0B51C4607E0CE18356837
:10111000C718C550756801347D6008339442F5D115
:10112000F0BD000038B5046C0023C4F8243690F8F4
:101130006D53094B094A4FF48060002D0CBF1546D2
:101140001D46E6F3ABF4C4F8240620B129468022FC
:10115000FFF7D8FF012038BD66AD020066B102007E
:1011600070B517494FF0FF32046C0546FFF7ACFC31
:101170001449C4F8500517222846FFF7A5FC00269D
:10118000C4F8540510496FF0250284F858652846C4
:10119000FFF79AFC0D49A4F8480532462846FFF7A8
:1011A00093FC0B49A4F8040C6FF003022846FFF7E8
:1011B0008BFCB4F84835C318A4F8063C70BD00BFDA
:1011C0001DA0020046A802002FA802009CAC02004D
:1011D00007AD020038B527490446FFF7E5FCC0B269
:1011E00028288CBF0023012384F8690384F8CA03EC
:1011F00084F86D3320462049FFF7D6FC08282046A6
:101200001CD81E490022FFF71BFD80B20022C4F843
:10121000FC001B492046FFF713FD1A49C4F80001E2
:101220002046FFF7C1FC184905462046FFF7BCFCE5
:1012300080B240EA0545C4F8045113E01349002286
:10124000FFF7FEFC80B2C4F8FC00114900222046E2
:10125000FFF7F6FC0F49C4F800012046FFF7A4FC95
:10126000C4F8040120460C49FFF79EFC84F80801ED
:1012700038BD00BF1EA40200EFAC020014A802009B
:101280003DA802004CA0020038A0020090AC020071
:1012900035AD0200A1A80200C4A70200F8B5A44918
:1012A0000022056C0446FFF7CBFCA14985F8BC047D
:1012B00001222046FFF7C4FC9E4985F8BD040022A8
:1012C00007232046FFF7A8FC922385F8BE0499491E
:1012D00001222046FFF7A0FC974985F8BF040022B1
:1012E0002046FFF7F1FB9549C5F8C40400222046CB
:1012F000FFF7EAFB0026A5F85804914985F8336406
:1013000020463246FFF7E0FB8E49A5F80A04204646
:10131000FFF74AFCB8B1012385F833342F46422346
:10132000324620468749FFF777FCAB19C0B283F8F5
:101330002604B5F80A340136C018A7F80C040237A1
:101340000D2EECD10DE0804942222046FFF7BCFB78
:10135000C2B285F8082420467C49FFF7B5FBA5F802
:1013600006047B4900222046FFF7AEFB794985F849
:1013700038044FF0FF322046FFF7A6FB7649A5F868
:1013800068054FF0FF322046FFF79EFB7349A5F832
:101390006A054FF0FF322046FFF796FB7049A5F82B
:1013A0006E054FF0FF322046FFF78EFB6D4985F842
:1013B000700500222046FFF787FB002684F87400A2
:1013C000324620466849FFF73BFCAB1901360E2E2A
:1013D00083F80606F4D1A12264492046FFF774FB86
:1013E0006349C5F8C00546F20F622046FFF76CFB63
:1013F0000822C5F8C4055F492046FFF765FB5E4932
:10140000C5F8C8056FF008022046FFF75DFB5B4991
:10141000C5F8CC0540F6BB722046FFF755FB0A2203
:10142000C5F8D00556492046FFF74EFB5549C5F88B
:10143000D4056FF044022046FFF746FB5249A5F859
:1014400002066FF04A022046FFF73EFB0122A5F894
:1014500004064E492046FFF737FB80B2031C18BF35
:10146000012300F0020085F84A353F2285F84B053C
:1014700047492046FFF728FB642285F84C0545497B
:101480002046FFF721FB4449C5F85C054FF0FF32C9
:101490002046FFF719FBC5F86005013018BF012091
:1014A00085F864053D4900222046FFF70DFBC0B2D8
:1014B00000F00F03000900F0010085F8143685F8EC
:1014C00017063749002226232046FFF7A5FB34499B
:1014D000A5F81806012242232046FFF79DFB502362
:1014E000A5F81A062E4902222046FFF795FB062290
:1014F000A5F81C062B492046FFF7E6FA85F81E06DC
:101500002046FFF767FE94F86D232046002A4DD150
:101510002549FFF795FB2449A4F8820301222046C0
:10152000FFF78EFB2049A4F87E0320464DE000BF64
:10153000C8AC020073A8020087AC020054AC0200E1
:101540007FA8020074AC0200B1AC0200E3AC020060
:1015500008A0020055A00200F7AC020061A802003A
:101560001CA80200BAAC02004CAD020025A8020083
:101570008DA80200D2AC0200D9AC020014A0020077
:101580005FAD02002AAD020067AC0200DFA70200D7
:10159000ADA80200FAA70200E8A7020041A00200DD
:1015A00080AC0200D1A7020045AD0200254900220F
:1015B000FFF746FB2349A4F8820301222046FFF7E8
:1015C0003FFB2049A4F87E0320460222FFF738FBA8
:1015D0000023A4F880031C4985F8333620460222F4
:1015E000FFF71AFB10B1012385F8333695F833362F
:1015F0002BB3154900222046FFF722FB1249A4F81D
:101600002C0A01222046FFF71BFB0F49A4F8280AE9
:1016100002222046FFF714FB0C49A4F82A0A0022F4
:101620002046FFF751FA0A4985F83106282220465C
:10163000FFF74AFA002385F8320684F86733012061
:10164000F8BD00BF0AA80200A5AC0200DAA702009C
:101650005AAD020038B50E49046C0546FFF7A4FAEE
:101660000C4984F829062846FFF79EFAFF2284F8E1
:101670002A0609492846FFF727FA084984F8300660
:101680002846FFF791FAC4F82C06012038BD00BFA8
:101690005EAC020096A802002BA0020051A8020036
:1016A00038B50446056C4FF46770E6F3F7F1C5F8FA
:1016B0002006236CD3F82006B0B1D4F8DC300B4AF6
:1016C000934207D00A4A934206D00A4A93420AD16B
:1016D000094902E0094900E009494FF46772E1F362
:1016E00043F1012038BD002038BD00BFC0AD3A0233
:1016F00080BA8C0100F82401B8A8020082A0020080
:1017000028A4020010B504464EF00AD8236CD3F882
:101710002006E6F3D5F1206CBDE81040E6F3D0B129
:1017200070B5044640F60840E6F3B8F1054620647B
:10173000002800F08380002140F60842E1F398F190
:101740000125A36B84F8825084F8F050D868EBF33D
:10175000BDF13B4BC4F8DC00C4F8483A394B204695
:10176000C4F84C3A384BC4F8503A384BC4F8543AA1
:10177000374BC4F8A03A374BC4F85C3A364BC4F840
:10178000643A364BC4F86C3A354BC4F8703A354B72
:10179000C4F87C3A344BC4F8B43A344BC4F8B03A89
:1017A000334BC4F8C03A334BC4F8BC3A324BC4F89C
:1017B000C43A324BC4F8C83A314BC4F8CC3A314B36
:1017C000C4F8943A304BC4F8D03A304BC4F8D43A09
:1017D0002F4BC4F8D83A2F4BC4F8DC3A2E4BC4F840
:1017E000E03AFFF75BFD40B32046FFF759FF20B317
:1017F0002046FFF797FC00B32046FFF7B1FC236CAF
:10180000204683F8C054FFF725FF244900222046D4
:10181000266CFFF759F9224986F834060022204643
:10182000FFF752F91F4984F890022A462046266C99
:10183000FFF74AF986F8350600E00546284670BDF0
:10184000554B8700114A8700154A8700B95E87000B
:101850008D358700214B8700915E8700CDEC860097
:10186000296487001D4B8700895F870015F9860072
:10187000D5F886004938870061498700CD21870067
:10188000C5F90000415D0200F50A8700F90A8700EA
:10189000F10A8700FD0A87000D0B870072A0020085
:1018A00064A0020014AD0200836B93F82C210AB1EE
:1018B000042200E003221A67DA667047F8B507468B
:1018C0000C200D461646E6F3E9F0044630B100213F
:1018D0000C22E1F3CDF027606660A5602046F8BDDC
:1018E00008B1E6F3EDB070478068F2F35BB4000036
:1018F00070B5064686B06C20E6F3D0F00446D0B151
:1019000000216C22E1F3B4F00823A3610E4B2660A2
:101910000025009330680D490D4A23460195029534
:10192000039504950595F8F777FF38B932680123D8
:1019300082F892302371204606B070BD2046E6F34F
:10194000BFF02C46F7E700BF0D698700B00A890099
:10195000665B010010B5044668B103680649186863
:101960002246F8F7FEFE204651F048D82046BDE852
:101970001040E6F3A5B010BD665B010010B504464B
:1019800048B1054922464068F8F7EBFE2046BDE81D
:101990001040E6F395B010BD5CF4890070B50646C2
:1019A00086B01020E6F37AF0044630B3002110220E
:1019B000E1F35EF033682660636073680025A3601E
:1019C000042130460E4A0F4B00950194FCF746FA6D
:1019D000A842E0600DDB0C4B30688DE828000B4915
:1019E0000B4A23460295039504950595F8F714FFD5
:1019F00018B12046FFF7C2FF0024204606B070BD94
:101A000029748700117487007D7487007C0B89001E
:101A10005CF4890030B5054687B01420E6F33EF04B
:101A2000044638B300211422E1F322F06B682868E1
:101A3000A360124B25606060002500931049114A95
:101A4000234601950295039504950595F8F7E4FE64
:101A500060B90A2323730F2363736423A3730223E0
:101A6000E373062323740123637403E02046E6F343
:101A700027F02C46204607B030BD00BF217B8700F1
:101A8000940B89000CE3890010B5044648B1054960
:101A900022464068F8F765FE2046BDE81040E6F3B0
:101AA0000FB010BD0CE3890010B5044658B1064BC9
:101AB00021461B88C3581868F8F772FF2046BDE816
:101AC0001040E5F3FDB710BDD403000073B5054623
:101AD0000C20E5F3E9F70446C8B1104B04221A8044
:101AE00002214560002301900D4A28460093FCF72F
:101AF000B5F9002820600ADB01232381094B2868FF
:101B000000932146084A0223F8F7D9FE18B120466F
:101B1000FFF7CAFF002420467CBD00BFD4030000AD
:101B20007D858700FC0B8900A985870038B50446B0
:101B300080B1094B21461B88C5582868F8F730FF4B
:101B4000286806492246F8F70CFE2046BDE83840D2
:101B5000E5F3B6B738BD00BFD6030000845B0100D3
:101B6000F0B5054687B01420E5F39EF7044600283B
:101B700056D02F4B04221A80456000260190042184
:101B800028462C4A2C4B0096FCF768F9B04220609E
:101B900046DB0123A3810C232382284B0722E28109
:101BA0000093274B286801932649274A234602962B
:101BB000039604960596F8F72FFE002830D1234BA4
:101BC000286800932146224A0523F8F778FE38BB9F
:101BD000204BD5F894068DE818004FF490712A2216
:101BE0001D4BFDF703FBD8B9D5F8940680212A22B6
:101BF0001A4B0094FDF712FC90B9B5F8AA0106F053
:101C000023DD801B18BF01200A3055F820301B68E7
:101C1000022B09D1012120460A4652F0ABDD03E038
:101C20002046FFF783FF0024204607B0F0BD00BF29
:101C3000D60300005D89870049898700DD8B870016
:101C4000F58B8700340C8900845B01000C0C890043
:101C5000098B8700F98C8700E9898700F98887005C
:101C6000084B10B51B88044650B1C3580649186884
:101C70002246F8F776FD2046BDE81040E5F320B790
:101C800010BD00BFD80300008B5B010070B5054696
:101C900086B01420E5F308F70446002844D0264B0C
:101CA00008221A8000238560042100930190234AB2
:101CB0002846234BFCF7D2F80028206034DB0223AF
:101CC000A38105220C23E2812382D5F8940680218A
:101CD0003D221C4B0094FDF7A1FB28BB1A4B029040
:101CE00000931A4B039001930490059018492868BB
:101CF000184A2346F8F790FDB0B9B5F8AA0106F0E6
:101D0000A3DC2B6893F84F201AB1032A14BF0322D7
:101D100001222046012153F063DA204602214FF0D0
:101D2000FF3253F05DDA03E02046FFF799FF00240D
:101D3000204606B070BD00BFD80300003192870076
:101D40001D928700E991870099938700019587008C
:101D5000400C89008B5B010038B5044698B10568DA
:101D6000224628460849FCF79CF821462868F8F7DF
:101D700017FE286805492246F8F7F3FC2046BDE81F
:101D80003840E5F39DB638BD1D9E8700C9E3890044
:101D900030B5054687B00820E5F386F604460028EE
:101DA0003ED000230560042100930190204A28467C
:101DB000204BFCF753F80028606031DB28461E49B1
:101DC0002246FCF769F858BB1C4B01900093029027
:101DD0000390049005901A4928681A4A2346F8F798
:101DE0001BFDE8B9184B286800932146174A0123C8
:101DF000F8F765FDA0B9164BD5F894068DE81800E4
:101E00004FF490712822134BFDF7F0F940B9D5F843
:101E1000940680212822104B0094FDF7FFFA18B198
:101E20002046FFF799FF0024204607B030BD00BFD1
:101E3000A19D8700619D87001D9E8700A59E87004C
:101E40009C0C8900C9E38900940C8900799E870065
:101E50009D9F8700459E8700459D870070B506467B
:101E600086B09C20E5F320F60446002834D00660B6
:101E70001B4B3068002560601A4900931A4A2346BC
:101E800001950295039504950595F8F7C5FCF8B9F9
:101E9000D6F884341E229B7822610422E272022248
:101EA0002377227301230A22E3762372636162732C
:101EB000A3764FF6AF72A37784F899301023A073FE
:101EC0006072A072228384F89A3084F8983003E01C
:101ED0002046E5F3F5F52C46204606B070BD00BF60
:101EE00019AE8700001C890066B50200C0F8841096
:101EF000C0F88820C0F88C307047000010B5044648
:101F000048B1054922464068F8F72BFC2046BDE859
:101F10001040E5F3D5B510BD66B5020038B50446EE
:101F200000B3436B05680BB1E9F7C6FC04F114007C
:101F3000DBF38AF404F11800DBF386F404F11000FB
:101F4000DFF382F504F12400DBF372F42246064944
:101F50002868F8F706FC2046E5F3B2F52B68002266
:101F600083F8622138BD00BF7AE689002DE9F0418F
:101F7000054686B03820E5F397F5044600287FD063
:101F800005600026019004212846414A414B0096F5
:101F9000FBF764FFB042606072DB042128463E4AD2
:101FA0003E4B0096019400F09FF9B042A06067DBC1
:101FB0000127E76038463A493A4A6B68DFF32EF169
:101FC000206100285CD006213246D5F80480DFF37A
:101FD0006BF53449034642463148DBF317F460623F
:101FE00000284DD0072132462069DFF35DF53946E0
:101FF0000346E0613246606ADBF3E8F239460246A6
:10200000A0612069DFF350F5E36939463246606A22
:10201000DBF3DCF20221024660612069DFF344F564
:10202000214B4FF00308C4F82C808DE848001F4B6B
:10203000286804931E4B1F4905931F4A23460296A6
:102040000396F8F7E9FBD8B91C4BD5F894068DE850
:102050001800B02142461A4BFDF746F880B9194BDB
:10206000D5F894068DE81800B0215D22164BFDF7D7
:1020700069F928B91423A3622B6883F8627103E01D
:102080002046FFF74BFF0024204606B0BDE8F08154
:1020900015D28700B9060100890501004DE08700CF
:1020A000FDD0870005D1870099D38700945B01009C
:1020B00019050100181C89007AE68900171501002E
:1020C0008F16010055140100C11401002DE9F043E1
:1020D000074687B04FF441700E4615469846E5F323
:1020E000DDF40446002878D000214FF44172E0F37B
:1020F000BFF42820E5F3D2F48146206020B92046C1
:10210000E5F3DEF4484668E000212822E0F3B0F46D
:1021100023684FF441721C606261E5604FF0FF324A
:102120000025A261A760C4F804809D711423A4F85F
:1021300008322823A4F806322D23A4F804326E2393
:10214000A4F80A32022384F80C326423A4F838324B
:1021500084F80D523046224922462B46F2F33AF0DB
:10216000C4F8F80130B304F51473C4F81832C4F895
:1021700014321C4B0526C4F81C6200931A4B0295BE
:1021800001931A4B04950393059523463868184923
:10219000184AF8F741FB034660B900903868216897
:1021A000154AF8F78CFB28B984F8406284F841623C
:1021B000206812E0D4F8F81119B1A3689868F1F317
:1021C000F1F7206908B100F03FF8206808B1E5F3A5
:1021D00077F42046E5F374F4002007B0BDE8F083FF
:1021E00065F68700C5EF870049F6870039FF87004D
:1021F0006C1C890000E889006500880038B5054638
:10220000F0B10468E4B1D4F8F81131B1A36898686A
:10221000F1F3C8F70023C4F8F831A3682246186820
:102220000849F8F79EFAA36821681868F8F7B8FB20
:102230002846E5F345F42046BDE83840E5F340B4D0
:1022400038BD00BF00E8890010B5044630B159F030
:10225000B9DE2046BDE81040E5F332B410BD000001
:10226000F7B506680546F3691F6D02373F0138462A
:10227000E5F314F4044610B300213A46E0F3F8F312
:1022800084E860001021002628460E4A0E4B009676
:102290000194FBF7E3FDB042A0610CDB04F12003E5
:1022A00063614FF44773E360D5F8380604F11C010D
:1022B000DFF3DEF518B12046E5F302F4344620469C
:1022C000FEBD00BFB90888009D08880010B504460F
:1022D00048B1C36913B11C30DFF3E0F52046BDE817
:1022E0001040E5F3EDB310BDF0B5D0F8244100681F
:1022F0002569C069006D854211D267692E01B81940
:10230000013525614360059BBA518360069BC3601C
:10231000E068C31C591821F00301E160F0BD4FF0E3
:10232000FF30F0BD37B505461820E5F3B7F3044696
:1023300038B300211822E0F39BF32B68256063601B
:102340006B682846A360FFF765FBE06088B15BF02F
:10235000AFD8002301468DE8180028460A4A0B4BE7
:10236000FFF7C2FF0028206103DB51F04DD8606108
:1023700007E0E06808B1FFF787FB2046E5F3A0F32C
:10238000002420463EBD00BF1D1B8800F91A8800AE
:1023900010B5044638B1C068FFF776FB2046BDE8AB
:1023A0001040E5F38DB310BD73B505461820E5F375
:1023B00075F30446002838D000211822E0F358F3C2
:1023C0000C20E5F36BF3064600282DD000210C22EB
:1023D000E0F34EF32B686661256063602846FFF7E3
:1023E0003DFDA060B8B15BF09DD8002301468DE8AB
:1023F000280028460E4A0F4BFFF776FF0028E060C2
:1024000009DB56F013DA0C4920610C4AA0680C4B2A
:10241000FFF76CFD09E0A06808B1FFF76FFD2046EB
:10242000E5F34EF3002400E0044620467CBD00BFE7
:10243000CD1B8800A91B8800C1218800B521880018
:10244000A91E880010B5044650B18068FFF756FDFC
:102450006069E5F335F32046BDE81040E5F330B39D
:1024600010BD000070B5444B86B00093002301936B
:1024700002930393414B04460493414B4149059316
:102480000068414A2346F8F7C7F9054600286FD18E
:10249000D4F884341421A3F86410A36A012683F8C5
:1024A0004C00E36A204683F84C60A16A5EF0E8D8ED
:1024B000E16A20465EF0E4D8204629465DF0EADB7A
:1024C000A36A83F84D50E36A83F84D50236A186974
:1024D000E7F7F6FE830707D5D4F884344FF0FF32D0
:1024E0005E73D4F88434DA812368D4F884545E6946
:1024F00051F0BCD90146304651F052D9E86200286B
:1025000036D0D4F884341F2283F87820D4F8840499
:10251000052257304FF0FF31E0F3AAF22368D4F8D8
:102520008424B3F8C810D3F8D80051850A21516328
:102530001649E1F315F1431E0D2BD4F8845423689A
:1025400098BF68631249D3F8D800E1F309F185F820
:102550008A00D4F88434012283F85120D4F88434DA
:1025600000201A7883F84E20D4F88434586701E0AC
:102570004FF0FF3006B070BDE9398800105C0100F3
:10258000AD1E0100341D89006EB5020081B5020048
:1025900072B50200D0F8843410B5D96A044611B17E
:1025A000406851F00BD9206802492246BDE810402E
:1025B000F8F7D7B86EB5020038B503680446D0F80E
:1025C00084542749D3F8D800E1F3CAF0287023686F
:1025D0002449D3F8D800D4F88454E1F3C1F0E8706A
:1025E000D4F884341A78013AD2B2FD2A01D90122F2
:1025F0001A70D4F884341A785A700023D4F88424DA
:10260000D11812780133052B81F85220F6D1D4F875
:10261000845401212846E0F38BF4A870D4F8843464
:10262000DA78013AD2B2FD2A01D90122DA70D4F85F
:1026300084340121DA785A71D4F88454E81CE0F328
:1026400077F42871D4F8843420461A799A715DF0B1
:1026500053DAB4F858142046BDE838405DF0A49A27
:102660008EB5020096B5020010B50446D8B1406898
:102670000D492246FBF72BFC236A1BB104F1200015
:10268000DFF30CF4237F23B1606808492246FBF78F
:1026900008FCA06806492246F8F763F82046BDE822
:1026A0001040E5F30DB210BDD1568800515488009A
:1026B0007E5C010030B5054687B02420E5F3EEF1DD
:1026C000044600283ED000212422E0F3D1F12B68FB
:1026D0000022A360AB686560E3606B68042123613E
:1026E0000823A3822846194B8DE81400FBF7B6FB9C
:1026F0000028206022DB284615492246FBF7CCFB48
:10270000E0B901232377284612492246FBF7DAFB7A
:10271000A0B9D5F8380604F12001DFF3A9F368B9B0
:102720000D4B0190009302900390049005900B498B
:1027300028680B4A2346F8F76FF818B12046FFF7D0
:1027400093FF0024204607B030BD00BFC954880065
:1027500051548800D1568800555588001C1F8900A7
:102760007E5C0100D0F8D036186ADFF35DB3D0F894
:10277000D036186ADFF3BAB3F8B5D0F884640446EB
:102780000D46D1F8D800C149E0F3EAF786F81C01FC
:10279000D5F8D800BE49E1F307F0D4F8846438B125
:1027A000D5F8D800BA49E0F3DBF786F8E80002E094
:1027B000022386F8E830D5F8D800B649E0F3F4F7FC
:1027C000D4F8846438B1D5F8D800B249E0F3C8F73A
:1027D00086F8580102E0FF2386F85831AE49D5F853
:1027E000D800D4F88464E0F3BBF7AC49C6F8200104
:1027F000D5F8D800D4F88464E0F3B2F7A849A6F875
:102800002A01D5F8D800D4F88464E0F3A9F7A549E3
:10281000A6F82C01D5F8D800D4F88464E0F3A0F72A
:10282000A149A6F82E01D5F8D800D4F88464E0F3C5
:1028300097F786F8E900D4F8843493F8E92012B9C0
:10284000022283F8E920D5F8D8009849D4F88464A6
:10285000E0F386F7A6F8C600D4F88464B6F9C6306B
:1028600013B90123A6F8C630D5F8D8009049E0F393
:1028700077F7C6F8D800D4F88464D6F8D8301BB9F6
:102880004CF25033C6F8D83096F8E93001229A401D
:10289000D6F8D810D5F8D8008A4288BFC6F8D82014
:1028A000022212FA03F38349C6F8DC30E0F358F74A
:1028B000C6F8E400D4F88464D6F8E4301BB94FF4C9
:1028C0009673C6F8E430D5F8D8007B49E0F348F7B2
:1028D000A6F8C400D4F88464B6F9C43013B9192337
:1028E000A6F8C430D5F8D8007449E0F339F786F873
:1028F0006C01D4F8843493F86C2112B9052283F862
:102900006C216F49D5F8D800D4F88464E0F328F737
:10291000D4F88434A6F8F00093F81C21694983F8B0
:102920001D21D4F8843493F81D2183F84821D4F86C
:102930008434DA7983F8AC20D4F884341A7A83F8B2
:102940004521D4F884644FF6A273A6F8EA30A6F8BD
:10295000EC30A6F8EE30D5F8D800E0F301F7A6F891
:10296000F200D4F88464B6F9F2301BB94FF6A273C2
:10297000A6F8F23096F8E930012212FA03F3D6F8FD
:10298000D8205149934288BFC6F8D8300023A6F812
:10299000B230A6F8B430A6F8B630C6F8B830C6F8EB
:1029A000BC30C6F8C030D5F8D8001F46E0F3D8F6E2
:1029B00086F844014549D5F8D800D4F88464E0F39A
:1029C000CFF686F84B01D5F8D8004149D4F8846495
:1029D000E0F3C6F6D4F88434C6F8240183F82971EC
:1029E000D4F88434D3F824211AB94FF49B72C3F875
:1029F000242193F81D2102B10322C3F84C21C3F80E
:102A000050210022C3F85421D5F8D8003149E0F311
:102A1000CBF640B1D5F8D8002E49D4F88464E0F361
:102A20009FF6C6F85401D5F8D8002B49E0F3BCF660
:102A300040B1D5F8D8002849D4F88464E0F390F682
:102A4000C6F84C01D5F8D8002449E0F3ADF640B102
:102A5000D5F8D8002149D4F88464E0F381F6C6F8AB
:102A600050011F4922460023A068D4F88454F1F392
:102A7000B1F31C49C5F830012246A0680023D4F800
:102A80008454F1F3A7F3C5F83401F8BD2CB6020065
:102A9000A4B6020074B6020057B60200CBB502001D
:102AA000EEB5020000B6020096B602009EB5020026
:102AB00067B602001FB60200BEB50200CDB6020026
:102AC000DDB5020081B6020012B60200AEB502000A
:102AD000BFB6020045B6020035B60200AFB602002E
:102AE0003F330100AD33010038B5044680B10568BD
:102AF0002246D5F844010749FDF779FC28460649E6
:102B00002246FBF7CEF92046BDE83840E4F3D8B7BB
:102B100038BD00BF1D708800B16E880037B505460E
:102B20000820E4F3C1F70446C0B10560002201901B
:102B3000042128460C4B0092FBF790F900286060B6
:102B40000CDB284609492246FBF7A6F930B9D5F82F
:102B5000440107492246FDF747FC18B12046FFF71C
:102B6000C3FF002420463EBD596F8800B16E880027
:102B70001D70880038B5044670B105682146286884
:102B8000F7F70EFF286805492246F7F7EAFD2046C9
:102B9000BDE83840E4F394B738BD00BF845C010061
:102BA00030B5054687B00C20E4F37EF704460028D4
:102BB00046D0274B05604FF490710093019020227E
:102BC000D5F89406234BFCF711FB002838D1224B93
:102BD000D5F894068DE818004FF4907123221F4B0E
:102BE000FCF704FB00282BD11D4BD5F894068DE88B
:102BF0001800402188221B4BFCF718FB00BBD5F8BE
:102C0000940680212022184B0094FCF707FCB8B9E9
:102C1000164B02900093164B03900193049005907D
:102C200014492868144A2346F7F7F6FD40B9134BB8
:102C3000286800932146124A0123F7F740FE18B195
:102C40002046FFF797FF0024204607B030BD00BFA5
:102C500021768800E9738800557688000D74880015
:102C6000C1758800D5738800BD7388005D748800C5
:102C7000BD758800781F8900845C0100701F890081
:102C80003174880010B5044660B1074B07491B88B2
:102C90002246C3581868F7F764FD2046BDE8104087
:102CA000E4F30EB710BD00BFDA030000885C01003A
:102CB000F0B5074687B01420E4F3F6F6054620B3D6
:102CC000154B06460024042206F8044B1A80012303
:102CD00047603372F4607472042101900F4A3846E1
:102CE0000F4B0094FFF700FBA04270600DDB0D4B13
:102CF0000094019302940394049405943868214647
:102D0000094A2B46F7F788FD18B12846FFF7BAFFA6
:102D10000025284607B0F0BDDA030000D977880007
:102D2000B977880029788800885C010070B505466D
:102D300086B01820E4F3B8F6044600285AD02B6871
:102D40000026012243600560082183F8AD20019030
:102D50003246284633460096FFF7C6FAB042206155
:102D60004BDB10212846274A274B00960194FBF79E
:102D700075F8B042C5F898013FDB0423E360234BAC
:102D8000A06005218DE81800D5F894064422204B58
:102D9000FCF72CFA002830D11E4BD5F894068DE8AC
:102DA00018004FF4907144221B4BFCF71FFA0028C7
:102DB00023D1D5F8940605214422184B0094FCF742
:102DC000CBFCD0B9D5F89406C0214422144B009412
:102DD000FCF7C2FC88B9134B01900093124B03908F
:102DE00002930490059011492868114A2346F7F789
:102DF00013FD10B9204606B070BD2046E4F360F61E
:102E00000024F7E7798188005D818800DD808800F3
:102E100035808800358188000581880055808800CC
:102E20003D858800C5828800CD858800E01F890027
:102E30008C5C010010B5044648B105492246406843
:102E4000F7F78FFC2046BDE81040E4F339B610BD1B
:102E50008C5C010070B5054686B03020E4F31EF6A8
:102E60000446002831D000213022DFF301F61A4B4E
:102E70002560009300230193029303930493059329
:102E800028681649164A2346F7F7C6FC0646E0B9F5
:102E9000FF23A3750123E3752B681249D3F8D800EB
:102EA000E0F382F420B131463246E0F319F2A07526
:102EB0002B680D49D3F8D800E0F376F448B100212F
:102EC0000A46E0F30DF2E07503E0284661F094DD78
:102ED0000024204606B070BDA98C88001C20890003
:102EE00056FB8900E3B60200EDB6020038B5044691
:102EF000002820D061F0D4DDA36A73B1204661F0D0
:102F000099DA0AE02B6868686360E4F3D9F528462B
:102F1000E4F3D6F5237D013B23756568002DF1D1DF
:102F20002368054918682246F7F71BFC2068BDE8AE
:102F3000384061F0619D38BD56FB8900776C635F56
:102F4000626D61635F696E666F5F696E69740000D0
:102F50000000000000000000000000000000000071
:102F60000000000000000000000000000000000061
:102F70000000000000000000000000000000000051
:102F80000000000000000000000000000000000041
:102F90000000000000000000000000000000000031
:102FA0000000000000000000000000000000000021
:102FB0000000000000000000000000000000000011
:102FC0000000000000000000000000000000000001
:102FD00000000000000000000000000000000000F1
:102FE00000000000000000000000000000000000E1
:102FF00000000000000000000000000000000000D1
:1030000000000000000000000000000000000000C0
:1030100000000000000000000000000000000000B0
:1030200000000000000000000000000000000000A0
:103030000000000000000000000000000000000090
:103040000000000000000000000000000000000080
:103050000000000000000000000000000000000070
:103060000000000000000000000000000000000060
:103070000000000000000000000000000000000050
:103080000000000000000000000000000000000040
:103090000000000000000000000000000000000030
:1030A0000000000000000000000000000000000020
:1030B0000000000000000000000000000000000010
:1030C0000000000000000000000000000000000000
:1030D00000000000000000000000000000000000F0
:1030E00000000000000000000000000000000000E0
:1030F00000000000000000000000000000000000D0
:1031000000000000000000000000000000000000BF
:1031100000000000000000000000000000000000AF
:10312000000000000000000000000000000000009F
:10313000000000000000000000000000000000008F
:10314000000000000000000000000000000000007F
:10315000000000000000000000000000000000006F
:10316000000000000000000000000000000000005F
:10317000000000000000000000000000000000004F
:10318000000000000000000000000000000000003F
:10319000000000000000000000000000000000002F
:1031A000000000000000000000000000000000001F
:1031B000000000000000000000000000000000000F
:1031C00000000000000000000000000000000000FF
:1031D00000000000000000000000000000000000EF
:1031E00000000000000000000000000000000000DF
:1031F00000000000000000000000000000000000CF
:1032000000000000000000000000000000000000BE
:1032100000000000000000000000000000000000AE
:10322000000000000000000000000000000000009E
:10323000000000000000000000000000000000008E
:10324000000000000000000000000000000000007E
:10325000000000000000000000000000000000006E
:10326000000000000000000000000000000000005E
:10327000000000000000000000000000000000004E
:10328000000000000000000000000000000000003E
:10329000000000000000000000000000000000002E
:1032A000000000000000000000000000000000001E
:1032B000000000000000000000000000000000000E
:1032C00000000000000000000000000000000000FE
:1032D00000000000000000000000000000000000EE
:1032E00000000000000000000000000000000000DE
:1032F00000000000000000000000000000000000CE
:1033000000000000000000000000000000000000BD
:1033100000000000000000000000000000000000AD
:10332000000000000000000000000000000000009D
:10333000000000000000000000000000000000008D
:10334000000000000000000000000000000000007D
:10335000000000000000000000000000000000006D
:10336000000000000000000000000000000000005D
:10337000000000000000000000000000000000004D
:10338000000000000000000000000000000000003D
:10339000000000000000000000000000000000002D
:1033A000000000000000000000000000000000001D
:1033B000000000000000000000000000000000000D
:1033C00000000000000000000000000000000000FD
:1033D00000000000000000000000000000000000ED
:1033E00000000000000000000000000000000000DD
:1033F00000000000000000000000000000000000CD
:1034000000000000000000000000000000000000BC
:1034100000000000000000000000000000000000AC
:10342000000000000000000000000000000000009C
:10343000000000000000000000000000000000008C
:10344000000000000000000000000000000000007C
:10345000000000000000000000000000000000006C
:10346000000000000000000000000000000000005C
:10347000000000000000000000000000000000004C
:10348000000000000000000000000000000000003C
:10349000000000000000000000000000000000002C
:1034A000000000000000000000000000000000001C
:1034B000000000000000000000000000000000000C
:1034C00000000000000000000000000000000000FC
:1034D00000000000000000000000000000000000EC
:1034E00000000000000000000000000000000000DC
:1034F00000000000000000000000000000000000CC
:1035000000000000000000000000000000000000BB
:1035100000000000000000000000000000000000AB
:10352000000000000000000000000000000000009B
:10353000000000000000000000000000000000008B
:10354000000000000000000000000000000000007B
:10355000000000000000000000000000000000006B
:10356000000000000000000000000000000000005B
:10357000000000000000000000000000000000004B
:10358000000000000000000000000000000000003B
:10359000000000000000000000000000000000002B
:1035A000000000000000000000000000000000001B
:1035B000000000000000000000000000000000000B
:1035C00000000000000000000000000000000000FB
:1035D00000000000000000000000000000000000EB
:1035E00000000000000000000000000000000000DB
:1035F00000000000000000000000000000000000CB
:1036000000000000000000000000000000000000BA
:1036100000000000000000000000000000000000AA
:10362000000000000000000000000000000000009A
:10363000000000000000000000000000000000008A
:10364000000000000000000000000000000000007A
:10365000000000000000000000000000000000006A
:10366000000000000000000000000000000000005A
:10367000000000000000000000000000000000004A
:10368000000000000000000000000000000000003A
:10369000000000000000000000000000000000002A
:1036A000000000000000000000000000000000001A
:1036B000000000000000000000000000000000000A
:1036C00000000000000000000000000000000000FA
:1036D00000000000000000000000000000000000EA
:1036E00000000000000000000000000000000000DA
:1036F00000000000000000000000000000000000CA
:1037000000000000000000000000000000000000B9
:1037100000000000000000000000000000000000A9
:103720000000000000000000000000000000000099
:103730000000000000000000000000000000000089
:103740000000000000000000000000000000000079
:103750000000000000000000000000000000000069
:103760000000000000000000000000000000000059
:103770000000000000000000000000000000000049
:103780000000000000000000000000000000000039
:103790000000000000000000000000000000000029
:1037A0000000000000000000000000000000000019
:1037B0000000000000000000000000000000000009
:1037C00000000000000000000000000000000000F9
:1037D00000000000000000000000000000000000E9
:1037E00000000000000000000000000000000000D9
:1037F00000000000000000000000000000000000C9
:1038000000000000000000000000000000000000B8
:1038100000000000000000000000000000000000A8
:103820000000000000000000000000000000000098
:103830000000000000000000000000000000000088
:103840000000000000000000000000000000000078
:103850000000000000000000000000000000000068
:103860000000000000000000000000000000000058
:103870000000000000000000000000000000000048
:103880000000000000000000000000000000000038
:103890000000000000000000000000000000000028
:1038A0000000000000000000000000000000000018
:1038B0000000000000000000000000000000000008
:1038C00000000000000000000000000000000000F8
:1038D00000000000000000000000000000000000E8
:1038E00000000000000000000000000000000000D8
:1038F00000000000000000000000000000000000C8
:1039000000000000000000000000000000000000B7
:1039100000000000000000000000000000000000A7
:103920000000000000000000000000000000000097
:103930000000000000000000000000000000000087
:103940000000000000000000000000000000000077
:103950000000000000000000000000000000000067
:103960000000000000000000000000000000000057
:103970000000000000000000000000000000000047
:103980000000000000000000000000000000000037
:103990000000000000000000000000000000000027
:1039A0000000000000000000000000000000000017
:1039B0000000000000000000000000000000000007
:1039C00000000000000000000000000000000000F7
:1039D00000000000000000000000000000000000E7
:1039E00000000000000000000000000000000000D7
:1039F00000000000000000000000000000000000C7
:103A000000000000000000000000000000000000B6
:103A100000000000000000000000000000000000A6
:103A20000000000000000000000000000000000096
:103A30000000000000000000000000000000000086
:103A40000000000000000000000000000000000076
:103A50000000000000000000000000000000000066
:103A60000000000000000000000000000000000056
:103A70000000000000000000000000000000000046
:103A80000000000000000000000000000000000036
:103A90000000000000000000000000000000000026
:103AA0000000000000000000000000000000000016
:103AB0000000000000000000000000000000000006
:103AC00000000000000000000000000000000000F6
:103AD00000000000000000000000000000000000E6
:103AE00000000000000000000000000000000000D6
:103AF00000000000000000000000000000000000C6
:103B000000000000000000000000000000000000B5
:103B100000000000000000000000000000000000A5
:103B20000000000000000000000000000000000095
:103B30000000000000000000000000000000000085
:103B40000000000000000000000000000000000075
:103B50000000000000000000000000000000000065
:103B60000000000000000000000000000000000055
:103B70000000000000000000000000000000000045
:103B80000000000000000000000000000000000035
:103B90000000000000000000000000000000000025
:103BA0000000000000000000000000000000000015
:103BB0000000000000000000000000000000000005
:103BC00000000000000000000000000000000000F5
:103BD00000000000000000000000000000000000E5
:103BE00000000000000000000000000000000000D5
:103BF00000000000000000000000000000000000C5
:103C000000000000000000000000000000000000B4
:103C100000000000000000000000000000000000A4
:103C20000000000000000000000000000000000094
:103C30000000000000000000000000000000000084
:103C40000000000000000000000000000000000074
:103C50000000000000000000000000000000000064
:103C60000000000000000000000000000000000054
:103C70000000000000000000000000000000000044
:103C80000000000000000000000000000000000034
:103C90000000000000000000000000000000000024
:103CA0000000000000000000000000000000000014
:103CB0000000000000000000000000000000000004
:103CC00000000000000000000000000000000000F4
:103CD00000000000000000000000000000000000E4
:103CE00000000000000000000000000000000000D4
:103CF00000000000000000000000000000000000C4
:103D000000000000000000000000000000000000B3
:103D100000000000000000000000000000000000A3
:103D20000000000000000000000000000000000093
:103D30000000000000000000000000000000000083
:103D40000000000000000000000000000000000073
:103D50000000000000000000000000000000000063
:103D60000000000000000000000000000000000053
:103D70000000000000000000000000000000000043
:103D80000000000000000000000000000000000033
:103D90000000000000000000000000000000000023
:103DA0000000000000000000000000000000000013
:103DB0000000000000000000000000000000000003
:103DC00000000000000000000000000000000000F3
:103DD00000000000000000000000000000000000E3
:103DE00000000000000000000000000000000000D3
:103DF00000000000000000000000000000000000C3
:103E000000000000000000000000000000000000B2
:103E100000000000000000000000000000000000A2
:103E20000000000000000000000000000000000092
:103E30000000000000000000000000000000000082
:103E40000000000000000000000000000000000072
:103E50000000000000000000000000000000000062
:103E60000000000000000000000000000000000052
:103E70000000000000000000000000000000000042
:103E80000000000000000000000000000000000032
:103E90000000000000000000000000000000000022
:103EA0000000000000000000000000000000000012
:103EB0000000000000000000000000000000000002
:103EC00000000000000000000000000000000000F2
:103ED00000000000000000000000000000000000E2
:103EE00000000000000000000000000000000000D2
:103EF00000000000000000000000000000000000C2
:103F000000000000000000000000000000000000B1
:103F100000000000000000000000000000000000A1
:103F20000000000000000000000000000000000091
:103F30000000000000000000000000000000000081
:103F40000000000000000000000000000000000071
:103F5000646561646D616E5F746F0072616D73742E
:103F6000627964697300646561646D616E5F746F2A
:103F7000007370695F70755F656E616200534449DC
:103F80004F444556006773706964776F72640050E0
:103F9000434D4349414445560073645F6F6F626F00
:103FA0006E6C790073645F67706F7574004753506F
:103FB000492044776F7264204D6F646520656E619F
:103FC000626C65640A0073645F67706463007364A5
:103FD0005F677076616C0025733A2042726F61648E
:103FE000636F6D20534450434D4420434443206449
:103FF00072697665720A00736470636D64636463EA
:104000002564005344494F000A5254452028257323
:104010002D25732573257329202573206F6E20426B
:10402000434D25732072256420402025642E25648D
:104030002F25642E25642F25642E25644D487A0A89
:104040000000434443006E6F637263006E6F7469D7
:10405000665F63006E6F7469665F73006F66646DA0
:104060003267706F3D30782578007061256467771E
:1040700025646125643D3078257800706131686978
:1040800062303D256400706131686962313D2564AC
:1040900000706131686962323D2564006761696E54
:1040A0006374726C7370683D2564007061316D617A
:1040B000787077723D2564006D656173706F776508
:1040C0007225643D307825780072786761696E7377
:1040D00025646725637472656C6E61627970612511
:1040E000643D256400706132676125643D30782548
:1040F000782C307825782C307825780072737369A5
:10410000736D6335673D256400757362666C616726
:10411000733D30782578007061326763636B612589
:10412000643D307825782C307825782C30782578C7
:10413000007064657472616E676532673D30782522
:1041400078007573623330753175323D307825787B
:104150000073756276656E6469643D307825780019
:10416000616725643D30782578006F656D3D2530A9
:104170003278253032782530327825303278253043
:104180003278253032782530327825303278006F19
:1041900066646D706F3D307825780074656D706F62
:1041A00066667365743D2564006D656173706F7735
:1041B00065723D307825780072737369736D66326D
:1041C000673D2564007061706172616D627776652C
:1041D000723D256400646F74313161676F66646D90
:1041E0006872627732303267706F3D3078257800C0
:1041F000697474326761303D307825780062786187
:1042000032673D25640072737369736D6332673D75
:1042100025640070613567627734306125643D3014
:104220007825782C307825782C307825782C3078C3
:1042300025782C307825782C307825782C30782506
:10424000782C307825782C307825782C30782578A3
:104250002C307825782C30782578006D6373627760
:10426000323035676C706F3D307825780000006D16
:10427000637362773230756C35676C706F3D307880
:104280002578006D63736277343035676C706F3DED
:104290003078257800000075736275746D695F630E
:1042A000746C3D3078257800657874706167616959
:1042B0006E32673D3078257800616E747377637471
:1042C0006C32673D307825780070726F6475637466
:1042D0006E616D653D25730074785F647574795FF8
:1042E0006379636C655F7468726573685F25645F8A
:1042F00035673D25640072786761696E6572723258
:10430000676125643D3078257800616730006D6114
:10431000787032676125643D307825780062776473
:104320007570706F3D30782578006E6F6973656CBD
:10433000766C35676125643D25642C25642C2564E5
:104340002C25640062773430706F3D30782578001A
:1043500070613567627738306125643D3078257843
:104360002C307825782C307825782C307825782CCE
:10437000307825782C307825782C307825782C30BA
:104380007825782C307825782C307825782C307862
:1043900025782C3078257800757362333075317547
:1043A000323D30782578007064657472616E67659F
:1043B00035673D30782578006D6163616464723DD6
:1043C00025730074656D70735F68797374657265C9
:1043D0007369733D2564006D6373256467706F2591
:1043E000643D3078257800626F617264666C616745
:1043F00073323D3078257800626F617264666C615B
:104400006773333D30782578006C65646268256495
:104410003D307825780072786761696E732564672E
:104420002563747269736F6125643D256400616161
:1044300032673D307825780070726F6469643D3072
:104440007825780074656D707468726573683D25B1
:104450006400636869707265763D2564006C656709
:104460006F66646D6277323035676C706F3D30789F
:1044700025780000006C65676F66646D6277323086
:10448000756C35676C706F3D30782578006C6567AA
:104490006F66646D6277323035676D706F3D30786E
:1044A00025780000006C65676F66646D6277323056
:1044B000756C35676D706F3D30782578006C656779
:1044C0006F66646D62773230356768706F3D307843
:1044D00025780000006C65676F66646D6277323026
:1044E000756C356768706F3D30782578007573623C
:1044F00066733D25640074656D70735F70657269E5
:104500006F643D25640073623430616E6438302519
:10451000637235672563706F3D307825780063637B
:104520003D2564002004D002A6A9FFFF646F74310A
:10453000316167647570256372706F3D30782578DE
:104540000061676125643D30782578007472697375
:104550006F35673D307825780074656D7073656ED2
:1045600073655F736C6F70653D2564006D61787075
:1045700035676125643D307825782C307825782C96
:10458000307825782C307825780070613169747323
:104590007369743D25640070613062303D256400AC
:1045A00070613062313D25640070613062323D25BA
:1045B0006400706135676125643D307825782C3062
:1045C0007825782C307825782C307825782C307820
:1045D00025782C307825782C307825782C30782563
:1045E000782C307825782C307825782C3078257800
:1045F0002C30782578006D63736277383035672505
:1046000063706F3D307825780073756262616E6407
:1046100035677665723D25640072737369736176E0
:1046200035673D2564006D637362773230326770A1
:104630006F3D307825780000006D6373627732300B
:10464000756C3267706F3D30782578006D637362EA
:104650007734303267706F3D307825780000007213
:1046600065677265763D30782578006363746C3DCC
:1046700030782578006E6F6973656C766C3267618F
:1046800025643D256400757362333072656773304D
:104690003D307825782C307825782C307825782C8A
:1046A000307825782C307825782C307825782C3087
:1046B0007825782C307825782C307825782C30782F
:1046C000257800757362333072656773313D3078D9
:1046D00025782C307825782C307825782C30782562
:1046E000782C307825782C307825782C30782578FF
:1046F0002C307825782C307825782C307825780067
:1047000063636B706F3D307825780074726935672C
:104710003D25640063636B64696766696C747479D2
:1047200070653D25640076656E6469643D3078256A
:10473000780066656D6374726C3D25640075736204
:1047400033307265677325643D307825782C307876
:1047500025782C307825782C307825780070646F97
:104760006666736574326725646D6125643D3078D3
:1047700025780075736265706E756D3D30782578AB
:104780000070613168696D61787077723D256400F1
:104790007278636861696E3D3078257800626F6178
:1047A0007264666C6167733D3078257800706131A2
:1047B00062303D25640070613162313D25640070D6
:1047C000613162323D2564007478636861696E3DD1
:1047D000307825780072786761696E732564672583
:1047E00063656C6E616761696E6125643D25640077
:1047F0006770646E3D30782578007061306D617847
:104800007077723D25640062786135673D256400EC
:104810006167626725643D3078257800757362733F
:10482000737068795F736C656570303D307825789A
:104830000075736273737068795F736C656570314E
:104840003D307825780075736273737068795F7393
:104850006C656570323D30782578007573627373CE
:104860007068795F736C656570333D3078257800CA
:104870006C656464633D307825303478006D637313
:104880003332706F3D3078257800727373697361CD
:104890007632673D2564006F706F3D256400697452
:1048A00074326761313D30782578007278706F35E9
:1048B000673D25640065787470616761696E35676E
:1048C0003D30782578006F66646D356768706F3DA0
:1048D000307825780074776F72616E6765747373D2
:1048E000692564673D25640073623230696E343037
:1048F000256372706F3D30782578006D616E666952
:10490000643D3078257800656C6E6132673D3078A3
:10491000257800727063616C32673D3078257800CD
:1049200000000000000000727063616C3567623047
:104930003D30782578000000000000727063616CE3
:10494000356762313D307825780000000000007244
:104950007063616C356762323D3078257800000005
:10496000000000727063616C356762333D307825FA
:104970007800000000000070613062305F6C6F3DB5
:1049800025640070613062315F6C6F3D256400709A
:10499000613062325F6C6F3D256400736232306952
:1049A0006E3830616E643136302563723567256349
:1049B000706F3D3078257800636464706F3D3078A7
:1049C000257800626F617264747970653D30782576
:1049D0007800616E747377697463683D3078257808
:1049E00000626F6172646E756D3D25640072646C67
:1049F00069643D30782578007874616C6672657101
:104A00003D2564006D61787035676861303D3078B0
:104A100025780072786761696E73256467656C6ECE
:104A2000616761696E6125643D2564007573627319
:104A3000736D64696F25643D307825782C30782556
:104A4000782C307825782C3078257800737562645E
:104A5000657669643D30782578007061316C6F62ED
:104A6000303D2564007061316C6F62313D2564001A
:104A70007061316C6F62323D2564007374626370E3
:104A80006F3D307825780072786761696E65727263
:104A900035676125643D307825782C307825782C71
:104AA000307825782C30782578007061316C6F6D06
:104AB00061787077723D25640070646F6666736517
:104AC0007425646D6125643D307825780074656DCA
:104AD00070636F7272783D2564006F66646D356730
:104AE000706F3D30782578007573626E6F73733D1B
:104AF0003078257800616135673D3078257800632E
:104B00007573746F6D76617225643D307825780019
:104B100074785F647574795F6379636C655F6F66E1
:104B2000646D5F25645F35673D2564007575696454
:104B30003D257300757362646573635F636F6D70A9
:104B40006F736974653D307825780074656D707396
:104B5000656E73655F6F7074696F6E3D256400707C
:104B60006170646361702564673D2564006C6567EE
:104B70006F66646D627732303267706F3D307825D2
:104B8000780000006C65676F66646D62773230751F
:104B90006C3267706F3D30782578007064676169AA
:104BA0006E2564673D2564006D61787035676130FE
:104BB0003D30782578006D617870356761313D3022
:104BC000782578006D63732564672563706F2564AD
:104BD0003D307825780070687963616C5F74656D2D
:104BE0007064656C74613D2564007061256467259F
:104BF000637725646125643D307825780063636FB1
:104C000064653D3078300072656777696E646F77F0
:104C1000737A3D2564006F66646D6C726277323022
:104C20003267706F3D3078257800776F776C5F67FB
:104C300070696F706F6C3D256400616E747377638B
:104C4000746C35673D307825780063636B3267702C
:104C50006F3D307825780074726932673D256400B5
:104C600063636B627732303267706F3D30782578DE
:104C700000000063636B62773230756C3267706F6F
:104C80003D3078257800697474356761303D30783F
:104C9000257800697474356761313D307825780076
:104CA0006D63736C7235672563706F3D307825785E
:104CB0000070646F6666736574326725646D766133
:104CC0006C69643D307825780072786761696E732D
:104CD0002564677472656C6E616279706125643DEC
:104CE000256400626F6172647265763D3078257864
:104CF0000072617774656D7073656E73653D3078B1
:104D000025780075736273737068795F75746D6967
:104D10005F63746C303D307825780075736273730F
:104D20007068795F75746D695F63746C313D30785C
:104D300025780075736273737068795F75746D6937
:104D40005F63746C323D307825780000000000000D
:104D50006F66646D35676C706F3D307825780070D4
:104D600061306974737369743D2564007473736989
:104D7000706F7335673D30782578007278706F32C8
:104D8000673D25640074737369706F73736C6F7023
:104D9000652564673D2564007472693567683D2543
:104DA00064006D616E663D25730074726935676CD1
:104DB0003D2564006D637362773230356768706FCC
:104DC0003D307825780000006D637362773230756E
:104DD0006C356768706F3D30782578006D6373625D
:104DE000773430356768706F3D3078257800000083
:104DF00073726F6D7265763D2564006C65676F66D2
:104E0000646D3430647570706F3D30782578006D56
:104E100061787035676861313D3078257800646568
:104E20007669643D307825780072786761696E73C1
:104E3000256467747269736F6125643D2564006D34
:104E400061787035676C61303D30782578006D6130
:104E5000787035676C61313D307825780065706118
:104E60006761696E2564673D2564007770736770BC
:104E7000696F3D256400776F776C5F6770696F3D80
:104E800025640072737369736D6635673D25640030
:104E9000747269736F32673D30782578007473736C
:104EA00069706F7332673D30782578007770736C66
:104EB00065643D256400656C6E6135673D3078251D
:104EC0007800706135676277343038306125643D31
:104ED000307825782C307825782C307825782C304F
:104EE0007825782C307825782C307825782C3078F7
:104EF00025782C307825782C307825782C3078253A
:104F0000782C307825782C30782578006D637362A2
:104F100077323035676D706F3D307825780000004E
:104F20006D637362773230756C35676D706F3D30CD
:104F3000782578006D63736277343035676D706FF4
:104F40003D3078257800000063636F64653D25631C
:104F50002563006D63736277313630356725637082
:104F60006F3D3078257800496E76616C69642F5505
:104F70006E737570706F72746564207874616C20E4
:104F800076616C756520256400726D696E00636CD6
:104F9000646F5F627572737400706C6C2564006C72
:104FA0006E6C646F31007225646400722564740055
:104FB0007874616C66726571000000000C0000007E
:104FC000020016000200000004000D0007000000AF
:104FD00001000A000800000004000D000A000000A3
:104FE00004000D000D000000010007001700000084
:104FF000040004001B000000040001001C0000006D
:105000000100070000000000020002000100000093
:105010000100010003000000020002000400000083
:105020000100010005000000010001000600000071
:105030000100010009000000010005000B00000054
:10504000010001000C000000020030000E00000012
:10505000010001000F00000001000100100000002D
:105060000100010011000000010001001200000019
:105070000300030013000000010001001400000001
:1050800001000100150000000100010016000000F1
:1050900001000100180000000200130019000000C8
:1050A000020013001A000000020013001D0000009F
:1050B000010001001E000000010001000C000000C2
:1050C00002003000726D61780000004B00079065AF
:1050D000000C1892000F6C706C646F3100000000BF
:1050E00001000000000000000000000000000000BF
:1050F00002000000000000000100000000000000AD
:105100000400000000000000030000000000000098
:105110000800000000000000000000000000000087
:105120001000000000000000070000000000000068
:1051300020000000000000005711000000000000E7
:105140004000000000000000170100000000000007
:105150008000000000000000570100000000000077
:10516000000100000000000003000000000000003B
:10517000000200000000000000000000000000002D
:105180000004000000000000030000000000000018
:1051900000080000000000000704000000000000FC
:1051A0000010000000000000570100000000000097
:1051B0000020000000000000D715000000000000E3
:1051C0000040000000000000F7BDC20E000000001B
:1051D0000080000000000000F73DC20E000000004B
:1051E00000000100000000000000000000000000BE
:1051F0000000020000000000F73DC00E00000000AB
:105200000000040000000000F73DC20E0000000096
:105210000000080000000000F73DC20E0000000082
:105220000000100000000000F73DC0060000000074
:105230000000200000000000F73DDA0E0000000032
:105240000000400000000000F73D000600000000E4
:105250000000800000000000F73D40060000000054
:10526000000000010000000000000000000000003D
:105270000000000200000000D70100000000000054
:105280000000000400000000D70D00000000000036
:105290000000000800000000F73DC006000000000C
:1052A0000000001000000000F73DCA0E00000000E2
:1052B0000000002000000000F73DCA1E00000000B2
:1052C0000000004000000000F73DFA3E0000000032
:1052D000726567256400636C646F5F70776D00634F
:1052E00068697063256400626F61726474797065C7
:1052F0000070726F64696400737764656E61626CDC
:1053000065006770646E00626F617264666C6167ED
:10531000730062746378776172666C61677300789A
:1053200074616C6672657100626F61726472657639
:10533000006465766964006D7578656E61620077FA
:105340006C30696400776C25643A2042726F616446
:10535000636F6D2042434D2573203830322E31313A
:1053600020576972656C65737320436F6E74726F3A
:105370006C6C65722025730A0074656D705F7468CB
:105380006F72745F6D6F6E69746F725F74696D6553
:105390000074785F6D696E696D756D5F64757479A1
:1053A0005F6379636C650074785F647574795F63BB
:1053B00079636C655F63636B00616762673000618E
:1053C000676267310061676267320074656D7062A1
:1053D000617365645F647574795F6379636C655F3D
:1053E000656E006161300074785F647574795F6325
:1053F00079636C655F6F66646D0000001133820035
:105400002534820000000000000000004E5652418A
:105410004D526576007361723267006161326700D8
:1054200020432543034321432443184319431A438C
:105430001143134312431443154316431B431C43A8
:105440001D43284329432A432B432C432D434143E7
:105450004043504351435243534357439DA976051C
:1054600054435F433F434F432F4334433543364315
:105470003743384339431647484727474343604338
:10548000464347434843314332433343AA43584397
:1054900059435A43A9435543564363438043814389
:1054A000824364436543664374436743A043A14317
:1054B000A243AE43AF43B043AB43AC43AD43E3433E
:1054C000E443E543E243D043D143D243BA43BB4331
:1054D000BC43B143B243B343A343A443A543B7433F
:1054E000B843B943C043C143C243D343D443D54374
:1054F000D643D743D843D943DA43DB43DF43E043C2
:10550000E143EC43ED43EE43E943EA43EB432243FB
:10551000D6A867A868A89CA9D8A89DA91343144336
:1055200086A83143A7A9DBA8D1A8DCA8A4A952AAC0
:10553000C6A902AA31AA32AA74785F74656D705F39
:105540007468726573680064657669640031316EF1
:105550005F64697361626C650061673000616B6DE7
:1055600000000000299483005DB78300059283004A
:105570000000000045338400DD3984000000000095
:10558000000000007A6263786763696770696F0082
:10559000616E74737763746C326700616E747377D5
:1055A00063746C356700776C25643A646D612564BB
:1055B0000061613267006C74656378666E73656C58
:1055C000006274635F6D6F646500626F6172646630
:1055D0006C616773006D616361646472006C746513
:1055E00063787061646E756D0076656E64696400E1
:1055F0007A626378666E73656C00627463786C655A
:105600007363616E007A6263787061646E756D00B9
:10561000637573746F6D7661723100637573746F47
:105620006D76617232006274635F706172616D7376
:105630002564006274635F666C6167730062746303
:1056400078776172666C61677300626F617264661D
:105650006C61677332006C74656378676369677047
:10566000696F00626F617264666C616773340062B7
:105670006F61726472657600646576696400737246
:105680006F6D7265760062745F64656661756C74D7
:105690005F616E74006D6F6E69746F725F74696DB7
:1056A000655F6F75740062746364796E5F646566CC
:1056B00061756C745F6274635F6D6F6465007072B6
:1056C0006F7465637465645F74696D655F6F75742D
:1056D0000062746364796E5F6D73775F726F7730A9
:1056E0000062746364796E5F6D73775F726F773198
:1056F0000062746364796E5F6D73775F726F773287
:105700000062746364796E5F64736E735F726F7747
:10571000730062746364796E5F636F65785F74773A
:105720006F5F616E74007478635F6475725F746834
:10573000726573680062746364796E5F6D73775F1E
:10574000726F77330062746364796E5F6D73775F35
:10575000726F77730062746364796E5F64666C74F1
:105760005F64736E735F6C6576656C00627463640E
:10577000796E5F6274727373695F6879737465724E
:105780000070726F745F6274727373695F746872B1
:10579000657368006374733273656C665F647572F9
:1057A0005F74687265736800616C6572745F7469B8
:1057B0006D655F6F75740062746364796E5F6869AC
:1057C00067685F64736E735F6C6576656C007266A4
:1057D000615F636F756E745F746872657368006291
:1057E000746364796E5F6D69645F64736E735F6C1C
:1057F0006576656C0062746364796E5F6C6F775F69
:1058000064736E735F6C6576656C00627463647953
:105810006E5F666C6167730062746364796E5F6467
:10582000736E735F726F77300062746364796E5F5A
:1058300064736E735F726F77310062746364796E44
:105840005F64736E735F726F773200627463647942
:105850006E5F64736E735F726F77330073636F5F35
:10586000727373695F7468726573680063636F64F1
:105870006500636300726567726576006576656EC4
:105880007471006873323000B1968600F19686001C
:1058900061848600B1848600B1968600F196860008
:1058A00061848600B1848600B1968600F1968600F8
:1058B0002D8586009986860000000000000000000B
:1058C00000000000000000002D85860099868600FB
:1058D0000000000000000000B1968600F1968600EE
:1058E000B1968600F1968600B1968600F196860004
:1058F000000000000D060F00000000000406300448
:10590000000000000206400672737369636F7272D2
:105910006E6F726D00676C616369616C74696D654F
:10592000720063616C5F706572696F64006C6470B3
:105930006300747373696C696D75636F64002573BC
:105940002E6661622E25640074656D7074687265E0
:105950007368002E6661622E0074787077726263DD
:105960006B6F6600696E746572666572656E6365FD
:1059700000676C697463685F62617365645F63721A
:10598000736D696E0032675F63676100727373697C
:10599000636F7272617474656E0070687963616CB4
:1059A0005F74656D7064656C74610074656D7073AF
:1059B0005F68797374657265736973007273736974
:1059C000636F7272706572726732670074737369A5
:1059D000666C6F6F72326700766261745F616464D7
:1059E000007061706476616C6964746573740073CF
:1059F000776469765F6770696F5F31006D637332DA
:105A000067706F300073707572636F6E66696700E0
:105A10006D63733267706F310063636B64696766CF
:105A2000696C74747970650065755F65647468721B
:105A30006573683267007265645F7278626C6F6369
:105A40006B696E67000001006C094B007601130062
:105A5000323016000300417E0006000AD9032700F9
:105A600025000000910900006C09000000000503FA
:105A70005BE708003F5812122F141F1F1F1F2051F1
:105A80002761000009603F70020071094B00760138
:105A90001300323016000300417E0006000AD903CD
:105AA0002700250000009109000071090000000096
:105AB00007030D8208003F5812122F141F1F1F1FCB
:105AC00020512761000009603F70030076094B00F8
:105AD00076011300323016000300417E0006000AF2
:105AE000D903270025000000910900007609000075
:105AF00000000903BF1C08003F5812122F141F1F7B
:105B00001F1F20512761000009603F7004007B09BE
:105B10004B0076011300323016000300417E000670
:105B2000000AD903270025000000910900007B0925
:105B3000000000000A0371B708003F5812122F142A
:105B40001F1F1F1F20512761000009603F700500C3
:105B500080094B0076011300323016000300417EAD
:105B60000006000AD9032700250000009109000063
:105B70008009000000000C03235208003F58121255
:105B80002F141F1F1F1F21512761000009603F7044
:105B9000060085094B007601130032301600030021
:105BA000417E0006000AD903270025000000910964
:105BB00000008509000000000D03D5EC08003F58E7
:105BC00012122F141F1F1F1F21512761000009608F
:105BD0003F7007008A094B0076011300323016002F
:105BE0000300417E0006000AD903270025000000BB
:105BF000910900008A09000000000F038787080050
:105C00003F5812122F141F1F1F1F21512761000020
:105C100008603F7008008F094B0076011300323096
:105C200016000300417E0006000AD9032700250064
:105C30000000910900008F090000000011033922C3
:105C400008003F5812122F141F1F1F1F21512761D8
:105C5000000008603F70090094094B0076011300B2
:105C6000323016000300417E0006000AD9032700E7
:105C700025000000910900009409000000001203B3
:105C8000EBBC08003F5812122F141F1F1F1F215179
:105C90002761000008603F600A0099094B00760107
:105CA0001300323016000300417E0006000AD903BB
:105CB000270025000000910900009909000000005C
:105CC00014039D5708003F5812122F141F1F1F1F47
:105CD00021512761000008603F600B009E094B00C6
:105CE00076011300323016000300417E0006000AE0
:105CF000D903270025000000910900009E0900003B
:105D0000000015034FF208003F5812122F141F1FF6
:105D10001F1F21512761000007603F600C00A3098D
:105D20004B0076011300323016000300417E00065E
:105D3000000AD90327002500000091090000A309EB
:105D4000000000001703018D08003F5812122F14A5
:105D50001F1F1F1F21512761000007603F600D00BA
:105D6000A8094B0076011300323016000300417E73
:105D70000006000AD9032700250000009109000051
:105D8000A809000000001903B32708003F581212A9
:105D90002F141F1F1F1F21512861000007603F6043
:105DA0000E00B4094B0076011300323016000300D8
:105DB000417E0006000AD903270025000000910952
:105DC0000000B409000000001D035E0108003F58F8
:105DD00012122F141F1F1F1F21512861000007607E
:105DE0003F606D61787032676130000001006C09BE
:105DF000340004010D0023304F000300417E0006F3
:105E0000000AD90327001A000000A20900006C094B
:105E100000000000B208277608003F5817173C1909
:105E20001F1F1F1F3B511961000009603F700200D6
:105E30007109340004010D0023304F000300417E3E
:105E40000006000AD90327001A000000A20900007A
:105E5000710900000000B708B11308003F58171778
:105E60003C191F1F1F1F3B511961000009603F7043
:105E700003007609340004010D0023304F000300B5
:105E8000417E0006000AD90327001A000000A2097B
:105E90000000760900000000BB083BB108003F5835
:105EA00017173C191F1F1F1F3C5119610000096083
:105EB0003F7004007B09340004010D0023304F00C3
:105EC0000300417E0006000AD90327001A000000E3
:105ED000A20900007B0900000000C008C44E0800B1
:105EE0003F5817173C191F1F1F1F3C511961000015
:105EF00009603F7005008009340004010D00233063
:105F00004F000300417E0006000AD90327001A0053
:105F10000000A2090000800900000000C4084EEC47
:105F200008003F5817173C191F1F1F1F3C511961CC
:105F3000000009603F7006008509340004010D006F
:105F400023304F000300417E0006000AD9032700DA
:105F50001A000000A2090000850900000000C9081D
:105F6000D88908003F5817173C191F1F1F1F3C51A5
:105F70001961000009603F7007008A0934000401BC
:105F80000D0023304F000300417E0006000AD903B4
:105F900027001A000000A20900008A090000000082
:105FA000CE08622708003F5817173C191F1F1F1FF4
:105FB0003C511961000008603F7008008F093400EF
:105FC00004010D0023304F000300417E0006000A4B
:105FD000D90327001A000000A20900008F09000061
:105FE0000000D208ECC408003F5817173C191F1FC7
:105FF0001F1F3C511961000008603F70090094099F
:10600000340004010D0023304F000300417E0006E0
:10601000000AD90327001A000000A2090000940911
:1060200000000000D708766208003F5817173C1997
:106030001F1F1F1F3C511961000008603F600A00CC
:106040009909340004010D0023304F000300417E04
:106050000006000AD90327001A000000A209000068
:10606000990900000000DC08000008003F581717DD
:106070003C191F1F1F1F3C511961000008603F6041
:106080000B009E09340004010D0023304F00030073
:10609000417E0006000AD90327001A000000A20969
:1060A00000009E0900000000E008899D08003F589C
:1060B00017173C191F1F1F1F3D5119610000076072
:1060C0003F600C00A309340004010D0023304F0091
:1060D0000300417E0006000AD90327001A000000D1
:1060E000A2090000A30900000000E508133B080016
:1060F0003F5817173C191F1F1F1F3D511961000002
:1061000007603F600D00A809340004010D00233032
:106110004F000300417E0006000AD90327001A0041
:106120000000A2090000A80900000000E9089DD8AD
:1061300008003F5817173C191F1F1F1F3D511961B9
:10614000000007603F600E00B409340004010D0038
:1061500023304F000300417E0006000AD9032700C8
:106160001A000000A2090000B40900000000F408B1
:106170004EEC08003F5817173C191F1F1F1F3D51B9
:106180001961000007603F6070726F706277323093
:106190003267706F0072636F725F61636900706D68
:1061A000696E00706170646D6F64650063616C6935
:1061B00064786573747461726765743267006361D3
:1061C0006C696478657374626173653267007061CD
:1061D000326761305F6C6F0063636B3267706F00B2
:1061E00063636B7363616C650074656D705F6D757F
:1061F0006C7400706170646570736F66667365744B
:10620000006F66646D3267706F00706163616C6906
:10621000647832670073776469765F73776374724A
:106220006C5F656E006F66646D64696766696C7447
:10623000747970656265004176566D696449516391
:10624000616C0063636B6964787063686F66667322
:106250000074656D705F6164640073776469765F74
:106260006770696F006D6373627732303267706F89
:106270000070617064656E646964780001006C0987
:106280002600C0000A001A3080000300417E00068C
:10629000000AD903270013000000B00900006C09B0
:1062A00000000000C70B000008003F5817173C19FA
:1062B0001F1F1F1F50511961000009603F7002002D
:1062C00071092600C0000A001A3080000300417ED8
:1062D0000006000AD903270013000000B0090000DF
:1062E000710900000000CD0B004008003F5817174F
:1062F0003C191F1F1F1F51511961000009603F7099
:10630000030076092600C0000A001A30800003004E
:10631000417E0006000AD903270013000000B009DF
:106320000000760900000000D30B008008003F58F1
:1063300017173C191F1F1F1F5151196100000960D9
:106340003F7004007B092600C0000A001A3080005C
:106350000300417E0006000AD90327001300000055
:10636000B00900007B0900000000D90B00C0080044
:106370003F5817173C191F1F1F1F5151196100006B
:1063800009603F70050080092600C0000A001A302D
:1063900080000300417E0006000AD9032700130095
:1063A0000000B0090000800900000000E00B0000C0
:1063B00008003F5817173C191F1F1F1F5151196123
:1063C000000009603F70060085092600C0000A0031
:1063D0001A3080000300417E0006000AD90327001E
:1063E00013000000B0090000850900000000E60B62
:1063F000004008003F5817173C191F1F1F1F51511D
:106400001961000009603F7007008A092600C0007A
:106410000A001A3080000300417E0006000AD903FA
:10642000270013000000B00900008A0900000000E6
:10643000EC0B008008003F5817173C191F1F1F1F47
:1064400051511961000008603F7008008F09260053
:10645000C0000A001A3080000300417E0006000AD6
:10646000D903270013000000B00900008F090000C5
:106470000000F20B00C008003F5817173C191F1FFF
:106480001F1F52511961000008603F7009009409F4
:106490002600C0000A001A3080000300417E00067A
:1064A000000AD903270013000000B0090000940976
:1064B00000000000F90B000008003F5817173C19B6
:1064C0001F1F1F1F52511961000008603F600A0022
:1064D00099092600C0000A001A3080000300417E9E
:1064E0000006000AD903270013000000B0090000CD
:1064F000990900000000FF0B004008003F581717E3
:106500003C191F1F1F1F52511961000008603F6096
:106510000B009E092600C0000A001A30800003000C
:10652000417E0006000AD903270013000000B009CD
:1065300000009E0900000000050C008008003F5884
:1065400017173C191F1F1F1F5251196100000760C8
:106550003F600C00A3092600C0000A001A3080002A
:106560000300417E0006000AD90327001300000043
:10657000B0090000A309000000000B0C00C00800D7
:106580003F5817173C191F1F1F1F52511961000058
:1065900007603F600D00A8092600C0000A001A30FD
:1065A00080000300417E0006000AD9032700130083
:1065B0000000B0090000A80900000000120C000053
:1065C00008003F5817173C191F1F1F1F5251196110
:1065D000000007603F600E00B4092600C0000A00FA
:1065E0001A3080000300417E0006000AD90327000C
:1065F00013000000B0090000B40900000000210CE5
:10660000000008003F5817173C191F1F1F1F535148
:106610001961000007603F606974737369636F728A
:10662000720073776469765F656E0065646F666695
:106630007468643230756C00696E69747869647866
:10664000706368006473736674680074737369744C
:10665000696D650063636B627732303267706F001B
:106660007061706474656D70007061326761305F75
:106670003270777200696E69747869647800636358
:106680006B7077726F666673657430004176566D15
:1066900069645F63300074656D705F71007662617C
:1066A000745F6D756C740063636B696E697478698F
:1066B00064780073726F6D726576006F66646D64E6
:1066C000696766696C747479706500706170647470
:1066D000656D7062696173006C636E32305F6E6FFE
:1066E00069736563616C5F74626C5F656E0065649D
:1066F0006F6E74686432306C006C65676F66646DD1
:10670000627732303267706F0070613267613000DB
:1067100074787077726F6666736574326700706D37
:10672000617800766261745F710006073F038A003A
:10673000000006073F038400000006073F038000B7
:10674000000006073F037B00000006073F037700B9
:10675000000006073F037200000006073F036E00BB
:10676000000006073F036A00000006073F036700BA
:10677000000006073F036300000006073F036100B7
:10678000000006073F035C00000006073F035A00B5
:10679000000006073F035700000006073F035400B0
:1067A000000006073F035100000006073F034F00AB
:1067B000000006073F034D00000006073F034B00A3
:1067C000000006073F034800000006073F0346009D
:1067D000000006073F034400000006073F03420095
:1067E000000006073F034000000006073F033F008C
:1067F000000006073F033D00000006073F033B0083
:10680000000006073F033A00000006073F03380078
:10681000000006073F033600000006073F0335006F
:10682000000006073F033400000006073F03320064
:10683000000006073F033100000006073F03300059
:10684000000006073E032F00000006073C032F0050
:10685000000006073B032F00000006073B032D0046
:10686000000006073A032D00000006073A032C003B
:10687000000006073A032B00000006073A03290030
:106880000000060739032900000006073803280026
:10689000000006073803270000000607380326001B
:1068A000000006073803250000000607380324000F
:1068B0000000060737032400000006073703230003
:1068C00000000607370322000000060737032100F7
:1068D00000000607350321000000060735032000ED
:1068E00000000607340320000000060734031F00E1
:1068F0000000060732031F000000060733031E00D6
:106900000000060733031D000000060731031D00C9
:106910000000060732031C000000060730031C00BD
:10692000000006072F031C00000006072D031C00B3
:10693000000006072B031C00000006072A031C00AA
:106940000000060729031C000000060728031C009E
:106950000000060728031B000000060727031B0092
:106960000000060727031A000000060726031A0086
:106970000000060724031A000000060723031A007C
:106980000000060722031A000000060721031A0070
:106990000000060721031900000006072003190064
:1069A000000006071F031900000006071E03190058
:1069B000000006071E031900000006071E03190049
:1069C000000006071E031900000006071E03190039
:1069D000000006071E031900000006071E03190029
:1069E000000006071E031900000006071E03190019
:1069F000000006071E031900000006071E03190009
:106A0000000006071E031900000006071E031900F8
:106A1000000006071E031900000006071E031900E8
:106A2000000006071E031900000006071E031900D8
:106A3000000006071E031900000006071E031900C8
:106A4000000006071E031900000006071E031900B8
:106A5000000006071E031900000006071E031900A8
:106A6000000006071E031900000006071E03190098
:106A7000000006071E031900000006071E03190088
:106A8000000006071E031900000006071E03190078
:106A9000000006071E031900000006071E03190068
:106AA000000006071E031900000006071E03190058
:106AB000000006071E031900000006071E03190048
:106AC000000006071E031900000006071E03190038
:106AD000000006071E031900000006071E03190028
:106AE000000006071E031900000006071E03190018
:106AF000000006071E031900000006071E03190008
:106B0000000006071E031900000006071E031900F7
:106B1000000006071E031900000006071E031900E7
:106B2000000006071E0319000000060F3FFF620069
:106B30000000060F3FFF5E000000060F3FFF5900F8
:106B40000000060F3FFF55000000060F3FFF5100F9
:106B50000000060F3FFF4D000000060F3FFF4A00F8
:106B60000000060F3FFF47000000060F3FFF4400F4
:106B70000000060F3FFF41000000060F3FFF3E00F0
:106B80000000060F3FFF3C000000060F3FFF3A00E9
:106B90000000060F3FFF37000000060F3FFF3500E3
:106BA0000000060F3FFF33000000060F3FFF3200DA
:106BB0000000060F3FFF30000000060F3FFF2E00D1
:106BC0000000060F3DFF2E000000060F39FF2F00CA
:106BD0000000060F3AFF2D000000060F39FF2C00C1
:106BE0000000060F37FF2C000000060F36FF2B00B9
:106BF0000000060F36FF2A000000060F35FF2900AF
:106C00000000060F35FF28000000060F33FF2800A4
:106C10000000060F31FF28000000060F30FF27009C
:106C20000000060F2FFF27000000060F2DFF270092
:106C30000000060F2EFF25000000060F2CFF250088
:106C40000000060F2BFF25000000060F29FF25007E
:106C50000000060F28FF24000000060F26FF250075
:106C60000000060F24FF26000000060F22FF26006A
:106C70000000060F21FF26000000060F21FF25005F
:106C80000000060F22FF23000000060F20FF230054
:106C90000000060F1FFF23000000060F1FFF220049
:106CA0000000060F1FFF21000000060F1CFF22003E
:106CB0000000060F1CFF21000000060F1CFF200033
:106CC0000000060F1CFF1F000000060F1CFF1E0027
:106CD0000000060F1AFF1F000000060F1AFF1E001B
:106CE0000000060F19FF1E000000060F19FF1D000F
:106CF0000000060F18FF1D000000060F18FF1C0003
:106D00000000060F16FF1D000000060F16FF1C00F6
:106D10000000060F17FF1B000000060F17FF1A00E8
:106D20000000060F17FF19000000060F16FF1900DC
:106D30000000060F15FF19000000060F14FF1900D0
:106D40000000060F16FF17000000060F15FF1700C2
:106D50000000060F17FF15000000060F16FF1500B4
:106D60000000060F15FF15000000060F14FF1500A8
:106D70000000060F15FF14000000060F14FF14009A
:106D80000000060F14FF13000000060F15FF12008D
:106D90000000060F12FF13000000060F13FF120081
:106DA0000000060F12FF12000000060F11FF120074
:106DB0000000060F10FF12000000060F0DFF140068
:106DC0000000060F0FFF12000000060F0EFF12005A
:106DD0000000060F0CFF13000000060F0DFF12004D
:106DE0000000060F0CFF12000000060F0BFF13003F
:106DF0000000060F0CFF11000000060F08FF140032
:106E00000000060F09FF13000000060F08FF130023
:106E10000000060F0AFF11000000060F08FF120015
:106E20000000060F07FF13000000060F08FF110007
:106E30000000060F07FF12000000060F07FF1100F9
:106E40000000060F05FF13000000060F08FF0F00EB
:106E50000000060F09FF0E000000060F08FF0E00DD
:106E60000000060F07FF0F000000060F04FF1100CF
:106E70000000060F05FF10000000060F03FF1200C0
:106E80000000060F04FF10000000060F01FF1400B1
:106E90000000060F02FF12000000060F01FF1300A2
:106EA0000000060F02FF11000000060F01FF120094
:106EB0000000060F02FF10000000060F01FF110086
:106EC0000000060F01FF10000000060F01FF100078
:106ED0000000060F01FF10000000060F01FF100068
:106EE0000000060F01FF10000000060F01FF100058
:106EF0000000060F01FF10000000060F01FF100048
:106F00000000060F01FF10000000060F01FF100037
:106F10000000060F01FF10000000060F01FF100027
:106F20000000060F01FF10000000726174657365B8
:106F30006C007374660063636B5F6F6E65636F7282
:106F4000655F74780074656D70735F706572696FEA
:106F500064007478636861696E007278636861695F
:106F60006E0073776469765F736E727468726573AE
:106F7000680073776469765F74785F7765696768BE
:106F8000740073776469765F736E726C696D0073F9
:106F9000776469765F73776374726C5F6D61736B2E
:106FA0000073776469765F63636B736E72636F728D
:106FB000720073776469765F73776374726C5F6174
:106FC0006E74300073776469765F73776374726C84
:106FD0005F616E74310073776469765F77656967A6
:106FE00068740073776469765F736574746C6500A8
:106FF00073776469765F656E0073776469765F7234
:10700000785F706F6C6963790073776469765F632A
:10701000656C6C5F706F6C69637900737764697617
:107020005F73776374726C5F656E00737764697603
:107030005F7468726573680073776469765F677000
:10704000696F5F310073776469765F63636B6E6F3E
:107050006973656573746C696D0073776469765FD5
:107060006C6F67326176670073776469765F67700B
:10707000696F0073776469765F74785F706F6C69AD
:1070800063790073776469765F74696D656F757491
:1070900000616E746469765F7273736964696666B1
:1070A00074687265736800776F776C5F6770696F7B
:1070B00000776F776C5F6770696F706F6C000000AE
:1070C00073B54369164600222F2B04460D460192E4
:1070D00008DD332B06D013460121E2F3D9F18305F5
:1070E0009B0D07E0002120460A46E2F331F2064BF1
:1070F00003401B0C1B022046336001A92A4600F006
:1071000005F801987CBD00BF0000FF03F8B50446F8
:107110000E461546E5F380F540F6120100220746BB
:107120002046E6F31BF32046E5F37EF5204639467C
:10713000E6F322F3024B33604FF4C8632B60F8BDD3
:107140004C6403000B46C06F11461A46FFF7B8BFE8
:1071500010B501210446C06FE2F35CF2E06FE6F384
:1071600037F3002010BD37B50024694601AA054653
:1071700000940194FFF7E6FF9DE8060003462846C9
:1071800024F052DC20463EBD38B50446C06FE2F321
:10719000D3F148B12046FFF7E6FF054638B920464F
:1071A000FFF7D6FF284638BD4FF0FF3038BD00202E
:1071B00038BD2DE9FF4107464FF4B6700E4615461F
:1071C0009846E0F36BF40446002832D000214FF4D7
:1071D000B672DBF34DF40A9B3846009304F180034A
:1071E000019304F18403029331462A464346F2F7A1
:1071F000F1FBE067C0B10123637440F61201002285
:10720000E6F3ACF20C210022C4F88800E06FE5F34D
:10721000F7F42046F5F722FF2046FFF7B5FFE06FB1
:10722000F2F780F9002500E00B252046E0F348F452
:1072300000E01E25284604B0BDE8F081CDAB00007B
:1072400001BC600300104E03BFDE02F00E5C028042
:10725000C12700000403BFDE02F0105903A85E023C
:10726000F0001203A65E02F0001202825E530000DC
:107270001202855EAF000012020200BF00000F0381
:10728000A85E02F000120282DEBB0000120282DE63
:10729000B300001202845EB700001202845EB300E5
:1072A0000012028600C7000012028480C300001290
:1072B00001BC63FF1FF04000008000000000035B82
:1072C0005E02F0001401BC601300104300015E0276
:1072D000F0000000025E02F0182C020200BF000065
:1072E000B402045EFF00001B006B446556801B0166
:1072F000846002F7F7BF01BC6003000AA600025ECB
:1073000002F012370202DEFF000020006B446555D8
:1073100020200182E002F7F7BF03BFDE02F006C3C0
:107320000201AC7B00002500E844656177A101BC47
:10733000607F0817A2006D5E86F4402500A82C7BB4
:10734000010B1E00682B4F00002A0280DEFF0000A8
:10735000B4006B44655A60B40184E006F577AB0075
:10736000025E02F0159B020480C700002C0281809F
:10737000C700002E01806002F7F7BF01BC60030068
:107380000ADA00902BE300D7A200E02BDEF457A32B
:10739000006D446AF4603200B02BD7000AF0018718
:1073A0006002F7F7BF00682BBF00003A00E94465B0
:1073B0005DF7A300E8C4695E77A20068DE8B000079
:1073C0003A006DDE8D5E003A0286ABD300003A01D2
:1073D000876006F7F7BF0207DEFF00003F00E844C2
:1073E000655A37A2006D5E895A003F0187E002F7B7
:1073F000F7BF01BC6003000AD100682C6F00004594
:1074000001BC61F70017A100E844656377A2006D35
:107410005E8AF4204501BC6003000B1B00A82C7B96
:10742000002B1E00682AE700005100E8446557372A
:10743000A1006DDE8556404C00682B2300005100F2
:10744000E844655917A1006DDE8556404E03BFDE46
:1074500002F0005101BC6003000ABA01BC600300E5
:107460000AB901BC6003000AC801BC6003000AC07D
:1074700000A82C7B004B1E0202DEB3000054020069
:10748000420300005400025E02F00D2F0203C57398
:1074900000005702845EB30000B40068AAEF000049
:1074A000B40284DEB7000059020180C700007900F1
:1074B000B02AAB0017A202802BD300006000B02BD3
:1074C000030017A1006DDE855BE0AB00685E8700FE
:1074D000006000682BE700006000B02BE70017A2F7
:1074E00000682AEB00006600E844655757A1018553
:1074F0006006F5D7AE006DDE86F440AB00E05E8539
:1075000054F7A1006DDE86F440AB01856002F5D72B
:10751000AE0202DEBB00007900682A9B0000790001
:10752000E8446555D7A100E02A9B0157A2006EDE12
:1075300086F440720182E002F5D7AE0181600163FA
:10754000CB1E01BC6003000AEA01BC6003000AA66E
:1075500001BC6003000AE503BFDE02F00079006EA3
:10756000AA9AF4207800E82A9AF437A100902A9B7E
:107570000037A2006E2A9EF4407700B02A9F0017C1
:10758000A20069DE86F4407903BFDE02F000AB02A0
:1075900084DEB700009E028881AB00009C02045E7E
:1075A000B70000B4020480C700008500682AF70015
:1075B000208500682AF700808500682ADF000084A3
:1075C00000682AF702E0820068AAF708608400E8F1
:1075D00044655637A1006D5E8556E0B402005EFF3B
:1075E00000009C028080BF00009C00682B230000EC
:1075F0008B02802BD300008B00B02B2B0017BB001D
:107600006E2B02F760B403BFDE02F0009C0205DEC1
:10761000B700008E00682AF70860B403BFDE02F0EE
:10762000009C028400C7000090028600C700009200
:1076300000682AEB00009C02812C2700009C00E8D7
:1076400044655637A10206ABD300009600E845C951
:107650005AF7A203BFDE02F0009700E845895AF707
:10766000A20286ABD300009A00E85E86F457A10020
:1076700069DE8557009C006CC4655660B402855E67
:10768000B70000B400025E02F015BE03BFDE02F0D8
:1076900000B40285ABD30000A50206ABD30000A363
:1076A00001BC63FF1FF7A1006845C6F4209C03BF1F
:1076B000DE02F000A501BC63FF1FF7A1006845864C
:1076C000F4209C0203C5730000AB02855EB7000086
:1076D000AB020100C70000B4006B44655680B400E3
:1076E00020E3FE1460B40282DEBB0000B402022C70
:1076F000270000AE0282DEBB0000AE03BFDE02F058
:10770000009C028881AB0000B40282DEB30000B4AA
:10771000028080BF0000B40284DEAF0000B40282A9
:107720005EBB0000B400025E02F015EE0180600254
:107730000D906C03595E02F000B603D85E02F000B3
:10774000B703D8DE02F000B801BC61830011290044
:10775000B0007B00112B01BC630300112303125EF8
:1077600002F00CB003975E02F00D4303D05E02F00E
:10777000039403D0DE02F0063D03D5DE02F00C6276
:1077800003915E02F006980396DE02F00C5D02881B
:10779000C17300012303C45E02F0081003C75E0238
:1077A000F0083403DCDE02F0163503AA5E02F008AE
:1077B000A40386DE02F00CA10287C037000CA103EF
:1077C000835E02F00A50020680C70000D00202B0B9
:1077D000E70000D0006C30EE2320D00182E001876A
:1077E0002C3901BC607F1FF7A201E05E8A10708314
:1077F0000391DE02F00720020680C700010702069F
:1078000001AB0000E3020030E70000E30068DE4B5C
:107810000620E3020042030000E302844523000047
:10782000E30280B0E70000E3006E45170020E301AB
:10783000BC600300108000A8412300F04803D0DEA4
:1078400002F000DC03D05E02F000DD03D5DE02F0C2
:1078500000DE00E001DF0020770180E005872C39A1
:1078600001BC6003000C3A00025E02F0180700023F
:107870005E02F0181B020E01AB0000F002844523EB
:107880000000F0020130E70000F000E001E300201A
:107890007801816001872C390180E001872C390152
:1078A0000C81430017A60068DE9B0060ED01BC6000
:1078B00003004C3A03BFDE02F000EF0068DE9B00DD
:1078C00040EF01BC6003002C3A00025E02F0180792
:1078D000020681AB000107020230E70000FB0280D4
:1078E00042030000FB028445230000FB03915E027B
:1078F000F0069800E001EB00207A0180E005872C7B
:107900003901826001872C3901BC6003000C3A0008
:10791000025E02F0180700025E02F0181B0201B0BE
:10792000E70000FE006C30F22320FE0181E00187B9
:107930002C39020330E7000107006C30F6232107E1
:1079400001836001872C39020042030001070068AF
:107950005E4B04410500685E4B00410503BFDE023B
:10796000F001070182600609104801BC60030011A4
:107970004503C2DE02F00D0A00025E02F012360379
:10798000D4DE02F007B903A3DE02F0000203C85EF2
:1079900002F005FB0204DEB30001100201452300E2
:1079A00001100184E002F597AC00025E02F0063798
:1079B0000201C5230001120187E002F577AB000246
:1079C0005E02F00EAF00025E02F0117702182E2761
:1079D00000011600025E02F0118A03A25E02F001AD
:1079E0002003565E02F0011D01866006091048035F
:1079F0001F5E02F0011D006A5E2300011C00B00042
:107A00002700178800E85E2300378803A65E02F08F
:107A1000018E00025E02F011F80028600E08E1B449
:107A200003C4DE02F00D7A0020C2030021BC03BFB4
:107A3000DE02F0020D03815E02F001250300DE028A
:107A4000F000C30188E0020B905C03BFDE02F0038C
:107A50009102874063000127018EE00EF430180286
:107A60008740630001290002DE02F0000002874027
:107A70006300012B00B05E8B001019018EE00AF448
:107A800030180002DE02F0000001BC606300107BD1
:107A900001BC601B00107A01AC607EF47075028737
:107AA00041D70001320002DE02F0000001BC606339
:107AB00000107B01BC601B00107A01AC60BEF4704A
:107AC00075028741D70001370002DE02F000000195
:107AD000BC606300107B00B05E8B00107A01AC606C
:107AE0007EF43075028741D700013C0002DE02F0CF
:107AF000000001BC606300107B00B05E8B00107A58
:107B000001AC60BEF43075028741D700014100022C
:107B1000DE02F0000001BC60030280060280DE0786
:107B200000014D01DA6002F0178002085E070001D3
:107B30006101BC60031E17A100E05E02F430650124
:107B4000BC60031C17A100E05E02F4306401BC605D
:107B50000300281103BFDE02F0016701105E03007D
:107B600017A101035E030017A200E05E86F457A18F
:107B700000885E870037A200E05E86F457A100E02F
:107B8000015AF43063028600C300015800B0560B5E
:107B900000106200B0540300106201BC60030028B2
:107BA0001103BFDE02F0016900B0418F00106201D5
:107BB00009DE030017A10068DE8700415C00E05E7B
:107BC000870037A100885E870057A100E05E85042A
:107BD000B7A100E05E8703C00601BC600300481146
:107BE00003BFDE02F0016901BC60070217A100E0DB
:107BF0005E02F4306501BC60070017A100E05E0280
:107C0000F4306401BC600318000601BC6003000886
:107C10001100B05A0300106200B058030010630056
:107C200002DE02F0000001BC600306379201BC6373
:107C3000FF1FF0C301BC60031890E301BC60FB1C94
:107C400010E501BC600300501000B0404300180074
:107C500000B040470010E70002DE02F0000000E83C
:107C600040330097A100B0400B0017A3006D5E8663
:107C7000F4617700905E8F0037A303BFDE02F0014E
:107C80007800905E870037A301BC601B0437A10019
:107C9000E05E8EF437A301F041970017A1006DDE7E
:107CA00086F4618C0287C19700018001385A030075
:107CB00017A1013C5A030017A203BFDE02F00182A4
:107CC000013C5A030017A101385A070017A20068A7
:107CD0005E86F4818700D85E8B0037A200E1419672
:107CE000F4506500E1C19700306503BFDE02F0018A
:107CF0007A00D85E8B0037A200E14196F457A100CC
:107D0000E1DE870037A101F05E870017A1006EDE7B
:107D100086F4618D01BC63FF1FF7A40002DE02F050
:107D20000000020681AB00019001826001872C39BE
:107D30000020E38E090002031EDE02F00196039F7D
:107D40005E02F0019601BC60430117A100A8412228
:107D5000F4304803BFDE02F000020208411F0001B8
:107D60009301816005610B0800025E02F00D2F0097
:107D7000B000AB00108600B0016300108A00025E04
:107D800002F0107301BC600304179200B0003B00C6
:107D9000111D0190600609104803A1DE02F001AE3A
:107DA0000181E00609104801BC600300904201BC5B
:107DB000600300112D039EDE02F001B10184600218
:107DC000F2979400B0451700178F00B05E170017A8
:107DD000900200441F0001AA0185600209104801B9
:107DE00081600700104701F0DE0F0037A102040098
:107DF000BF0001AD01F084C70037A100A044B6F474
:107E00003145039EDE02F001B101BC613712B08042
:107E100003BFDE02F0000200A044B42A314501BCD9
:107E2000612712708003BFDE02F000020020E082B2
:107E3000090002010CDE530017A101885E870010C3
:107E40004701BC60030050420108411F0017A10117
:107E50008CDE86F2979403BFDE02F000020002DEA1
:107E600002F000000020E07E09000200025E02F045
:107E700012020283C21F000002020280F30001C648
:107E800000B044670017A1017C5E862357A30283DC
:107E90005EFF0001C500E000FAF468290183600676
:107EA000F7F7BF006BDE8D0521CA0206D003000183
:107EB000CE00E950862337A100E8D08A2357A200DC
:107EC00069DE8B0001CE00025E02F00D2F01916091
:107ED0001684F42700E020A700882903BFDE02F003
:107EE000036E00025E02F00371020400BF0001D6BF
:107EF00003945E02F000020020C28F06000200A080
:107F0000428F01F78000685E002DC00200025E0211
:107F1000F00D2F03BFDE02F000120201C28F00003D
:107F200002011400630017A100685E870060020070
:107F3000025E02F00D2F0194600F00001800025E37
:107F400002F001DD03BFDE02F00012011400630045
:107F500017A100B05E870010A501BC60131B9060E4
:107F600000685E870001E400E0418306D06000E81D
:107F70005E870037A103BFDE02F001E0028050C33C
:107F80000001F2018760040310A000B0006300103C
:107F9000B400B042D3001800008841830030B6011D
:107FA000BC60030B10B500B0006300B0B40317DE73
:107FB00002F001EB0397DE02F001EC01806006861F
:107FC00014300068D0D30001F20068D0D70001F26D
:107FD00000B0446700143400B0446B001435000254
:107FE000DE02F000000020E01280420C01876004F5
:107FF0000310A000B000630010B401BC60030E10B9
:10800000B500B0006300F0B401BC60570310B600C7
:10801000B000630010B401BC600302D0B502075089
:108020000B00020901BC600303D0B5018E6002F2AF
:1080300097940204500B0002020204D00B000202CB
:1080400001866006F2979400E042D700D0B500A008
:10805000500B1117A10068DE871102080186E006A7
:10806000F2979400E042D70050B50207D00B00020F
:108070000800E042D70090B500B042D70011E100FF
:10808000B0006300B0B40317DE02F0020A0397DE0B
:1080900002F0020B0002DE02F00000006820C300C4
:1080A0000210006CC46506001201BC6003000830B9
:1080B000006820BB00021600B044670017A2006CE5
:1080C000446988A215006B446988A012006EDE899D
:1080D00005E01201BC600300082E0020E0BE09008C
:1080E00002020681AB00021A0281B0E70000020220
:1080F00080B0E700000203905E02F0001203A25E6F
:1081000002F0022C00025E02F01163020200BF00C6
:10811000022B0284DEAF00022302045EB700022BB2
:1081200000025E02F0156902045EB700022B03BF75
:10813000DE02F0000202045EB7000226020480C7DD
:1081400000022B02805EFF00022B00025E02F0158F
:108150000D0206ABD300022A02052C2300022A03DB
:10816000BFDE02F0022B03BFDE02F0000200025E5F
:1081700002F012020200421F000243006842F300B4
:10818000022F006D42F3006243011400630017A147
:1081900000B05E870017A203A25E02F0023703144C
:1081A0005E02F00245006EC456806245028145239E
:1081B000000245006E5E8700624301BC60030077E9
:1081C000A200886006F457A300885E8B01001800A7
:1081D000E85E8B0037A20020C28EF4623D006ADEAA
:1081E00086F4423703BFDE02F00243020400BF0000
:1081F000026F00900063010165008085970217A15E
:1082000000E064820DA16600025E02F011DF03BF90
:10821000DE02F0026F0182600209104803BFDE0235
:10822000F0000201BC600300111500B0017F0017CF
:10823000A6031F5E02F00254020300C300024A00BC
:1082400020C28F02024E03255E02F002540020C2BB
:108250008F02024E00688153FFE01203BFDE02F07E
:1082600002500194601300001803BFDE02F0026F99
:10827000039EDE02F002530068DE980BC253020137
:10828000411F000F250185600209104800685E98B3
:108290000BC25800695E9F0062720298428F000212
:1082A0005803BFDE02F002720201411F000F2502D7
:1082B0000400BF00025F0218428F000F2500025E1B
:1082C00002F011C100025E02F011DF019405870087
:1082D000001803BFDE02F0026F0200150B000268F7
:1082E000020016BB00026B00B014970017A10068D3
:1082F000DE84B2226800B0149B0017A10068DE84FF
:10830000B2426800B0149F0017A10068DE84B26218
:1083100068029E14E700026B0201C28F00026D0129
:1083200094600F00001803BFDE02F0026F0201C26A
:108330008F00026D018060060D906C0200C28F00FC
:108340000F250194600700001800025E02F001DDB5
:10835000020400BF0002A103BFDE02F002A101BCC3
:1083600060031810600129500B00179200B0017BC8
:10837000001065006800EB00027A00885A130117AC
:10838000A100E84466F437A1006EDE8407427A0358
:10839000BFDE02F007B2019060120910480194603C
:1083A0001F00001801085A0F00178101885E06811E
:1083B000540A01345A0F00178000025E02F0014394
:1083C00000B0017B00106500B056230017A100E04B
:1083D0005E86A097A100E85E8400F40300E85E8456
:1083E00000F41600B05A0300141300B05A0700142A
:1083F0001400B05A0B0014150068DE07004292000A
:10840000E800970057A101BC5E86F0141B017C5E5A
:108410008700F41C00B0204700178100025E02F0C4
:10842000108400B0017B00106501085A0F0017810D
:1084300000B05E8700141E03BFDE02F0029500B09C
:10844000561700141B00B0561B00141C00B0541328
:1084500000141E00B05013001086006D00A70082AB
:108460009B0190016300108A00B0418F00106200F0
:10847000025E02F0160200B0422B00140601BC603E
:10848000031817A1006DC18C20029E01BC6003027D
:1084900097A100E05E840377A100E05E86B0111D25
:1084A00003BFDE02F00337020300C70002B1020C73
:1084B000D0030002B1011400630017A1028500631C
:1084C0000002B10080DE8701F7A201BC601B1857D3
:1084D000A200E05E8A0DB06500B041970014320042
:1084E00080DE8700B7A201BC601B15D7A200E05E4A
:1084F0008A0DB06400B041930014330068D81300B3
:1085000002BF02005A1B0002B30180600684F427F8
:1085100003BFDE02F006C30201D0030002B300B0C5
:10852000509B00142F0281D0C700036B00025E0233
:10853000F00371010BD0030017A1013C502B001771
:10854000A2018C5E86F457A1014801430017A201E5
:108550000C81430017A300685E8F0022BC018CE0F1
:10856000000A17A200685E86F442BF01916012847F
:10857000F42703BFDE02F0036E00025E02F001F397
:1085800000B0501300108600B0501700108A03A2EC
:108590005E02F0030B020CD0030002DE020300C7F0
:1085A0000002DD00B050CB00106500025E02F01644
:1085B00098020350C70002CB01BC60230097A100C2
:1085C000A85002F4340003BFDE02F002E20204818C
:1085D000AB0002CD006D4246C0801200B05A1300BD
:1085E000178000025E02F0014D00B0540F00141E0F
:1085F00000B05A070017A100B05A13001780018776
:108600005A16F0178000B0418F00106500025E021C
:10861000F0160B00E05E86A0740302875E03000282
:10862000DC0109DE030017A300E05E8B0077A200E7
:10863000E05E8AF477A200885E8B0037A100E05EDE
:1086400086F4508903BFDE02F002E2006D424A84E4
:108650008012010650070017A1028CD0030002E12E
:1086600000685E870002E20182DE86863431018284
:1086700060028634310020D0030402E800B0504F7D
:108680000011F200B050530011F300B05057001128
:10869000F401BC60030091F0020601AB0003040288
:1086A000015003000304020601AB00030403A25EB1
:1086B00002F00304028030E70003040180600587B4
:1086C0002C3900E001E700207901BC60430890E606
:1086D00000025E02F0016A01BC60031910E401BCF3
:1086E000600300000601BC600301D78201D2DE08EE
:1086F00077F0E000B00F030010E100B00047001079
:108700008600B00F1F00108A01BC60030037810093
:10871000025E02F0107000B0059B00106400E85883
:108720001A28F14500B0058B001064006A4516C098
:1087300082FF00025E02F01095006E4517004301B3
:1087400001BC600300514501BC60030010BB01BCCB
:10875000610303B08003BFDE02F0001203945E02E7
:10876000F0030B020650030003070287DEAF00038D
:108770000B028150030005DC0202D0C700030A028D
:1087800008502B00030B0285D0030005F301906015
:1087900012863431011050070017A60068DE9B00D6
:1087A0004317013A500700178000885E0300778066
:1087B00000E000AEF0106400B05E0700081301BCDA
:1087C000602306D78100E0418301706300E0418FA0
:1087D00000B06500025E02F010AB00B0204F001741
:1087E0008103A25E02F0032300B0500F00111602B5
:1087F00002D0C700031B00B0505B0011160282D0EC
:1088000003000323028147C300031C0280504F0072
:108810000321002047C73F83230020C7DB00C36D2F
:1088200003BFDE02F0032303A55E02F003230280F0
:10883000C7DF00036D028850C700033F0129500BBA
:10884000001792020300C7000330020CD00300039C
:1088500030028350C700033000B050CB00106501D8
:10886000385A1300178001825A17005781010E5A97
:10887000130017A1018E5E86F037810202D0C70077
:10888000033F00B0501B00108A03BFDE02F0033F1D
:108890000282D0C700033701385027001780010833
:1088A0005013001781010250130017A101825E8648
:1088B000F0378100B0507F00108903BFDE02F00363
:1088C0003F0138506F0017800108502B00178101BD
:1088D00006D0070017A101825E86F0378100B050F4
:1088E0001B00108A00B05083001089010E507300E5
:1088F00017A1018E5E86F0378100025E02F001430F
:1089000000025E02F010700102421B00178101821A
:108910005E0502378100025E02F01084020680C705
:1089200000034B010C81430017A60068DE9B006327
:108930004900885E870057A103BFDE02F0034B00A9
:1089400068DE9B00434B00885E870037A100E05E35
:10895000840117A101D9DE8700108301BC613703B0
:10896000B79100685E4B02837F020400BF00035290
:108970000287500300035203945E02F00353032264
:108980005E02F00360020681AB00035E00685E4B8E
:1089900004435700685E4B00435703BFDE02F003F9
:1089A0005E00E001EF00207B01BC60030291450105
:1089B000836005872C3900E044670A0C3D018C6018
:1089C0000E1770BB01BC610302308003BFDE02F0F2
:1089D000000201BC610300308003BFDE02F0000230
:1089E00001BC613303B79102850063000366009008
:1089F00000630097A100E06482F43065006E5A13B2
:108A00000023660188E006F23791020601AB0003FD
:108A10006A0068DE4B05A36A01BC61030030800375
:108A2000BFDE02F0000203BFDE02F0037F019160AF
:108A30000E84F42703BFDE02F0036E01916006840A
:108A4000F42701BC60030010B40181E006863431D4
:108A500003BFDE02F006C3011C508F0017A1008087
:108A6000DE870197A200E0015E0DB06502805A7FAB
:108A700000037E02815A7F00037A0203DA7F00033B
:108A80007E00685A8700037E00886006F437A100E4
:108A9000201CBAF4237E00025E02F00D2F019160CB
:108AA0001E84F42700015E02F0000003BFDE02F026
:108AB000036E0002DE02F0000003C4DE02F00D7A55
:108AC000020650030003870207DEAF00038701BCE4
:108AD00061030037910207500300038501BC620364
:108AE00000F79100E0010B00204203BFDE02F0031B
:108AF0008801BC600300204200B05E470010800285
:108B00000400BF00039000B0058B001064006E45A8
:108B1000170000020068DE4B02838F00A044B42AD5
:108B2000314503BFDE02F0000200025E02F0109544
:108B30000068C51700000203D05E02F00394000233
:108B40005E02F0109503BFDE02F00002020601ABE8
:108B50000003970068DE4B05A39701806001872C16
:108B600039020E01AB00039A0200B0E700039A013C
:108B7000816005872C3900E10DB228E36C00E08D9F
:108B8000B700036D01836002F7F7BF01BC6003000B
:108B9000900400A8412330104801BC620F0011E08E
:108BA00001816002F5D7AE020200BF0003B8006881
:108BB000DE4B0203A400025E02F017BA0068DE4B2F
:108BC0000623B802045EB30003B80206ABD3000369
:108BD000A90204C5AF0003B803BFDE02F003AA0276
:108BE00000456F0003B800E844655637A100E82A45
:108BF00096F437A100695E870823B80206ABD3005C
:108C000003B2006BAC422323B100E04467014B1078
:108C10000183E0022B915C03BFDE02F003B8018305
:108C2000E0022B915C01BC600318517800B045E371
:108C3000001800018360022F317900A84138F9D76C
:108C4000A100B05E84FE704E0187E002F577AB00B4
:108C500068810B0023BB00B044670000430182E041
:108C60000609104800A841B310906C0182600628E4
:108C700091440188E0020B905C00025E02F0123623
:108C80000185E002F7F7BF0288421B0003C301859C
:108C9000E006F7F7BF035B5E02F003C501BC60139B
:108CA00000104301BC600300108501BC600300108C
:108CB000B8008850770090B90208502B0003CC010F
:108CC0003850730017A1017C506EF437A100885E04
:108CD000870090B9020047A30003D001BC600300E5
:108CE00011EA009042E70091EB00B047A300D1E801
:108CF000020047B30003D201B0E08E3D91EC01D2F7
:108D0000E00210908403A95E02F004FD01BC600340
:108D100000108400E001C300207000B04467000C24
:108D20000D00B0446B000C0E0320DE02F0044B007B
:108D3000685E4B18A3E30068DE4B0783EC01BC635D
:108D4000FF1F708401BC600300F0850138136300CD
:108D500010B500E042D700D0B501BC60030010A6FA
:108D600001BC602314D0B400E013570024D503BF26
:108D7000DE02F004930184E006F597AC01BC60FFCD
:108D80001FF08400025E02F0042801BC60030010A2
:108D9000B401BC60030010A601BC600302D0B501A1
:108DA000BC602304D0B400E0135B0024D603BFDE14
:108DB00002F0049301816006F5B7AD0068DE4B0454
:108DC000A3FF0203DEBB0003F100E02E0B001065E1
:108DD00003BFDE02F003F201BC602301106500A0B6
:108DE0005E7FFE10EC00B05A030010ED00B05A0791
:108DF0000010EE00B05A0B0010EF00B05A0F001038
:108E0000F001BC63FF1EF08401BC600300308501EB
:108E1000BC60030010B401BC600301D0A601BC60BB
:108E2000030450B501BC602304D0B400E002AF00DD
:108E300020AB03BFDE02F0049301BC61FF1FF0848E
:108E400001BC60030010850068DE4B05240701BCEF
:108E500060030010B401BC600B0B50A601BC6003A2
:108E600002D0B501BC602304D0B403BFDE02F0041D
:108E7000130068DE4B02441E00B03067001084020D
:108E800085C38F00040B00E05E2700378901DA5E9E
:108E9000270010EE01BC63FF1FF0CE01BC60030091
:108EA00010B40080E02183180000E069820DB0A6B4
:108EB00001BC600303D0B501BC602304D0B400E062
:108EC00001D3002074018460070011E00282DEB348
:108ED0000005BC02045EB30005BC0181E006F5D7C5
:108EE000AE0183E00609104800B0412300180001DC
:108EF000BC600306B78E0188204610D78100025E51
:108F000002F0108400885E8700708303BFDE02F0E9
:108F100005BC01BC60031FF0840103DE530017A2EF
:108F200000680ECF00042300B00ECF0017A20090FF
:108F30001CBAF457A202005EFF00042501BC6003C6
:108F40000037A200682B4F00042701BC60030037E4
:108F5000A201865E8A1C70E3006AC393000431009C
:108F6000E8439000D0E40202421B00042F0090006E
:108F70001B0037A10020421B00442E00B0209700A8
:108F800017A100E04392F430E40069C39300043178
:108F900001BC60030010E400682B4F00043300E0C4
:108FA00043915B30E401BC60030010B401BC60037A
:108FB0000010A601BC60030210B501BC602304D000
:108FC000B400685E4B06A44900E001CB00207202A9
:108FD0000681AB0004930280B0E70004930203B063
:108FE000E700049301BC600704F7A60288421B0057
:108FF000044101BC600F0017A60282421B0004411D
:1090000001BC60170017A6010C81430017A500687A
:10901000DE9700644400885E9B0037A600E044664B
:10902000F4CC3C0181E005872C3901826005872C56
:10903000390183E001872C3903BFDE02F00493007D
:10904000E001CF00207303BFDE02F0049303205E33
:1090500002F0049A0181E00209104800E001D70003
:109060002075031EDE02F0047A01BC60030017A223
:10907000006A5E230004530102428F0017A201859B
:109080005E8A0910480180E0061030810284DE53B8
:1090900000045A00B000770017A100E05E84043796
:1090A000A100885E870057A100E05E870D57A103ED
:1090B000BFDE02F0045B01BC60030D57A100680035
:1090C0002700047A00E05E8401F7A101BC60230060
:1090D0009065008841970030B601BC60030010B471
:1090E00000905E870050A601BC60030110B501BC72
:1090F000602300B0B40317DE02F004630397DE02BE
:10910000F004640020DE8700446D0020DE87002428
:109110006A01B85E22D0168001805E8AD036810353
:10912000BFDE02F0047301BC5E22D0168001845EB3
:109130008AD0368103BFDE02F004730020DE870090
:10914000247101B85E22D0368101805E8AD05682B9
:1091500003BFDE02F0047301BC5E22D036810184BD
:109160005E8AD0568201886002F430A800B05A03AB
:109170000010B000B05A070010B1028042A30004F2
:109180007600E042A30090A800B05A0B0010B00097
:10919000B05A0F0010B10187600610908400E05EA5
:1091A0002700378901DA5E270010EE01BC6003005A
:1091B00010B401BC60030350A600B000330010B52A
:1091C0000284DE5300048400E0606803B0A600E07F
:1091D00042980430A600B000370010B501BC6023EF
:1091E00004D0B401846006F29794018660020910ED
:1091F00048039EDE02F0048E0280441F00049100AA
:10920000B05E3F00114501BC600300178F00B05EE7
:109210004300178500B05E0F00179003BFDE02F019
:10922000049100B05E0F0017850280441F00049176
:1092300000A044B6F0B14501BC60030110420183B7
:109240006006F29794018460070011E003A05E02BB
:10925000F005BA02065EAF0005BC0186E006F577B0
:10926000AB01BC600300108000025E02F00D37030A
:10927000BFDE02F0072003A15E02F0052701140003
:10928000630017A10068DE8700E49F018160060982
:10929000104803BFDE02F00527028500630004A129
:1092A0000183E0060D906C01816006F5D7AE011CCC
:1092B000508F0003BD0206508F0004A900B0446720
:1092C0000010F300B0446B0010F401BC63FF1FF00A
:1092D000D301BC63FF1FF0D400B042170310850018
:1092E00020600E8624D0018760040310A000B00027
:1092F000630010B401BC60030B10B500B000630044
:10930000F0B4020300C70004BB020CD0030004BB8E
:10931000028050C70004B300B054130017A100E04E
:109320005E8680741A00B0506B0010E400B04213E7
:109330000210840209502B0004BB00B0421300301D
:109340008401D2E03AA030E0028050C70004C1019D
:10935000D2E052A030E003BFDE02F004C10202D02E
:10936000C70004C100B0505F0010E000B0506300BF
:1093700010E100B050670010E200B0506B0010E444
:1093800000B0421302F084020050C70004CB018AEF
:10939000E00E10908401BC60FB1C10E501BC600372
:1093A0000890E600B000630010B401BC6003021036
:1093B000B500B0006304D0B4018460070011E0017F
:1093C000BC600300178E03BFDE02F005C700E0019A
:1093D000C700207100B000630010B401BC6003023C
:1093E000D0B500B0006304D0B403BFDE02F0055472
:1093F00003225E02F004D200E002A70020A90103CC
:1094000050030017A100B85E870037A101875E8670
:10941000101080020400BF0004E0032BDE02F00401
:10942000E0020000F30004DA00E8002300514201EA
:10943000BC600A28514203945E02F004E000B005CB
:109440008B00106400E058230036080068580300C1
:1094500004E000B0446700111200B0580300111579
:10946000020CD003000526020300C70004F300B07D
:1094700050CB00106501BC600300168500E05A3334
:1094800000368C020350C70004E800E05A2700367B
:109490008903BFDE02F0052701BC60030017B2009C
:1094A000B05A0B000B8301385A130017A101BC5AA4
:1094B00006F430E0013C5A130017A1017C5A06F46F
:1094C00030E10181E0061090840185E0070010E39F
:1094D0000185E0070010C30282D0C70004F803BF73
:1094E000DE02F004FB0202D0C70004FD00B02A3304
:1094F0000017A101B8506EF430E000B050730017AF
:10950000A101B82A36F430E1028242130004FB00C4
:10951000B0507B0010E400B042130210840185E0DB
:10952000061C30E100B04213007084018760040320
:1095300010A0020300C700051300B050CB00106557
:10954000006D5ECAD1C5030185E0021870C300E05A
:109550005ECB00368E01BC601B1FD06500E04196DB
:10956000F6506500B050970016800068DECB00050D
:109570000B01BC60230150B800E001F300207C0027
:10958000682E0F00251103BFDE02F0051E00B05E3D
:10959000CB0010B500B000630870B4028342D30062
:1095A000050D01BC60030170B80068AE0F00251EF8
:1095B00001BC60030170B802BC506700051D03BF09
:1095C000DE02F0051C010CD0030017A103A95E0206
:1095D000F0051901BC60230150B800E001F3002040
:1095E0007C00685E8700651C03BFDE02F0051E017B
:1095F000BC60030170B800685E8700451E01BC6056
:10960000030170B80181E0021710B801BC600300CB
:10961000F0A501BC60030E10B500E001F700207D4D
:1096200000B000630010B400B0006300F0B400B0FC
:1096300042D3001800018860080310B4018160065D
:109640000D906C03BFDE02F005540202D0C7000586
:109650002D00B0506F0010E000B050730010E1001A
:10966000B050770010E20282421300052C00B05087
:109670007B0010E400B0421302F08400E05E9F0023
:1096800037A703A15E02F0053601BC60030017A7EF
:10969000018760040310A000B000630010B401BC97
:1096A00060030E10B500B0006300F0B401886008DC
:1096B0000310B403BFDE02F0054900B0017B0010C7
:1096C0006500B05A030010E500B05A070010E6002C
:1096D000B05A0B0010E70068A04B00053C00E05EAC
:1096E000270037890068204B0005400185E007000E
:1096F00010E30185E0070010C300B042130110849D
:1097000001DA5E270010EE0187600610908400B039
:1097100042131C108401BC60030010B400E06068B8
:1097200003B0A600B000970010B501BC602304D0C0
:10973000B4018460070011E003BFDE02F005A90157
:10974000085E4B0017A100685E8700255402025096
:1097500003000553029E509F0005500201D00300F4
:10976000055000E05E2700378901585E2700142D60
:1097700001DA50B70010EE0187600610908403BF35
:10978000DE02F0055401BC600300142D0104C10782
:109790000017A100680EF700055900B00EF700177A
:1097A000A100901CBAF437A103BFDE02F0055B03F1
:1097B000225E02F0055B0103DE530017A100B05EDC
:1097C000870017A202005EFF00055E01BC60030077
:1097D00037A200682B4F00056001BC60030037A270
:1097E00002885E4B00056300685E4B06856301BC22
:1097F00060030017A200688EF70005650183DE860E
:10980000F297940183DE8684F4270281C213000557
:109810006B01865E8B0010E3018660070010C301B8
:1098200081E00610908403BFDE02F0056D01865EC4
:109830008A1C70E3018660061870C302B847A7004F
:1098400005A502A047B70005A703A95E02F00575AC
:1098500001085E4B0017A100685E870025A6021E66
:10986000509F0005750185E0061C70E30185E00648
:109870001870C3011400630017A10068DE8700851B
:109880007E00B001530017A20068DE8BFFE57A006E
:1098900068424700257B0068DE8A84C57E018560BA
:1098A000020910480186E0021C70E30186E00618F8
:1098B00070C3011050070017A600685E9B0005A644
:1098C00001BC60030011E4013A50070017800088D2
:1098D0005E0300778000E000AEF010640068DE9B5D
:1098E00000458B0207D00300058901BC602B11F7EE
:1098F000A200E05E000B37A300025E02F010D6016A
:10990000BC602306906401BC60470017A200025EA1
:1099100002F010FE00685E9B0045A701A46046F4BB
:1099200071E00068DE9B00C59901BC611300B7A11E
:10993000020600F300059201BC601300B7A101927A
:10994000C21AF437A203295E02F0059701BC600336
:109950000011EE009042E70091EF0192E00EF43723
:10996000A200B05E8B0011EC03BFDE02F005A70081
:10997000685E9B00659E00685E9B00A59E00B050DF
:109980002F0011E200B050330011E203BFDE02F0FD
:1099900005A7018760023D11E80068DE9B00A5A1D4
:1099A000018760063D11E801BC60030011EA0090E8
:1099B00042E70091EB0192C21B00B7A201B85E8A98
:1099C0003D11E803BFDE02F005A701846007001126
:1099D000E001BC600300112D00B0448300142C038F
:1099E000A3DE02F005BD01BC600300178E00685EB7
:1099F0004B05A5AD020050030005B70183E0060941
:109A0000104800B0412300180001BC600306378EE7
:109A100000685E4B05A5BC00E002A30020A801BCC5
:109A2000600304B78E03A95E02F005BC00685E4BBC
:109A30000425BC01BC600306B78E03BFDE02F0053F
:109A4000BC01816006F577AB00B05E0F00178500A2
:109A5000025E02F0109501BC600300178C01BC602F
:109A60000300178D0323DE02F005C7020680C7003E
:109A700005C6010C81430017A10068DE870065C69A
:109A80000108421B0017A10068DE870005C601BC63
:109A9000607F1FF7A101E05E861070830182E00500
:109AA000872C3900E04467258C3B0187E006107065
:109AB00083006D00A70085D903295E02F005D90255
:109AC0000300C70005D600B050CB0010650282D05D
:109AD000C70005CE00E05A2300368803BFDE02F03F
:109AE00005CF00E05A2700368900682E0F0025D6E2
:109AF00000E05ECB0037B2010A5ECB0017A100E0A8
:109B000050CAF4306500D06006F657A200205A1AF9
:109B1000F445D603BFDE02F005D000025E02F0126B
:109B2000360350DE02F005D603BFDE02F0063D022A
:109B3000055EAF0005DB0187E00626713303BFDE5B
:109B400002F000020190600A8634310282D0C70020
:109B500005E5013C50270017800109502B001781B3
:109B6000010750070017A101825E86F0378100B01F
:109B7000501F00108A00B0500F00111603BFDE0204
:109B8000F005EB0138505F001780010A502B0017D9
:109B9000810107D0070017A101825E86F03781009E
:109BA000B0502300108A00B0505B00111602030071
:109BB000C70005F0020CD0030005F002085E0700A4
:109BC00005F0013854070017800190422AA1308A1D
:109BD000028050C70005F901BC600305B79203BFBE
:109BE000DE02F0031B01906006863431020300C7D9
:109BF0000005DD020CD0030005DD00B0001F0017DA
:109C0000A100E05E8680741A03BFDE02F005DD016C
:109C1000BC600306379203BFDE02F0031B00E013B3
:109C20005F0024D70204DEB300000200B0130B0073
:109C30001065011998870017A101095A130017A28E
:109C400001895E86D0968400B013070017A3006DCB
:109C5000DE8498260400B05E870017A301885E8E1C
:109C6000D096840068DE8AF4210E01BC63FF1FF0E9
:109C7000D000B05A130010F001BC60030017A5011A
:109C8000825E961E10F001BC63FF1FF0CF01BC6026
:109C90001B00F0EF01BC63FF1FF0D100B044670070
:109CA00010F101BC63FF1FF0D200B0446B0010F252
:109CB00001BC60030404D801BC63FF1FF0C301BCF6
:109CC00060031C10E301BC63FF1FF0C400B052131B
:109CD0000010E401BC63FF1FF0C500B0522F00105C
:109CE000E501BC63FF1FF0C600B052330010E6016F
:109CF000BC63FF1FF0C700B052370010E701BC6320
:109D0000FF1FF0C800B052170010E801BC63FF1F2E
:109D1000F0C900B0521B0010E901BC63FF1FF0CA7C
:109D200000B0521F0010EA01BC63FF1FF0CB00B06F
:109D300013470010EB01BC63FF1FF0CC00B0134BC6
:109D40000010EC01BC63FF1FF0CD00B0134F0010FA
:109D5000ED00B0136700106201BC60030028110021
:109D6000025E02F0107400025E02F00D2F01BC6072
:109D70002B1877A100025E02F00127016040670006
:109D800011C000E040649B17A100E05E870097A12E
:109D900001BC63FF1FF0C001BC600301550101D28B
:109DA000DE86A030E000905E870177A101BC6003F1
:109DB0000797920190600A09104803BFDE02F00382
:109DC0005301BC60070011C101BC602B1817A10131
:109DD000BC60030017A200025E02F0012B01BC6010
:109DE000030011C10002DE02F000000201C2E30024
:109DF0000665020300C700064200682E0F002652C7
:109E0000006E4246F6465203BFDE02F00644006E84
:109E10004247002652020300C700064F0355DE02E8
:109E2000F006440180600286143001385083001728
:109E3000A100B050CB001065006DDA32F42C620046
:109E4000A841231410480114006300106500E0418C
:109E5000970ED06500E05A0300368001BC621F00F7
:109E600011E003BFDE02F000120181E0068634310A
:109E70000191600E84F42703BFDE02F00665013C09
:109E800050670017A101AC5E861750BA01BC600391
:109E90000190B8020300C700065F0068AE0F0026FD
:109EA0005A0181E0021710B80350DE02F006580391
:109EB000BFDE02F0066500E82E0F002B8300B05EC7
:109EC000CB0010B500B000630870B4028342D30029
:109ED000065D03BFDE02F006600186E0040310A009
:109EE00000025E02F001E603D5DE02F00C6203D64A
:109EF000DE02F00C7A0350DE02F0066103BFDE02E0
:109F0000F003C301BC600300F0A50182E002091068
:109F10004801BC621F0011E001BC60030011EC01AC
:109F2000BC600F0011E80285500B00066C018260D6
:109F30000209104803A0DE02F0067003D5DE02F02D
:109F40000C6203D6DE02F00C7A03205E02F0067685
:109F50000188600209104801BC60030008310068F4
:109F60005E4B18A0020068DE4B07867500025E0299
:109F7000F0063703BFDE02F0001201BC60030037B9
:109F8000A100025E02F00E9603A3DE02F0001202B0
:109F90000050C700068201BC60030010800182608F
:109FA000060910480180600286343100688EF7008F
:109FB00006800104C1070017A10183DE86F2979491
:109FC00000E001CB00207203BFDE02F0020D00B002
:109FD000010B0017A1006DDE840806C300E844648D
:109FE0000877A1006E5E840826C30187E006F57736
:109FF000AB020200BF000697028881AB0006970201
:10A000008400C70006970129500B0017A10068DEE5
:10A01000870206970282DEBB0006970203C5730023
:10A0200006960283DEB30006960286ABD300069244
:10A030000282DEBB00069200682AE7000697006DE8
:10A04000DE2F01E6970182E006F7F7BF01BC613B16
:10A050000417A100E04466F42AA903BFDE02F00061
:10A060001203BFDE02F006C301BC60030011490207
:10A07000825EAF0006B201826006F577AB00B044A5
:10A080006700081C020400BF0006A30068451F000B
:10A0900006A30185E002F577AB032BDE02F006A1F3
:10A0A0000185E006F577AB00B0058B001064000277
:10A0B0005E02F0119700B0014B0017A20208421B8C
:10A0C0000006A600B0016B0017A200685E8B0006B8
:10A0D000AE0090452B0097A10080DE86F457A100CA
:10A0E0006E20BA0DA6AE00B041B700082E00E120E8
:10A0F000BA23282F00E0DE86234C4500B041B6F499
:10A10000282E02055EAF0006B001BC6103001133CA
:10A1100000E10D8229436000E08D8700036100E8C3
:10A1200044650397A5006D5E970100C1020200BF60
:10A130000006C00068DE4B06A6B70184E002F7F710
:10A14000BF0068DE4B0406BA0282DEB30006BA0125
:10A15000BC6003000B0A02045EB30006BD0068DEAB
:10A160004B0626BD00025E02F0158F00025E02F073
:10A17000123703A3DE02F006C00183E002F597ACBC
:10A1800000025E02F017C001826002F577AB03D1D6
:10A190005E02F00002020050C30007190325DE0230
:10A1A000F006C70183600684F42703BFDE02F006D1
:10A1B000F9020CD0030006F7020300C70006E6010F
:10A1C0001400630017A1006DDE870086F701BC60F4
:10A1D0000300178000B050CB00106500B050CF00D6
:10A1E0001064018160060D906C0182600686343136
:10A1F00000B05A230017A101BC600300168801BCFF
:10A200005A2AF437A101BC600300168A00B05E87A9
:10A2100000148F00B05A270017A101BC600300167C
:10A220008901BC5A2EF437A101BC600300168B00D3
:10A23000B05E8700149000B05A1B00148D00B05A15
:10A240001F00148E01BC60030016040068DE0300CA
:10A2500006E3020350C70006E20100509F0017808A
:10A2600001805E0291B48D01BC5E0292149001BC2B
:10A27000600300378000025E02F016E400B05E0367
:10A2800000148C03BFDE02F006F20068C24700062D
:10A29000EB0181E0068634310191600E84F42701E0
:10A2A000BC600300143003BFDE02F0000200B050B7
:10A2B0009F0017A100025E02F001E500B05E87007A
:10A2C00014270186E0040310A000B04283001800A8
:10A2D000010CD0030017A10068DE870066E60102CA
:10A2E00050C70017A101805E8684F427018AE00E22
:10A2F00084F42700B050BF00142603BFDE02F0062E
:10A30000F90186E0040310A00200509F0006F90244
:10A3100086C10700071403295E02F006FE00B05252
:10A320003300142D00B052370017A1019E5E8684C1
:10A33000F42700B0509F0017A10180DE86F437A1FA
:10A34000020580C300070500B0303B00108F00B04D
:10A35000303700108E00B050D700108D00B050D3B1
:10A3600000308C00B050BB00108F00B050B7001010
:10A370008E00B0509B00108D01806006F4308C027E
:10A380000250C700071100B0524300108F00B052B6
:10A390003F00108E00B0523B00108D011A52370062
:10A3A00017A10198DE870437A101B85E8691B08CB1
:10A3B00001826002863431018160020D906C01BC23
:10A3C000600300143401BC60030014350325DE0271
:10A3D000F00717019C600284F42703BFDE02F00738
:10A3E0001B0285500B00071900A850C70D1431013E
:10A3F000BC600300143001816002F5D7AE018360B8
:10A400000284F4270185E00209104801BC600300C2
:10A41000142E03A25E02F0020D03BFDE02F0001252
:10A420000323DE02F0079103A35E02F0079103A26B
:10A43000DE02F0079101816006F577AB03AA5E02A8
:10A44000F007910183E0020910480351DE02F00792
:10A450002C020680C70007290182E001872C390001
:10A46000E0026B00209A0180E006F577AB03BFDEC7
:10A4700002F007310301DE02F0072F00685E4F068D
:10A48000272F01BC60030017A803A45E02F0073168
:10A4900003C1DE02F0079402045EB300073A0184B0
:10A4A0006002F597AC0183E00209104800B02B3F31
:10A4B0000017A1006D2AEEF4200200E0027B0020CC
:10A4C0009E01BC6003000ABB00025E02F01592030D
:10A4D000BFDE02F000020203DEB300074A0183E0A0
:10A4E00002F597AC00E020CF00283302015EBB00EC
:10A4F000074A00B02A830017A1006D20CEF427453B
:10A5000001BC600300083300E0027F00209F03A924
:10A510005E02F007480191601A84F42703BFDE024F
:10A52000F0036E01BC63FF1FF7A100025E02F00E94
:10A530009603295E02F0074A0191601A84F427030A
:10A54000BFDE02F0074A0184600209104800E10DF5
:10A55000C229437000E08DC7000371020400BF00F0
:10A56000075101BC6003001115011400630017A11D
:10A5700000E06602F4306500025E02F0109A01828B
:10A58000600209104800685E3B18A7550068DE3B72
:10A5900007075603BFDE02F0000203295E02F00740
:10A5A000590201500300075900685E3B04A760018F
:10A5B000F0DE1700378500A05E16F0978500685E14
:10A5C0003B0627600201500300075F028780BF003F
:10A5D000075F0185E0060910480280D0030007707C
:10A5E00000B05E1B0017A300B0008B0017A402048C
:10A5F00000BF000766006E419730676601185A0376
:10A600000017A3011A5A030017A40068C183180792
:10A610006900E002930020A403BFDE02F0076B0094
:10A620006D5E2EF4876B0182E00686343100E05EB9
:10A630003300378C0068DE32F4676E00B05E0F00C6
:10A640001785006DDE2EF4677C03BFDE02F0078CF9
:10A6500000B05E1F0017A300B0008F0017A4020413
:10A6600000BF000776006E4197306776011C5A03E1
:10A670000017A3011E5A030017A4006D5E2EF48775
:10A68000780182E00686343100E05E3700378D00C5
:10A6900068DE36F4677B00B05E0F001785006D5EE4
:10A6A0002EF4678C0185E00209104803D1DE02F028
:10A6B000077E03295E02F00780020300C7000781BE
:10A6C00000B05E0F00178500025E02F01095006872
:10A6D00041831807B2020300C7000788020CD003A9
:10A6E000000788028350C70007880068DE4B05A773
:10A6F0008803BFDE02F016640181E0068634310073
:10A7000068DE3B06278B00E0029F0020A703BFDE28
:10A7100002F006C300025E02F0109501816002099A
:10A72000104803295E02F00791028300C7001664F7
:10A7300003BFDE02F006C303D1DE02F0079203A5D9
:10A74000DE02F006C303BFDE02F0001200E10DBA24
:10A7500029436E00E08DBF00036F0206500300071F
:10A760009C00B001030017A1006D810AF4279C0032
:10A77000E844640877A1006E5E8408279C0187E0A6
:10A7800006F577AB01085E4B0017A100685E4B052C
:10A79000279F00685E870027A000B05E0F00178526
:10A7A00000025E02F0109500685E3B0627A601BC21
:10A7B000600300178C0200D0030007AB01BC6003EC
:10A7C00000178D03BFDE02F007AB01BC600300176A
:10A7D0008C020300C700020D020CD00300020D0121
:10A7E0009C600284F42703BFDE02F0020D00684182
:10A7F000831807B10180600684F42703295E02F004
:10A8000006C301826006863431028300C7001664E5
:10A8100003BFDE02F006C300E002970020A501811D
:10A82000600209104801BC600300081200E0017BCF
:10A8300000A05E01BC60131417A1006D017AF42022
:10A840001201BC60130C805E03BFDE02F000120038
:10A85000025E02F00D2F0338DE02F00012039EDECE
:10A8600002F0001200E8444C00F7A100E85E840109
:10A8700017A1006ADE840107C200E85E8401118727
:10A8800001BC600300118801A5E02230118001BCE9
:10A89000600300111301BC600300111400B0446791
:10A8A0000017A100B0446B0017A200B05E87001132
:10A8B0000400B05E8B00110503B8DE02F007C4038C
:10A8C000BFDE02F0001201BC600304B79201BC605D
:10A8D000030417A101BC63FF1FF0CE00B0521700A4
:10A8E00010E800B0521B0010E900B0521F0010EA3F
:10A8F00001BC60030010E4028600C30007E200B060
:10A90000540F0017A20069DE8A9087D500E8521222
:10A91000F450E40068A0470007E201BC60030010A7
:10A92000E400B054270010E000B0542F0010E10301
:10A93000BFDE02F007EB01BC60030297A101BC601F
:10A94000031890E801BC60030010E901BC6003003B
:10A9500010EA03BFDE02F007E203A4DE02F00A50B1
:10A9600003A9DE02F00A5001BC600301D7A1020670
:10A9700000C30007E40280DE5F0007E900B054076F
:10A980000010E0006820470007E701D2DE86A03013
:10A99000E000B0540B0010E103BFDE02F007EB0152
:10A9A000BC5E869010E001BC601F0010E101BC603D
:10A9B000030010E200B052230010E500B05227005F
:10A9C00010E600B0522B0010E700025E02F0107497
:10A9D00003A9DE02F00AB100685E4F04280701BC3B
:10A9E00063FF1FF0C300685E4F16A7F900685E4F53
:10A9F00005A7FC01BC60031A90E301BC600306B725
:10AA00009200685E4F05280703BFDE02F0080101CF
:10AA1000BC600318B79201BC60030E90E303BFDE75
:10AA200002F007FE01BC600306379201BC60031808
:10AA300090E3028E01AB00080102984407000BB5B9
:10AA400002804607000BB500B020470017810002C6
:10AA50005E02F0108400E85E8400D7A1006A5E8682
:10AA600090880700E85212F430E403BFDE02F008D9
:10AA70000A01BC60030010E40338DE02F0080A019A
:10AA800087E0061C90E40190600A09104801BC614F
:10AA90000304379100685E4F16AC4000685E4F05B6
:10AAA000ABB503835E02F00A5003BFDE02F0000282
:10AAB0000204416300081D01876002F577AB01BC09
:10AAC000600300114901BC6003010B8900E10DB274
:10AAD00028E36C00E08DB700036D018460020B1069
:10AAE0005802055EAF0008190187E006267133029F
:10AAF0000400BF00081C0185E002F577AB00025E90
:10AB000002F0119703BFDE02F0000203A35E02F021
:10AB1000081F00025E02F017C00285C52300000274
:10AB2000018460060B10580200DEFF00082501803A
:10AB3000E002F7F7BF00682B4F00082500E04465EE
:10AB40005A4AD302055EAF00082701BC6103001119
:10AB500033020580BF00082D01BC60131157A1000E
:10AB6000025E02F001270196600E03301900B0402A
:10AB7000670017A200025E02F0012B0203C037003B
:10AB8000082F03BFDE02F0001202875EAF0008311B
:10AB900000E0021F0020870182600628914401BC6A
:10ABA0006003010B8903BFDE02F00012020601AB55
:10ABB00000083601806001872C39020681AB00084D
:10ABC000380183E001872C390183E0020F107802FD
:10ABD0008140130000020200420300083D0184602E
:10ABE00002F597AC01BC6003000ABB01BC60030026
:10ABF000108003A3DE02F0084001906002091048B3
:10AC000000B0446700179E00B0446B00179D00B071
:10AC1000446F00179C00B0447300179B0068DE7AF5
:10AC200023284000E002230020880115403B001744
:10AC300097006D80A700884B00A05E5F00379700EB
:10AC40006880A700084B01BC600300379700B00183
:10AC5000430017A1010C81430017A300685E8F0019
:10AC6000284F018CE0000A17A101C9DE840527FFE7
:10AC700001BC60031077950191E0020D906C028693
:10AC8000403700085500E002BB0020AE03BFDE02E3
:10AC9000F00CA401BC600300148001BC600300142C
:10ACA0008101B8600A04902401BC600304082401F7
:10ACB000BC600300482301BC600300D02A01B360DC
:10ACC0000700100401BC600300080801BC60030019
:10ACD000080901BC600300080A01BC600300080BFE
:10ACE0000183E002F5D7AE00E044671F4C1F0287E6
:10ACF000C037000C9E00025E02F01236028640371A
:10AD000000086703C35E02F0087903BFDE02F00C9F
:10AD10009F0068C033004877006B446583E8770084
:10AD2000B041270017A100B0412701D04900B05E13
:10AD3000870017A100B05E870017A100B05E8700F2
:10AD400017A100B05E870017A100B05E870017A1B1
:10AD500000B05E870017A100B05E870017A100B0A9
:10AD60005E870017A100B05E870017A100B05E8764
:10AD70000017A100B05E8700104903BFDE02F00D8E
:10AD80001303435E02F00862028640370008850024
:10AD9000685E5F000C9F00685E5F004C9F0152D2AE
:10ADA000030017A10185D206F437A203BFDE02F02B
:10ADB0000880013C52030017A101BC5206F437A2DF
:10ADC0000323DE02F008830068DE8B01CC9F03BF03
:10ADD000DE02F0088500685E8B0288850068DE8BE5
:10ADE000038C9F006D403300CCA400685E5F004878
:10ADF0009800685E5F002895006800A700C88A0078
:10AE00006880A700A88B00E0446690283001BC62EF
:10AE1000C30017A10280520300088E01965203005E
:10AE200017A10080DE8690379A0203520300089330
:10AE300000E05E6A90379A0207D20300089300E8A8
:10AE40005E6B00379A029E5E6B000CA403BFDE02AD
:10AE5000F0089C0152D2030017A10185D206F437F5
:10AE60009A03BFDE02F0089C013C52030017A101C7
:10AE7000BC5206F4379A006E5E680BACA400685EA4
:10AE80006B000D130204C03B0008AE0181E0060D0B
:10AE9000906C0207C0AF0008A4020740370008A268
:10AEA00000E0027300209C03BFDE02F00CA400024D
:10AEB0005E02F0123603BFDE02F0089E00B02023CF
:10AEC000000C1100B02027000C1200B0202B000C49
:10AED0001300B0202F000C1400B05E7F000C150290
:10AEE00087C0AF000C9E0282403B000C9E01584080
:10AEF000AF00179A01BC603F1E17A1006DDE6AF417
:10AF00002C9E035B5E02F008B001BC60130010438E
:10AF100001BC60FF1E17A1006E5E6AF42C9E00B09B
:10AF2000412328104801806002F297940184E002D6
:10AF3000091048015840AF00102A006840AB002CAF
:10AF40009E01BB5E5600900402035E570008C102DA
:10AF50000047A30008BE01BC621E3C11E001BC60BA
:10AF6000030011EA00B05E6B0011EB0198601E3D1A
:10AF700011E8020047B30008C100B05E6B0011EF9A
:10AF800001B0E0CE3D91EC03835E02F008C4000204
:10AF90005E02F01236006D403304C8C103AADE021F
:10AFA000F008E001BC63FF1FE3B301BC601F10D0D9
:10AFB0006401BC600300B7A101BC63FF1FE79300FD
:10AFC000E04186F4306501BC63FF1FF60000E05EDF
:10AFD000870077A100025E02F00F1F0200C0770019
:10AFE00008D6012940770017A2006D5E8B04C8D4F3
:10AFF00000E85E8B04D60001BC601F05F06300E032
:10B00000418EC01063010C56030003B30068DE8755
:10B010000168D600B05E8B000793006DDE8701C823
:10B02000D900E0419300306403BFDE02F008C90399
:10B03000B05E02F008DF018360020D906C00681EB4
:10B040001BFFE8E001BC601F05F06500E04194F0E3
:10B05000D06502005A030008E0018360060D906C81
:10B060000020402F08A8E201BC60030003B301BC2C
:10B0700060030007FC0188E00F0007FD006D40330E
:10B08000020A4A0129520F0017930109520F0017B3
:10B09000AA0068DE4F03A8EA012952230017930192
:10B0A000A95E4F00379301966002F2979400E04149
:10B0B0008701F06501BC600F0017A10028DE8690B3
:10B0C00068F101866006F2979400E0419700706590
:10B0D00000E0209300C82401065E530017A200A0E0
:10B0E0005E4F0477A10068DE870448FF0186E00612
:10B0F000F2979400B85E8B0037A200B05A03001795
:10B10000A0020ADA030008F901876006F2979402A8
:10B1100084C03B0008FF0203DA030008FF03AB5EB4
:10B1200002F008FD020441070008FF01806004FFEF
:10B13000A7FD01065E530017A20182DE8A0090047B
:10B1400003AADE02F0094503AB5E02F00917018491
:10B1500060020D906C01BC63FF1FF79900B01E23C5
:10B160000017A20068DEAB00290900A05E4FFF7740
:10B17000A10068DE8707291503BFDE02F0090B0274
:10B1800084520F0009150204D20F00090E03B15EAC
:10B1900002F0091400B01E1F0017A203BFDE02F068
:10B1A000090F03B35E02F0091402005217000915DB
:10B1B00000685E8BFFE91500E0015EF45065020156
:10B1C0005A4700091500B01E4F0017990184600608
:10B1D0000D906C0200521700094303315E02F00922
:10B1E00043020200BF0009430180E001610B080235
:10B1F00000521700091E0068DE4F04091D00B02A26
:10B20000D70017A2006DDE895509310202AB2F006D
:10B21000093E02832B2F00092000685E5F00092B86
:10B2200001BC60030017A3013852030017A3028377
:10B23000AB2F0009270068DE5F00292701085E8F19
:10B240000017A300695E8F00693E03BFDE02F009AC
:10B250002B006DDE5F00492903BFDE02F0093E02CC
:10B26000842B2F00093E0068DE8F00093E00682A0B
:10B270009B00093E00B02B930017A2006DAA9AF420
:10B28000493E00685EAB00493100685E4F06893177
:10B2900003BFDE02F0093A00B02B9B0017A200B0FA
:10B2A0002A9B0017A10283AC2700093600682C876F
:10B2B000000937006D5E8564293700B02C7F0017C8
:10B2C000A2006D5E895CA93900B02C4B000B110106
:10B2D00084E006F7F7BF0068DE4F02893E00025E99
:10B2E00002F017BA0206DEFF00093E00E02BC7009D
:10B2F0002AF10068DE5F0009410068DEAB004941C9
:10B300000180E005610B0800682B4F0009430180B4
:10B31000E006F7F7BF01BC63FF1FF7A5032B5E0232
:10B32000F0094600B01E4F0017A50207520F000992
:10B33000C2028047A30009BF028047B30009BF00D3
:10B34000E0209300882400E8208F00882301BC605F
:10B35000030011E401BC600303D1E102065E530067
:10B36000094F01BC60030491E10206DE530009535A
:10B3700000E047870051E10207D20F00095300E0C7
:10B3800047870091E1006D403302CA4A00685E4F72
:10B390000589560068DEAB0049C203AB5E02F009C6
:10B3A00059020052170009C2020580F300095E002D
:10B3B000685E97FFE95B00E05E970097A50068DE96
:10B3C00097FFE95E028052170009C2020700BF0022
:10B3D00009C201BC601B0437A2009047870030659A
:10B3E00000E04196F4506500E0478701081A0383A6
:10B3F0005E02F0096500025E02F01236006D403117
:10B40000034962006D4031034A4A01BC600B1D577D
:10B41000A10068DE97FFE975010F5A070017A50321
:10B420001EDE02F0097502005217000975032C5E3A
:10B4300002F009C200685E67FFE97500E05E670020
:10B44000979900E05E66F43064012A58030017996A
:10B450000100DE970017A500E05E66F4B79900E0F2
:10B460005E67003799011558030017A603BFDE0277
:10B47000F0098500E05E96F43064012A5803001755
:10B4800099020580F30009840182E002F3379902F2
:10B490000052170009840116D8030017A6010F5A9D
:10B4A000070017A4010CD8030017A10068DE92F46E
:10B4B000298000E05E6702179903BFDE02F0098968
:10B4C000010DD8030017A10068DE92F429C200E044
:10B4D0005E6704179903BFDE02F009890110580363
:10B4E0000017A60068DE9B00C9890181DA030017F6
:10B4F000A100B85E86C017A10281DE870009C200E4
:10B50000885E6700778000E000AEF0106401AADE7C
:10B5100064FF87FC0068DE9B0049A3020781870067
:10B520000996006DDE030C09960285520F000996FC
:10B530000298523B0009960181E004FFA7FD00E05C
:10B540005E000B37A300E05E8F0097A300E0418709
:10B550000077A200025E02F010D600E8208F0108FA
:10B560002301BC602306D78100885E970077A10085
:10B57000E85E86F4B06301BC60070E17A100E041ED
:10B580008EF4306300B056170017A100B0561B00B0
:10B5900017A20068DE86D049C20068DE8AD069C280
:10B5A00000025E02F010AB01BC602306906401BC97
:10B5B000624F0017A200025E02F010FE00E0478713
:10B5C0000217A103835E02F009A7006EC032F429BE
:10B5D000A5006EC032F42C9E00685E9B0049BF013E
:10B5E000BC621EF471E00068DE9B00C9B201BC6160
:10B5F0001300B7A1020600F30009AE01BC601300FE
:10B60000B7A101BC60030011EE00B05E6B0011EF4A
:10B610000192E00EF431EC03BFDE02F009BF0068D6
:10B620005E9B0069B40068DE9B00A9BF01986006BC
:10B630003D11E800E0209300882400E8208F008876
:10B640002301BC60030011EA0068DE5F0049BA0014
:10B65000B05E6B0011EB0192DE5E3D11E801876088
:10B66000023D11E80068DE9B00A9BE018760063D2F
:10B6700011E8019860163D11E80181E004FF87FCA4
:10B6800001AADE64FF87FC03BFDE02F009C701BC2C
:10B69000620F0011E001BC60030011E40181E000D1
:10B6A000FFA7FD01BC600F0011E801BC60030011A1
:10B6B000EC02001FF70009CE00E0208EF3482300C3
:10B6C000B0209300102500E8208E04A823006AA073
:10B6D0008F01C9CE01B860060490240182E006F211
:10B6E00097940188600A00900401BC600318779564
:10B6F00003A0DE02F009DB00685E4F06A9E0013816
:10B70000520300178000B05E5F0017810204DEB7AD
:10B710000009DA00685E070009D901BC60030177FF
:10B720008001BC600300378103BFDE02F009DA014B
:10B73000BC600301578000025E02F001430068DE36
:10B74000AB0049E000A05E4F0477A100685E87006F
:10B750004C2D00685E87044C2D03BFDE02F00E35D1
:10B760000180600186EC37006EB083002A1C0068FF
:10B77000DE4F040A1C03335E02F00A1C01806001E4
:10B7800084AC2500E030B3002C2C0392DE02F00ADA
:10B790001C00E03093002C2400B030830017A1007F
:10B7A0006D3092F429EB03BFDE02F00A1A018060CB
:10B7B0000584AC2501BC60270897A100025E02F059
:10B7C00001270187E006032C2A00B00143000C2B5F
:10B7D00003835E02F00A18006DC03305C9FB00E860
:10B7E00060BA0197A60080DE9B0117A500685E5F26
:10B7F0000009F60080DE9B0057A500B041B7000CA1
:10B80000360080B0DB0C8C3600B041B7000C36003F
:10B81000B030DB0010400000800000000001BC6080
:10B820001B06D06501BC600300B7A400025E02F0F5
:10B83000017200685E9300AA0303835E02F00A1897
:10B84000006DC031842A1801BC6003064C3603BF6A
:10B85000DE02F009F70207C197000A0601385A070D
:10B860000017BB03BFDE02F00A07013C5A030017B2
:10B87000BB01BC601B0437A600E84196F4D7A300C7
:10B88000885E8F0037A300E05E8EF777A500E05E4C
:10B89000970057A503835E02F00A18006DC031843B
:10B8A0002A18006DC032F4AA1800E85E960197A627
:10B8B0000080DE9B0117A400685E5F000A13008011
:10B8C000DE9B0057A400B041B70017A40080DE93B0
:10B8D0000C97A400B041B7001040000080000000A9
:10B8E0000003BFDE02F00A0C0386DE02F00CA103A7
:10B8F000BFDE02F00D8B0180600184AC2501BC60CD
:10B9000003000C240386DE02F00CA10287C037007E
:10B910000C9E00025E02F0123603035E02F00A1C67
:10B9200003A9DE02F00A2600025E02F012360207C8
:10B930004037000A210386DE02F00CA10287C037DF
:10B94000000C9E00025E02F00EA3006E4030020A60
:10B95000500301DE02F00A500068DEAB000A370334
:10B960002B5E02F00A2C00E0022B00208A03BFDECF
:10B9700002F00A3002805217000A2F00E002430052
:10B98000209003BFDE02F00A3000E002570020954D
:10B9900000685E4F040D8500685E4F028D8500686B
:10B9A0005E4F020BC100685E4F050E2500685E4FBA
:10B9B000060E2500685E4F068E2F03BFDE02F00ED6
:10B9C000350068DEAB002A49032B5E02F00A3B001B
:10B9D000E0022F00208B03BFDE02F00A3F028052FC
:10B9E00017000A3E00E0024700209103BFDE02F08C
:10B9F0000A3F00E0025B00209600685E4F06AB8EB7
:10BA000000685E4F042E4D00685E4F04AE4D006826
:10BA10005E4F05AC3200685E4F062B8E00685E4FAD
:10BA2000052E2300A05E4FFF77A100685E87072EDA
:10BA30004000685E4F16AC3D03BFDE02F00BB5035D
:10BA4000BFDE02F00BB900E0020F00208301BC60F2
:10BA5000030011EC01BC600F0011E80284C03B0040
:10BA600009C20184E00609104803BFDE02F009C2E2
:10BA70000200C09300000203A35E02F00A5403C355
:10BA80005E02F00A5303BFDE02F00D1100025E02F7
:10BA9000F012360207C0AF000A5702074037000A0B
:10BAA000540107C0AF0017A100B85E870037A1019D
:10BAB000825E860D906C00B0447F0007FE018360BB
:10BAC000020910480287C037000C9E0386DE02F090
:10BAD0000CA100025E02F0123603435E02F00A5C23
:10BAE0000287C037000C9E0301DE02F00A7B0330A0
:10BAF0005E02F00A7B01BC601F15506500E04194B6
:10BB0000F530650138402B001680012D406B001781
:10BB1000A200885E8B0137A202884027000A6A01D2
:10BB2000846006D0168000B05A02F456800205C028
:10BB300027000A6D0187E006D0168001BC601B0D4E
:10BB4000D7A100025E02F0012700B0406700168115
:10BB500001BC601B0DF7A100025E02F0012700B0DE
:10BB6000406700168200B05A0B0017A100E85A0681
:10BB7000F437A200E15E8AF457A100E0DE86F457B4
:10BB8000A100985E8700B7A100E01EA70067A9008A
:10BB9000691EA7018A7B01BC60030007A902801F00
:10BBA000F7000A7D006E4030020B890381DE02F04F
:10BBB0000A8A00E002170020850329DE02F00A81CC
:10BBC00002902E27000A8201BC6003002B8903A982
:10BBD000DE02F00A860184E0060910480180E002D6
:10BBE0000910480184E002F7F7BF0386DE02F00C7B
:10BBF000A101806004FF87FC01806006F297940336
:10BC0000BFDE02F00B370068DE4F040A8D03335E9F
:10BC100002F00A8D01BC6003000C2401836002F76E
:10BC2000F7BF0329DE02F00A910288AE27000AA3BB
:10BC300001BC6003000B8903AB5E02F00A9E006842
:10BC40005EAB002AA200685EAB000A9C010C520F9A
:10BC50000017A100685E87002A9800685E87004A86
:10BC60009A03BFDE02F00AA203B0DE02F00A9E03CE
:10BC7000BFDE02F00AA003B15E02F00A9E03BFDE3F
:10BC800002F00AA003B35E02F00A9E03BFDE02F0D8
:10BC90000AA001BC6003004B8903BFDE02F00AA3C7
:10BCA00001BC6003008B8903BFDE02F00AA301BC64
:10BCB0006003002B890386DE02F00CA103AB5E0259
:10BCC000F00AA801F0521300118601A5E00A301114
:10BCD0008003BFDE02F00ACA03A9DE02F00AAE004A
:10BCE00068DEAB004ACA00B0523B00179F00B0525A
:10BCF0003B0017BE01BC600300280803BFDE02F052
:10BD00000ACA02875E53000AD703A0DE02F00AB90E
:10BD100003BFDE02F007CA0190600A09104800B0B4
:10BD2000523B00179F00B0523B0017BE019E5E833E
:10BD300000B0EB0106520F0017A100B85E87003774
:10BD4000A10182DE86F577AB01BC61030030800083
:10BD5000E8523AF3F7A2006BD23AF3EABC00E85E8D
:10BD60007E91D7A200905E8B0097A101BC60230159
:10BD70001064006B523AF3EAC701185E870017A2FD
:10BD8000010A5E870017A300886006F457A200E04E
:10BD90004192F4706400B05802F45600006BDEFA71
:10BDA00091CACA00B0523B0017BE03BFDE02F00AC0
:10BDB000CA00025E02F0164F00B0202300280800DF
:10BDC000B0523B00179F0320DE02F00AD702075E45
:10BDD00053000ACE0180E00209104803BFDE02F0E2
:10BDE0000AD70068DE5F000AD4021A5407000AD29C
:10BDF0000103C0270017A101825E8610D0860102D0
:10BE0000C0270017A100E0422AF4308A0180E00434
:10BE1000FF87FC03A9DE02F00AD700B05E470010DE
:10BE20008001085E4F0017A100685E87002B0503A4
:10BE3000AB5E02F00B0902005217000AEF0068DE49
:10BE4000AB004ADD00E0025300209402865E5300FE
:10BE50000B370284520F000D130284D20F000AE246
:10BE600003AC5E02F00AED03BFDE02F00AF8032C19
:10BE70005E02F00AF800685E4F040AED0106D20F78
:10BE80000017A100808ECF0197A200E0015E0DB0E7
:10BE9000640181DE86C3F61F0187DE8624912400BB
:10BEA000683077FFEAED00B04467000C1E02005EC8
:10BEB00087000AED00E0446583AC1E00685E4F0217
:10BEC0000B3703BFDE02F00B24031EDE02F00AF57F
:10BED00003315E02F00AF50068DEAB004AF500802F
:10BEE0008ECF0197A200E0015E0DB0640181E002F7
:10BEF000C3F61F0068DEAB004AFA00E0023F0020F4
:10BF00008F03BFDE02F00AFD00685EAB004AFD024F
:10BF100080522F000B3702024107000AFD00685EC5
:10BF20004F040B3700685E4F028B370206DE53006A
:10BF30000B020028E01EF40B0200A044B703E14509
:10BF400000B005130017A100E05E8428A14602841A
:10BF50004107000B3701806006F2979403BFDE02B1
:10BF6000F00B37032B5E02F00B3700685E4F05AB1A
:10BF70002400685E4F052B2403BFDE02F00B370060
:10BF800068DEAB004B12006D8ECF002B1201BC603F
:10BF900003000AB501826002F5D7AE02805EFF00A1
:10BFA0000B1000682B4F000B1200E044655A4AD377
:10BFB00000682B6BFFCB1200E02B6B002ADA020625
:10BFC0005E53000B1500E0026300209803BFDE0201
:10BFD000F00B370323DE02F00B1F0129500B001773
:10BFE000A30068DE8F052B1F020680C7000B1A0115
:10BFF00082E001872C390187E002107083018460A0
:10C000000209104800B05E870017A1006EE003002F
:10C010002B1E03D1DE02F00B1F0068DEAB004B21AC
:10C0200000E0022700208900685E4F000B3700689F
:10C030005E4F010B3700685E4F058B3700808ECF57
:10C040000197A200E0015E0DB0650020DA7F140BBD
:10C0500037028047C7000B870329DE02F00B2D0152
:10C0600002DEAF0017A10106520F0017A200385ED2
:10C0700086F44B370182DE8AF577AB00B05223009D
:10C0800011F200B052270011F300B0522B0011F44E
:10C090000106520F0017A100E05E870031F500B0E5
:10C0A000005B0011F000B047C30018000134C7C79F
:10C0B0000017A1006EDE8402AB3701BC60030810DC
:10C0C000420283C107000B3B0301DE02F00B3A037F
:10C0D000B55E02F00B3B02805E53000D1300B040D2
:10C0E000330017A101089FF70017A200685E8B00BC
:10C0F0006B4300E840310497A102811FF7000B4316
:10C1000000B020930017A102809FF7000B4300B0FE
:10C110005E630017A1006E5E84020B8900B05E872B
:10C120000007F401816000FF87FC0202C013000BCE
:10C130004900E05E840347F401816004FF87FC024C
:10C14000011FF7000B8201035E530017A10187DE78
:10C1500084FF87FC0386DE02F00CA100025E02F081
:10C16000123603855E02F00B4C018E60023D11E831
:10C170000107C7830017A101825E84FF87FC0201CB
:10C180009FF7000B550103C7970017A101825E843A
:10C19000FFA7FD00B020330017A1018E5E84FFA72A
:10C1A000FD032A5E02F00B5D00025E02F00E8703C3
:10C1B00029DE02F00B5C0301DE02F00B5C0182E081
:10C1C000060D906C03BFDE02F008A401BC60030002
:10C1D00011EC01BC600F0011E801846004FFA7FDB1
:10C1E00001075EAF0017A10185DE84FF87FC00B068
:10C1F00040270007F600B0406B0007F800B0406F22
:10C200000007F900B0402B0007F701BC601B0DD7F9
:10C21000A100025E02F0012700B040670017A201F2
:10C22000BC601B0DF7A100025E02F0012700B040C8
:10C23000670017A100E85E8AF437A200E15E8AF485
:10C2400057A100E0DE86F457A100985E8700B7A1F1
:10C2500001BC5E860147F700681F33000B7C018F2D
:10C2600060060127F600681F33002B7900B01FC756
:10C270000017A100025E02F0012700A04064F9D778
:10C28000A200B85E88FE17A103BFDE02F00B7A00A1
:10C29000A04138FE17A10068DE87000B7C018F608B
:10C2A000020127F601846004FFA7FD01075EAF00CD
:10C2B00017A10185DE84FF87FC00025E02F00EA359
:10C2C00001BC63FF1FD7A800025E02F0109A0002B3
:10C2D0005E02F00E8701A8600A00900402011FF7B9
:10C2E00000163B00A8401300500403BFDE02F00715
:10C2F0002000E002870020A103BFDE02F00B8A00CD
:10C30000E0020B00208203A9DE02F00D130184601D
:10C31000060910480184E00609104803BFDE02F058
:10C320000D13032B5E02F00BB10068DE4F06AB92DB
:10C3300000E0023B00208E03BFDE02F00B9300E022
:10C34000023700208D0323DE02F00BB50068DE4EBD
:10C35000F1CBB5020680C7000B970182E001872C64
:10C36000390187E0021070830184600209104800DF
:10C37000B05E870017A1006EE003002B9B03D1DEA7
:10C3800002F00B9C00685E4F062BAF01BC600300FF
:10C39000083303295E02F00BA10203DEB3000BA2F7
:10C3A0000191601A84F4270183E002F597AC020240
:10C3B00000BF000BAE0206ABD3000BA7020345AFD4
:10C3C000000BA90185E0062D716B03BFDE02F00BA7
:10C3D000A90203456F000BA90185E0062B715B02E2
:10C3E000045EB3000BAE0187E0021070830183E0AE
:10C3F0000209104800025E02F0159303BFDE02F04E
:10C400000BB50205500B000BB50182600609104800
:10C4100003BFDE02F00BB500025E02F00BBC006849
:10C42000DE4F062BB500E0024F00209303BFDE0273
:10C43000F00BB503AB5E02F00BB702044107000B33
:10C44000BA02834107000A5003BFDE02F00BBA02B2
:10C45000844107000A5001806006F2979403BFDE12
:10C4600002F00A50028700C3000BC00068D213001C
:10C470000BC001BC600300118301BC60030011828A
:10C480000002DE02F00000039F5E02F00BC4039E78
:10C49000DE02F00E3502035E53000E35010C8143BF
:10C4A0000017A10068DE87002BC901000163001797
:10C4B000A10102C0270017A20038DE86F44BB903A1
:10C4C000AB5E02F00BCB02005217000BB902805298
:10C4D0002F000BCD03335E02F00E3502181DF30062
:10C4E0000BF101BC601B06106501BC60031BB7A407
:10C4F00000025E02F0017200B05E8F0017A60068B5
:10C50000DE931BABED0207C197000BDA01385A0727
:10C510000017A1013C5A070017A201BC5A0AF457A0
:10C52000A2013C5A0B0017A301BC5A0EF477A303D7
:10C53000BFDE02F00BDD013C5A030017A100B05A28
:10C54000070017A200B05A0B0017A3006D5E87000A
:10C550008BE701BC61BF0A17A50068DE8AF4ABE275
:10C5600001BC60271357A500685E8EF4ABE601BCE2
:10C57000605F0017A50068DE8AF4ABE701BC6017B6
:10C580001E57A50068DE8EF4ABE703BFDE02F00C99
:10C590002900D85E870037A100E14196F43065009C
:10C5A000E1C19700306501F041970017A200E05EFD
:10C5B0008B0077A2006D5E8AF4CBD000E840330098
:10C5C00097A5006E5E96004C2900B01DEF0017A1E4
:10C5D0000068DE840A0E35023C523F000C02013C2A
:10C5E000523F0017A10068DE84048C2701BC600361
:10C5F00016106401BC601B06306500685E87002B66
:10C60000FE00B05A030017A20068DE8AC00C2700A3
:10C61000E0419700306500E0419300306400E85E3F
:10C62000870057A1006A5E87002BF700685E8700CD
:10C630000C0301385A030017A1013858030017A250
:10C640000068DE86F44C2703BFDE02F00C0302858F
:10C65000C107000E3501BC601B06106501BC6003FC
:10C6600005B7A400025E02F00172028000C3000C54
:10C670002701BC60131417A600E0017F00B7A500D6
:10C680006D5E96F4CC0B01BC60130C97A500685E40
:10C69000940BCC2B00B0017B00106500B05227003A
:10C6A00017A200B0522B0017A3006841940BEC16A0
:10C6B0000068DE8ED04C1200685E8AD02C2700E025
:10C6C000419700B065006D4196F4CC0F01BC60133A
:10C6D0000C906503BFDE02F00C0F00E0028B00201F
:10C6E000A200B0017F00106500B052230016800048
:10C6F000B0522700168100B0522B00168200808EA7
:10C70000CF0197A200E0015E0DB0640203587F00E4
:10C710000C2001BC602F0037A103BFDE02F00C210A
:10C7200001BC5202F2F7A101A95E02F43683009027
:10C730004467011684020281AB000C250068DE9379
:10C7400005AC2601846006D0968400B05E97000098
:10C750005F020781AB000C2901806006F297940309
:10C76000AB5E02F007DF03BFDE02F00A5000E0021A
:10C770008F0020A303BFDE02F00BB903835E02F03B
:10C780000C2F006D4033038C2D006D4033038BB9AB
:10C79000032B5E02F00E3903BFDE02F007DF032B2E
:10C7A0005E02F00C3700E0023300208C020681AB01
:10C7B000000C360183E005872C3903BFDE02F00749
:10C7C000E100E0024B002092008800230037A20025
:10C7D000E05E8800F7A200E0001AF451890186E0CB
:10C7E0000630118003BFDE02F00BB5032B5E02F0B2
:10C7F0000C3800E013530024D403BFDE02F007DA44
:10C8000002045247000BB501BC601F10F06401BC6C
:10C8100060030177A101BC63FF1FE79300E041863D
:10C82000F4306501BC63FF1FF60000E05E8700770F
:10C83000A100025E02F00F1F0200C077000BB501DD
:10C840002940770017A2006D5E8B04CBB500E85E2F
:10C850008B04D60001BC601F05F06300E0418EC070
:10C8600010630200D603000BB502065603000BB599
:10C870000184E006F597AC0116D6030017A20088E4
:10C880005E8B0077A200E0019EF4506500B04197F6
:10C890000004C201BC602B1817A100B05A0F00178A
:10C8A000A200025E02F0012B01BC602B1837A10030
:10C8B000B05A130017A200025E02F0012B00B04133
:10C8C0008B0004D903BFDE02F00BB503A2DE02F039
:10C8D00000C203A3DE02F00C7A00E001FF00207F1B
:10C8E00001BC60030017A303BFDE02F00C7C0187CC
:10C8F00060040310A001BC60030051E400B0479342
:10C9000000180001BC600302900401BC620F00111A
:10C91000E001BC600F0131E800B047A3001800013E
:10C92000BC600F0011E801BC60030131EC00B047AE
:10C93000B300180001BC60030011EC01846006091B
:10C9400010480020601E090C7100E001FB00207EF1
:10C9500003BFDE02F00C8501BC60030ED7A10114F9
:10C9600000630017A200E05E86F4506500E05A0301
:10C97000003680020300C7000C7703A95E02F00CAA
:10C980007C0291509F000C7B0191601A84F4270374
:10C99000BFDE02F00C7B00E001FF00207F01BC60E5
:10C9A000030037A30323DE02F00C850183E00209B4
:10C9B000104801846002F597AC01BC6003000ABB1B
:10C9C00001BC600300178E020680C7000C83018241
:10C9D000E001872C390187E0021070830182600238
:10C9E00009104803D0DE02F00C8603D05E02F00C82
:10C9F000870182E00209104803D5DE02F00C8901AC
:10CA0000BC60030010B401BC600300F7A100680023
:10CA1000A7000C8D0185421AF437A100025E02F0D6
:10CA2000012700B040670017A501BC63FF1FF7A2F4
:10CA300000025E02F0012B008860070157A400B8D5
:10CA40005E86F497A100025E02F0012B0283C21FF2
:10CA5000000C9400025E02F0114C02844523000C8D
:10CA60009603D0DE02F00C9800685E8F0000020092
:10CA700020E01E090C9C00B05E9700142E03BFDE60
:10CA800002F0036E00A8412300F04803BFDE02F06D
:10CA900000020183600209104800E00213002084B4
:10CAA00003BFDE02F00CA401BC6007001042006E60
:10CAB0004030020CA400E0027700209D00025E02DC
:10CAC000F0170A03A35E02F00A5003C6DE02F00C60
:10CAD000A7032ADE02F00CAE00B0304700080800C1
:10CAE000B0304B00080900B0304F00080A00B030E9
:10CAF0005300080B00B0305700179F03BFDE02F051
:10CB00000D130184E00609104803BFDE02F00D1387
:10CB1000020681AB000CB30281B0E70000BD0283C6
:10CB200030E70000BD028445230000BD0320DE0283
:10CB3000F00CBB0068A0C7000CB801BC609F0217D6
:10CB4000A100E04466F42831006B4465062CBC006B
:10CB500020E1020900BD00025E02F00D2F01BC6061
:10CB6000030008310020E38A0900BD028445230048
:10CB700000BD00B05E870017A103915E02F000BD0A
:10CB80000396DE02F000BD03965E02F000BD0002D7
:10CB90005E02F00D2F00E10DB228E36C00E08DB7CE
:10CBA00000036D01BC600300114701BC600300601D
:10CBB0002000680173000CD701BC60130890E600E8
:10CBC000025E02F0016A00B001730010E401BC6073
:10CBD0000300000601BC600300005C01BC600301AF
:10CBE000D78201D2DE0877F0E000B00F030010E139
:10CBF00000B0004700108600B00F1F00108A01BC73
:10CC0000600300378100025E02F010700190600A3C
:10CC100009104801BC610300308003BFDE02F00050
:10CC20000201BC60030030420187E002247123004E
:10CC3000025E02F014DB03975E02F00D4303125E06
:10CC400002F00CDA01BC600300402001BC6003006C
:10CC50000B8901BC600300114901BC6183001125EF
:10CC600000B0007B00112701BC60130C805E01BC8A
:10CC700060130C805F0180E006F5D7AE0107C107A5
:10CC80000017A101805E86F577AB01BC600F001133
:10CC9000E801BC620F0011E000025E02F00CF70137
:10CCA000BC61CF0C105C01BC600300105D01BC6175
:10CCB000CF01F05E01BC603B0AF05F018660056158
:10CCC0000B0800025E02F0145C01866001610B0833
:10CCD00001BC600300082E020300C700001201BC63
:10CCE00060030006B201BC60030006B701BC60032C
:10CCF0000006BC01BC60030006C103BFDE02F000F9
:10CD00001201BC60430017BB00A04122F77048012C
:10CD1000BC63FF1FF05401BC63FF1FF05501BC63EF
:10CD2000BF1FF05601BC63FF0FF05700025E02F018
:10CD3000170A0187E00624712301BC600300105428
:10CD400001BC600300105501BC600300105601BC1B
:10CD5000600300105701BC600F0020170106C107D7
:10CD60000017A101825E8402E01701074107001746
:10CD7000A100B85E870037A10180DE8700001600A1
:10CD800002DE02F000000285C03700000200025EF1
:10CD900002F0123602864037000D0A00E0021B0046
:10CDA000208601BC6003010B890386DE02F00CA122
:10CDB0000287C037000CA100025E02F017D003BF4B
:10CDC000DE02F0001201B8600A04902403AA5E0299
:10CDD000F00D160158600300102A01BC6003029098
:10CDE0000400B040130018000183600209104801DC
:10CDF000806000FFA7FD00025E02F0123603855E30
:10CE000002F00D1A01BC620F0011E001BC600F01BD
:10CE100031E800B047A300180001BC600F0011E822
:10CE200001BC60030157A100E85E870037A10068DC
:10CE3000DE87000D2101BC600302900400B04013A6
:10CE400000180001BC60030131EC00B047B30018CA
:10CE50000001BC60030011EC0324DE02F007200196
:10CE6000866006F577AB00025E02F00D2F01806050
:10CE70000610308100B05E870017A10180600210AB
:10CE8000308103BFDE02F00720020601AB000D3146
:10CE900001806001872C3901BC610300108000B063
:10CEA0004203001800006EE003002D3403505E02C0
:10CEB000F00D3700015E02F0000003BFDE02F00358
:10CEC0009401846002F597AC01BC6003000ABB00CA
:10CED000A8412304F048018260020910480206DEDE
:10CEE000AF000D3E03D5DE02F00D3E0350DE02F032
:10CEF0000D3C01BC60030010B40284C783000D41E7
:10CF000001BC600B0011E0018E6002F577AB0002FE
:10CF1000DE02F0000003A2DE02F000BD02BC428788
:10CF2000000D4A01BC60030037A401BC60031FF779
:10CF3000A3011400630017A200886006F457A2033F
:10CF4000BFDE02F00D4F008860070117A401BC632B
:10CF5000FF0017A3011400630017A200E05E8B011D
:10CF600017A200886006F457A201BC60131B9065ED
:10CF700001BC601B18506401BC60030017A50020B1
:10CF8000C286F48D5900E0419706D06500E04193D8
:10CF900001F06400E05E970037A500885E930037DB
:10CFA000A400205E92F46D7803BFDE02F00D520003
:10CFB00068DE92F44D5E00680083006D5E03A0DEC3
:10CFC00002F00D5E0020C123160D5300025E02F038
:10CFD0000D2F006DDE93200D74020300C7000D6855
:10CFE000006DDE97008D6801BC600300160801BC6F
:10CFF000600300160901BC600300160A01BC60034F
:10D0000000160B01BC600300160C01BC6003001687
:10D010000D01BC600300160E02005AC3000D73021E
:10D020003C5A9F000D7300680083006D730385DE1A
:10D0300002F000BD03855E02F000BD03A2DE02F037
:10D0400000BD03A3DE02F000BD0397DE02F000BDC9
:10D0500000B041970010600191600A84F42703BF7B
:10D06000DE02F0036E01806002D616B000B05E935F
:10D070000010A101836002F7F7BF01BC600300301C
:10D080004303BFDE02F00D53006880830060BD03E0
:10D09000BFDE02F00CDB0283C21F00000200B05EA4
:10D0A000870017A103D0DE02F0063D01BC60030437
:10D0B0001042039EDE02F0001200B05E3F001145F8
:10D0C00001BC600300178F00B05E4300178500B0FD
:10D0D0005E0F00179000025E02F00D2F03BFDE020C
:10D0E000F00012006D4033058BBA03AC5E02F00D08
:10D0F0008A00685E4F028DEB00E002670020990312
:10D10000BFDE02F00DEB00685E4F028DEB02803057
:10D11000DF000D8E00E0025F002097018060058631
:10D12000EC3700025E02F00EAF01866002F5B7AD8B
:10D1300001826002F5D7AE01BC6003000AB5039E10
:10D14000DE02F00DA00321DE02F00DA000E0026F70
:10D1500000209B00025E02F00D2F01866002091084
:10D160004800A8412301304801BC6003021042027C
:10D1700080441F000D9F00B05E3F00114501BC6060
:10D180000300178F00B05E4300178500B05E0F00EC
:10D19000179003BFDE02F00DA000A044B6F0714569
:10D1A000028200C3000DEB00B000730017A100E085
:10D1B0005E86B017A100E15E7AF4379E00E1DE776B
:10D1C00000179D00E1DE7300179C00E0DE6F001782
:10D1D0009B039EDE02F00DAF006E5E6E924E21004C
:10D1E0006D5E6E924DAF006E5E72922E21006D5E8E
:10D1F00072922DAF006E5E76920E21006D5E769279
:10D200000DAF006DDE7A91EE2102003097000DB473
:10D2100000B05E7B000C3200B05E77000C3300B0D3
:10D220005E73000C3400B05E6F000C35028201ABFF
:10D23000000DC500B0446700082D00B0446B000825
:10D240002C00B0446F00082B00B0447300082A0083
:10D2500068A0B6232DAF00E920B6F3D79E00E9A061
:10D26000B2F3B79D00E9A0AEF3979C00E8A0AAF343
:10D27000779B00E15E7A91F7A100B05E87001119FB
:10D2800000E1DE7692111A00E1DE7292311B00E0BD
:10D29000DE6E92511C0068DE86232DBE03BFDE02C7
:10D2A000F00DEB00E9523EF3D7A100E9D242F3B70B
:10D2B000A200E9D246F397A300E8D24AF377A4008C
:10D2C000880ECF0057A500E0015EF4B06400E95E6F
:10D2D00086C9A78100E9DE8AC9C78200E9DE8EC956
:10D2E000E78300E8DE92CA078400808ECF0197A50D
:10D2F00001BC601F07778000E05E020DB06500880A
:10D300005A0F00F7A500B05E970817A50134DA0F91
:10D310000017A600E95E94F037A500E8DE98F05704
:10D32000A6017BDE96F4D7A500685E96D06DEB0073
:10D33000E85E96D077A600B05E9700168300685A24
:10D3400013000DDD00E05A16F4D68500685A1B0064
:10D350000DDF00E05A1EF4D68700885E9B00F7A11F
:10D360000134DE9B0017A201BC60030017A301BCBF
:10D3700060030017A40069DE9B000DE701BC63FF9A
:10D380001FF7A301BC63FF1FF7A401C3DE8EF45790
:10D39000A200E95936F4364D00E9D93AF4564E0068
:10D3A000E9D93EF4764F00E8D942F49650031EDEE8
:10D3B00002F00E21039F5E02F00E2100685E4F0214
:10D3C0008E21032C5E02F00E2101BC601B06D0658D
:10D3D00001BC600300B7A400025E02F0017202000B
:10D3E0003097000DF600685E9300ADF600E030C7A0
:10D3F000002C3103BFDE02F018840068DE9300AE1B
:10D40000210207C197000DFC013C5A070017BB0120
:10D410003C5A0B0017A101385A07000C2603BFDE47
:10D4200002F00DFF01385A070017BB01385A0B00F4
:10D4300017A1013C5A03000C2600B05E87000C27A0
:10D4400000808ECF0197A200E0015E0DB06400B0B5
:10D450005EEF0016280181DE86C3F61F0068307378
:10D46000FFEE0802005E87000E080088307300712E
:10D47000260090307301B12800683077FFEE0C0071
:10D48000B04467000C1E02005E87000E0C00E044F2
:10D490006583AC1E0187DE86249124020680F3009A
:10D4A0000E100181E002C3F61F0187E002249124DF
:10D4B00002003097000E2100E030B7002C2D0286CC
:10D4C00080F3000E140281D87F000E1F00B0309F41
:10D4D0000017A100025E02F00F0802805E8B000EB2
:10D4E0001F00E85E6984D7A100685E85846E1B001A
:10D4F000E030BF002C2F03BFDE02F00E1F00E03033
:10D50000BB002C2E01BC6003000C2501BC60070091
:10D51000104303BFDE02F00D1300E85E6984CC23E4
:10D5200003BFDE02F0188403AB5E02F007DF03BF27
:10D53000DE02F00A50032B5E02F00BB903BFDE02DD
:10D54000F007DF03AB5E02F00E28032C5E02F00B47
:10D55000B903BFDE02F00E3900B052230011F20011
:10D56000B052270011F300B0522B0011F401BC603F
:10D57000030091F501BC600308104200B0005B009D
:10D5800011F003BFDE02F007DF0138523F0017A1A0
:10D5900002065E53000E320138524B0017A100689C
:10D5A000DE87008E3503AB5E02F007DF03BFDE02CD
:10D5B000F00A500068DE4F020E38020781AB000E01
:10D5C0003801806006F2979403AB5E02F007DF0239
:10D5D0000000F3000E3E0206DE53000E3E01185E10
:10D5E000830017A10068DE8700AE3E01BC600B021D
:10D5F000514202005217000BB903BFDE02F00A507D
:10D6000001BC600300118301BC6003001182032C84
:10D610005E02F00E450199E00620110003BFDE0214
:10D62000F00E490119402F0017A100685E87000B1A
:10D63000B50199DE8620110003315E02F00BB500C2
:10D64000A05E3B0097A200205E4EF44BB5018460C3
:10D650000209104803BFDE02F00BB503AB5E02F017
:10D660000E5000025E02F00BBC03BFDE02F00BB5F1
:10D670000068DE4F042E5400B0523300179F00B0F4
:10D68000522F0010EB0281522F0007CA00E002ABBC
:10D690000020AA0281522F000B9303295E02F00E94
:10D6A0005A0203DEB3000E5A0191601A84F4270176
:10D6B00083E002F597AC0208522F0007DF03BFDEBC
:10D6C00002F00A5001BC600300106701BC60030057
:10D6D00010460180E0060930490282C11F000E6435
:10D6E00001BC603F1FF06501BC600300168000E8CC
:10D6F00041970030650069C197000E6101BC600B65
:10D7000000179401BC60030017AB01BC6003001755
:10D71000AC01BC60030017AD01BC60030017AE0193
:10D72000BC60030017BF01BC63FF1FF7B501BC60FD
:10D730000300202001BC60030017A100025E02F07C
:10D74000012701384067000028011C4067000029BC
:10D7500001BC600300504901BC60030017A701BC75
:10D7600060030017A801BC60030017A901BC600397
:10D770000017AC01BC60030017AD0182E0060F107A
:10D78000780206C1E3000E77006880A7000E7A03D6
:10D79000BFDE02F00E7B006880A7008E7B01BC60BC
:10D7A0001302600001BC60230E400101BC63F3184A
:10D7B000600201BC614B15600301BC600300000402
:10D7C00001BC604305200501BC601B04306101BC45
:10D7D000601702506001BC600300082200B05E0FB9
:10D7E00000178500A044B6F0714503BFDE02F00CBF
:10D7F000C30183E0060F107801885E5CFEC7F60166
:10D80000BC601F1E900701BC600301900801886086
:10D81000060090040386DE02F00CA10305DE02F090
:10D820000E8C0386DE02F00CA10385DE02F00E8E64
:10D8300000B05E870017A1006EE003002E92038601
:10D84000DE02F00CA1006EC0146FEE9501BC600703
:10D850000010420002DE02F0000003215E02F00E22
:10D860009A00E0204AF4281200B0204B00178B03E6
:10D87000BFDE02F00EA2028150C7000E9F011C50B5
:10D880009F00178B00E05E2EF4378B019C5E2E8488
:10D89000F42703BFDE02F00EA2011E509F00178B7B
:10D8A00000E05E2EF4378B019E5E2E84F42700028A
:10D8B000DE02F00000006800A7008EA80102C02769
:10D8C000000821006880A700AEAE00E02087002895
:10D8D000210002DE02F0000001BC600300282101EB
:10D8E000BC402B0017A100985E870117A10098404B
:10D8F0002B0117A2006ADE8AF42EAE01BC60030081
:10D9000088210002DE02F00000028280BF000F07C3
:10D9100000B0418F00081300B0418B00081400B024
:10D9200044670017A2017BDE8A2357A101BC601F58
:10D9300007706501BC60030017A201BC601F03D023
:10D940006401BC601F11506300685A03000EFE01A1
:10D95000BC601F0FB06200E0418AF4506200905436
:10D960000300F7A6006B5E86D06ED400B05A0300A9
:10D9700017A300E05A0EF4D58000E05A0EF4768327
:10D9800000E85A2F00368B0069DA2F000EC300E83A
:10D990005A0700368B006CDA0EF42EBE00E85A0EE1
:10D9A000F437A400905A030077A5006EDE92F4AE1F
:10D9B000CA01BC600300360001BC600B00104301CB
:10D9C000BC600300278900205A0B080ECD01BC6003
:10D9D0000300279203BFDE02F00ED400205A0B147E
:10D9E0000ED400202C27080ED000205A0B040ED491
:10D9F00001866006F5B7AD0088009B00D126009037
:10DA0000009B01512801BC6303001124006B5E865A
:10DA1000B00EDC00685A13000ED901886006D0569B
:10DA20008200B056030017A400E05E92D0968500F5
:10DA3000E05A0EF4D58000205A0B080EDC01BC60C1
:10DA40000300079200685A13000EE4006B5E86D054
:10DA5000AEE40188600AD0568200B056030017A4D5
:10DA600000E05E92D0968501BC600300360101BCE7
:10DA7000600B00104301BC600300278900685A1B3B
:10DA8000000EFE006B5E86D0EEFE02015A0B000E09
:10DA9000F300E85A1B00368600B05A270017A3008F
:10DAA000E05A1EF4768701BC601F11D06200E0418D
:10DAB0008AF4506200B05A2B0017A300E05402F41D
:10DAC00075000203D403000EF100E05A1F003687F0
:10DAD0000130540300150001816002D0568203BF5B
:10DAE000DE02F00EF600B05A230017A300E05A1E23
:10DAF000F4768701816006D0568200685A1B000EBA
:10DB0000F8006CDA1EF42EE602015A0B000EFB013F
:10DB1000BC600300360203BFDE02F00EFC01BC60F5
:10DB20000300360301BC600B00104301BC6003001E
:10DB3000278900E0419701906500E05E8B0037A2E5
:10DB400000E0419300906400E0418F003063006D7D
:10DB50005E8B008EB802981DF3000F0501BC6003B8
:10DB600000079200B0204F00106300B02053001057
:10DB7000620002DE02F0000001BC60030017A20098
:10DB800068018B000F1E0090018B0077A20180605E
:10DB900002F437A1006E5E86F44F1E0207C19700A3
:10DBA0000F1001385A070017A303BFDE02F00F1150
:10DBB000013C5A030017A300E85E8F0097A300E81A
:10DBC0005E8AF437A2006A5E8AF46F1E00D0419725
:10DBD00000306400E05E8B00B7A300E04192F47077
:10DBE0006400D841930030640207C193000F1B0109
:10DBF0003C58030017A103BFDE02F00F1C01385888
:10DC0000030017A100A0018B00F7A200905E86F42C
:10DC100057A20002DE02F0000000B05A0300101FFD
:10DC200000B05A0700102000B05A0B0010210180EC
:10DC3000600700101D02804077000F230002DE0203
:10DC4000F000000187E002F577AB03915E02F0007F
:10DC5000020020E3FE0900020200421F0000020051
:10DC600068C2F3000002028445230000020068C07D
:10DC7000170000020068AB9700000200025E02F08D
:10DC80000EAF00683073FFEF310207C493000F3C02
:10DC900000683077FFE00200683077FFEF350068FA
:10DCA000307B000F3B006BC46583CF3C03BFDE02BB
:10DCB000F0000201BC601F07706400E0419306178A
:10DCC000A20068D82F000F390281D80B0000020093
:10DCD000E04193019064006D4192F44F370287C494
:10DCE0009300000200689E4B00000202815E530018
:10DCF0000F4A0283411F000F400281DE53000F5B79
:10DD000001BC600300115101BC600300115201BC51
:10DD1000620300115301BC60030051500189600689
:10DD2000F2979401BC60E700107701BC600300101B
:10DD30007601BC60031117A300025E02F0013403F8
:10DD4000BFDE02F000020280C54300000201F0C500
:10DD5000470011560107C5470017A101F0C54AF455
:10DD6000315500B0455700107700B0455B00107684
:10DD700001BC60030E97A300025E02F0013400B004
:10DD80004557000C1000B0455B000C0F01BC600350
:10DD900000115501BC60030011560090303F00CCCB
:10DDA0000F00B030430017A101AD5E8581EC0F017B
:10DDB00089600AF2979401BC60030810470392DE61
:10DDC00002F00FAF020480BF000F6001BC63FF1FB1
:10DDD000E7F301BC61FF1FE80E03BFDE02F00FB1E5
:10DDE00001866002F597AC01BC601F07706501BC3D
:10DDF000601F0FB06401BC60030037A101BC600369
:10DE00000017A300685A03000F9D01BC60030017B0
:10DE1000A502035A0B000F6E02805A0B000FAF00D1
:10DE2000E9440AC017BB00E8C40F0017A4017BDE59
:10DE3000EEF497A400685A13000F7C03BFDE02F0D3
:10DE40000F790068DE87002F700203DE53000FAFEA
:10DE50000203DA0B000F8400B05A0F0017A4006809
:10DE60005A07002F7500685A2F002F7501BC6003F8
:10DE70000037A500685A13000F79006CDE92D0AF0E
:10DE80007900B05A170017A401BC60030037A50041
:10DE9000201CBAF42F7C00685A1B000F9703BFDECA
:10DEA00002F00F7F00885E870097BB00201CBAF746
:10DEB0006FAF02015A0B000FAF006CDE92D0EF97EC
:10DEC00000B05A1F0017A400201CBAF42F8301BC15
:10DED00060030037A503BFDE02F00F970202DA0BE2
:10DEE000000F9D0204C107000FAF00B05A0F0017CA
:10DEF000A400E85A2F0037BB0069DEEF000F8A004C
:10DF0000E85A070037BB013C016F0017800068DE4C
:10DF100003000F900138016F00178000685E030056
:10DF20000F9300E85E030037BB03BFDE02F00F93E0
:10DF300000E85E030037800080DE02D0378000E01A
:10DF40005EEE0DB7BB00685EEF000F9700E05E92DB
:10DF5000D017A400E85EEF0037BB03BFDE02F00F6E
:10DF60009300685E8F000F9A006B5E92F44F9B03E4
:10DF7000BFDE02F00F9D01BC60030037A300B05E5E
:10DF8000930017A200B05E970017A600885E870076
:10DF900037A100E0419701906500E04193003064B3
:10DFA000006D5E87020F6500685E8F000FAF00B0E6
:10DFB00044670017A5017BDE962357A500E85E8A1B
:10DFC000F4B7A400885E9300E4DB00905E93012721
:10DFD0001D00B0012B0017A300689C77000FAA005A
:10DFE0006E936EF46FAF03A65E02F00FAF00B05EEB
:10DFF0009B00078500E9136EF467F300E89C770047
:10E00000080E03BFDE02F00FB100681E1700000209
:10E0100003BFDE02F0105901BC6103001123006947
:10E02000203B000FB50180E006F2979403BFDE02AB
:10E03000F00FB70180E002F2979403BFDE02F00018
:10E040000200684127000FC602844523000FB80074
:10E050006800A700AFBC006800A700CFBC006880C4
:10E06000A7010FBF00B044670017A100E84466F4A1
:10E0700037A2006D5E8B004FBD0280C127000FC12B
:10E080000392DE02F010590392DE02F00CE7000268
:10E090005E02F014E700025E02F0113D00025E0233
:10E0A000F0113800025E02F0114801BC600F00114F
:10E0B000E8031EDE02F00FCD01BC600300105C011E
:10E0C000BC600300905D01BC605304105E01BC6045
:10E0D0000300105F03BFDE02F00FD101BC600B0034
:10E0E000105C01BC600300905D01BC604304105EE5
:10E0F00001BC600300105F01BC6003000C1E01BC8A
:10E100006003008020028500BF00106000B01FCFB8
:10E1100000115100B0203B001152006E1FCE2A8F1B
:10E12000DA0068A03B000FDA00E01FCE23280F03BF
:10E13000BFDE02F00FFB00B0446700080F00E91FCC
:10E14000CE2A915100E8A03B00115201BC61FF1F93
:10E15000707701BC63FF1FF07601BC60031197A3C9
:10E1600000025E02F0013400B0454B00107700B0B1
:10E17000454700107601BC60030F17A300025E0242
:10E18000F0013401BC602F1AB06500B0455700168D
:10E190009100B0455B00169200B0440B001693004E
:10E1A000B0440F00169401BC63FF1FF15201BC6321
:10E1B000FF1FF15101BC600300115501BC60030059
:10E1C000115601AC607F029075028741D7000FEFB6
:10E1D00000B041DB0003B100B041DF0003B200B08A
:10E1E000446700082D00B0446B00082C00B0446F59
:10E1F00000082B00B0447300082A00E14464FE6C60
:10E200001A00E0C46901CC1B01BC6003023150005C
:10E21000B0454300180000686003000FFB01BC60BC
:10E220000300104000008000000000020480BF00D6
:10E230000FFF0312DE02F00FFB0068C55700100746
:10E2400001BC602F1AB06500B05A4700115500B0EC
:10E250005A4B00115600B05A4F00110200B05A53E9
:10E2600000110301BC60030017A701BC6003001785
:10E27000A801BC600300006601AC607F0F1075024E
:10E280008741D700100900B041DB00115100B041B7
:10E29000DF0011520068454700101000E91FCE2A28
:10E2A00087F300E8A03B00080E01866006F597ACF6
:10E2B00001BC600300107701BC600300107601BC54
:10E2C00060030F17A300025E02F0013401BC60037B
:10E2D000001150028445430010150207C1E30010ED
:10E2E0001600B044670017A100685E86233018014D
:10E2F00082E0060F10780206C1E300101A01BC602C
:10E300000300402001BC6003000066018660062017
:10E31000110001BC606300107B01BC601B00107A1F
:10E3200001AC607F029075028741D700102100E99F
:10E3300041D876379C00E8C1DC76579B00B0303F6F
:10E340000017A10080DE72F4379D00B041B70017BE
:10E350009E0080DE6EF4379C00E15E760DB79D0076
:10E36000E0DE7300179C017D5E7AF3B7A1017D5E4C
:10E3700076F397A200905E730157A300E120B6F4F4
:10E38000311900E1A0B2F4511A00E1A0AEF4711B02
:10E3900000E0A0AB00111C00E10DAAF4236A00E02C
:10E3A0008DAEF4436B00B0441F0018000088442376
:10E3B0000157A30090442300D7A400B0440B0017DA
:10E3C000A100B0440F0017A200E95E862337A10028
:10E3D000E8DE8A2357A20069DE8B00104100E14489
:10E3E0000AF4710200E0C40EF4910300E85E230019
:10E3F00037880069DE2300103600E80027003788E0
:10E4000003BFDE02F010360186600220110001BC5D
:10E41000600300402000E9306A2337A100E8B06EB5
:10E420002357A20068DE8B00105001BC604F11170B
:10E43000A3006DDE86F4705001BC60030010400143
:10E44000BC600300105D018260060BF05F00D05ECF
:10E450008700713401E1DE8A26913501BC63030037
:10E46000113300008000000000018260020BF05FA9
:10E4700002865EB300105900681E1700105901BCD7
:10E4800060430017A100E04466F4378001BC6003DC
:10E4900000078900025E02F00EAF006C4466F010C7
:10E4A0005900681E2700105503BFDE02F00F5B0203
:10E4B00000DE530010630180E002F2979400025ED8
:10E4C00002F0113B01BC600300104003BFDE02F00C
:10E4D000105E00E044640957A103BFDE02F0106340
:10E4E00001BC600300104000B0012F0017A100E044
:10E4F000012AF4310900B0012F00110901BC61CFDC
:10E500000C105C01BC600300105D01BC61CF01F028
:10E510005E01BC603B0AF05F00025E02F011440045
:10E52000025E02F0114B00025E02F0114101BC607C
:10E5300003000785006D80A7008CE700E0446704B6
:10E5400077A10068DE8623306E03BFDE02F00CE7A1
:10E5500001885E0610D08601025E070017A10182C5
:10E560005E8610D0860002DE02F0000000B0004798
:10E570000010860108204700178101385203001758
:10E58000800102C0270017A600025E02F015F80005
:10E5900068204700507B00B0540700178000025EDF
:10E5A00002F01070006820470030830068A0470028
:10E5B000107F021A54070010830103C0270017A11F
:10E5C00003BFDE02F010820106C03B0017A10182EA
:10E5D0005E8610D0860002DE02F0000000B0541308
:10E5E0000017A10068DE4F16B08700B05413001763
:10E5F000A10200DE0700108F00B0418B0010650102
:10E60000BC600301D7A10068DE4F16B08C01BC606E
:10E61000030297A100025E02F0160B00E05E840088
:10E62000F7A103BFDE02F01094020480F3001094FF
:10E6300002025E0700109402805E070010940090B2
:10E64000001B0037A200E85412F457A10002DE02BA
:10E65000F00000020400BF00109800025E02F011FA
:10E66000E903BFDE02F0109900A044B6F0B1450006
:10E6700002DE02F00000020000BF0010AA0068AB3A
:10E68000EF0010AA00E05EA30037A8006D5EA005B1
:10E69000D0AA00B02E2F0017A100025E02F00127C1
:10E6A00000B040670017A20068DEA3FFF0A700B02B
:10E6B0005E897197A2006D00A70090A6006DA087EB
:10E6C0000050A803BFDE02F010A70068A08700106A
:10E6D000A800B85E897197A200025E02F0012B01CA
:10E6E000BC60030017A80002DE02F0000000D85A48
:10E6F000030117A201B85A06F457A200B05603004E
:10E70000083600B0560700083700B0560B0008382E
:10E7100000B0560F00083900B0561300083A00E068
:10E720005612F4483B00B05A0300083401385E8B9F
:10E7300000083500B020EF0017A401BC60030017EB
:10E74000A200B0419300106500B85E92D017A400FB
:10E75000E05E06F4506300F05E930017A300F05EE5
:10E76000930077A400E05E8B0037A200B85E92F4BD
:10E7700077A400E04192F4506500E05602F49580E1
:10E7800000B056030017A4006EDE8B00B0B800B8CE
:10E790005E92C0D7A200D85E8B0037A200E020DADC
:10E7A000F4483600B020DB0017A400B85E92C0F732
:10E7B000A200D85E8B0037A200E020DEF4483700CC
:10E7C000D820DF0037A200E020E2F4483800D8204B
:10E7D000E30037A200E020E6F4483900D820E70043
:10E7E00037A200E020EAF4483A00D820EB0037A234
:10E7F00000E020EEF4483B00B020EF0017A200B884
:10E800005E8AC017A200905E8B0037A201BC5E89B1
:10E8100006A8350002DE02F00000018060063C918F
:10E82000E4018760063CD1E601A860023CD1E60124
:10E830008B60023CD1E600B05E8F00106300B056E2
:10E84000030011E700B056070011E700B0560B00B7
:10E8500011E700B0560F0011E701A960423C91E4B6
:10E8600001A860023CD1E6018B60063CD1E600B015
:10E870005E8B00106301BC60030057A102045603C5
:10E880000010E601BC60030117A100E0418EF430E6
:10E890006300B056030011E700B056070011E7000F
:10E8A000B0560B0011E700B05E8B00106301BC6036
:10E8B0000300B7A10204D6030010F001BC600301FD
:10E8C00017A102065E530010F001BC60030197A17E
:10E8D00000E0418EF4306300B056030011E700B051
:10E8E00056070011E700B0560B0011E701BC6003AA
:10E8F0000017A10206DE530010FB00B05E8B001073
:10E900006302065E530010FA00A0563F01F7A10310
:10E91000BFDE02F010FB00A0563301F7A100B05E8D
:10E92000870011E701BC60030011E70002DE02F07E
:10E93000000000685E9B00D11801BC60070211E373
:10E940000068DE9B00510B00E847870111E101BC24
:10E9500060030011E201BC60030011E201BC60032E
:10E960000011E201BC60030011E201BC6003001170
:10E97000E201BC60030011E201BC60030011E2018E
:10E98000BC60030011E200B06142F451E000B058F5
:10E99000030011E200B058070011E200B0580B006C
:10E9A00011E200B0580F0011E200B058130011E25C
:10E9B00000B058170011E200B0581B0011E200B07F
:10E9C000581F0011E200B05E9B0017A40068DE9B98
:10E9D00000B11601BC60030077A40192DE93021718
:10E9E000A30002DE02F0000001BC60070011E3009A
:10E9F000B058030011E200B058070011E200B0580F
:10EA00000B0011E200B0580F0011E200B0581300E3
:10EA100011E200B058170011E200B0581B0011E2DB
:10EA200000B0581F0011E200E00146F0106401BC84
:10EA300060070031E300B058030011E200B058074E
:10EA40000011E200B0580B0011E200B0580F0011A5
:10EA5000E200B058130011E200B058170011E200B4
:10EA6000B0581B0011E200B0581F0011E20192E003
:10EA70001B0017A30002DE02F00000028740C30063
:10EA8000112D01866006F01030028640C300112F60
:10EA900000B040C70017810002DE02F000000287CC
:10EAA00040C300113200B05E070010310186E0065D
:10EAB000F010300002DE02F00000006800A70197AD
:10EAC0008C03BFDE02F0114A00025E02F0113B002F
:10EAD000025E02F0114B0002DE02F000000068004E
:10EAE000A701970F0002DE02F00000018160060915
:10EAF0003049006800A700914000025E02F0114C0E
:10EB00000002DE02F0000000025E02F0114C018102
:10EB100060020930490002DE02F000000188E00EC8
:10EB200009304900B0412700180000B0002B001048
:10EB3000020002DE02F0000001BC600300100201CE
:10EB400082E0020F10780002DE02F0000000680090
:10EB5000A701978B00B041270017A100B041270102
:10EB6000D04900B05E870017A100B05E870017A1F2
:10EB700000B05E870017A100B05E870017A100B04B
:10EB80005E870017A100B05E870017A100B05E8706
:10EB90000017A100B05E870017A100B05E870017C4
:10EBA000A100B05E870017A100B05E870010490089
:10EBB00002DE02F000000100DE530017A601BC6077
:10EBC000030037A103BFDE02F0115D00025E02F018
:10EBD0000127018760060337A20068DE9B001161F0
:10EBE000018760020337A200025E02F0012B0002DF
:10EBF000DE02F000000202411F00117602825E5325
:10EC000000116801826006F2979400B04467001812
:10EC10000000B0446B00081B00B0446700180000FF
:10EC2000E844690377A4006800A700916B006DDEDB
:10EC30009300517000E044670317A303905E02F055
:10EC400011730285C5230011730068DE8E23316DB8
:10EC500001BC600302104701BC60030090430182C5
:10EC60006002F2979401826002F5B7AD006800A7D8
:10EC7000009176006800A700B1760002DE02F00085
:10EC8000000201C11F00118902855EAF00117C01E5
:10EC9000856006F577AB00B0446700081E00B044FD
:10ECA0006B00081F00E9446503D7A100E8C46903AD
:10ECB000F7A200D05E870077A101E1DE8AF437A2D7
:10ECC00000E95E862697A100E8DE8A26B7A20069E1
:10ECD0005E8B00118901BC610300113300E144DA4D
:10ECE000F4313600E144DEF4513701856002F577F6
:10ECF000AB01BC600301104701BC6003005043003E
:10ED000002DE02F000000201AE2700118C0284C571
:10ED10002300119601BC600F0C106500E041957155
:10ED2000306502002E2700119000E0419700B06589
:10ED300001BC600F0D17A1006E4196F4319400E103
:10ED40005A0229368000E0DA0700168101BC600310
:10ED5000000B8901BC60030011490002DE02F000D3
:10ED60000000B0451F00178100B005B70017A601CD
:10ED7000BC600704106401BC60131B906501BC609B
:10ED8000030017A10205DEAF0011B100B0580F005B
:10ED900017800068DE842C31A100E058230036087B
:10EDA00003BFDE02F011B902005E9B0011B10280C8
:10EDB000DA030011A70118581F00178200E05E0B4C
:10EDC00000378201985E0AC0F60703BFDE02F01129
:10EDD000AA011A581F00178200E05E0B003782015B
:10EDE0009A5E0AC0F60701F0DE0300378000A05EDD
:10EDF00002C0578000B05E0300160300A044B6F0C6
:10EE0000178200B05E0B00160500E05E0AC0960691
:10EE100003BFDE02F011B900B0581300178200E8FA
:10EE20005E06F057A5006ADE970011B700E8581695
:10EE3000F4B6050069D8170011B701BC60030016CD
:10EE40000500B058170017A500E05812F4B60600E8
:10EE5000E0419302106400E0419706D06500E05E57
:10EE6000870037A100905E9B0037A60068DE870010
:10EE7000919C01BC600300114701BC600300016D5F
:10EE80000002DE02F0000001BC600300016C01BC66
:10EE9000600300016D01BC60070A106401BC6003DF
:10EEA0000077A100B0428F00178000A05E0301F739
:10EEB0008000B05E0300016E01BC63FF1FF7A2007B
:10EEC00068DE030011CB01BC60030017A20088605C
:10EED00006F43781002005BAF031D00068DE8AC020
:10EEE000D1D000E005B300216C00B005B6F0216D73
:10EEF00000685E030011D400205E06F011DA006E97
:10EF0000DE8AC0D1DA03BFDE02F011D5006DDE8AE1
:10EF1000C0D1DA00B05E870017A300B041930001B2
:10EF20006600B0581B0017A201BC600300016C0111
:10EF3000BC600300016D00E8419302106400E85ECC
:10EF4000870037A10069DE870011CB00B05E8F001B
:10EF500001650002DE02F0000000B0059B001064B5
:10EF600000B0581B00114500B0059B00016200B0C5
:10EF7000059700016100B0580F00178500B05807D1
:10EF800000178300B0580B0017840118581F001792
:10EF90008C011A581F00178D0002DE02F0000000DD
:10EFA000B0058B001064006E41932A11F600A04456
:10EFB000B6F0B7A100B05E8700160500E05812F465
:10EFC000360600B0581B001145020000F30011F393
:10EFD000006D41932811F30200DEAF0011F301BC74
:10EFE000600B02514200B05E8700016F02015EAF0C
:10EFF0000011F600B05E1700160301816002F5777C
:10F00000AB0002DE02F00000020145230012010203
:10F0100087C49300120101826002F5D7AE02012C71
:10F02000230011FE00E02C2B002B0A0181600161FE
:10F030000B0802065EB700120100E02AD7002AB5CD
:10F0400001866002F5B7AD0002DE02F000000202A8
:10F0500000BF00120F00025E02F012370202DEB3A0
:10F060000012070068428F000F2503BFDE02F00088
:10F0700002028881AB00120F02845EFF00120502BB
:10F08000845EB30012050282DEFF00120502822BAD
:10F090002F00120D00682A9B00120F0284DEAF00C1
:10F0A000120502845EB700120500B05E870017A14A
:10F0B0000002DE02F000000182E002F597AC0203DC
:10F0C000DEFF0012190284452300121902012B2FC2
:10F0D0000012190180E006F2979400025E02F0111E
:10F0E0004C0180E002F2979400025E02F0114C01A4
:10F0F00080E002F297940201AC230011360181E016
:10F1000001610B0803BFDE02F01138020400C700E2
:10F1100012270206ABD30012210284C5AF001235BC
:10F1200003BFDE02F012220284C56F001235028492
:10F1300045230012240200420300123500685E4B92
:10F1400004B23500685E4B06B23500685E4B06328D
:10F15000350182E006F597AC0284452300122A03AC
:10F1600023DE02F0122B0183E006F597AC0180E06C
:10F1700006F29794028400C700113600B02AD70027
:10F1800017A2006DDE8955113602872B2F0012322F
:10F1900002005EFF0011360207AB2F00113601811D
:10F1A000E005610B0803BFDE02F0113803BFDE0289
:10F1B000F011360002DE02F00000020200BF00146F
:10F1C0004D0206ABD30012440104C1070017A10190
:10F1D000855E85610B0802042C23001244018460C3
:10F1E00001610B0801BC60370017A201BC60031469
:10F1F00017A100B045E300180000B045E300180077
:10F2000000B045E300180001BC620300107701BCA8
:10F2100060031B507600025E02F0013E00682AEB9C
:10F2200000124900E844655757A101BC63F71D1758
:10F23000A2006D5E86F4524900E84466F44ABA00C2
:10F240006CC46556724B00E84467002AB30206ABF3
:10F25000D3001250006DC46701524E01BC60030020
:10F260000B100284C5AF0012BD03BFDE02F01251C5
:10F270000280456F0012BD020701AB0012530180EE
:10F28000600209D04E01BC63FF1FF7A10068C5866C
:10F29000F4325601BC6003000ABD0204DEB700145C
:10F2A0004D0184E002F5B7AD0184E001610B080275
:10F2B00002DEB30012740206ABD30012650068AA26
:10F2C000F700925D00682B0300125E03BFDE02F0C0
:10F2D0001263018B600E2B915C0287ABD30012622C
:10F2E0000182600209D04E03BFDE02F01263018288
:10F2F000600609D04E00025E02F0121103BFDE026A
:10F30000F01267018360062B915C00025E02F0122E
:10F31000110204DEAF0012740282DEBB0012740020
:10F3200068AAF700926C0106AB170017BB0068DEF5
:10F33000EF001270028480C70012740068AAF70000
:10F34000326F006CC4655672730068AAF70092743D
:10F3500000682B0300127400E845895AF7A1006D7C
:10F360005E856052740186E005610B0802835EBB16
:10F3700000127A0206ABD300127800E845C95AF7AA
:10F38000A103BFDE02F0127900E845895AF7A10017
:10F390006E5E8554B2970205DEB700129300E02B33
:10F3A00097002AE501BC6003000AE700682C4700CB
:10F3B000127F00E82C47002B1101866002F5B7ADE3
:10F3C0000204DEFF00128900B02B9B0017A200B0E0
:10F3D0002A9B0017A10283AC2700128600682C87A5
:10F3E000001287006D5E8564328700B02C7F0017A5
:10F3F000A2006D2B96F452890184E002F7F7BF0258
:10F4000006DEFF00129300E02BC7020AF100B044B1
:10F4100067000AFC01182BC70017A1011A2BC700AF
:10F4200017A2006E5E87001291006DDE895E529118
:10F4300003BFDE02F0129301BC6003000AF10186F3
:10F44000E002F7F7BF02025EFF00144D0068AAEB6E
:10F4500000144D00B02AC7000ABA03BFDE02F01440
:10F460004D0182E002F7F7BF02862C2300129F00B5
:10F4700068B05B00129B0068305F00129F00E94497
:10F480006582D7A600E8C46982F7BB00E10EE2F40A
:10F49000C3B800E08EE6F763B902025EFF0012A770
:10F4A000020600C70012A402802BD30012A400B0F1
:10F4B0002B2B0017BB006E2B02F7744D02025EFF70
:10F4C0000012A700B04467000ABA03BFDE02F014BE
:10F4D0004D0205DEB70012B500682AF70872AA00CF
:10F4E000E8446555CAB600682C470012AC00E82C09
:10F4F00047002B1100E02B9F002AE700B02BA30050
:10F5000017A100B02A9B0017A20283AC270012B2F9
:10F5100000682C870012B3006D5E896432B300B0BE
:10F520002C830017A1006D2B9EF432B501BC600343
:10F53000000AE50068AAF700B2B800B04467000A04
:10F54000EF00B0446B000AF30068AAF70132BC0078
:10F55000B04467000B0B02062BD30012BC00B02C8A
:10F560007B010B1E03BFDE02F0144D020701AB004E
:10F5700012BF0180600609D04E0204DEB70012C837
:10F580000283C5730012C201876006F577AB028261
:10F59000DEB300144D0203C57300141C00E844657B
:10F5A0005637A1006D5E8555B44D01836006F5D7D1
:10F5B000AE03BFDE02F0144D00E10ED30023B40011
:10F5C000E08ED70003B502862C230012CD00B04494
:10F5D00067000C1600B0446B000C170206AC230049
:10F5E00012D001846002F5B7AD0186E001610B081D
:10F5F0000206ABD30012D701BC6003000AD7006D2E
:10F6000045C71F52D400B045C7000AD700E0446583
:10F610005AF7BB00E85EEE2E2AB103BFDE02F012FD
:10F62000DC01BC6003000AD7006D45871F52DA0079
:10F63000B04587000AD700E044655AF7BB00E85E92
:10F64000EE2C2AB101836002F5D7AE0184E006F505
:10F65000B7AD0185E002F5B7AD01826002F7F7BFF3
:10F6600001856002F5B7AD01BC6003000B0500E841
:10F6700044655637A1006D5E855DD2E2006D5E8502
:10F6800055B2E600E02B63002AD800B02A93001799
:10F69000B30206ABD30012F501BC60030191780000
:10F6A000B045E300180000B045E7000AC401BC60A3
:10F6B0000301B17800B045E300180000B045E70051
:10F6C0000AC501BC600301D17800B045E300180011
:10F6D00000B045E7000AC601BC600301F17800B044
:10F6E00045E300180000B045E7000AC703BFDE028B
:10F6F000F0130101BC600300117800B045E300186D
:10F700000000B045E7000AC401BC60030031780086
:10F71000B045E300180000B045E7000AC501BC6031
:10F720000300517800B045E300180000B045E70041
:10F730000AC601BC600300717800B045E300180000
:10F7400000B045E7000AC70182E001610B0802072B
:10F75000AB1B0013040182E005610B0800B02B17FE
:10F760000017BB01285EEF000ABD01BC60131C57E7
:10F77000BB02182B1B00130B01182B1B0017A60034
:10F7800080DE9AF777BB00B041B70017B301342B86
:10F790001B0017A201182B1B0017A300682AF700F3
:10F7A00033180068AAF700931100685E8F00731A7F
:10F7B00003BFDE02F0131800682AF7013317006850
:10F7C000AAF70053150068DE8B00731903BFDE0231
:10F7D000F013170068AAF700731A0068DE8B00D3D5
:10F7E0001900685E8F00331A00685E8F00131A01DB
:10F7F0008760055E8AF402032BD300132200682A77
:10F80000F702D31D0068AAF702B32201BC60131CE3
:10F8100057BB0234AB170013220134AB170017A6F5
:10F820000080DE9AF777BB00B041B70017B3020241
:10F830002C270013240186600560AB05006E2AF7B3
:10F8400001F3280088600557B7BB0020DEED5C534C
:10F850002B03BFDE02F0132E00E82AF70217BB00CD
:10F86000886006F777BB00205EED5C732E01856033
:10F8700006F5B7AD020480C300132E0184E00560D5
:10F88000AB05006E2AF701F3350088600557B7BB5A
:10F8900000205EEF0193330186600160AB050068D4
:10F8A000AC470013390020DEED5A933803BFDE0267
:10F8B000F0133900E82AF70217BB00886006F777D3
:10F8C000BB00205EED5AB3390184600560AB0500D2
:10F8D00068AAF702F342010DAB170017A1010EABA6
:10F8E000170017A200685E8700134200E05E86F4EE
:10F8F00057A100E05E87080ABD0186600160AB0584
:10F9000000682C470013420184600160AB050203CC
:10F910002BD300134E018360015AAAD500682AF741
:10F9200002D3490068AAF702B35E0068AAE7001391
:10F930004C0068AB2300134C0282DEBB00134C0268
:10F94000072B1B00134C0184600560AB0503BFDE71
:10F9500002F0135E0283C57300135E00025E02F0C4
:10F9600015BE0068AAF702B35E018360055AAAD5E6
:10F9700000E02C8F002B2301856002F5B7AD0068F5
:10F98000AAE700135E0068AB2300135E0282DEBBB1
:10F9900000135E00B02AC30017A201342B1B00170E
:10F9A000A1006EDE8706135900B02ABF0017A2001F
:10F9B0006E5E8964735E01BC6003000B2301BC6052
:10F9C00003000ADA01856006F5B7AD0184E0056140
:10F9D0000B080068AAF700B36802075EFF0013680F
:10F9E00001342B1B0017A3006DDE8D6033680068A7
:10F9F0005E8F0013680283AB1700136601836005F6
:10FA000060AB0503BFDE02F0136800B02BDB000A19
:10FA1000F000B0446B000AF70068AAF701337702E0
:10FA200002AC2700136B0186E00560AB050281ABD9
:10FA3000D300137701BC6003000ADA00682C2F00A2
:10FA4000137700E844656177A1006D5E856193746A
:10FA500000B02C330017A200E05E8961B7A2006DF0
:10FA6000DE86F453760200AC23001377018560052F
:10FA700060AB0503BFDE02F013770180E001610B8C
:10FA8000080068AAF701137A00B02AC7000AD1015A
:10FA900087E006F7F7BF0207DEFF00137C0181E075
:10FAA0000560AB0500682AF700338100682AF7017A
:10FAB000F38102852BD300138000682AF70313819A
:10FAC0000068AAF700939201826006F7F7BF00B0C2
:10FAD0002AC7000AB90068AAF703138800682B2315
:10FAE00000138800B00013000ABD00B02B7F000A8D
:10FAF000C003BFDE02F013910068AAF700939201E1
:10FB00001C2B17000AC00106AB170017BB00685E6C
:10FB1000EF00138F01BC6003006AC300B02C7B00B0
:10FB20004B1E03BFDE02F0139100A82C7B004B1E7E
:10FB300001BC6003008AC300B02AC7000AC80202E1
:10FB4000DEBB00139F0284DEFF0013950206DEFF7A
:10FB500000139F00B02AD70017A2006DDE8955134D
:10FB60009E00B02B9B0017A200B02A9B0017A10299
:10FB700083AC2700139C00682C8700139D006D5EEA
:10FB80008564339D00B02C7F0017A2006DAB96F406
:10FB9000539F0182E00560AB050286ABD30013AD35
:10FBA0000088600557B7A10020DE856393A500E8B3
:10FBB0002AF70217A100886006F437A100205E85AD
:10FBC00063B3AB00682C6F0013AB01342B1B001721
:10FBD000A2006E5E8B0293AA00B02C7B002B1E034A
:10FBE000BFDE02F013AB00A82C7B002B1E0068AA1E
:10FBF000F702F3AD00B04467000B1B00E05ECD548C
:10FC0000B7B301826002F5D7AE00B02C2B0017A16C
:10FC100000B02AD70017A2006D5E895513B4028682
:10FC20005EB70013C503BFDE02F013B6006D5E853C
:10FC30005FF3CA02812C230013C501BC601F07704B
:10FC40006501BC601F11506401BC601F11D7A40086
:10FC5000685A030013C10088580300F7A30134D881
:10FC6000030017A200E95E8E2337A301C3E002233D
:10FC700057A500E8DE8AF4B7A20068DE8B0013C146
:10FC8000006EDE8EF673C500E0419300306400E044
:10FC90004197019065006D4192F493B903BFDE0274
:10FCA000F013CA00682AF70093CA00682AF70053C5
:10FCB000CA00682AF70073CA01826006F5D7AE0051
:10FCC000025E02F015BE01BC60131C57BB01342B51
:10FCD0001B0017A20080DE8AF777BB00B041B70097
:10FCE00017A200682AF70053D700682AF70253D7F3
:10FCF00000682AF70273D700682AF70073D70068F4
:10FD00002AF70853D700682AF70873D700682AF73C
:10FD10000893D700682AF703D3D703BFDE02F01396
:10FD2000E60185E006F5B7AD00685E8B0013E100E3
:10FD3000B05E8B000AA60182E006F5D7AE00682C03
:10FD40008B0013DE006E5E896453DE018160056303
:10FD5000CB1E00E02BAB002AEA006E5E896013E147
:10FD60000182600560AB0500E844655637A100B02C
:10FD700044670017A300682AF70893E500E85E8E41
:10FD8000F42AAE01846002F7F7BF0282DEB30014EA
:10FD90004D0203C57300141C00B02AAB0017A2006B
:10FDA000B02AB30017A30068AAF70093F602802BCD
:10FDB000D30013F600B02B030017A1006D5E855829
:10FDC00073F20180E00560AB0500682B4F0013F271
:10FDD00001BC6003000ABC00025E02F0159B0068D3
:10FDE0005E870013F600682BE70013F600B02BE7E0
:10FDF0000017A200B02BEB0017A300685E8F001362
:10FE0000FF00682AEB0013FF00E844655757A10084
:10FE1000E05E8EF457A2006D5E86F453FF018160B0
:10FE20000560AB0500682B4F0013FF01BC600300A9
:10FE30000ABC00025E02F0159B0281AB2F00140485
:10FE400002005EFF0014040204452300140403A012
:10FE5000DE02F014040183E00560AB050281AC27EB
:10FE600000141C02862C1700144D0286AC170014D7
:10FE70004D028080BF00144D02825EBB00144D0213
:10FE8000822BD300141C0281AC1700141C0280AC1E
:10FE90001700141C02812C1700141C02822C17005E
:10FEA000141C028881AB00141C0282AC17001415CC
:10FEB00002832B1700141C02832C170014150285D3
:10FEC0002C1700141502842C1700141C0284AC1784
:10FED00000141C0283AC1700141C02845EB70014CB
:10FEE0001B0204DEAF00141B0281DEBB00141B01E9
:10FEF00084E002F577AB00025E02F0159F03BFDEDF
:10FF000002F0144D00E844655637A1006DDE8554BB
:10FF1000B4280206ABD30014210183E0022B915CCC
:10FF200003BFDE02F0144D0183E0022B915C01BCA3
:10FF3000600318517800B045E300180001836002A7
:10FF40002F317900A84138F9D7A100B05E84FE7046
:10FF50004E03BFDE02F0144D028101AB00142C02EF
:10FF60000081AB00143702842C170014370280ACD8
:10FF7000170014370206ABD3001435006BAC4223D4
:10FF8000343000E04467014B10018B60022B915C20
:10FF90000287ABD30014330182600609D04E03BF41
:10FFA000DE02F014340182600209D04E03BFDE028B
:10FFB000F01436018360022B915C03BFDE02F01463
:10FFC0004D0206ABD3001440006BAC4223343B001F
:10FFD000E04467014B10018B60022B915C0287AB00
:10FFE000D300143E0182600609D04E03BFDE02F04A
:10FFF000143F0182600209D04E03BFDE02F01446B6
:020000041005E5
:10000000018B60022B915C01BC600318517800B039
:1000100045E3001800018360022F317900A84138C0
:10002000F9D7A100B05E84FE704E00025E02F012AD
:100030001D02845EB700144D02832BD300144A00C6
:10004000682AF702B44D0184E006F577AB00E02B97
:1000500027002AC903BFDE02F015870002DE02F086
:1000600000000185E002F5B7AD01836002F5D7AE6F
:100070000182E002F5D7AE0182E002F7F7BF01840A
:10008000E002F7F7BF01BC6003000AD301BC6003C4
:10009000000AC801BC6003000AC001BC6003000A7A
:1000A000EA018760015F6AFB01BC6003000C160176
:1000B000BC6003000C170181600163CB1E0002DEEF
:1000C00002F00000020200BF0014B20283DEFF0053
:1000D00014DA0183E006F7F7BF018560060B705B59
:1000E000018560060BF05F0206ABD300146601BC0D
:1000F000600302116D00B02A9700116E028045ABBB
:1001000000147A03BFDE02F0146901BC600302111F
:100110005D00B02A9700115E0280456B00147A02E0
:1001200006ABD3001473006BAC4223346D00E04483
:1001300067014B10018B60022B915C0287ABD300EF
:1001400014700182600609D04E03BFDE02F0147104
:100150000182600209D04E0188600E2D516A03BFF2
:10016000DE02F0147A018B60022B915C01BC60030B
:1001700018517800B045E3001800018360022F3168
:100180007900A84138F9D7A100B05E84FE704E0115
:1001900088600E2B515A00B0413F1FF04F00682A73
:1001A000BB00148001846006F7F7BF01BC602F1705
:1001B00017A300E04466F46AB401BC6003000AAE11
:1001C00000025E02F0144E00E844695FD7A1006EA1
:1001D000DE8700348A00B02BD7000AF001BC600330
:1001E000000AEF00682AEB00148A00B04467000A96
:1001F000B900E84465554ABA00B02AB30017A10017
:10020000E82AEAF42ABA028080BF0014970281DE4D
:10021000BB0014A80206ABD300148F0204C5AF00C4
:10022000149703BFDE02F014900200456F0014978C
:100230000283C5730014970206ABD300149501BC6A
:1002400063FF1FF7A10068C5C6F434A803BFDE0230
:10025000F0149701BC63FF1FF7A10068C586F43452
:10026000A80206ABD300149E018B600E2B915C029A
:1002700087ABD300149C0182600209D04E03BFDE1D
:1002800002F0149D0182600609D04E03BFDE02F029
:1002900014A4018B600E2B915C01BC600318517893
:1002A00000B045E3001800018B2B2E2F317900A8F8
:1002B0004138F9D7A100B05E84F9B04E0184E00264
:1002C000F5B7AD0184E002F577AB0185E001610B84
:1002D0000803BFDE02F015920206ABD30014AB0098
:1002E000025E02F0121D03BFDE02F014AD01836056
:1002F000022B915C00025E02F0121D0184E006F503
:10030000B7AD0184E006F577AB0206ABD30014B1BC
:1003100001846005610B0803BFDE02F01592018DB8
:1003200060020BF05F0206ABD30014B60188600ECA
:100330002D516A03BFDE02F014B70188600E2B5105
:100340005A028181AB0014C80206ABD30014C1006D
:100350006BAC422334BC00E04467014B10018B605E
:10036000062B915C0287ABD30014BF0182600209A7
:10037000D04E03BFDE02F014C00182600609D04EE9
:1003800003BFDE02F014D7018B60062B915C01BC29
:10039000600318517800B045E30018000183600243
:1003A0002F317900A84138F9D7A100B05E84FE70E2
:1003B0004E03BFDE02F014D70206ABD30014D10007
:1003C0006BAC422334CC00E04467014B10018B60DE
:1003D000022B915C0287ABD30014CF018260060927
:1003E000D04E03BFDE02F014D00182600209D04E6D
:1003F00003BFDE02F014D7018B60022B915C01BCBD
:10040000600318517800B045E300180001836002D2
:100410002F317900A84138F9D7A100B05E84FE7071
:100420004E0184E002F5B7AD0184E002F577AB0040
:10043000025E02F0144E0002DE02F0000000B04442
:100440006B000AFE0202DEB30014E70206ABD30023
:1004500014E5018360062B915C0287ABD30014E2A4
:100460000182600209D04E03BFDE02F014E3018274
:10047000600609D04E00025E02F0121103BFDE02D8
:10048000F014E7018360062B915C00025E02F0121B
:100490001101866005610B08020200BF00150C0106
:1004A00083E002F7F7BF0203C5730014FC0200806B
:1004B000BF0014FC0206ABD30014F5006BAC422362
:1004C00034F000E04467014B10018B600E2B915C0F
:1004D0000287ABD30014F30182600209D04E03BF40
:1004E000DE02F014F40182600609D04E03BFDE0282
:1004F000F0150B018B600E2B915C01BC6003185151
:100500007800B045E3001800018B2B2E2F317900C5
:10051000A84138F9D7A100B05E84F9B04E03BFDE20
:1005200002F0150B0206ABD300150500E04467008E
:10053000B7BB006CC466F774FE018B60022B915C44
:100540000287ABD30015030182600609D04E03BFBA
:10055000DE02F015040182600209D04E03BFDE0204
:10056000F0150B018B60022B915C01BC60031851EC
:100570007800B045E3001800018360022F31790054
:10058000A84138F9D7A100B05E84FE704E0182E028
:1005900002F597AC0002DE02F0000001BC6003002F
:1005A00037A20020E3FE0915680020E0420D95689F
:1005B00002845EB30015680280420300156802845D
:1005C000452300156803915E02F015680068AB4F83
:1005D0000015680282DEFF00156800682ABB00155E
:1005E0001900E8446555D7B900E82A9AF737B902E7
:1005F000805EFF00159B020180C700159200B02AA3
:10060000D70017A1006DDE855515920282DEB3007A
:1006100015680203C573001549020480C700154917
:1006200000685E8B00152E0284AC2300152E020399
:10063000C5730015490202ABD300152502855EBBC8
:100640000015260282DEBB00154900B02B8300177F
:10065000A1006EAB6AF4352E0203C5730015490084
:10066000682A9B00152D00682ABB00152E006ADE43
:10067000E554F549006ADEE55A554900682AE70065
:10068000154902941DF30015310203DE530015369F
:1006900003BFDE02F0153401141DF30017A600900D
:1006A0001CBAF4D7A602005E9B00153600B02B875B
:1006B000000AA703BFDE02F0159201BC60030257D7
:1006C0009201BC63FF1FF0C301BC60030910E3018A
:1006D000865E8A1C70E3018460061C70E300682A51
:1006E000EF00153D0185E0061C70E301BC600303CB
:1006F000978200025E02F0157200B054130010E4FD
:1007000000E043915B30E401BC60030010EE01BCEB
:1007100063FF1FF0CE00E02AEF002ABB01BC61039B
:100720000077A601141DF30017A200B05E8B000C29
:100730001801BC610303EC1903BFDE02F01562026D
:10074000845EB700156801BC60230890E600025E75
:1007500002F0016A00B05ECF0010E40068AAF70062
:1007600035520205AC2300155200E82ACE2337A3E8
:10077000006DDE8E1C955200B05E8F0010E40068A4
:100780002A9B00155A00B02ADB0010E40206ABD306
:100790000015570284C5AF00155A03BFDE02F015DD
:1007A000580280456F00155A00695EE700155A002F
:1007B000E05EE556D0E40282DEBB00155E00682AEA
:1007C000F700155E00E10EDA1C83B600E08EDF0054
:1007D00003B701BC600301D78200025E02F015720C
:1007E00001BC61030077A603BFDE02F0156200B012
:1007F000004700108600025E02F015F800025E025B
:10080000F010700190600A09104801846006F597A5
:10081000AC00B05E9B0010800002DE02F00000021F
:10082000805EFF00156D0281DEBB00156D02018048
:10083000C7001592020480C700159201806002F77C
:10084000F7BF0280C28F0015930201DEBB00159333
:1008500001BC60030017A203BFDE02F0150E0068A2
:100860005E4B0635790285DEFF00158000B02B3720
:100870000017A1006DAAEEF4358001BC60030137BA
:100880008000B02B3B0017A1006D2AEEF4357B02EF
:10089000812BD300157B01BC600301778001BC6014
:1008A0000300378100025E02F0014301D2DE0AA09C
:1008B00030E000B0540B0010E103BFDE02F01586FB
:1008C0000280ABD300157901BC600301578001BCE5
:1008D000600300178100025E02F0014300B054077C
:1008E0000010E000885E0B0070E10002DE02F00004
:1008F0000000682AF30015920204DEAF0015920092
:10090000E844655797A4006E5E9154F59200885EA6
:10091000930037A4006D5E9154F59200025E02F0E0
:1009200015E303BFDE02F0159F00E844655797A466
:1009300000885E930037A400025E02F015E303BF57
:10094000DE02F0159F0284DEAF0015960181E00201
:10095000F5D7AE03BFDE02F0159F00682B670015C8
:100960009B00E044655B2AD300682B6B00159A005E
:10097000E044655A4AD30002DE02F00000018060C4
:1009800006F7F7BF00682AF300159F00E844655793
:1009900097A400025E02F015E301846002F597ACB3
:1009A00001BC6003000ABC01BC6003000AD301BCA7
:1009B0006003000ABB0104DEAF0017A101845E865C
:1009C000F5B7AD0284DEAF0015A8018060060D907A
:1009D0006C0002DE02F000000285AC230015BD02AF
:1009E00003C5730015BD00B02A8F0017A30202AC27
:1009F000230015AD00B02AAF0017A30202DEBB0032
:100A000015AF00B02A8B0017A300E04466F46AB368
:100A10000185E005610B0800B04467000B03020686
:100A2000ABD30015B7006BAC422335B600E044678A
:100A3000014B100183E0022B915C03BFDE02F01535
:100A4000BD0183E0022B915C01BC6003185178006A
:100A5000B045E3001800018360022F317900A841FE
:100A600038F9D7A100B05E84FE704E0002DE02F0BD
:100A700000000202DEB30015C90206ABD30015C7A1
:100A8000018B600E2B915C0287ABD30015C40182F1
:100A9000600209D04E03BFDE02F015C50182600678
:100AA00009D04E00025E02F0121103BFDE02F01503
:100AB000DB018360062B915C00025E02F0121102E2
:100AC00003C5730015CE0284DEAF0015CE0281DEB1
:100AD000BB0015CE02805EFF0015CE02045EB7009B
:100AE00015E20206ABD30015D5018B600E2B915C8D
:100AF0000287ABD30015D30182600209D04E03BF39
:100B0000DE02F015D40182600609D04E03BFDE027A
:100B1000F015DB018B600E2B915C01BC600318515A
:100B20007800B045E3001800018B2B2E2F3179009F
:100B3000A84138F9D7A100B05E84F9B04E0183E036
:100B400001610B0801846006F5B7AD0184E002F590
:100B500077AB01BC6003000ABB01846002F597AC6F
:100B60000185E001610B080186E001610B080002CC
:100B7000DE02F0000000682B5B0015E500B02B5B87
:100B80000017A4006D5E915555E700B02AAB001721
:100B9000A400882B070037A500E82B0AF4AAC2009E
:100BA000885E930037A400E02B0AF48AC200902BE1
:100BB0000B00AAC100B02B07000AA70002DE02F05A
:100BC000000003A0DE02F015F1020042030015F15F
:100BD00000025E02F00D2F0183E005610B08018425
:100BE0006002F5B7AD0184E006F577AB01BC6003A8
:100BF000000ABB01846002F597AC00B04467000AAC
:100C0000BC0002DE02F00000010C81430017A101CC
:100C1000BC600300508A00685E070016020068DEB0
:100C20008700360201BC600300B08A00685E0700DE
:100C300036020282DE0300160201BC600300908AC5
:100C40000283DE0300160200E0600AF4D08A006826
:100C50005E0700160A0190422AA1308A00685E07EA
:100C600000360A0190422AA0108A0109DE0300170B
:100C7000A2018F5E8A11508A00685E8B00160A01FD
:100C800091E00E11508A0002DE02F000000109DE40
:100C9000030017A400E05A06F497A500905E96F4AE
:100CA00097A50203DE030016120282DE030016126D
:100CB00001BC61EF0857A60080DE96F4D7A50116A7
:100CC000DE870017A300885E870077A100E15E87BA
:100CD00002D7A100E0DE8F0017A301BC600300175C
:100CE000A2020E5E0300161901BC60030037A200C9
:100CF000905E96F457A50080DE96F437A100E1419E
:100D0000B7FFF7A600E1DE8701F7A10080DE96F4C9
:100D100077A300E1DE860DB7A100E0DE8F0017A308
:100D2000017A5E86F477A100885E86F457A100B050
:100D30005E870017A20287DE0300162600885E8702
:100D40000057A103BFDE02F0163302875E030016D0
:100D50002D01BC639B0CD7A50080DE86F4B7A100F3
:100D6000E141B7FFF7A500E0DE870017A100885E2C
:100D7000870057A103BFDE02F0163300885E8700AC
:100D800057A101BC639B0CF7A50080DE86F4B7A1D8
:100D900001BC62030017A500E141B6F4B7A500E06D
:100DA000DE870017A100E05E8400D7A10002DE020A
:100DB000F0000002001FF70000120282DE5300164E
:100DC0003B0188600204902400E02092F308240094
:100DD000E8208EF3082303BFDE02F00B3701B86072
:100DE0001604902401BC600301D02503055E02F0C7
:100DF000164C0287C037000C9E0386DE02F00CA161
:100E000000025E02F01236035CDE02F0163D00D8EE
:100E1000409B0117A100E05E8702379800A85E633F
:100E20000077980102DE530017A10182E002F297D9
:100E3000940188DE84FFA7FD006EA08EF3164C009F
:100E4000E85E6301D02501B8600604902403BFDE8C
:100E500002F0000201816004FFA7FD01B8600A04EE
:100E6000902403BFDE02F0000202285E87001662B3
:100E700000B041930017A400E04193007064010AA0
:100E80005E870017A200E84192F4506301185E8764
:100E90000017A100E86042F437A200885602F43639
:100EA000000068418EF4965E00E8418F00306300D8
:100EB000E8419300306400685E8B0216560090563D
:100EC00002F457A300B05806F4760103BFDE02F027
:100ED000165600684192F4966200E841930030642F
:100EE00001BC600300160003BFDE02F0165E00B016
:100EF0005E870017A10002DE02F0000001806002A0
:100F000086143000B050CB001065013850830017B4
:100F1000A10068DE3B06366A00E05A3300368C00DA
:100F20006EDA32F4201200B05A0B0017A201BC6333
:100F3000FF1FF7A300B050CF001064006EDA32F448
:100F4000366F00B05A370017A300B058130017824D
:100F500001BC600300160401BC601B1FD7B6010270
:100F6000D0C70017A100E04196F4306500E050CBF7
:100F700000D06401BC60030017B401BC600300171B
:100F80008001BC6003003781018760040310A0006A
:100F90009052330097A400E0418701B7B500685E26
:100FA000D2F0569600E05EDAF690630020D802F0A8
:100FB000368A020250C7001690009056030097A18F
:100FC00000E85E86F497A1019E6002F437A1006DEF
:100FD000DE87081690010A5E870017A201DA600218
:100FE000F437A100E05ED6F4506300886006F43761
:100FF000A100205602F4369000B05802F0360000EE
:10100000E05A2B00368A006ADED2F4768C0068DE65
:10101000D2F0169100E05E0300378000685E0300A6
:1010200036910186E0040310A003BFDE02F01691A2
:10103000006ADED2F4768C00E05ED30037B400D0D4
:101040005E0700378102985ED300167B00E0419373
:1010500000306403BFDE02F0167B00685E03000010
:101060001203BFDE02F006CC0282D0C70016A00039
:10107000B02A370017A101B82A32F4368401025091
:1010800013001685013C50830017A100B050A70043
:1010900017A4006D5A32F436A90182E00686343175
:1010A0000288502B0016A500B05A330017A1019EEC
:1010B0005E8684F427018360068634310002DE02F6
:1010C000F0000000B050730017A101B8506EF43664
:1010D000840106D00700168500B050AB0017A400AD
:1010E000D06006C0978000E0419700D7B5010A584C
:1010F000130017A100E05ED6F437B500B0580F001A
:101100001063011656030017810068D8130016BE3D
:10111000011400630017A10068DE870016B4008880
:10112000013B01168003BFDE02F016B90068DE87BE
:101130000076B700A0013BE0168003BFDE02F01688
:10114000B900E05E870970620088540301168000D0
:10115000E85A0330168001BC600300168101BC60B0
:101160000300168201BC600300168303BFDE02F099
:1011700016C300E0418EC09063006EC18EC036C3BE
:1011800000E8418EC0306300E858030037A100E05A
:10119000418EF43063013850A30017A5006858133E
:1011A00003F6DE0068418EC056DE006DDA0AF4B642
:1011B000DE011656030017A10068DE86F036DE0158
:1011C0005856030017A100E05E870DD7A200B05E5D
:1011D000D70010620020DE02A016D500E05E86D0A7
:1011E00037A300E05E8ED077A3006D5A02F456DE7E
:1011F000006E5E8EF496DE00E86002F4368300B086
:101200005E8F00168100A05A0F00768300E05A0B13
:1012100000368200E85A02F4568000D05E030037A0
:101220008000E0581300360400E0418F0030630274
:101230009858130016DB00E05ED70037B5006EC18A
:101240008EC036C400B0580300106303BFDE02F046
:1012500016C400B058130017A10068DA370016E171
:1012600000B05E8700168D006DDE86D1B6E300B05B
:101270005E8700168D0002DE02F0000001BC6003F4
:101280000017A1018760040310A001BC600309904E
:10129000B500B0006300F0B401BC60570310B601A4
:1012A000BC60030090B500B0006300B0B400B04271
:1012B000D30018000317DE02F016EC0397DE02F0ED
:1012C00016ED00B02A3300142F018EE00C0310A09D
:1012D000006DDE02D1B6F300E85A36F0168D03BF7A
:1012E000DE02F016F501BC600300168C01BC600341
:1012F00000168D006E5A3AF016F801BC6003001615
:101300008E03BFDE02F016F900E85A3AF0168E009E
:10131000B058070017A100E0580EF01603006ED871
:101320000EF436FF00E85E86C017A100E8580EF400
:10133000360300E8580F00360301185E030017A1BA
:10134000006DDE0302170700E86042F437A2009048
:101350005A1AF4368600885A1EF457A200905A1E74
:10136000F4368700B05A1AF4568603BFDE02F0172F
:101370000900905A1EF4368601BC600300168700EF
:1013800002DE02F000000158600300102A01B8607C
:101390000A04902401BC60030290040189E0020D5C
:1013A000906C0002DE02F000000200DE530017190C
:1013B00001BC60170777A100025E02F0012700B0B0
:1013C00040670017A200B05E8B0057A200025E02C9
:1013D000F0012B01BC600303378001BC60030017E0
:1013E0008100025E02F011320002DE02F000000114
:1013F000BC600303378000025E02F0112D0183E020
:1014000006F037810181E006F0378100025E02F0CC
:10141000113200B05E070017A200E044670B57A12D
:10142000006B4466F4372001BC6003113780000272
:101430005E02F0112D01806006F0378100025E022D
:10144000F0113201BC600300978000025E02F011CF
:101450002D01806006F0378100025E02F01132003B
:10146000E044670157A1006B4466F4372A01BC6071
:101470000303378001A0607EF4578100025E02F012
:10148000113200E044670797A1006B4466F4372FE0
:1014900001BC600311578000025E02F0112D01842F
:1014A0006006F0378100025E02F0113200B05E0784
:1014B0000017A201BC60030A378000025E02F0112F
:1014C0002D01806002F0378100025E02F0113200CF
:1014D000E044670037A1006B4466F4373A0180604E
:1014E00006F0378100025E02F0113201BC60030891
:1014F000578000025E02F0112D018A6002F03781F0
:1015000000025E02F0113200E044670037A1006B78
:101510004466F43742018A600EF0378100025E02B1
:10152000F0113200E044670657A1006B4466F437BF
:101530004601BC60030CB78000025E02F0112D0270
:1015400080DE0700173001BC600311578001846002
:1015500002F4578100025E02F0113201BC60030008
:1015600037A30206ABD30017510284C5AF00175949
:1015700003BFDE02F017520280456F00175901BC0D
:1015800060030017A3018B600E2B915C01BC60030C
:1015900018517800B045E3001800018B2B2E2F3135
:1015A0007900A84138F9D7A100B05E84F9B04E01A6
:1015B000BC60170777A100025E02F0012700B0406F
:1015C000670017A200A85E8B0057A200025E02F01F
:1015D000012B00E044670157A1006B4466F4375FBC
:1015E00001BC600301B7A101BC60030477A2000243
:1015F0005E02F0012B01BC60130AF7A101BC60037D
:101600000017A200025E02F0012B01BC600301176B
:10161000A400E85E930037A401BC600301D7A100D9
:10162000B05E930017A200025E02F0012B01BC60C5
:10163000130AD7A101BC60030017A200025E02F0EA
:10164000012B0068DE9300176700685E8F0017713A
:101650000002DE02F0000001BC60270CB7A101BC53
:1016600060030197A200025E02F0012B01BC60271B
:101670000EB7A101BC60030137A200025E02F001B7
:101680002B01BC60030657A401BC60030077A301D3
:10169000BC60130957A100025E02F00127018060BF
:1016A000060337A200025E02F0012B01806002F403
:1016B00057A200025E02F0012B00E04466F497A1FD
:1016C000006B4466F4378000E85E8F0037A3006843
:1016D0005E8F00178701BC60030317A401BC60275D
:1016E0000F17A100025E02F001270068C0671FF714
:1016F0007901BC60270EB7A101BC600301F7A2000D
:10170000025E02F0012B0002DE02F000000002DEA9
:1017100002F000000200DE5300179D01BC60130EB2
:1017200077A100025E02F0012700A040673FEC4471
:1017300001BC60131497A100025E02F0012701961C
:10174000E0020337A200025E02F0012B01BC60132D
:1017500009B7A100025E02F001270187600203378A
:10176000A200025E02F0012B01BC60130997A100E8
:10177000025E02F00127018760060337A200025EC5
:1017800002F0012B0002DE02F0000001BC607300D9
:1017900017A301BC60131497A100025E02F0012799
:1017A00000A04066F477A40196E01EF497A300B071
:1017B0005E8D8897A200025E02F0012B01BC6013CF
:1017C00009B7A100025E02F0012701876006033716
:1017D000A200025E02F0012B01BC60130997A10078
:1017E000025E02F00127018760060337A200025E55
:1017F00002F0012B0002DE02F000000068DE930020
:1018000017B100E05E030057A201095E8B0017A12B
:1018100003BFDE02F017B90068DE930037B5011090
:101820005E030017A200E05E8B0097A103BFDE02FB
:10183000F017B901305E030017A200E05E8B01973C
:10184000A1006D5E870597B901BC60030597A100F3
:1018500002DE02F0000000682BCB0017BF00B02BA7
:10186000F30017A100E05E855FB7A1006BDE862361
:1018700037BF0186E006F7F7BF0002DE02F0000086
:1018800000681F330017CD020200BF0017C3020318
:1018900045730017CD0285C5230017CD00681F339F
:1018A0000037CB00B01FC70017A100025E02F00195
:1018B0002700A84064F9D7A200B05E88F9B7A2005B
:1018C000025E02F0012B03BFDE02F017CD00A8413B
:1018D00038F9D7A100B05E84F9B04E0002DE02F004
:1018E0000000020200BF0017C3020345730017CDBA
:1018F0000158600300102A0189E0020D906C01BCC0
:10190000600300900400B040130017A10002DE0243
:10191000F00000018260060F10780207C1E3001793
:10192000D601BC60030C17A301BC600300907601D4
:10193000BC600300107700025E02F0013401BC605D
:10194000030C97A300025E02F0012F00886011874C
:1019500057A101BC5E860EF07700025E02F00134F2
:1019600001BC60030C17A301BC600300B07601BC8E
:10197000600300107700025E02F0013401BC6003D6
:101980000C97A300025E02F0012F008860058757C4
:10199000A101BC5E860ED07600025E02F001340129
:1019A000BC60030017A300025E02F0012F018560F6
:1019B000060ED07600025E02F0013401BC60030C1A
:1019C00017A301BC600300307601BC6003001077F0
:1019D00000025E02F0013401BC60030C97A3000218
:1019E0005E02F0012F01AC60A20EF07700025E02F1
:1019F000F0013401BC60030017A300025E02F00195
:101A00002F018560060ED07600025E02F0013401DF
:101A1000BC60030C17A301BC600300307601BC60FE
:101A20000300107700025E02F0013401BC60030C79
:101A300097A300025E02F0012F01AC60020EF07766
:101A400000025E02F0013401BC60030017A3000233
:101A50005E02F0012F018560060ED07600025E0264
:101A6000F00134018260020F10780002DE02F00003
:101A70000001BC60130817A100025E02F0012701FB
:101A80008060020337A200025E02F0012B01BC60FD
:101A9000030037A100025E02F001270188600E03F7
:101AA00037A20068B0EB0018100188600A0337A263
:101AB00000025E02F0012B01BC601B0657A1000270
:101AC0005E02F00127018830EA0337A200025E02BD
:101AD000F0012B00025E02F017D501BC601308175D
:101AE000A100025E02F00127018060060337A20018
:101AF000025E02F0012B0002DE02F0000001BC6079
:101B0000430890E600025E02F0016A01BC604F11DA
:101B100010E40190600A09104801BC60030000064F
:101B200001BC600301D78201D2DE0877F0E000B08B
:101B30000F030010E100B0004700108600B00F1F37
:101B400000108A01BC600300378100025E02F010C1
:101B50007001BC60030010BB01BC61030010800178
:101B600082600610308103D05E02F003940002DE32
:101B700002F0000000681F83001882028042030008
:101B800018820285C52300188200681F8F003882E2
:101B900000681F8B00385F01BC60130817A10002AA
:101BA0005E02F00127018060020337A200025E029C
:101BB000F0012B01BC601B1B57A100025E02F0016B
:101BC0002700B04067000C3E0182E0060337A20008
:101BD000025E02F0012B01846006F457A200025E4F
:101BE00002F0012B01BC60270F37A100025E02F05A
:101BF000012700B04067000C3F018860060337A250
:101C000000025E02F0012B01BC60271597A10002C3
:101C10005E02F0012700B04067000C40019B601697
:101C20000337A201806006F457A200025E02F001B1
:101C30002B01BC60131077A101BC600B0017A20040
:101C4000025E02F0012B01BC60131057A100025E7E
:101C500002F0012701B860820337A200025E02F0A1
:101C6000012B01BC60131037A100025E02F00127B6
:101C70000180E0020337A200025E02F0012B01BCEA
:101C800060030007E201BC60030007E30068310F56
:101C900000185700E044658867E103BFDE02F018D2
:101CA0005800E044670807E101BC60131037A10049
:101CB000025E02F00127018060060337A200025E87
:101CC00002F0012B01BC60030027E200025E02F07B
:101CD0000127020040670018730280420300187356
:101CE0000285C52300187301BC60131037A10002E0
:101CF0005E02F0012702004067001866006CC464B1
:101D0000FC385F00E03107002C4100E0310B002C73
:101D10004201BC601310F7A100025E02F00127002F
:101D2000B0406700018401BC601310D7A100025EBF
:101D300002F0012700B0406700018501BC602B1351
:101D400057A100025E02F0012700B0406700018643
:101D500001BC60131117A100025E02F0012700B060
:101D6000406700018701BC60271597A100B03103CF
:101D70000017A200025E02F0012B01BC60270F37A2
:101D8000A100B030FF0017A200025E02F0012B019B
:101D9000BC601B1B57A100B030FB0017A200025E05
:101DA00002F0012B01BC60130817A100025E02F0D3
:101DB0000127018060060337A200025E02F0012BBA
:101DC00001BC60030007E201BC60030007E000B053
:101DD0005E870017A10002DE02F0000001BC600374
:101DE000000C2500B030CB00179E00B030CF00179C
:101DF0009D00B030D300179C00B030D700179B0374
:101E0000BFDE02F00A1A000000000000000000001F
:101E100000000000000000000000000000000000C2
:101E200000000000000000000000000000207EC054
:101E300000000000000000000000000000000000A2
:101E40000000000000000000000000000000000092
:101E50000000000000000000000000000000000082
:101E600000000000000000000000000000207EC014
:101E70000000000000000000000000000000000062
:101E80000000000000000000000000000000000052
:101E9000000020000000401101000000000080163A
:101EA0000100800000008016010080030000801601
:101EB000000000400000801A2100E00300008016AE
:101EC000000200400000801A100200400000801A4A
:101ED000100202400000801A6100E003000080163A
:101EE000100200400000801A6101E013000080161B
:101EF000300200400000801A100200400000801AEA
:101F00001C0200400000801A000200000000801A3D
:101F10001C0A00400000801A1C0A20400000801AA1
:101F20001FCA20400000801A1FCA20400000801AEB
:101F3000010000000000801E090000000000801E5B
:101F4000000000000000800200000000000080028D
:101F50000000000000008002080000000000801E59
:101F6000000000000000801E010000000000801E34
:101F7000110000000000801E1FCA20C00000801A4F
:101F80001FCA20C00000801A5FCA20C00000801A4B
:101F9000B06400000000800E0000280000008012E5
:101FA000110000000000801E00000000C8254285CE
:101FB000000000000000400100000000000040019F
:101FC00000000000000040015FCA204000004019EE
:101FD0001FCA204000004019010000000000401D01
:101FE000010000000000401D010000000000401D35
:101FF000090000000000401D1FC2204000004019E1
:102000000F0000000000401D1FC220C0000040194A
:102010001BC220C000004019207D00000000400DC0
:10202000000020000000401100000000330442893D
:10203000000000000000400100000000000040011E
:1020400000000000000040011BC2204000004019B9
:10205000090000000000401D1BC220400000401984
:10206000010000000000401D000000000000401DB5
:102070001FC2204000004019010000000000401D68
:10208000090000000000401D1FC220400000401950
:102090000B0100000000401D1FC220C000004019BD
:1020A0001BC220C000004019C07700000000400D96
:1020B000000028000000401100000000331C42898D
:1020C000000000000000400100000000000040018E
:1020D00000000000000040011FC220C000004019A5
:1020E0001FC220C0000040196100E013000040152D
:1020F000000000000000400100000000000040015E
:1021000000000000000040016101E01300004015E4
:1021100013C220C000004019610180130000401567
:102120000A0100000000401D13C220C00000401939
:1021300008040000000000F800000000000040015A
:10214000000000000000400100000000000040010D
:1021500000000000000040010000000000004001FD
:1021600013C22040000040190B0100000000401D78
:1021700013C220C000004019000000000000400110
:102180000000000000004001030100000000401DAD
:1021900013C2204000004019000008000000401158
:1021A000610180130000401561018013000040159B
:1021B00061018013000040151FC22040000040193B
:1021C0001FC22040000040191FC2204000004019DB
:1021D0000B0100000000401D0B0100000000401D2D
:1021E0001FC220C0000040191BC220C000004019BF
:1021F000C37700000000400D0000080000004011FF
:1022000000000000131C4288000000000000400194
:10221000000000000000400100000000000040013C
:102220001BC2204000004019090000000000401DB2
:102230001BCA2040000040191FCA2040000040195E
:10224000090000000000401D1FC22040000040198E
:102250000F0000000000401D1FC220C000004019F8
:102260001BC220C000004019237D00000000400D6B
:10227000000000000000401100000000130442882C
:1022800000000000000040010000000000004001CC
:1022900000000000000040011BC220400000401967
:1022A000090000000000401D1BCA2040000040192A
:1022B000010000000000401D1FCA2040000040191E
:1022C000110000000000401D1FCA204000004019FE
:1022D0001FCA20C0000040191FCA20C000004019BA
:1022E0001FCA20C0000040195FCA20C0000040196A
:1022F000B06400000000400D000008000000401124
:10230000110000000000401D00000000B8254284BC
:10231000000000000000400100000000000040013B
:1023200000000000000040015FCA2040000040198A
:10233000010000000000401D1FCA2040000040199D
:102340001FCA204000004019000000000000401D8E
:102350001C0A2040000000181C0A20400000001841
:102360000000000000000010000000000000001C41
:1023700061018013000000141C0A204000000018B6
:102380006101800300000014100A204000000018C2
:10239000000A204000000018000A00400000001859
:1023A00041018003000000140008004000000018F4
:1023B000000010000000001000080240000000189B
:1023C0000008034000000018000802400000001848
:1023D000000800400000001800000000000000108D
:1023E000000800400000001800080040000000182D
:1023F00041018000000000144101000000000014B1
:102400004001000000000014000802400000001815
:102410000001000000000014000800400000001847
:10242000000800C000000018080C000000000004B4
:1024300008080000000000FC000000000000000090
:10244000000000000000000000000000000000008C
:102450000C715D48075F3100B3C9A561005B234B78
:10246000452524472808000000000000941DC513DE
:1024700001BD32080100343334333961302D726FBD
:102480006D6C2F7364696F2D672D706F6F6C2D707D
:1024900032702D69647375702D6964617574682D6F
:1024A000706B7466696C7465722D6B656570616CB8
:1024B0006976652D616F652D6C70632D7377646926
:1024C000762D7372666173742D66756172742D62F8
:1024D0007463782D6E6F636C6D696E632D636C6DC4
:1024E0005F6D696E2D6662742D6D66702D7361650A
:1024F0002D776F776C70662D746B6F2056657273D5
:10250000696F6E3A20372E39352E34392028323211
:10251000373162623620435929204352433A2062C0
:102520003761323865663320446174653A204D6FF7
:102530006E20323032312D31312D32392032323A63
:1025400035303A3237205053542055636F6465203C
:102550005665723A20313034332E323136322046CD
:102560005749442030312D633531643934303000DF
:10257000FA00445649442030312D623062343532FD
:1025800030660000000000000000000000000000B5
:10259000000000000000000000000000000000003B
:1025A000000000000000000000000000000000002B
:1025B000000000000000000000000000000000001B
:1025C00000000000424C4F423C000000FA69E0BBB2
:1025D0000100000002000000000000003C000000BC
:1025E000980300000A6F2B5200000000000000005A
:1025F000D403000004000000A0B0E5E200000000E9
:10260000434C4D204441544100000C0002005261F3
:102610007370626572727950692E5069636F5700EA
:102620000000312E32392E3400000000000000007E
:1026300070000000436C6D496D706F72743A203108
:102640002E34372E31000000000000000000000092
:10265000000076352032322F30362F323400000021
:102660000000000000000000010B010D0C0D000037
:1026700068030000740100006800000030010000E1
:102680007C010000000000004C0100004601000039
:102690005803000000000000280100009003000023
:1026A000880300007FB2000000000000000000006E
:1026B000000000000000000000000000000000001A
:1026C0000000000000000000700300000000000097
:1026D00032010000000000000000000000000000C7
:1026E00000000000000000000000000000000000EA
:1026F00000000000000000000000000000000000DA
:1027000000000000000000000000000000000000C9
:1027100000000000000000000000000000000000B9
:1027200000000000000000003400000081010000F3
:102730000102323032322D30362D32342030363AEA
:1027400035353A3038000000FF0000000100FF017D
:102750001E0000014800010100FF011400000148B3
:1027600000010000FF000000020000011E01000146
:10277000480101000000000000000000000100010D
:1027800001236E000200FFFFF00041540001000130
:10279000FFC000415500010001FFC000424500019B
:1027A0000001FFC000425200010001FFC000434190
:1027B0000000FF00FFCC00434800010001FFC00003
:1027C000434C00010001FFC000434E00010001FF27
:1027D000C000434F00010001FFC000435A00010048
:1027E00001FFC00044450001FF01FFCC00444B0045
:1027F000010001FFC000454500010001FFC0004588
:102800005300010001FFC000465200010001FFC05B
:1028100000474200010001FFC000475200010001D3
:10282000FFC000484B00010001FFC00048550001F7
:102830000001FFC000494C00010001FFC000494EEB
:1028400000010001FFC000495300010001FFC0006A
:10285000495400010001FFC0004A5000010001FF7F
:10286000C0004B4500010001FFC0004B52000100B9
:1028700001FFC0004C4900010001FFC0004C5400A2
:10288000010001FFC0004C5500010001FFC0004CD9
:102890005600010001FFC0004D5400010001FFC0BF
:1028A000004D5800010001FFC0004D59000100011A
:1028B000FFC0004E4700010001FFC0004E4C000168
:1028C0000001FFC0004E4F00010001FFC0004E5A42
:1028D00000010001FFC000504500010001FFC000E1
:1028E000504800010001FFC000504C00010001FFF2
:1028F000C000505400010001FFC00053450001001A
:1029000001FFC000534700010001FFC00053490010
:10291000010001FFC000534B00010001FFC0005443
:102920004800010001FFC000545200010001FFC037
:1029300000545700010001FFC00055530000000083
:10294000FFC00058580003FF02FFCC005A410001AD
:102950000001FFC000010D01000148000000014816
:1029600000000001480100000100000055030000C4
:102970000A0C0D0E0F1011121314150C0001020396
:102980000405060708090A0B00000000000000000B
:102990000000000000000000AFA900004E565241A8
:1029A0004D5265763D2452657624006D616E6669F0
:1029B000643D30783264300070726F6469643D3019
:1029C00078303732370076656E6469643D3078312F
:1029D0003465340064657669643D3078343365323B
:1029E00000626F617264747970653D307830383898
:1029F0003700626F6172647265763D3078313130D4
:102A00003000626F6172646E756D3D3232006D61CF
:102A100063616464723D30303A41303A35303A6235
:102A2000353A35393A35650073726F6D7265763DAA
:102A3000313100626F617264666C6167733D30783A
:102A4000303034303430303100626F617264666C23
:102A5000616773333D30783034303030303030009F
:102A60007874616C667265713D3337343030006E56
:102A70006F6372633D31006167303D32353500610F
:102A80006132673D310063636F64653D414C4C00CA
:102A90007061306974737369743D307832300065E9
:102AA000787470616761696E32673D3000706132C1
:102AB0006761303D2D3136382C373136312C2D3889
:102AC0003230004176566D69645F63303D30783056
:102AD0002C307863380063636B7077726F6666734F
:102AE0006574303D35006D617870326761303D3816
:102AF0003400747870777262636B6F663D36006382
:102B0000636B627732303267706F3D30006C65679F
:102B10006F66646D627732303267706F3D30783641
:102B200036313131313131006D6373627732303299
:102B300067706F3D30783737373131313131007060
:102B4000726F70627732303267706F3D30786464D4
:102B5000006F66646D64696766696C74747970652A
:102B60003D3138006F66646D64696766696C7474C2
:102B700079706562653D313800706170646D6F64B5
:102B8000653D31007061706476616C696474657371
:102B9000743D3100706163616C69647832673D3403
:102BA0003500706170646570736F66667365743D3F
:102BB0002D33300070617064656E646964783D35F2
:102BC00038006C746563786D75783D30006C7465A1
:102BD00063787061646E756D3D30783031303200ED
:102BE0006C74656378666E73656C3D307834340060
:102BF0006C746563786763696770696F3D307830BE
:102C00003100696C306D6163616464723D30303AEB
:102C100039303A34633A63353A31323A33380077EF
:102C20006C3069643D3078343331620064656164CE
:102C30006D616E5F746F3D30786666666666666667
:102C400066006D7578656E61623D307831303000B8
:102C500073707572636F6E6669673D3078330067B5
:102C60006C697463685F62617365645F6372736DDE
:102C7000696E3D31006274635F6D6F64653D310064
:102C8000000000000050F20100000000636F756E4C
:102C900074727900000000006375725F6574686586
:102CA0007261646472000000000000000000000017
:102CB000636C6D6C6F61640000000000636C6D6C90
:102CC0006F61645F737461747573000000000000CD
:102CD00000A050B5595E0000627373000000000050
:102CE0006D61786173736F630000000063636770E8
:102CF000696F696E00000000967801105877011026
:102D0000587701107078011058770110587701102A
:102D10004E7801105877011058770110587701103C
:102D2000587701103E78011058770110587701103C
:102D300058770110587701101C780110587701104E
:102D40005877011058770110587701105877011003
:102D50005877011008780110587701105877011042
:102D600058770110587701105877011058770110E3
:102D700058770110587701105877011058770110D3
:102D800058770110587701105877011058770110C3
:102D900058770110587701105877011058770110B3
:102DA00058770110587701105877011058770110A3
:102DB000EC7701105877011058770110DE77011079
:102DC00098B00110A4B0011000000000ACB00110D8
:102DD0000000000000000000B4B00110C0B00110FD
:102DE000000000000000000000000000C8B001105A
:102DF000D4B001100000000000000000000000003E
:102E0000E4B001100000000000000000000000001D
:102E100000000000000000000000000000000000B2
:102E200000000000000000000000000000000000A2
:102E30000000000000000000000000000000000092
:102E40000000000000000000000000000000000082
:102E50000000000000000000000000000000000072
:102E60000000000000000000000000000000000062
:102E70000000000000000000ECB0011000000000A5
:102E80000000000000000000000000000000000042
:102E90000000000000000000000000000000000032
:102EA0000000000000000000000000000000000022
:102EB0000000000000000000000000000000000012
:102EC0000000000000000000000000000000000002
:102ED00000000000F4B0011000000000000000003D
:102EE00000000000000000000000000000000000E2
:102EF00000000000000000000000000000000000D2
:102F000004B10110000000000000000000000000FB
:102F100000000000000000000000000018B10110D7
:102F200028B10110020000005585011079870110B9
:102F3000518701106986011031880110FD87011049
:102F4000C9870110958701108185011000000000DC
:102F50003587011029870110998601100020202053
:102F60002020202020202828282828202020202039
:102F70002020202020202020202020202088101009
:102F80001010101010101010101010101004040465
:102F90000404040404040410101010101010414123
:102FA0004141414101010101010101010101010111
:102FB0000101010101010101101010101010424225
:102FC00042424242020202020202020202020202E1
:102FD0000202020202020202101010102000000081
:102FE00000000000000000000000000000000000E1
:102FF00000000000000000000000000000000000D1
:1030000000000000000000000000000000000000C0
:1030100000000000000000000000000000000000B0
:1030200000000000000000000000000000000000A0
:103030000000000000000000000000000000000090
:103040000000000000000000000000000000000080
:103050000000000000000000000000000000000070
:10306000A8B10110B4B10110C0B10110CCB1011070
:10307000D8B10110E4B10110F0B10110D8B40110C1
:10308000F8B54746CE4680B51F00002304009046A1
:1030900099460BE0BFF35F8F4A461A608CF31088A5
:1030A0004046390001F060F800281AD12668EFF395
:1030B000108C72B63568002DFCD0BFF35F8F0423EF
:1030C000E55E2368002DE5DD013DA580BFF35F8F40
:1030D00000221A608CF310880120C0BCB946B046AB
:1030E000F8BD0020F9E7C04630B50268EFF3108163
:1030F00072B61368002BFCD0BFF35F8F0422835E8F
:103100000625445F02689C420ADD01338380BFF3D9
:103110005F8F0023136081F3108840BF012030BD12
:10312000BFF35F8F0023136081F310880020F6E760
:10313000D02330B500241B0600251C5707E0002BC8
:1031400013DBBFF35F8F156081F3108820BF026827
:10315000EFF3108172B61368002BFCD0BFF35F8FC2
:103160000423C3560268A342E9D1437904710133B1
:103170004371BFF35F8F0023136081F3108830BD6C
:1031800003000068EFF3108C72B60268002AFCD0CE
:10319000BFF35F8F04229A56002A0BDB002900D070
:1031A0000A6000201B68BFF35F8F00221A608CF357
:1031B00010887047D0221206126801201A71F1E7B8
:1031C000F0B5C646150000B504001E000268EFF316
:1031D000108172B61368002BFCD0BFF35F8F0423FD
:1031E000E3562268002B2BDBBFF35F8F00201060BB
:1031F00081F31088D02212061278002752B290462E
:103200009A420ED1002080BCB846F0BDBFF35F8F5C
:10321000176081F310882800310000F0A5FF002816
:10322000F0D12268EFF3108172B61368002BFCD046
:10323000BFF35F8F237922687F2BE7D9434602E0F3
:10324000D0231B061B682371BFF35F8F002313601D
:1032500081F310880120D6E7D02203000020120657
:1032600010B510561C68EFF3108C72B62268002A55
:10327000FCD0BFF35F8F04229A56002A06DB8242FD
:1032800004D0002900D00A60002004E01871012059
:103290005A7901325A711B68BFF35F8F00221A609E
:1032A0008CF3108810BDC046F0B5C64600B50D00C1
:1032B000040000F061FFFA2206000F00002328003E
:1032C0000021920000F088FF36184F41002F02DAEB
:1032D0000126174F7642D0231B061B68002598460F
:1032E0000AE0BFF35F8F156081F31088300039006A
:1032F00000F03AFF002818D12268EFF3108172B66F
:103300001368002BFCD0BFF35F8F237922687F2BDB
:10331000E7D943462371BFF35F8F0023136081F326
:103320001088012080BCB846F0BD0020FAE7C046F6
:10333000FFFFFF7F0268EFF3108172B61368002B66
:10334000FCD0BFF35F8FFF2303710368BFF35F8F70
:1033500000221A6081F3108840BF704710B50268E0
:10336000EFF3108172B61368002BFCD0BFF35F8FB0
:1033700043790268013BDBB24371002B08D1FF2483
:103380000471BFF35F8F136081F3108840BF10BDDD
:10339000BFF35F8F0023136081F31088F7E7C04607
:1033A00010B5084C2378002B0AD180230648074922
:1033B0005B051A68C25004338B42FAD10123237093
:1033C00010BDC046F68000200C1D0010000100104A
:1033D00010B5014B984710BD0D1D0020064B5A68D3
:1033E00002609A684260DA6882601A69C2605A694B
:1033F00002619B6943617047000002400268064B0E
:103400005A6042689A608268DA60C2681A6102692A
:103410005A6142699A61704700000240034B1A6882
:10342000C0239B009343024A136070470C80014005
:103430000C900140054B1A6880239B005340C0222A
:1034400092001340024A13607047C0460C8001404E
:103450000C9001400023F0B5DE4657464E464546E7
:103460009A46E0B589B001900E00988A45491B8BB9
:1034700014009847534681464349988A1B8B9847C6
:10348000534642490500988A1B8B98478046FFF7B0
:1034900087FF02A8FFF7A2FFC847A847FFF7CAFFA8
:1034A000251E22D00823C0219C46022049056246E1
:1034B0008B6A1A4018423FD0631B002D2FD1002A7F
:1034C00011D1002C11D0C0235B059B4602239A46E4
:1034D000063399465B464A4657469B6A1A401F4246
:1034E00042D0002AF6D0002C30D1FFF797FFC0471A
:1034F000FFF76EFF02A8FFF781FF09B0F0BCBB46E3
:10350000B246A946A046F0BD002C2FD1C0225205DC
:10351000926A914608224F463A40BF072DD50D2B9F
:103520001BD9002AF0D1C0225205926A9146082286
:103530004F463A40BF07F2D4002A04D12B00234360
:10354000002BB4D1D1E72B00002CF9D00B6E013C3D
:103550003370230001362B43F2E7019F013D3B7896
:1035600001370B660197E7E70025E5E7C0235B0518
:103570001B6E013C3370013699E72B00002ADFD126
:10358000DCE7C046494600004558000046430000BD
:103590000022154B10B59A60DA601A615A619A617F
:1035A000DA611A625A629A62DA621A635A639A6339
:1035B000DA631A645A649A64DA641A655A659A6519
:1035C000DA651A665A669A66DA661A675A679A67F9
:1035D000DA67F03292000021044800F0E5FD044B68
:1035E000044A1A6010BDC04600001050482D00204B
:1035F000806F002080011050F0B54E464546DE46F3
:103600005746E0B5214B00249E6D012585B0002E64
:1036100022D01F4B9A46012399461E4B984601E043
:10362000202C19D02A00230001342F003240E4B2AC
:103630006D00002AF4D0524697654A465B085B004D
:1036400022409B185B01434418009B4600F01EFC7F
:10365000002808D1BE43E3D105B0F0BCBB46B2465A
:10366000A946A046F0BD5B46E0219A78DB8A01A816
:1036700083600023C900018001210271437100F0C1
:1036800025FC584600F0A0FBE4E7C04600001150BE
:1036900000301150082D00209823F0B5C646C84AC6
:1036A00000B5D55880232E009B02102484B01E4004
:1036B0001D4274D0C34BC44C9A6AC44B00261A6096
:1036C0003B23E35C022B00D14FE17B23E35C022B25
:1036D00000D1F3E0BB23E35C022B00D1FAE0FB2333
:1036E000E35C022B00D101E13C23FF33E35C022BBE
:1036F00000D12DE17C23FF33E35C022B00D10EE1EE
:10370000BC23FF33E35C022B00D13FE1FC23FF33FA
:10371000E35C022B00D1F5E0AD4BE35C022B00D162
:1037200074E1AC4BE35C022B00D105E1AA4BE35CF6
:10373000022B00D175E1A94BE35C022B00D132E1F1
:10374000A74BE35C022B00D1A0E1A64BE35C022B6C
:1037500000D171E1A44BE35C022B00D1A1E1A34BAA
:10376000E35C022B00D17FE1002E08D1A04B1B7837
:10377000002B04D180219F4A90338902D150C0226E
:1037800069468F4B92009B6C80265B058A805B0D9F
:10379000012101A8029300F099FB974CB602EB06B9
:1037A00000D57FE080235B021D4231D01E43012300
:1037B00002249846844FBB7E002B14D000F0FCFC02
:1037C000012800D972E0C02200213800920100F0E7
:1037D00001FB380000F0F8FA00F0EEFC012802D9F5
:1037E000844B5C661C664346FB702037012C22D15B
:1037F000C0236A46DB009380804A02AB03CA03C33E
:10380000012101A800F062FB80227A4B92021A6526
:1038100080235B011D4210D18023DB011D4223D197
:1038200080231B021D422FD1AE4200D0C0E104B064
:1038300080BCB846F0BD0124BDE700241E43604BA8
:103840001C60FFF7A5FE80236A465B00938014721C
:10385000012101A800F03AFB8022664B12031A6591
:103860008023DB011D42DBD01E4380236A46DB0040
:103870009380012101A800F029FB10225D4B1A65FD
:1038800080231B021D42CFD01E43A0236A46DB00CB
:103890009380012101A800F019FB8022554B1201F1
:1038A0001A65C1E7FFF7A8FE26007BE7544B444AA0
:1038B0001C66536E2340A342FBD184E77833E75C58
:1038C000002F00D106E70233E25C002A00D00DE1B0
:1038D0003E00FFE6B833E75C002F00D1FFE602337D
:1038E000E25C002A00D0F9E03E00F8E6F833E75C3D
:1038F000002F00D1F8E60233E25C002A00D041E15B
:103900003E00F1E6F933FF33E75C002F00D103E717
:103910000233E25C002A00D02BE13E00FCE6793362
:10392000FF33E75C002F00D1EAE60233E25C002AB5
:1039300000D015E13E00E3E6324BE75C002F00D1FA
:10394000F4E60233E25C002A00D001E13E00EDE63D
:103950003933FF33E75C002F00D1CBE60233E25C62
:10396000002A00D0EBE03E00C4E63833E65C002ECF
:1039700000D1AAE60233E25C002A00D1A5E62000CD
:1039800000222030E25400F04DFA9EE6B933FF33B6
:10399000E75C002F00D1B9E60233E25C002A00D0D8
:1039A000C4E03E00B2E6184BE75C002F00D1C7E64A
:1039B0000233E25C002A00D0B0E03E00C0E6C04620
:1039C0000000115000400540082D0020002D00206F
:1039D0003B0200007B020000BB020000FB02000073
:1039E0003B0300007B030000BB030000FB0300005F
:1039F000F480002000301150100002000000105030
:103A0000002011507A020000FA0200006B4BE75CC4
:103A1000002F00D185E60233E25C002A76D13E0019
:103A20007FE6674BE75C002F00D184E60233E25C5F
:103A3000002A63D13E007EE6624BE75C002F00D196
:103A400088E60233E25C002A00D0A3E05E4BE35C30
:103A5000022B30D15D4BE35C002B27D15C4BE35C48
:103A6000022B00D08BE63E005A4BE35C002B00D1CA
:103A70007AE6FF239B00E25C002A00D17FE6002269
:103A8000E2541C3BE01800F0CDF978E6524BE75CBD
:103A9000002F00D159E60233E25C002A16D13E0025
:103AA00053E64A4BE35C002B00D158E6EF239B0022
:103AB000E25C002A75D1464BE35C022B00D05EE647
:103AC000444BE35C002B00D159E6D2E70022E254DC
:103AD0001C3BE01800F0A6F93E0036E6200000226C
:103AE000A030E2543E0000F09DF9F8E520000022ED
:103AF0006030E2543E0000F095F9EBE50022E2541C
:103B00001C3BE01800F08EF93E0014E60022E2545F
:103B10001C3BE01800F086F93E0002E60022E25469
:103B20001C3BE01800F07EF93E0009E62000002270
:103B3000A130FF30E2543E0000F074F9E6E52000C9
:103B400000222130FF30E2543E0000F06BF9D1E555
:103B50000022E2541C3BE01800F064F93E00E5E569
:103B6000200000226130FF30E2543E0000F05AF99C
:103B7000C6E520000022E130FF30E2543E0000F0B4
:103B800051F9C9E520000022E030E2543E0000F087
:103B900049F9A9E50022E2541C3BE01800F042F983
:103BA00054E70022E2541C3BE01800F03BF982E7A6
:103BB00031000A48694000F0EFFAC0463A020000BE
:103BC000BA0200007A030000BB030000BA03000041
:103BD000FB030000FA0300003A03000024950110E3
:103BE000F0B5C64600B50200838A008B8C46011CE6
:103BF000984200D9191CD47880252000461EB04177
:103C000089B2ED000D434003284301256C405B1A47
:103C1000D47054789BB29382002C31D16446D5681D
:103C2000A4014E1E2D19B0461469002923D0062E7A
:103C300032D92B0023439B072ED1631CEB1A022B96
:103C40002AD900238F08BF00E658EE5004339F4264
:103C5000FAD14346ED19DB1BE419B94209D02678A5
:103C60002E70002B05D066786E70012B01D0A378E2
:103C7000AB701469938A6418146180221202104395
:103C8000002B02D18023DB0118436346002B00D0B8
:103C9000000480BCB846F0BD0023E65CEE5401335E
:103CA0009942FAD1E5E7C0468368F0B51A68040086
:103CB000002900D0120C63789205900D002B08D1DA
:103CC000E38AC318E382238B834201D90023A382B2
:103CD000F0BDE368890125695E18471E002822D0DF
:103CE000062F26D901315B18EB1A022B21D92B00A4
:103CF00033439B071DD10023120E9200F158E95067
:103D000004339A42FAD1BF1AAD18B618904209D0BE
:103D100032782A70002F05D072786A70012F01D096
:103D2000B278AA702569E38A2D18C318E382256149
:103D3000C9E70022B35CAB5401329042FAD1256945
:103D4000F1E7C04610B50400836800211B68FFF747
:103D5000ABFF63681B685B0002D5238B834200D0F6
:103D600010BD01212000FFF79FFFF9E7084A03007B
:103D7000126C0020920703D49A78D209012A00D04D
:103D80007047D87E023843425841C0B2F8E7C04677
:103D90000000115010B5FFF7E9FF00280CD00749CB
:103DA000074B8C46074A9B6A126863449B1A0020A3
:103DB000C6229A424041C0B210BDC046E0FCFFFF9F
:103DC00000400540002D00200023837643610361FD
:103DD0007047C04610B58368002901D01C68214097
:103DE000002A12D08024E400114322420DD01A6828
:103DF00022420CD1084A0A401A60084A126C920703
:103E000003D40C23033BFDD28368196010BD817875
:103E1000034800F0C1F9C046FFFBFFFF000011504E
:103E200038950110436870B50021802504001E6894
:103E3000FFF7D6FE124B6D011A6C0543A37892076B
:103E40000ED55B060ED00F4B1E4080239B053343DF
:103E500062680021136020002A00FFF7BBFF70BDDD
:103E6000DB09F0D0A38A002BEDD001212000FFF761
:103E7000B7FEA023044ADB05324005431343E7E7BE
:103E800000001150FFFFFFAFFFFFFFDF70B5857E21
:103E90000400002D14D0FFF755FFA38A002B01D199
:103EA000280070BD2000FFF775FF002803D0012314
:103EB00000252377F4E72000FFF7B4FF0025EFE7A4
:103EC0008178014800F068F958950110F0B5CE46A8
:103ED000474680B5437805000E0085B0062B08D80C
:103EE0006C4A9B00D3589F466B4A13780133DBB270
:103EF00013706A4B1C686269EFF3108172B6136825
:103F0000002BFCD0BFF35F8FA1612000290000F0DF
:103F10003BF96269A369BFF35F8F0021116083F3EE
:103F20001088002804D105B0C0BCB946B046F0BD29
:103F300032006978287800F047F9F4E70121584BFE
:103F40001A788A431A701A7801318A431A7000224B
:103F50005A701A7802318A431A70CAE75149524F8F
:103F6000894652490024002388463A7812E04346A5
:103F70001B6861015B18002B06D0DB69002B03D0A6
:103F80006968287898473A780134E4B2511C2300D4
:103F9000A14217DBA242EAD89B1A5B014B44ECE733
:103FA0003F4B1A78D207BED504211A780A431A70FB
:103FB0009FE73B4B1A78D207B5D504211A788A437C
:103FC0001A7096E7364F3B785B072BD504223B7877
:103FD000002193433B706B460632981D00F0E4F8D5
:103FE0002B7801AC2370052363702C4B1B6898461B
:103FF0005A69EFF3108172B61368002BFCD0BFF33F
:104000005F8F434640469961210000F0BDF843466A
:104010005A699B69BFF35F8F0021116083F3108899
:10402000002831D1FB78DB0700D47CE76B460A22FD
:104030000021981D00F0B8F82B7801AC2370032301
:1040400063706B686360154B1D686A69EFF31081DC
:1040500072B61368002BFCD0BFF35F8FA9612800F4
:10406000210000F091F86A69AB69BFF35F8F00210E
:10407000116083F31088002800D154E73200617882
:10408000207800F0A1F84EE732006178207800F047
:104090009BF8C7E7F0B50110F58000205C18002000
:1040A000041800200CB60110F380002054160020E4
:1040B000F0B5CE46474605001E0018001C0004233C
:1040C00080B5894602279C46002831D0002E33D087
:1040D000EB681F421AD033000833A3420FD8002CDC
:1040E0002DD10223E9680B4236D1002E20D0EB6897
:1040F00000241F42FBD033000833A342EFD94B46C4
:104100001B78013EAB6001239846C144002CECD0E3
:104110006146EB68194215D1002ED9D10421EB6814
:104120001942FCD0AB68013C13700132002CF5D170
:10413000C0BCB946B046F0BD002CF9D0EEE7EB6844
:104140005B07C5D5AB68013C13702300511C884642
:104150003343EDD04246B9E731000831CFD1C1E752
:104160007047C0460000000001B40248844601BC0C
:10417000604700BF1926001001B40248844601BC04
:10418000604700BF4927001001B40248844601BCC3
:10419000604700BFF978001001B40248844601BCB2
:1041A000604700BFD515001001B40248844601BC29
:1041B000604700BF6536001001B40248844601BC68
:1041C000604700BFC915001001B40248844601BC15
:1041D000604700BF995E001001B40248844601BCEC
:1041E000604700BFB935001010000000000000005B
:1041F00000000100000000000000000000000200BC
:1042000000000000000000000000030000000000AB
:10421000000000000000FF000000000001B5486839
:1042200001318E460047704609380149884701BD73
:10423000651C0010000000000000000000000000ED
:104240000000000000000000B81300200000000083
:10425000503300004C330000543300005233000050
:104260004D5300004D430000533400004334000020
:1042700049560010FD55001071550010E95400100A
:1042800000000000000100006018002010000C0079
:10429000000000000000000000000000000000001E
:1042A00000000000FF00000000000000D97C0010AA
:1042B00000000000000000000000000000000000FE
:1042C00000000000E17C0010000000000000000081
:1042D0006E19000000C000C0585800000000000027
:1042E0000983011000000000000000000000000031
:1042F000000000006D8201100000000000000000BE
:1043000000000000000000000000000000000000AD
:04000005100001E9FD
:00000001FF
