ISO-10303-21;
HEADER;
FILE_DESCRIPTION (( 'STEP AP214' ),
    '1' );
FILE_NAME ('RFID_Box_Card_Extension.STEP',
    '2026-05-29T07:47:24',
    ( '' ),
    ( '' ),
    'SwSTEP 2.0',
    'SolidWorks 2026',
    '' );
FILE_SCHEMA (( 'AUTOMOTIVE_DESIGN' ));
ENDSEC;

DATA;
#1 = SURFACE_STYLE_FILL_AREA ( #710 ) ;
#2 = VECTOR ( 'NONE', #2766, 1000.000000000000000 ) ;
#3 = ORIENTED_EDGE ( 'NONE', *, *, #1622, .F. ) ;
#4 = ORIENTED_EDGE ( 'NONE', *, *, #1711, .T. ) ;
#5 = ORIENTED_EDGE ( 'NONE', *, *, #3816, .T. ) ;
#6 = CARTESIAN_POINT ( 'NONE',  ( 31.90000000000000568, -20.00000000000000711, -31.89999999999998437 ) ) ;
#7 = VECTOR ( 'NONE', #24, 1000.000000000000000 ) ;
#8 = EDGE_CURVE ( 'NONE', #1368, #1583, #1703, .T. ) ;
#9 = CIRCLE ( 'NONE', #2643, 2.050000000000003375 ) ;
#10 = ORIENTED_EDGE ( 'NONE', *, *, #619, .F. ) ;
#11 = LINE ( 'NONE', #1759, #3719 ) ;
#12 = DIRECTION ( 'NONE',  ( -0.000000000000000000, 1.000000000000000000, -0.000000000000000000 ) ) ;
#13 = EDGE_CURVE ( 'NONE', #2114, #4155, #1651, .T. ) ;
#14 = DIRECTION ( 'NONE',  ( -3.469446951953827970E-15, -1.000000000000000000, 0.000000000000000000 ) ) ;
#15 = ORIENTED_EDGE ( 'NONE', *, *, #1153, .T. ) ;
#16 = AXIS2_PLACEMENT_3D ( 'NONE', #3944, #3218, #4658 ) ;
#17 = LINE ( 'NONE', #1813, #186 ) ;
#18 = DIRECTION ( 'NONE',  ( 0.000000000000000000, 0.000000000000000000, -1.000000000000000000 ) ) ;
#19 = CARTESIAN_POINT ( 'NONE',  ( -29.69999999999999929, 6.613013953966871306, -10.00000000000000000 ) ) ;
#20 = CARTESIAN_POINT ( 'NONE',  ( -30.70000000000000639, 6.613013953966871306, 10.00000000000000000 ) ) ;
#21 = DIRECTION ( 'NONE',  ( -0.000000000000000000, 1.000000000000000000, -0.000000000000000000 ) ) ;
#22 = DIRECTION ( 'NONE',  ( 1.000000000000000000, 0.000000000000000000, 0.000000000000000000 ) ) ;
#23 =( GEOMETRIC_REPRESENTATION_CONTEXT ( 3 ) GLOBAL_UNCERTAINTY_ASSIGNED_CONTEXT ( ( #1468 ) ) GLOBAL_UNIT_ASSIGNED_CONTEXT ( ( #938, #4132, #590 ) ) REPRESENTATION_CONTEXT ( 'NONE', 'WORKASPACE' ) );
#24 = DIRECTION ( 'NONE',  ( 0.000000000000000000, -1.000000000000000000, 0.000000000000000000 ) ) ;
#25 = EDGE_CURVE ( 'NONE', #4586, #1582, #4165, .T. ) ;
#26 = ORIENTED_EDGE ( 'NONE', *, *, #4503, .T. ) ;
#27 = ORIENTED_EDGE ( 'NONE', *, *, #3060, .T. ) ;
#28 = ORIENTED_EDGE ( 'NONE', *, *, #4196, .T. ) ;
#29 = AXIS2_PLACEMENT_3D ( 'NONE', #1036, #692, #4241 ) ;
#30 = ADVANCED_FACE ( 'NONE', ( #3201 ), #707, .T. ) ;
#31 = ORIENTED_EDGE ( 'NONE', *, *, #4035, .F. ) ;
#32 = CIRCLE ( 'NONE', #1618, 1.649999999999998579 ) ;
#33 = DIRECTION ( 'NONE',  ( 0.000000000000000000, 0.7071067811865489050, 0.7071067811865462405 ) ) ;
#34 = DIRECTION ( 'NONE',  ( 0.000000000000000000, 0.000000000000000000, -1.000000000000000000 ) ) ;
#35 = CARTESIAN_POINT ( 'NONE',  ( -30.14999999999999858, -4.400000000000050981, -48.50000000000000000 ) ) ;
#36 = AXIS2_PLACEMENT_3D ( 'NONE', #274, #2459, #993 ) ;
#37 = CARTESIAN_POINT ( 'NONE',  ( 0.000000000000000000, 0.000000000000000000, 0.000000000000000000 ) ) ;
#38 = ORIENTED_EDGE ( 'NONE', *, *, #2005, .T. ) ;
#39 = CARTESIAN_POINT ( 'NONE',  ( 31.90000000000000568, -20.00000000000000711, 31.89999999999998437 ) ) ;
#40 = AXIS2_PLACEMENT_3D ( 'NONE', #3256, #78, #3281 ) ;
#41 = CARTESIAN_POINT ( 'NONE',  ( -31.89999999999999858, 8.099999999999994316, 33.54999999999999716 ) ) ;
#42 = LINE ( 'NONE', #3594, #3161 ) ;
#43 = EDGE_CURVE ( 'NONE', #2849, #2318, #2701, .T. ) ;
#44 = ORIENTED_EDGE ( 'NONE', *, *, #267, .F. ) ;
#45 = LINE ( 'NONE', #1435, #2848 ) ;
#46 = DIRECTION ( 'NONE',  ( 0.000000000000000000, 0.000000000000000000, -1.000000000000000000 ) ) ;
#47 = PLANE ( 'NONE',  #397 ) ;
#48 = ORIENTED_EDGE ( 'NONE', *, *, #4448, .T. ) ;
#49 = CARTESIAN_POINT ( 'NONE',  ( 30.14999999999999858, -2.499999999999998224, -48.50000000000000000 ) ) ;
#50 = ADVANCED_FACE ( 'NONE', ( #2119 ), #3900, .F. ) ;
#51 = CONICAL_SURFACE ( 'NONE', #2683, 1.649999999999995248, 0.7853981633974482790 ) ;
#52 = ORIENTED_EDGE ( 'NONE', *, *, #2597, .F. ) ;
#53 = VERTEX_POINT ( 'NONE', #20 ) ;
#54 = ORIENTED_EDGE ( 'NONE', *, *, #360, .T. ) ;
#55 = ORIENTED_EDGE ( 'NONE', *, *, #3550, .F. ) ;
#56 = DIRECTION ( 'NONE',  ( 7.885106708985495542E-15, -1.000000000000000000, 0.000000000000000000 ) ) ;
#57 = CARTESIAN_POINT ( 'NONE',  ( 30.14999999999999858, -4.400000000000043876, 30.83229217479685857 ) ) ;
#58 = CARTESIAN_POINT ( 'NONE',  ( 0.000000000000000000, 80.00000000000000000, 10.00000000000000000 ) ) ;
#59 = ORIENTED_EDGE ( 'NONE', *, *, #2563, .T. ) ;
#60 = DIRECTION ( 'NONE',  ( 0.000000000000000000, 0.7071067811865474617, 0.7071067811865474617 ) ) ;
#61 = PLANE ( 'NONE',  #3779 ) ;
#62 = EDGE_CURVE ( 'NONE', #410, #829, #45, .T. ) ;
#63 = CARTESIAN_POINT ( 'NONE',  ( 36.00000000000002132, 0.000000000000000000, 31.89999999999999147 ) ) ;
#64 = ORIENTED_EDGE ( 'NONE', *, *, #4288, .F. ) ;
#65 = CARTESIAN_POINT ( 'NONE',  ( -31.19999999999999929, 7.000000000000004441, -11.00000000000000000 ) ) ;
#66 = CYLINDRICAL_SURFACE ( 'NONE', #3033, 1.649999999999998579 ) ;
#67 = CLOSED_SHELL ( 'NONE', ( #3811, #2457, #1391, #50, #2880, #1446, #2749, #2839, #4577, #1461, #1161, #1745, #3596, #436, #1743, #1995, #3407, #3086, #2896, #2778, #373, #2494, #2365, #1666, #4548, #2272, #2092, #3437, #4091, #342, #1740, #1804, #1001, #3691, #3525, #4492, #419, #2106, #2369, #578, #1542, #1866, #3661, #838, #1448, #238, #1363, #756, #677, #2573, #629, #866, #1160, #275 ) ) ;
#68 = ORIENTED_EDGE ( 'NONE', *, *, #3683, .T. ) ;
#69 = CARTESIAN_POINT ( 'NONE',  ( 31.90000000000000568, -20.00000000000000711, 28.35000000000008313 ) ) ;
#70 = EDGE_CURVE ( 'NONE', #2934, #2646, #1102, .T. ) ;
#71 = ADVANCED_FACE ( 'NONE', ( #4640 ), #356, .F. ) ;
#72 = ORIENTED_EDGE ( 'NONE', *, *, #614, .F. ) ;
#73 = CARTESIAN_POINT ( 'NONE',  ( -11.00000000000000000, 70.00000000000000000, -3.840629472727446691E-14 ) ) ;
#74 = VERTEX_POINT ( 'NONE', #400 ) ;
#75 = ORIENTED_EDGE ( 'NONE', *, *, #1885, .T. ) ;
#76 = ORIENTED_EDGE ( 'NONE', *, *, #2148, .T. ) ;
#77 = ORIENTED_EDGE ( 'NONE', *, *, #2737, .F. ) ;
#78 = DIRECTION ( 'NONE',  ( 1.000000000000000000, 3.242473786872537293E-16, -0.000000000000000000 ) ) ;
#79 = AXIS2_PLACEMENT_3D ( 'NONE', #966, #3487, #3834 ) ;
#80 = DIRECTION ( 'NONE',  ( 1.000000000000000000, 0.000000000000000000, -0.000000000000000000 ) ) ;
#81 = VECTOR ( 'NONE', #3261, 1000.000000000000000 ) ;
#82 = CARTESIAN_POINT ( 'NONE',  ( 30.15000000000007319, -15.10000000000004228, 50.14999999999999858 ) ) ;
#83 = VERTEX_POINT ( 'NONE', #4617 ) ;
#84 = EDGE_CURVE ( 'NONE', #604, #1675, #2821, .T. ) ;
#85 = AXIS2_PLACEMENT_3D ( 'NONE', #889, #1246, #2962 ) ;
#86 = LINE ( 'NONE', #2229, #3986 ) ;
#87 = CARTESIAN_POINT ( 'NONE',  ( -31.89999999999999858, 10.00000000000000000, 35.99999999999999289 ) ) ;
#88 = CIRCLE ( 'NONE', #3766, 3.550000000000025580 ) ;
#89 = LINE ( 'NONE', #1528, #2586 ) ;
#90 = ORIENTED_EDGE ( 'NONE', *, *, #3830, .F. ) ;
#91 = CARTESIAN_POINT ( 'NONE',  ( -31.90000000000000568, -20.00000000000000711, 30.24999999999998579 ) ) ;
#92 = EDGE_CURVE ( 'NONE', #2617, #1109, #1486, .T. ) ;
#93 = DIRECTION ( 'NONE',  ( -1.000000000000000000, -7.615859162824993749E-15, 0.000000000000000000 ) ) ;
#94 = LINE ( 'NONE', #2484, #1358 ) ;
#95 = EDGE_CURVE ( 'NONE', #2641, #526, #4342, .T. ) ;
#96 = ORIENTED_EDGE ( 'NONE', *, *, #3148, .F. ) ;
#97 = AXIS2_PLACEMENT_3D ( 'NONE', #1177, #2662, #870 ) ;
#98 = ORIENTED_EDGE ( 'NONE', *, *, #1538, .T. ) ;
#99 = VERTEX_POINT ( 'NONE', #1389 ) ;
#100 = AXIS2_PLACEMENT_3D ( 'NONE', #4589, #1357, #3922 ) ;
#101 = DIRECTION ( 'NONE',  ( -4.818676322157798854E-17, -1.000000000000000000, 0.000000000000000000 ) ) ;
#102 = ORIENTED_EDGE ( 'NONE', *, *, #1521, .T. ) ;
#103 = CARTESIAN_POINT ( 'NONE',  ( 10.99999999999988987, 7.000000000000004441, 31.20000000000003837 ) ) ;
#104 = LINE ( 'NONE', #2948, #4104 ) ;
#105 = VECTOR ( 'NONE', #562, 1000.000000000000000 ) ;
#106 = AXIS2_PLACEMENT_3D ( 'NONE', #1627, #1580, #2960 ) ;
#107 = DIRECTION ( 'NONE',  ( 7.313862828241198394E-17, -1.000000000000000000, -0.000000000000000000 ) ) ;
#108 = ORIENTED_EDGE ( 'NONE', *, *, #3115, .T. ) ;
#109 = DIRECTION ( 'NONE',  ( 1.000000000000000000, 0.000000000000000000, 0.000000000000000000 ) ) ;
#110 = VERTEX_POINT ( 'NONE', #3595 ) ;
#111 = DIRECTION ( 'NONE',  ( 0.000000000000000000, 0.000000000000000000, 1.000000000000000000 ) ) ;
#112 = VECTOR ( 'NONE', #2158, 1000.000000000000000 ) ;
#113 = PRODUCT_DEFINITION_SHAPE ( 'NONE', 'NONE',  #4156 ) ;
#114 = LINE ( 'NONE', #1598, #1155 ) ;
#115 = VERTEX_POINT ( 'NONE', #2916 ) ;
#116 = CARTESIAN_POINT ( 'NONE',  ( 28.50000000000000000, -4.400000000000030553, -48.50000000000000000 ) ) ;
#117 = CONICAL_SURFACE ( 'NONE', #4321, 3.549999999999900346, 0.7853981633974465026 ) ;
#118 = CARTESIAN_POINT ( 'NONE',  ( -31.90000000000000568, -15.10000000000006359, 33.54999999999998295 ) ) ;
#119 = CARTESIAN_POINT ( 'NONE',  ( 31.19999999999999929, 8.000000000000000000, -11.00000000000000000 ) ) ;
#120 = FACE_OUTER_BOUND ( 'NONE', #3859, .T. ) ;
#121 = CIRCLE ( 'NONE', #2756, 1.649999999999998579 ) ;
#122 = ADVANCED_FACE ( 'NONE', ( #4256 ), #1340, .F. ) ;
#123 = ORIENTED_EDGE ( 'NONE', *, *, #1504, .F. ) ;
#124 = ORIENTED_EDGE ( 'NONE', *, *, #3803, .F. ) ;
#125 = VECTOR ( 'NONE', #4384, 1000.000000000000000 ) ;
#126 = EDGE_CURVE ( 'NONE', #391, #738, #1076, .T. ) ;
#127 = ORIENTED_EDGE ( 'NONE', *, *, #379, .T. ) ;
#128 = ADVANCED_FACE ( 'NONE', ( #2517 ), #4277, .F. ) ;
#129 = PLANE ( 'NONE',  #951 ) ;
#130 = ORIENTED_EDGE ( 'NONE', *, *, #43, .T. ) ;
#131 = CIRCLE ( 'NONE', #3731, 2.049999999999999822 ) ;
#132 = CARTESIAN_POINT ( 'NONE',  ( -28.50000000000000000, -1.500000000000007772, 48.50000000000000000 ) ) ;
#133 = CARTESIAN_POINT ( 'NONE',  ( 0.000000000000000000, 0.000000000000000000, 56.00000000000000000 ) ) ;
#134 = EDGE_CURVE ( 'NONE', #2288, #3286, #2545, .T. ) ;
#135 = EDGE_CURVE ( 'NONE', #1888, #3157, #2495, .T. ) ;
#136 = CARTESIAN_POINT ( 'NONE',  ( -28.50000000000000000, -1.500000000000007772, 48.50000000000000000 ) ) ;
#137 = ORIENTED_EDGE ( 'NONE', *, *, #3668, .F. ) ;
#138 = DIRECTION ( 'NONE',  ( 0.000000000000000000, -1.000000000000000000, 0.000000000000000000 ) ) ;
#139 = ORIENTED_EDGE ( 'NONE', *, *, #2623, .T. ) ;
#140 = EDGE_CURVE ( 'NONE', #1087, #4103, #750, .T. ) ;
#141 = PLANE ( 'NONE',  #2064 ) ;
#142 = ORIENTED_EDGE ( 'NONE', *, *, #2282, .F. ) ;
#143 = PLANE ( 'NONE',  #3459 ) ;
#144 = DIRECTION ( 'NONE',  ( 7.313862828241198394E-17, -1.000000000000000000, -0.000000000000000000 ) ) ;
#145 = FACE_OUTER_BOUND ( 'NONE', #3707, .T. ) ;
#146 = CARTESIAN_POINT ( 'NONE',  ( 28.50000000000000711, -17.99999999999999645, -48.50000000000000000 ) ) ;
#147 = VERTEX_POINT ( 'NONE', #1838 ) ;
#148 = EDGE_LOOP ( 'NONE', ( #2581, #2898, #2876, #305, #2713, #1646, #4170, #1442 ) ) ;
#149 = ORIENTED_EDGE ( 'NONE', *, *, #3947, .T. ) ;
#150 = CARTESIAN_POINT ( 'NONE',  ( -31.90000000000000568, -4.966112860375774708E-15, 28.34999999999995524 ) ) ;
#151 = ORIENTED_EDGE ( 'NONE', *, *, #521, .F. ) ;
#152 = CARTESIAN_POINT ( 'NONE',  ( -30.70000000000000639, 6.613013953966871306, -10.00000000000000000 ) ) ;
#153 = FACE_OUTER_BOUND ( 'NONE', #858, .T. ) ;
#154 = DIRECTION ( 'NONE',  ( -0.000000000000000000, 1.000000000000000000, -0.000000000000000000 ) ) ;
#155 = VERTEX_POINT ( 'NONE', #3270 ) ;
#156 = EDGE_CURVE ( 'NONE', #3524, #884, #4346, .T. ) ;
#157 = CARTESIAN_POINT ( 'NONE',  ( -14.84999999999999964, 38.30650697698344231, 10.00000000000000000 ) ) ;
#158 = VERTEX_POINT ( 'NONE', #2234 ) ;
#159 = LINE ( 'NONE', #4062, #636 ) ;
#160 = ORIENTED_EDGE ( 'NONE', *, *, #1908, .F. ) ;
#161 = VECTOR ( 'NONE', #154, 1000.000000000000000 ) ;
#162 = CARTESIAN_POINT ( 'NONE',  ( 31.90000000000000568, 8.099999999999962341, -31.89999999999999147 ) ) ;
#163 = DIRECTION ( 'NONE',  ( -1.000000000000000000, -0.000000000000000000, 1.261617073437677259E-16 ) ) ;
#164 = LINE ( 'NONE', #4067, #4596 ) ;
#165 = CARTESIAN_POINT ( 'NONE',  ( 28.50000000000000355, -17.00000000000005684, 48.50000000000000000 ) ) ;
#166 = VERTEX_POINT ( 'NONE', #1932 ) ;
#167 = ORIENTED_EDGE ( 'NONE', *, *, #3709, .F. ) ;
#168 = VECTOR ( 'NONE', #3638, 1000.000000000000000 ) ;
#169 = ORIENTED_EDGE ( 'NONE', *, *, #2386, .T. ) ;
#170 = CIRCLE ( 'NONE', #3022, 71.30248928736450864 ) ;
#171 = CIRCLE ( 'NONE', #1830, 71.00000000000000000 ) ;
#172 = CYLINDRICAL_SURFACE ( 'NONE', #4564, 1.649999999999998579 ) ;
#173 = VERTEX_POINT ( 'NONE', #887 ) ;
#174 = CARTESIAN_POINT ( 'NONE',  ( -36.00000000000000711, 8.000000000000000000, 31.89999999999999858 ) ) ;
#175 = CARTESIAN_POINT ( 'NONE',  ( -31.90000000000000568, -4.400000000000064304, -29.84999999999998366 ) ) ;
#176 = VECTOR ( 'NONE', #1742, 1000.000000000000000 ) ;
#177 = DIRECTION ( 'NONE',  ( -7.885106708985495542E-15, 1.000000000000000000, -0.000000000000000000 ) ) ;
#178 = ORIENTED_EDGE ( 'NONE', *, *, #267, .T. ) ;
#179 = CARTESIAN_POINT ( 'NONE',  ( 11.00000000000009415, 4.214021413566193530, -27.50000000000000000 ) ) ;
#180 = VECTOR ( 'NONE', #1287, 1000.000000000000000 ) ;
#181 = AXIS2_PLACEMENT_3D ( 'NONE', #473, #3365, #1882 ) ;
#182 = CARTESIAN_POINT ( 'NONE',  ( -31.89999999999999858, 8.000000000000000000, 31.89999999999999858 ) ) ;
#183 = EDGE_LOOP ( 'NONE', ( #644, #3752, #2627, #2310, #1941, #4024, #2850, #1539 ) ) ;
#184 = FACE_OUTER_BOUND ( 'NONE', #1253, .T. ) ;
#185 = CARTESIAN_POINT ( 'NONE',  ( -30.14999999999999858, -4.400000000000050981, -48.50000000000000000 ) ) ;
#186 = VECTOR ( 'NONE', #4341, 1000.000000000000000 ) ;
#187 = DIRECTION ( 'NONE',  ( 0.000000000000000000, 0.000000000000000000, 1.000000000000000000 ) ) ;
#188 = LINE ( 'NONE', #4516, #849 ) ;
#189 = EDGE_CURVE ( 'NONE', #3756, #3144, #4087, .T. ) ;
#190 = AXIS2_PLACEMENT_3D ( 'NONE', #2719, #1329, #4557 ) ;
#191 = ORIENTED_EDGE ( 'NONE', *, *, #1153, .F. ) ;
#192 = VERTEX_POINT ( 'NONE', #797 ) ;
#193 = PLANE ( 'NONE',  #4397 ) ;
#194 = AXIS2_PLACEMENT_3D ( 'NONE', #4579, #2789, #2435 ) ;
#195 = EDGE_CURVE ( 'NONE', #758, #1494, #518, .T. ) ;
#196 = FACE_OUTER_BOUND ( 'NONE', #714, .T. ) ;
#197 = EDGE_LOOP ( 'NONE', ( #1472, #3781, #1607, #4098 ) ) ;
#198 = CYLINDRICAL_SURFACE ( 'NONE', #4622, 1.000000000000000888 ) ;
#199 = CARTESIAN_POINT ( 'NONE',  ( 27.50000000000001421, 0.000000000000000000, -36.00000000000000000 ) ) ;
#200 = DIRECTION ( 'NONE',  ( -0.000000000000000000, 1.000000000000000000, -0.000000000000000000 ) ) ;
#201 = CARTESIAN_POINT ( 'NONE',  ( 31.90000000000000568, -4.399999999999561595, -31.89999999999998437 ) ) ;
#202 = ORIENTED_EDGE ( 'NONE', *, *, #4297, .F. ) ;
#203 = CIRCLE ( 'NONE', #1858, 71.30248928736450864 ) ;
#204 = LINE ( 'NONE', #3825, #4296 ) ;
#205 = ORIENTED_EDGE ( 'NONE', *, *, #954, .F. ) ;
#206 = DIRECTION ( 'NONE',  ( 0.000000000000000000, -0.7071067811865487940, -0.7071067811865463515 ) ) ;
#207 = VERTEX_POINT ( 'NONE', #2323 ) ;
#208 = SURFACE_STYLE_USAGE ( .BOTH. , #3526 ) ;
#209 = DIRECTION ( 'NONE',  ( -0.000000000000000000, 1.000000000000000000, -0.000000000000000000 ) ) ;
#210 = EDGE_CURVE ( 'NONE', #530, #2707, #4396, .T. ) ;
#211 = FACE_BOUND ( 'NONE', #3212, .T. ) ;
#212 = ORIENTED_EDGE ( 'NONE', *, *, #3742, .F. ) ;
#213 = VERTEX_POINT ( 'NONE', #2987 ) ;
#214 = EDGE_CURVE ( 'NONE', #1753, #1117, #1880, .T. ) ;
#215 = EDGE_CURVE ( 'NONE', #3468, #1234, #3028, .T. ) ;
#216 = CYLINDRICAL_SURFACE ( 'NONE', #1238, 2.049999999999999822 ) ;
#217 = ORIENTED_EDGE ( 'NONE', *, *, #2619, .F. ) ;
#218 = ORIENTED_EDGE ( 'NONE', *, *, #2392, .F. ) ;
#219 = DIRECTION ( 'NONE',  ( 0.000000000000000000, 0.000000000000000000, 1.000000000000000000 ) ) ;
#220 = FACE_OUTER_BOUND ( 'NONE', #3559, .T. ) ;
#221 = DIRECTION ( 'NONE',  ( -0.000000000000000000, -1.000000000000000000, -0.000000000000000000 ) ) ;
#222 = FACE_OUTER_BOUND ( 'NONE', #3558, .T. ) ;
#223 = ORIENTED_EDGE ( 'NONE', *, *, #4113, .F. ) ;
#224 = DIRECTION ( 'NONE',  ( -0.000000000000000000, -1.000000000000000000, -0.000000000000000000 ) ) ;
#225 = VERTEX_POINT ( 'NONE', #1243 ) ;
#226 = AXIS2_PLACEMENT_3D ( 'NONE', #2279, #1144, #3292 ) ;
#227 = CIRCLE ( 'NONE', #3083, 2.049999999999999822 ) ;
#228 = EDGE_CURVE ( 'NONE', #2288, #4311, #2633, .T. ) ;
#229 = FACE_OUTER_BOUND ( 'NONE', #1108, .T. ) ;
#230 = ORIENTED_EDGE ( 'NONE', *, *, #759, .F. ) ;
#231 = CARTESIAN_POINT ( 'NONE',  ( 0.000000000000000000, 0.000000000000000000, 11.00000000000000000 ) ) ;
#232 = CARTESIAN_POINT ( 'NONE',  ( -0.000000000000000000, -17.00000000000006395, 50.14999999999999858 ) ) ;
#233 = VECTOR ( 'NONE', #3968, 1000.000000000000000 ) ;
#234 = DIRECTION ( 'NONE',  ( 0.000000000000000000, 0.000000000000000000, -1.000000000000000000 ) ) ;
#235 = VERTEX_POINT ( 'NONE', #4040 ) ;
#236 = AXIS2_PLACEMENT_3D ( 'NONE', #2950, #4388, #1163 ) ;
#237 = FACE_BOUND ( 'NONE', #694, .T. ) ;
#238 = ADVANCED_FACE ( 'NONE', ( #4017 ), #143, .T. ) ;
#239 = ORIENTED_EDGE ( 'NONE', *, *, #1809, .T. ) ;
#240 = CARTESIAN_POINT ( 'NONE',  ( 30.15000000000007319, -17.00000000000005684, -48.50000000000000000 ) ) ;
#241 = DIRECTION ( 'NONE',  ( 0.000000000000000000, 1.000000000000000000, 0.000000000000000000 ) ) ;
#242 = ADVANCED_FACE ( 'NONE', ( #841 ), #2254, .F. ) ;
#243 = VECTOR ( 'NONE', #3241, 1000.000000000000000 ) ;
#244 = ORIENTED_EDGE ( 'NONE', *, *, #25, .T. ) ;
#245 = ORIENTED_EDGE ( 'NONE', *, *, #734, .T. ) ;
#246 = LINE ( 'NONE', #2384, #3126 ) ;
#247 = LINE ( 'NONE', #1987, #4281 ) ;
#248 = AXIS2_PLACEMENT_3D ( 'NONE', #4607, #1477, #3214 ) ;
#249 = AXIS2_PLACEMENT_3D ( 'NONE', #4294, #3285, #724 ) ;
#250 = DIRECTION ( 'NONE',  ( 1.000000000000000000, 0.000000000000000000, 0.000000000000000000 ) ) ;
#251 = FACE_OUTER_BOUND ( 'NONE', #1552, .T. ) ;
#252 = ORIENTED_EDGE ( 'NONE', *, *, #744, .T. ) ;
#253 = CIRCLE ( 'NONE', #1682, 1.649999999999998579 ) ;
#254 = DIRECTION ( 'NONE',  ( 1.000000000000000000, 7.885106708985527096E-15, 0.000000000000000000 ) ) ;
#255 = DIRECTION ( 'NONE',  ( 0.000000000000000000, -1.000000000000000000, 0.000000000000000000 ) ) ;
#256 = VERTEX_POINT ( 'NONE', #1174 ) ;
#257 = DIRECTION ( 'NONE',  ( -0.000000000000000000, 1.000000000000000000, -0.000000000000000000 ) ) ;
#258 = VECTOR ( 'NONE', #2736, 1000.000000000000000 ) ;
#259 = CARTESIAN_POINT ( 'NONE',  ( -28.50000000000000000, -2.500000000000002665, -48.50000000000000000 ) ) ;
#260 = ORIENTED_EDGE ( 'NONE', *, *, #1877, .F. ) ;
#261 = CARTESIAN_POINT ( 'NONE',  ( 31.90000000000000568, -1.900000000000089173, 31.89999999999998437 ) ) ;
#262 = CIRCLE ( 'NONE', #1464, 1.649999999999998579 ) ;
#263 = ORIENTED_EDGE ( 'NONE', *, *, #2910, .F. ) ;
#264 = FACE_OUTER_BOUND ( 'NONE', #4093, .T. ) ;
#265 = FACE_OUTER_BOUND ( 'NONE', #2703, .T. ) ;
#266 = CIRCLE ( 'NONE', #2673, 1.000000000000004441 ) ;
#267 = EDGE_CURVE ( 'NONE', #634, #3088, #1881, .T. ) ;
#268 = EDGE_LOOP ( 'NONE', ( #3051, #549 ) ) ;
#269 = ORIENTED_EDGE ( 'NONE', *, *, #1900, .T. ) ;
#270 = EDGE_CURVE ( 'NONE', #225, #3617, #4109, .T. ) ;
#271 = DIRECTION ( 'NONE',  ( 0.000000000000000000, 0.000000000000000000, 1.000000000000000000 ) ) ;
#272 = VECTOR ( 'NONE', #1495, 1000.000000000000000 ) ;
#273 = FACE_OUTER_BOUND ( 'NONE', #1848, .T. ) ;
#274 = CARTESIAN_POINT ( 'NONE',  ( -31.90000000000000568, -15.10000000000006182, 31.89999999999998437 ) ) ;
#275 = ADVANCED_FACE ( 'NONE', ( #472 ), #1862, .T. ) ;
#276 = CARTESIAN_POINT ( 'NONE',  ( 28.50000000000000355, -15.10000000000002984, -48.50000000000000000 ) ) ;
#277 = VERTEX_POINT ( 'NONE', #4466 ) ;
#278 = VECTOR ( 'NONE', #4230, 1000.000000000000000 ) ;
#279 = CARTESIAN_POINT ( 'NONE',  ( -31.90000000000000568, 8.099999999999994316, -33.54999999999998295 ) ) ;
#280 = EDGE_CURVE ( 'NONE', #1125, #2651, #3364, .T. ) ;
#281 = LINE ( 'NONE', #2020, #4621 ) ;
#282 = ORIENTED_EDGE ( 'NONE', *, *, #2907, .T. ) ;
#283 = AXIS2_PLACEMENT_3D ( 'NONE', #2355, #895, #1962 ) ;
#284 = CARTESIAN_POINT ( 'NONE',  ( 31.90000000000001990, 10.00000000000000000, -31.89999999999999147 ) ) ;
#285 = LINE ( 'NONE', #729, #1071 ) ;
#286 = LINE ( 'NONE', #2399, #2527 ) ;
#287 = EDGE_LOOP ( 'NONE', ( #3835, #54, #3277, #2300 ) ) ;
#288 = DIRECTION ( 'NONE',  ( 0.000000000000000000, 0.000000000000000000, 1.000000000000000000 ) ) ;
#289 = DIRECTION ( 'NONE',  ( -3.469446951953827970E-15, 1.000000000000000000, -0.000000000000000000 ) ) ;
#290 = ORIENTED_EDGE ( 'NONE', *, *, #3737, .T. ) ;
#291 = ORIENTED_EDGE ( 'NONE', *, *, #2571, .T. ) ;
#292 = LINE ( 'NONE', #2186, #3496 ) ;
#293 = DIRECTION ( 'NONE',  ( 0.000000000000000000, 0.000000000000000000, 1.000000000000000000 ) ) ;
#294 = FACE_BOUND ( 'NONE', #3227, .T. ) ;
#295 = CARTESIAN_POINT ( 'NONE',  ( 31.90000000000000568, -15.09999999999959286, -31.89999999999998437 ) ) ;
#296 = VERTEX_POINT ( 'NONE', #4065 ) ;
#297 = CARTESIAN_POINT ( 'NONE',  ( -28.50000000000000000, -4.400000000000037659, -48.50000000000000000 ) ) ;
#298 = DIRECTION ( 'NONE',  ( -0.000000000000000000, -1.000000000000000000, -0.000000000000000000 ) ) ;
#299 = EDGE_CURVE ( 'NONE', #3021, #3958, #1193, .T. ) ;
#300 = DIRECTION ( 'NONE',  ( 0.000000000000000000, -1.000000000000000000, 0.000000000000000000 ) ) ;
#301 = ORIENTED_EDGE ( 'NONE', *, *, #2278, .T. ) ;
#302 = PRESENTATION_STYLE_ASSIGNMENT (( #208 ) ) ;
#303 = LINE ( 'NONE', #637, #176 ) ;
#304 = CARTESIAN_POINT ( 'NONE',  ( 31.90000000000000568, 10.00000000000000000, -35.45000000000001705 ) ) ;
#305 = ORIENTED_EDGE ( 'NONE', *, *, #1396, .F. ) ;
#306 = VECTOR ( 'NONE', #2100, 999.9999999999998863 ) ;
#307 = CARTESIAN_POINT ( 'NONE',  ( 31.90000000000001279, 10.00000000000000000, 31.89999999999999147 ) ) ;
#308 = CARTESIAN_POINT ( 'NONE',  ( 30.15000000000007319, -15.10000000000004228, 32.96770782520321319 ) ) ;
#309 = VECTOR ( 'NONE', #1581, 1000.000000000000000 ) ;
#310 = ORIENTED_EDGE ( 'NONE', *, *, #2537, .T. ) ;
#311 = ORIENTED_EDGE ( 'NONE', *, *, #1069, .F. ) ;
#312 = ORIENTED_EDGE ( 'NONE', *, *, #4260, .T. ) ;
#313 = LINE ( 'NONE', #1399, #2482 ) ;
#314 = DIRECTION ( 'NONE',  ( 1.632680918566408568E-15, -0.000000000000000000, 1.000000000000000000 ) ) ;
#315 = VECTOR ( 'NONE', #2390, 1000.000000000000000 ) ;
#316 = ORIENTED_EDGE ( 'NONE', *, *, #4381, .F. ) ;
#317 = DIRECTION ( 'NONE',  ( 0.000000000000000000, 0.000000000000000000, 1.000000000000000000 ) ) ;
#318 = DIRECTION ( 'NONE',  ( 0.000000000000000000, 1.000000000000000000, 0.000000000000000000 ) ) ;
#319 = CYLINDRICAL_SURFACE ( 'NONE', #3543, 4.099999999999999645 ) ;
#320 = DIRECTION ( 'NONE',  ( 0.000000000000000000, 0.000000000000000000, 1.000000000000000000 ) ) ;
#321 = VECTOR ( 'NONE', #1791, 1000.000000000000000 ) ;
#322 = ORIENTED_EDGE ( 'NONE', *, *, #2311, .F. ) ;
#323 = EDGE_CURVE ( 'NONE', #1420, #2238, #2854, .T. ) ;
#324 = LINE ( 'NONE', #1118, #4011 ) ;
#325 = CIRCLE ( 'NONE', #3332, 2.050000000000003375 ) ;
#326 = CARTESIAN_POINT ( 'NONE',  ( 30.12428571428571544, 5.707485581880678893, -10.00000000000000000 ) ) ;
#327 = CYLINDRICAL_SURFACE ( 'NONE', #2932, 71.30248928736450864 ) ;
#328 = CARTESIAN_POINT ( 'NONE',  ( 0.000000000000000000, 70.00000000000000000, -11.00000000000000000 ) ) ;
#329 = DIRECTION ( 'NONE',  ( -0.000000000000000000, 1.000000000000000000, -0.000000000000000000 ) ) ;
#330 = CIRCLE ( 'NONE', #4083, 3.549999999999997602 ) ;
#331 = EDGE_CURVE ( 'NONE', #3524, #2454, #2658, .T. ) ;
#332 = EDGE_CURVE ( 'NONE', #840, #2986, #3231, .T. ) ;
#333 = CARTESIAN_POINT ( 'NONE',  ( 11.00000000000010836, 8.000000000000000000, -31.19999999999996021 ) ) ;
#334 = VECTOR ( 'NONE', #2393, 1000.000000000000000 ) ;
#335 = CIRCLE ( 'NONE', #106, 1.649999999999998579 ) ;
#336 = EDGE_LOOP ( 'NONE', ( #1789, #27, #1684, #3824 ) ) ;
#337 = ORIENTED_EDGE ( 'NONE', *, *, #4654, .F. ) ;
#338 = ORIENTED_EDGE ( 'NONE', *, *, #280, .F. ) ;
#339 = EDGE_CURVE ( 'NONE', #4103, #3345, #3052, .T. ) ;
#340 = DIRECTION ( 'NONE',  ( 0.000000000000000000, 0.7071067811865487940, 0.7071067811865463515 ) ) ;
#341 = CIRCLE ( 'NONE', #2593, 3.999999999999989786 ) ;
#342 = ADVANCED_FACE ( 'NONE', ( #184 ), #1636, .F. ) ;
#343 = ORIENTED_EDGE ( 'NONE', *, *, #4233, .F. ) ;
#344 = CIRCLE ( 'NONE', #1086, 1.000000000000004441 ) ;
#345 = CARTESIAN_POINT ( 'NONE',  ( 0.000000000000000000, 0.000000000000000000, -11.00000000000000000 ) ) ;
#346 = CARTESIAN_POINT ( 'NONE',  ( -31.89999999999999858, 10.00000000000000000, 31.89999999999999858 ) ) ;
#347 = CARTESIAN_POINT ( 'NONE',  ( 31.90000000000000568, 8.099999999999962341, -30.24999999999999645 ) ) ;
#348 = CIRCLE ( 'NONE', #3577, 2.050000000000003375 ) ;
#349 = CARTESIAN_POINT ( 'NONE',  ( 28.50000000000000355, -15.10000000000002984, -34.00713075057052492 ) ) ;
#350 = EDGE_LOOP ( 'NONE', ( #1719, #1981, #4404, #804, #1754 ) ) ;
#351 = CIRCLE ( 'NONE', #3800, 2.050000000000003375 ) ;
#352 = FACE_OUTER_BOUND ( 'NONE', #2460, .T. ) ;
#353 = DIRECTION ( 'NONE',  ( -1.000000000000000000, 3.469446951953828759E-15, 0.000000000000000000 ) ) ;
#354 = CARTESIAN_POINT ( 'NONE',  ( -31.64379651867618648, 6.103872414211633846, -11.00000000000000000 ) ) ;
#355 = CONICAL_SURFACE ( 'NONE', #3583, 3.549999999999893685, 0.7853981633974447263 ) ;
#356 = CYLINDRICAL_SURFACE ( 'NONE', #3147, 2.049999999999999822 ) ;
#357 = CARTESIAN_POINT ( 'NONE',  ( -28.49999999999999645, -4.399999999999610445, 48.50000000000000000 ) ) ;
#358 = EDGE_CURVE ( 'NONE', #3887, #2422, #2982, .T. ) ;
#359 = CYLINDRICAL_SURFACE ( 'NONE', #4060, 2.049999999999999822 ) ;
#360 = EDGE_CURVE ( 'NONE', #4155, #1508, #3393, .T. ) ;
#361 = VERTEX_POINT ( 'NONE', #3063 ) ;
#362 = ORIENTED_EDGE ( 'NONE', *, *, #3836, .F. ) ;
#363 = VERTEX_POINT ( 'NONE', #548 ) ;
#364 = FACE_BOUND ( 'NONE', #2920, .T. ) ;
#365 = VERTEX_POINT ( 'NONE', #3373 ) ;
#366 = CARTESIAN_POINT ( 'NONE',  ( 31.90000000000000568, -20.00000000000000711, -31.89999999999998437 ) ) ;
#367 = DIRECTION ( 'NONE',  ( 0.000000000000000000, 1.000000000000000000, 0.000000000000000000 ) ) ;
#368 = DIRECTION ( 'NONE',  ( 0.000000000000000000, 1.000000000000000000, 0.000000000000000000 ) ) ;
#369 = CARTESIAN_POINT ( 'NONE',  ( -31.90000000000000568, 0.000000000000000000, -33.54999999999998295 ) ) ;
#370 = ORIENTED_EDGE ( 'NONE', *, *, #4303, .F. ) ;
#371 = CARTESIAN_POINT ( 'NONE',  ( 31.90000000000000568, -20.89827560572929599, -33.94999999999998863 ) ) ;
#372 = CARTESIAN_POINT ( 'NONE',  ( 31.90000000000000568, -18.10000000000009379, -31.89999999999998437 ) ) ;
#373 = ADVANCED_FACE ( 'NONE', ( #2331 ), #172, .F. ) ;
#374 = DIRECTION ( 'NONE',  ( -1.000000000000000000, -7.372574772901436462E-15, 0.000000000000000000 ) ) ;
#375 = DIRECTION ( 'NONE',  ( 7.359432928386152326E-15, -1.000000000000000000, -0.000000000000000000 ) ) ;
#376 = DIRECTION ( 'NONE',  ( -0.000000000000000000, -1.000000000000000000, -0.000000000000000000 ) ) ;
#377 = DIRECTION ( 'NONE',  ( 0.000000000000000000, -1.000000000000000000, 0.000000000000000000 ) ) ;
#378 = CARTESIAN_POINT ( 'NONE',  ( 0.000000000000000000, 0.000000000000000000, 48.50000000000000000 ) ) ;
#379 = EDGE_CURVE ( 'NONE', #4180, #4261, #509, .T. ) ;
#380 = ORIENTED_EDGE ( 'NONE', *, *, #3917, .F. ) ;
#381 = ORIENTED_EDGE ( 'NONE', *, *, #2743, .F. ) ;
#382 = ORIENTED_EDGE ( 'NONE', *, *, #1688, .T. ) ;
#383 = VECTOR ( 'NONE', #3528, 1000.000000000000000 ) ;
#384 = AXIS2_PLACEMENT_3D ( 'NONE', #3611, #390, #1831 ) ;
#385 = ORIENTED_EDGE ( 'NONE', *, *, #3186, .T. ) ;
#386 = DIRECTION ( 'NONE',  ( 0.000000000000000000, 0.000000000000000000, -1.000000000000000000 ) ) ;
#387 = DIRECTION ( 'NONE',  ( 0.000000000000000000, 0.000000000000000000, -1.000000000000000000 ) ) ;
#388 = LINE ( 'NONE', #4003, #2376 ) ;
#389 = ADVANCED_FACE ( 'NONE', ( #3041, #917, #2263, #1202, #852 ), #456, .T. ) ;
#390 = DIRECTION ( 'NONE',  ( -7.885106708985495542E-15, 1.000000000000000000, -0.000000000000000000 ) ) ;
#391 = VERTEX_POINT ( 'NONE', #1181 ) ;
#392 = AXIS2_PLACEMENT_3D ( 'NONE', #2159, #3608, #1807 ) ;
#393 = CARTESIAN_POINT ( 'NONE',  ( -28.50000000000000000, -18.00000000000000355, -48.50000000000000000 ) ) ;
#394 = DIRECTION ( 'NONE',  ( 7.885106708985495542E-15, -1.000000000000000000, 0.000000000000000000 ) ) ;
#395 = EDGE_CURVE ( 'NONE', #2979, #526, #2645, .T. ) ;
#396 = MECHANICAL_DESIGN_GEOMETRIC_PRESENTATION_REPRESENTATION (  '', ( #700 ), #2198 ) ;
#397 = AXIS2_PLACEMENT_3D ( 'NONE', #1488, #377, #1864 ) ;
#398 = DIRECTION ( 'NONE',  ( -0.000000000000000000, -0.000000000000000000, 1.000000000000000000 ) ) ;
#399 = ORIENTED_EDGE ( 'NONE', *, *, #3311, .T. ) ;
#400 = CARTESIAN_POINT ( 'NONE',  ( 36.00000000000002132, 10.00000000000000000, -31.89999999999999147 ) ) ;
#401 = CARTESIAN_POINT ( 'NONE',  ( 31.90000000000001990, 10.00000000000000000, 31.89999999999999147 ) ) ;
#402 = PLANE ( 'NONE',  #1220 ) ;
#403 = CARTESIAN_POINT ( 'NONE',  ( -31.90000000000000568, 10.00000000000000000, -31.89999999999997726 ) ) ;
#404 = ORIENTED_EDGE ( 'NONE', *, *, #561, .T. ) ;
#405 = ORIENTED_EDGE ( 'NONE', *, *, #4584, .F. ) ;
#406 = VERTEX_POINT ( 'NONE', #150 ) ;
#407 = EDGE_CURVE ( 'NONE', #4450, #1753, #4119, .T. ) ;
#408 = AXIS2_PLACEMENT_3D ( 'NONE', #1217, #4041, #93 ) ;
#409 = CIRCLE ( 'NONE', #2139, 1.649999999999998579 ) ;
#410 = VERTEX_POINT ( 'NONE', #3351 ) ;
#411 = AXIS2_PLACEMENT_3D ( 'NONE', #2395, #908, #1999 ) ;
#412 = CARTESIAN_POINT ( 'NONE',  ( 31.90000000000000568, -2.998683759578901079E-16, -31.89999999999998437 ) ) ;
#413 = DIRECTION ( 'NONE',  ( 1.000000000000000000, 0.000000000000000000, 0.000000000000000000 ) ) ;
#414 = CARTESIAN_POINT ( 'NONE',  ( 30.14999999999999858, -2.499999999999998224, -48.50000000000000000 ) ) ;
#415 = EDGE_CURVE ( 'NONE', #2318, #1855, #4408, .T. ) ;
#416 = VECTOR ( 'NONE', #1343, 1000.000000000000000 ) ;
#417 = FACE_OUTER_BOUND ( 'NONE', #2606, .T. ) ;
#418 = ORIENTED_EDGE ( 'NONE', *, *, #4359, .T. ) ;
#419 = ADVANCED_FACE ( 'NONE', ( #196 ), #129, .T. ) ;
#420 = EDGE_CURVE ( 'NONE', #3035, #3832, #4049, .T. ) ;
#421 = DIRECTION ( 'NONE',  ( -0.000000000000000000, -0.000000000000000000, 1.000000000000000000 ) ) ;
#422 = AXIS2_PLACEMENT_3D ( 'NONE', #919, #2314, #4456 ) ;
#423 = CARTESIAN_POINT ( 'NONE',  ( 28.50000000000000355, -17.00000000000005684, -48.50000000000000000 ) ) ;
#424 = LINE ( 'NONE', #1772, #3237 ) ;
#425 = ORIENTED_EDGE ( 'NONE', *, *, #914, .T. ) ;
#426 = DIRECTION ( 'NONE',  ( 0.000000000000000000, 0.000000000000000000, -1.000000000000000000 ) ) ;
#427 = CARTESIAN_POINT ( 'NONE',  ( -31.90000000000000568, -20.00000000000000711, -31.89999999999998437 ) ) ;
#428 = ORIENTED_EDGE ( 'NONE', *, *, #2009, .T. ) ;
#429 = DIRECTION ( 'NONE',  ( -0.000000000000000000, -1.000000000000000000, -0.000000000000000000 ) ) ;
#430 = ORIENTED_EDGE ( 'NONE', *, *, #3264, .T. ) ;
#431 = DIRECTION ( 'NONE',  ( -0.000000000000000000, 0.000000000000000000, 1.000000000000000000 ) ) ;
#432 = VECTOR ( 'NONE', #1406, 1000.000000000000000 ) ;
#433 = EDGE_LOOP ( 'NONE', ( #3458, #2740, #2924, #3122 ) ) ;
#434 = ORIENTED_EDGE ( 'NONE', *, *, #2488, .T. ) ;
#435 = ORIENTED_EDGE ( 'NONE', *, *, #1454, .F. ) ;
#436 = ADVANCED_FACE ( 'NONE', ( #3696 ), #2994, .T. ) ;
#437 = EDGE_LOOP ( 'NONE', ( #4598, #218, #1182, #739 ) ) ;
#438 = CARTESIAN_POINT ( 'NONE',  ( 31.90000000000000568, 10.00000000000000000, -28.34999999999996589 ) ) ;
#439 = DIRECTION ( 'NONE',  ( -1.000000000000000000, 0.000000000000000000, 0.000000000000000000 ) ) ;
#440 = EDGE_CURVE ( 'NONE', #155, #4546, #1943, .T. ) ;
#441 = CARTESIAN_POINT ( 'NONE',  ( 28.50000000000000000, -1.500000000000000888, 48.50000000000000000 ) ) ;
#442 = ORIENTED_EDGE ( 'NONE', *, *, #4288, .T. ) ;
#443 = DIRECTION ( 'NONE',  ( 0.000000000000000000, 0.000000000000000000, -1.000000000000000000 ) ) ;
#444 = DIRECTION ( 'NONE',  ( 8.659560562354919300E-17, -0.7071067811865487940, 0.7071067811865463515 ) ) ;
#445 = ADVANCED_FACE ( 'NONE', ( #875 ), #355, .F. ) ;
#446 = CYLINDRICAL_SURFACE ( 'NONE', #3036, 1.649999999999998579 ) ;
#447 = EDGE_LOOP ( 'NONE', ( #4409, #773, #3976, #2556 ) ) ;
#448 = DIRECTION ( 'NONE',  ( 0.000000000000000000, -0.000000000000000000, -1.000000000000000000 ) ) ;
#449 = DIRECTION ( 'NONE',  ( 0.000000000000000000, 0.000000000000000000, 1.000000000000000000 ) ) ;
#450 = CARTESIAN_POINT ( 'NONE',  ( -31.90000000000000568, -20.00000000000000355, -31.89999999999998437 ) ) ;
#451 = ORIENTED_EDGE ( 'NONE', *, *, #407, .F. ) ;
#452 = ORIENTED_EDGE ( 'NONE', *, *, #2798, .T. ) ;
#453 = VECTOR ( 'NONE', #3244, 1000.000000000000000 ) ;
#454 = VERTEX_POINT ( 'NONE', #2312 ) ;
#455 = VECTOR ( 'NONE', #3771, 1000.000000000000000 ) ;
#456 = PLANE ( 'NONE',  #2906 ) ;
#457 = ORIENTED_EDGE ( 'NONE', *, *, #2417, .T. ) ;
#458 = CARTESIAN_POINT ( 'NONE',  ( -31.90000000000000568, -20.89827560572980047, 31.89999999999998437 ) ) ;
#459 = CIRCLE ( 'NONE', #2040, 1.000000000000000888 ) ;
#460 = DIRECTION ( 'NONE',  ( -0.000000000000000000, 0.000000000000000000, -1.000000000000000000 ) ) ;
#461 = CIRCLE ( 'NONE', #3089, 2.050000000000003375 ) ;
#462 = DIRECTION ( 'NONE',  ( 4.818676322157798854E-17, 1.000000000000000000, -0.000000000000000000 ) ) ;
#463 = ORIENTED_EDGE ( 'NONE', *, *, #1422, .F. ) ;
#464 = CARTESIAN_POINT ( 'NONE',  ( -30.15000000000006608, -17.00000000000006395, 50.14999999999999858 ) ) ;
#465 = VERTEX_POINT ( 'NONE', #525 ) ;
#466 = DIRECTION ( 'NONE',  ( -3.469446951953622866E-15, 0.000000000000000000, 1.000000000000000000 ) ) ;
#467 = EDGE_CURVE ( 'NONE', #4050, #1368, #3952, .T. ) ;
#468 = VECTOR ( 'NONE', #60, 1000.000000000000114 ) ;
#469 = DIRECTION ( 'NONE',  ( 0.000000000000000000, -0.7071067811865500152, -0.7071067811865450192 ) ) ;
#470 = ORIENTED_EDGE ( 'NONE', *, *, #4381, .T. ) ;
#471 = EDGE_CURVE ( 'NONE', #2505, #115, #131, .T. ) ;
#472 = FACE_OUTER_BOUND ( 'NONE', #3064, .T. ) ;
#473 = CARTESIAN_POINT ( 'NONE',  ( 31.90000000000000568, -4.399999999999561595, -31.89999999999998437 ) ) ;
#474 = LINE ( 'NONE', #3342, #3316 ) ;
#475 = VECTOR ( 'NONE', #1379, 1000.000000000000000 ) ;
#476 = CARTESIAN_POINT ( 'NONE',  ( 27.50000000000000000, 8.000000000000000000, 27.50000000000000000 ) ) ;
#477 = ORIENTED_EDGE ( 'NONE', *, *, #2473, .T. ) ;
#478 = AXIS2_PLACEMENT_3D ( 'NONE', #4401, #2990, #4021 ) ;
#479 = ORIENTED_EDGE ( 'NONE', *, *, #3110, .F. ) ;
#480 = ADVANCED_FACE ( 'NONE', ( #2893 ), #1796, .F. ) ;
#481 = EDGE_CURVE ( 'NONE', #2114, #1544, #753, .T. ) ;
#482 = ORIENTED_EDGE ( 'NONE', *, *, #4569, .F. ) ;
#483 = CARTESIAN_POINT ( 'NONE',  ( 30.15000000000007319, -15.10000000000004228, -48.50000000000000000 ) ) ;
#484 = EDGE_LOOP ( 'NONE', ( #3978, #3919, #1961, #3865 ) ) ;
#485 = EDGE_CURVE ( 'NONE', #2707, #4439, #708, .T. ) ;
#486 = CARTESIAN_POINT ( 'NONE',  ( 36.00000000000002132, 0.000000000000000000, 35.99999999999999289 ) ) ;
#487 = LINE ( 'NONE', #2602, #945 ) ;
#488 = EDGE_CURVE ( 'NONE', #3144, #406, #2520, .T. ) ;
#489 = CIRCLE ( 'NONE', #3784, 1.649999999999995248 ) ;
#490 = DIRECTION ( 'NONE',  ( -0.000000000000000000, 0.000000000000000000, 1.000000000000000000 ) ) ;
#491 = ORIENTED_EDGE ( 'NONE', *, *, #3115, .F. ) ;
#492 = DIRECTION ( 'NONE',  ( 0.000000000000000000, 0.000000000000000000, 1.000000000000000000 ) ) ;
#493 = ORIENTED_EDGE ( 'NONE', *, *, #332, .T. ) ;
#494 = AXIS2_PLACEMENT_3D ( 'NONE', #1088, #1425, #2176 ) ;
#495 = CARTESIAN_POINT ( 'NONE',  ( 10.99999999999988631, 7.000000000000004441, 32.20000000000003126 ) ) ;
#496 = EDGE_LOOP ( 'NONE', ( #1747, #806, #3108, #989, #2599, #2679, #4645, #2585 ) ) ;
#497 = DIRECTION ( 'NONE',  ( 0.000000000000000000, -1.000000000000000000, 0.000000000000000000 ) ) ;
#498 = VECTOR ( 'NONE', #2622, 1000.000000000000000 ) ;
#499 = DIRECTION ( 'NONE',  ( 1.000000000000000000, 7.885106708985493964E-15, 0.000000000000000000 ) ) ;
#500 = CARTESIAN_POINT ( 'NONE',  ( 28.50000000000000000, -4.400000000000030553, 48.50000000000000000 ) ) ;
#501 = CARTESIAN_POINT ( 'NONE',  ( -31.89999999999999858, 10.00000000000000000, 31.89999999999999858 ) ) ;
#502 = CIRCLE ( 'NONE', #3130, 1.649999999999998579 ) ;
#503 = ORIENTED_EDGE ( 'NONE', *, *, #4648, .T. ) ;
#504 = ORIENTED_EDGE ( 'NONE', *, *, #3178, .F. ) ;
#505 = EDGE_LOOP ( 'NONE', ( #337, #2666, #1210, #3997 ) ) ;
#506 = ADVANCED_FACE ( 'NONE', ( #2918 ), #3854, .F. ) ;
#507 = DIRECTION ( 'NONE',  ( 1.000000000000000000, 0.000000000000000000, 0.000000000000000000 ) ) ;
#508 = ORIENTED_EDGE ( 'NONE', *, *, #1947, .F. ) ;
#509 = CIRCLE ( 'NONE', #3137, 1.000000000000000888 ) ;
#510 = DIRECTION ( 'NONE',  ( 0.000000000000000000, -1.000000000000000000, 0.000000000000000000 ) ) ;
#511 = SHAPE_DEFINITION_REPRESENTATION ( #113, #1365 ) ;
#512 = DIRECTION ( 'NONE',  ( -1.000000000000000000, -7.615859162824993749E-15, 0.000000000000000000 ) ) ;
#513 = LINE ( 'NONE', #441, #161 ) ;
#514 = ORIENTED_EDGE ( 'NONE', *, *, #4031, .T. ) ;
#515 = CARTESIAN_POINT ( 'NONE',  ( 31.90000000000000568, -1.900000000000089173, -30.24999999999998934 ) ) ;
#516 = DIRECTION ( 'NONE',  ( 1.000000000000000000, 0.000000000000000000, 0.000000000000000000 ) ) ;
#517 = ORIENTED_EDGE ( 'NONE', *, *, #3329, .F. ) ;
#518 = LINE ( 'NONE', #3339, #3079 ) ;
#519 = LINE ( 'NONE', #819, #3415 ) ;
#520 = DIRECTION ( 'NONE',  ( 1.000000000000000000, 7.885106708985495542E-15, 0.000000000000000000 ) ) ;
#521 = EDGE_CURVE ( 'NONE', #166, #2863, #171, .T. ) ;
#522 = ORIENTED_EDGE ( 'NONE', *, *, #4498, .F. ) ;
#523 = ORIENTED_EDGE ( 'NONE', *, *, #2770, .F. ) ;
#524 = ORIENTED_EDGE ( 'NONE', *, *, #2489, .T. ) ;
#525 = CARTESIAN_POINT ( 'NONE',  ( 36.00000000000002132, 10.00000000000000000, 31.89999999999999147 ) ) ;
#526 = VERTEX_POINT ( 'NONE', #2497 ) ;
#527 = LINE ( 'NONE', #1964, #856 ) ;
#528 = FACE_BOUND ( 'NONE', #2125, .T. ) ;
#529 = CARTESIAN_POINT ( 'NONE',  ( -31.90000000000000568, -20.00000000000000355, 31.89999999999998437 ) ) ;
#530 = VERTEX_POINT ( 'NONE', #4641 ) ;
#531 = CIRCLE ( 'NONE', #79, 2.049999999999999822 ) ;
#532 = CARTESIAN_POINT ( 'NONE',  ( 31.19999999999999929, 7.000000000000004441, -11.00000000000000000 ) ) ;
#533 = ORIENTED_EDGE ( 'NONE', *, *, #4005, .F. ) ;
#534 = EDGE_CURVE ( 'NONE', #1266, #4439, #3202, .T. ) ;
#535 = AXIS2_PLACEMENT_3D ( 'NONE', #4111, #820, #1218 ) ;
#536 = FACE_OUTER_BOUND ( 'NONE', #3250, .T. ) ;
#537 = ORIENTED_EDGE ( 'NONE', *, *, #4260, .F. ) ;
#538 = DIRECTION ( 'NONE',  ( -0.000000000000000000, 1.000000000000000000, -0.000000000000000000 ) ) ;
#539 = LINE ( 'NONE', #1975, #3862 ) ;
#540 = CYLINDRICAL_SURFACE ( 'NONE', #688, 4.099999999999999645 ) ;
#541 = ADVANCED_FACE ( 'NONE', ( #1465 ), #47, .F. ) ;
#542 = CIRCLE ( 'NONE', #1366, 4.099999999999999645 ) ;
#543 = CARTESIAN_POINT ( 'NONE',  ( -28.50000000000000000, -4.400000000000037659, -48.50000000000000000 ) ) ;
#544 = ORIENTED_EDGE ( 'NONE', *, *, #1242, .T. ) ;
#545 = VERTEX_POINT ( 'NONE', #4348 ) ;
#546 = CIRCLE ( 'NONE', #844, 3.550000000000025580 ) ;
#547 = FACE_OUTER_BOUND ( 'NONE', #1492, .T. ) ;
#548 = CARTESIAN_POINT ( 'NONE',  ( 30.14999999999999858, -4.400000000000043876, -32.96770782520310661 ) ) ;
#549 = ORIENTED_EDGE ( 'NONE', *, *, #823, .T. ) ;
#550 = FACE_OUTER_BOUND ( 'NONE', #3908, .T. ) ;
#551 = DIRECTION ( 'NONE',  ( 0.000000000000000000, 0.000000000000000000, 1.000000000000000000 ) ) ;
#552 = AXIS2_PLACEMENT_3D ( 'NONE', #2165, #2096, #2467 ) ;
#553 = DIRECTION ( 'NONE',  ( 3.469446951953612710E-16, 1.000000000000000000, 0.000000000000000000 ) ) ;
#554 = DIRECTION ( 'NONE',  ( 1.000000000000000000, 0.000000000000000000, 0.000000000000000000 ) ) ;
#555 = ORIENTED_EDGE ( 'NONE', *, *, #3877, .T. ) ;
#556 = ADVANCED_FACE ( 'NONE', ( #4328 ), #3294, .F. ) ;
#557 = CARTESIAN_POINT ( 'NONE',  ( -27.50000000000000000, 8.000000000000000000, -27.50000000000000000 ) ) ;
#558 = ORIENTED_EDGE ( 'NONE', *, *, #485, .F. ) ;
#559 = AXIS2_PLACEMENT_3D ( 'NONE', #3706, #3026, #2656 ) ;
#560 = VECTOR ( 'NONE', #3445, 1000.000000000000000 ) ;
#561 = EDGE_CURVE ( 'NONE', #2797, #3075, #3627, .T. ) ;
#562 = DIRECTION ( 'NONE',  ( 0.000000000000000000, 1.000000000000000000, 0.000000000000000000 ) ) ;
#563 = EDGE_CURVE ( 'NONE', #2971, #990, #4225, .T. ) ;
#564 = VERTEX_POINT ( 'NONE', #2938 ) ;
#565 = CIRCLE ( 'NONE', #2964, 4.099999999999999645 ) ;
#566 = CARTESIAN_POINT ( 'NONE',  ( 31.90000000000000568, 10.00000000000000000, -31.89999999999999147 ) ) ;
#567 = CYLINDRICAL_SURFACE ( 'NONE', #2128, 1.649999999999998579 ) ;
#568 = VECTOR ( 'NONE', #1982, 1000.000000000000000 ) ;
#569 = ORIENTED_EDGE ( 'NONE', *, *, #4380, .T. ) ;
#570 = ORIENTED_EDGE ( 'NONE', *, *, #2292, .F. ) ;
#571 = DIRECTION ( 'NONE',  ( 1.000000000000000000, 3.469446951953828759E-15, -0.000000000000000000 ) ) ;
#572 = AXIS2_PLACEMENT_3D ( 'NONE', #2746, #952, #3519 ) ;
#573 = VECTOR ( 'NONE', #3397, 1000.000000000000000 ) ;
#574 = EDGE_LOOP ( 'NONE', ( #3557, #3647, #4282, #2851 ) ) ;
#575 = ORIENTED_EDGE ( 'NONE', *, *, #2554, .T. ) ;
#576 = DIRECTION ( 'NONE',  ( 0.000000000000000000, 1.000000000000000000, 0.000000000000000000 ) ) ;
#577 = CARTESIAN_POINT ( 'NONE',  ( -30.14999999999999858, 0.000000000000000000, 50.14999999999999858 ) ) ;
#578 = ADVANCED_FACE ( 'NONE', ( #3246 ), #402, .T. ) ;
#579 = DIRECTION ( 'NONE',  ( 0.000000000000000000, 0.000000000000000000, 1.000000000000000000 ) ) ;
#580 = DIRECTION ( 'NONE',  ( 7.885106708985495542E-15, -1.000000000000000000, 0.000000000000000000 ) ) ;
#581 = ORIENTED_EDGE ( 'NONE', *, *, #954, .T. ) ;
#582 = DIRECTION ( 'NONE',  ( -3.491481338843133355E-15, 0.000000000000000000, 1.000000000000000000 ) ) ;
#583 = ORIENTED_EDGE ( 'NONE', *, *, #2571, .F. ) ;
#584 = EDGE_CURVE ( 'NONE', #4140, #1973, #2801, .T. ) ;
#585 = LINE ( 'NONE', #1997, #180 ) ;
#586 = ORIENTED_EDGE ( 'NONE', *, *, #43, .F. ) ;
#587 = CARTESIAN_POINT ( 'NONE',  ( -29.69999999999999929, 6.613013953966871306, -10.00000000000000000 ) ) ;
#588 = CARTESIAN_POINT ( 'NONE',  ( -27.50000000000000000, 1.500000000000000000, -27.50000000000000000 ) ) ;
#589 = EDGE_CURVE ( 'NONE', #2986, #3529, #2212, .T. ) ;
#590 =( NAMED_UNIT ( * ) SI_UNIT ( $, .STERADIAN. ) SOLID_ANGLE_UNIT ( ) );
#591 = ORIENTED_EDGE ( 'NONE', *, *, #3367, .F. ) ;
#592 = DIRECTION ( 'NONE',  ( -7.359432928386152326E-15, 1.000000000000000000, 0.000000000000000000 ) ) ;
#593 = ORIENTED_EDGE ( 'NONE', *, *, #1538, .F. ) ;
#594 = CARTESIAN_POINT ( 'NONE',  ( -27.50000000000000000, 0.000000000000000000, -27.50000000000000000 ) ) ;
#595 = LINE ( 'NONE', #3861, #4168 ) ;
#596 = VERTEX_POINT ( 'NONE', #69 ) ;
#597 = VERTEX_POINT ( 'NONE', #1507 ) ;
#598 = PLANE ( 'NONE',  #422 ) ;
#599 = CARTESIAN_POINT ( 'NONE',  ( 30.15000000000007319, -15.10000000000004228, -48.50000000000000000 ) ) ;
#600 = DIRECTION ( 'NONE',  ( 7.885106708985495542E-15, -1.000000000000000000, 0.000000000000000000 ) ) ;
#601 = CARTESIAN_POINT ( 'NONE',  ( 36.00000000000002132, 0.000000000000000000, -35.99999999999999289 ) ) ;
#602 = ORIENTED_EDGE ( 'NONE', *, *, #2631, .F. ) ;
#603 = DIRECTION ( 'NONE',  ( 0.000000000000000000, 0.000000000000000000, 1.000000000000000000 ) ) ;
#604 = VERTEX_POINT ( 'NONE', #357 ) ;
#605 = VECTOR ( 'NONE', #3708, 1000.000000000000000 ) ;
#606 = CIRCLE ( 'NONE', #3234, 3.549999999999997602 ) ;
#607 = CARTESIAN_POINT ( 'NONE',  ( 31.90000000000000568, -20.00000000000000711, 33.54999999999998295 ) ) ;
#608 = ORIENTED_EDGE ( 'NONE', *, *, #2086, .F. ) ;
#609 = CARTESIAN_POINT ( 'NONE',  ( -36.00000000000001421, 1.500000000000000000, -27.49999999999998224 ) ) ;
#610 = CIRCLE ( 'NONE', #3839, 1.649999999999995248 ) ;
#611 = EDGE_CURVE ( 'NONE', #645, #1716, #1910, .T. ) ;
#612 = CARTESIAN_POINT ( 'NONE',  ( 31.90000000000001279, 0.000000000000000000, 30.24999999999998934 ) ) ;
#613 = ORIENTED_EDGE ( 'NONE', *, *, #3895, .F. ) ;
#614 = EDGE_CURVE ( 'NONE', #840, #1225, #3030, .T. ) ;
#615 = CIRCLE ( 'NONE', #1591, 78.16905785040428611 ) ;
#616 = CARTESIAN_POINT ( 'NONE',  ( -30.12428571428573676, 5.707485581880694880, 10.00000000000000000 ) ) ;
#617 = ORIENTED_EDGE ( 'NONE', *, *, #846, .T. ) ;
#618 = DIRECTION ( 'NONE',  ( 0.000000000000000000, -1.000000000000000000, 0.000000000000000000 ) ) ;
#619 = EDGE_CURVE ( 'NONE', #4450, #1237, #1374, .T. ) ;
#620 = CARTESIAN_POINT ( 'NONE',  ( -27.50000000000000000, 4.214021413566179319, -11.00000000000000000 ) ) ;
#621 = CIRCLE ( 'NONE', #768, 71.30248928736450864 ) ;
#622 = EDGE_LOOP ( 'NONE', ( #1257, #3182, #2596, #1850 ) ) ;
#623 = EDGE_CURVE ( 'NONE', #465, #2383, #3690, .T. ) ;
#624 = ORIENTED_EDGE ( 'NONE', *, *, #3850, .F. ) ;
#625 = DIRECTION ( 'NONE',  ( 1.000000000000000000, 7.885106708985493964E-15, 0.000000000000000000 ) ) ;
#626 = CARTESIAN_POINT ( 'NONE',  ( 10.99999999999988809, 6.103872414211619635, 31.64379651867620069 ) ) ;
#627 = CARTESIAN_POINT ( 'NONE',  ( -31.90000000000000568, -1.900000000000009237, -31.89999999999998437 ) ) ;
#628 = VECTOR ( 'NONE', #2146, 1000.000000000000000 ) ;
#629 = ADVANCED_FACE ( 'NONE', ( #2660 ), #540, .T. ) ;
#630 = DIRECTION ( 'NONE',  ( 1.000000000000000000, 8.038962449648605390E-15, 0.000000000000000000 ) ) ;
#631 = ORIENTED_EDGE ( 'NONE', *, *, #358, .T. ) ;
#632 = DIRECTION ( 'NONE',  ( -1.000000000000000000, -3.242473786872537293E-16, 0.000000000000000000 ) ) ;
#633 = LINE ( 'NONE', #3780, #334 ) ;
#634 = VERTEX_POINT ( 'NONE', #3736 ) ;
#635 = VECTOR ( 'NONE', #4446, 1000.000000000000000 ) ;
#636 = VECTOR ( 'NONE', #469, 1000.000000000000000 ) ;
#637 = CARTESIAN_POINT ( 'NONE',  ( -27.50000000000000000, 0.000000000000000000, -27.50000000000000000 ) ) ;
#638 = DIRECTION ( 'NONE',  ( 0.000000000000000000, 0.000000000000000000, 1.000000000000000000 ) ) ;
#639 = CIRCLE ( 'NONE', #2362, 1.000000000000004441 ) ;
#640 = DIRECTION ( 'NONE',  ( 1.000000000000000000, -0.000000000000000000, 4.081702296416014518E-16 ) ) ;
#641 = DIRECTION ( 'NONE',  ( 0.000000000000000000, 0.000000000000000000, 1.000000000000000000 ) ) ;
#642 = DIRECTION ( 'NONE',  ( 7.359432928386152326E-15, -1.000000000000000000, -0.000000000000000000 ) ) ;
#643 = CIRCLE ( 'NONE', #36, 2.050000000000003375 ) ;
#644 = ORIENTED_EDGE ( 'NONE', *, *, #2967, .T. ) ;
#645 = VERTEX_POINT ( 'NONE', #1628 ) ;
#646 = DIRECTION ( 'NONE',  ( 0.000000000000000000, 0.000000000000000000, 1.000000000000000000 ) ) ;
#647 = CARTESIAN_POINT ( 'NONE',  ( -28.50000000000000000, -18.00000000000000355, 48.50000000000000000 ) ) ;
#648 = EDGE_CURVE ( 'NONE', #2986, #840, #3167, .T. ) ;
#649 = LINE ( 'NONE', #1372, #1315 ) ;
#650 = CYLINDRICAL_SURFACE ( 'NONE', #2001, 0.9999999999999974465 ) ;
#651 = VERTEX_POINT ( 'NONE', #1957 ) ;
#652 = DIRECTION ( 'NONE',  ( 0.000000000000000000, 0.000000000000000000, -1.000000000000000000 ) ) ;
#653 = CARTESIAN_POINT ( 'NONE',  ( -31.89999999999999858, 0.000000000000000000, 31.89999999999999858 ) ) ;
#654 = CIRCLE ( 'NONE', #2458, 1.649999999999995248 ) ;
#655 = CARTESIAN_POINT ( 'NONE',  ( -27.50000000000000000, 1.500000000000000000, 27.50000000000000000 ) ) ;
#656 = ORIENTED_EDGE ( 'NONE', *, *, #4581, .T. ) ;
#657 = CARTESIAN_POINT ( 'NONE',  ( 31.90000000000001990, 0.000000000000000000, 31.89999999999999147 ) ) ;
#658 = DIRECTION ( 'NONE',  ( 0.000000000000000000, 0.000000000000000000, 1.000000000000000000 ) ) ;
#659 = FACE_OUTER_BOUND ( 'NONE', #1609, .T. ) ;
#660 = ORIENTED_EDGE ( 'NONE', *, *, #1221, .T. ) ;
#661 = LINE ( 'NONE', #3135, #1692 ) ;
#662 = FACE_OUTER_BOUND ( 'NONE', #1003, .T. ) ;
#663 = ADVANCED_FACE ( 'NONE', ( #2614 ), #1532, .F. ) ;
#664 = ORIENTED_EDGE ( 'NONE', *, *, #3943, .F. ) ;
#665 = ORIENTED_EDGE ( 'NONE', *, *, #280, .T. ) ;
#666 = DIRECTION ( 'NONE',  ( -7.885106708985495542E-15, 1.000000000000000000, -0.000000000000000000 ) ) ;
#667 = DIRECTION ( 'NONE',  ( -1.000000000000000000, -7.359432928386152326E-15, 0.000000000000000000 ) ) ;
#668 = EDGE_CURVE ( 'NONE', #3798, #2308, #3366, .T. ) ;
#669 = ORIENTED_EDGE ( 'NONE', *, *, #1208, .F. ) ;
#670 = AXIS2_PLACEMENT_3D ( 'NONE', #3510, #3082, #4519 ) ;
#671 = DIRECTION ( 'NONE',  ( 0.000000000000000000, 0.000000000000000000, 1.000000000000000000 ) ) ;
#672 = DIRECTION ( 'NONE',  ( 0.000000000000000000, 0.000000000000000000, 1.000000000000000000 ) ) ;
#673 = CARTESIAN_POINT ( 'NONE',  ( 31.90000000000000568, -20.89827560572929599, 29.84999999999998366 ) ) ;
#674 = CARTESIAN_POINT ( 'NONE',  ( 0.000000000000000000, 70.00000000000000000, -11.00000000000000000 ) ) ;
#675 = ORIENTED_EDGE ( 'NONE', *, *, #3550, .T. ) ;
#676 = EDGE_CURVE ( 'NONE', #3993, #3604, #474, .T. ) ;
#677 = ADVANCED_FACE ( 'NONE', ( #3386 ), #2718, .F. ) ;
#678 = CARTESIAN_POINT ( 'NONE',  ( -11.00000000000009415, 8.000000000000000000, 27.50000000000000000 ) ) ;
#679 = CARTESIAN_POINT ( 'NONE',  ( 28.50000000000000000, -2.499999999999995559, -48.50000000000000000 ) ) ;
#680 = CARTESIAN_POINT ( 'NONE',  ( 36.00000000000001421, -20.00000000000000711, -48.50000000000000000 ) ) ;
#681 = EDGE_CURVE ( 'NONE', #2436, #881, #164, .T. ) ;
#682 = DIRECTION ( 'NONE',  ( -0.000000000000000000, 1.000000000000000000, -0.000000000000000000 ) ) ;
#683 = CIRCLE ( 'NONE', #4440, 1.649999999999998579 ) ;
#684 = EDGE_CURVE ( 'NONE', #3802, #4263, #4362, .T. ) ;
#685 = DIRECTION ( 'NONE',  ( 0.000000000000000000, 0.000000000000000000, 1.000000000000000000 ) ) ;
#686 = CARTESIAN_POINT ( 'NONE',  ( 11.00000000000000000, 4.214021413566193530, -27.50000000000000000 ) ) ;
#687 = CONICAL_SURFACE ( 'NONE', #4301, 1.649999999999998579, 0.7853981633974547183 ) ;
#688 = AXIS2_PLACEMENT_3D ( 'NONE', #4447, #869, #4399 ) ;
#689 = ORIENTED_EDGE ( 'NONE', *, *, #816, .F. ) ;
#690 = VERTEX_POINT ( 'NONE', #4469 ) ;
#691 = ORIENTED_EDGE ( 'NONE', *, *, #3264, .F. ) ;
#692 = DIRECTION ( 'NONE',  ( -0.000000000000000000, 1.000000000000000000, -0.000000000000000000 ) ) ;
#693 = AXIS2_PLACEMENT_3D ( 'NONE', #2018, #3479, #254 ) ;
#694 = EDGE_LOOP ( 'NONE', ( #2700, #1625 ) ) ;
#695 = PLANE ( 'NONE',  #2294 ) ;
#696 =( GEOMETRIC_REPRESENTATION_CONTEXT ( 3 ) GLOBAL_UNCERTAINTY_ASSIGNED_CONTEXT ( ( #4235 ) ) GLOBAL_UNIT_ASSIGNED_CONTEXT ( ( #2132, #1089, #742 ) ) REPRESENTATION_CONTEXT ( 'NONE', 'WORKASPACE' ) );
#697 = CARTESIAN_POINT ( 'NONE',  ( -27.50000000000000000, 1.500000000000000000, -27.50000000000000000 ) ) ;
#698 = DIRECTION ( 'NONE',  ( 0.000000000000000000, 0.000000000000000000, 1.000000000000000000 ) ) ;
#699 = CARTESIAN_POINT ( 'NONE',  ( -28.49999999999999645, -15.10000000000003695, -34.00713075057051782 ) ) ;
#700 = STYLED_ITEM ( 'NONE', ( #2257 ), #2533 ) ;
#701 = ORIENTED_EDGE ( 'NONE', *, *, #4486, .T. ) ;
#702 = ADVANCED_FACE ( 'NONE', ( #145 ), #2335, .F. ) ;
#703 = LINE ( 'NONE', #3572, #910 ) ;
#704 = DIRECTION ( 'NONE',  ( 0.000000000000000000, 0.000000000000000000, 1.000000000000000000 ) ) ;
#705 = EDGE_CURVE ( 'NONE', #4261, #3492, #843, .T. ) ;
#706 = CARTESIAN_POINT ( 'NONE',  ( -28.50000000000000000, -18.00000000000000355, -48.50000000000000000 ) ) ;
#707 = CYLINDRICAL_SURFACE ( 'NONE', #1039, 1.000000000000004441 ) ;
#708 = LINE ( 'NONE', #3665, #4453 ) ;
#709 = CIRCLE ( 'NONE', #927, 3.550000000000032241 ) ;
#710 = FILL_AREA_STYLE ('',( #3927 ) ) ;
#711 = CIRCLE ( 'NONE', #2289, 2.049999999999999822 ) ;
#712 = ORIENTED_EDGE ( 'NONE', *, *, #420, .F. ) ;
#713 = ORIENTED_EDGE ( 'NONE', *, *, #3750, .T. ) ;
#714 = EDGE_LOOP ( 'NONE', ( #3768, #3754, #3069, #1984, #4340 ) ) ;
#715 = FACE_OUTER_BOUND ( 'NONE', #3930, .T. ) ;
#716 = VECTOR ( 'NONE', #3136, 1000.000000000000000 ) ;
#717 = ORIENTED_EDGE ( 'NONE', *, *, #3940, .F. ) ;
#718 = AXIS2_PLACEMENT_3D ( 'NONE', #3935, #719, #3587 ) ;
#719 = DIRECTION ( 'NONE',  ( -0.000000000000000000, 0.000000000000000000, 1.000000000000000000 ) ) ;
#720 = CARTESIAN_POINT ( 'NONE',  ( 31.90000000000001279, 8.099999999999969447, 31.89999999999999147 ) ) ;
#721 = CARTESIAN_POINT ( 'NONE',  ( 31.90000000000000568, -2.998683759578901079E-16, 31.89999999999998437 ) ) ;
#722 = EDGE_CURVE ( 'NONE', #3662, #2863, #3759, .T. ) ;
#723 = VECTOR ( 'NONE', #2721, 999.9999999999998863 ) ;
#724 = DIRECTION ( 'NONE',  ( -1.000000000000000000, 0.000000000000000000, -0.000000000000000000 ) ) ;
#725 = ORIENTED_EDGE ( 'NONE', *, *, #3668, .T. ) ;
#726 = AXIS2_PLACEMENT_3D ( 'NONE', #133, #787, #3258 ) ;
#727 = CARTESIAN_POINT ( 'NONE',  ( 32.20000000000000284, 7.000000000000004441, -11.00000000000000000 ) ) ;
#728 = EDGE_CURVE ( 'NONE', #4180, #99, #909, .T. ) ;
#729 = CARTESIAN_POINT ( 'NONE',  ( 28.50000000000000711, -17.99999999999999645, -48.50000000000000000 ) ) ;
#730 = DIRECTION ( 'NONE',  ( -0.000000000000000000, -1.000000000000000000, -0.000000000000000000 ) ) ;
#731 = AXIS2_PLACEMENT_3D ( 'NONE', #2236, #1438, #735 ) ;
#732 = DIRECTION ( 'NONE',  ( -0.000000000000000000, -1.000000000000000000, -0.000000000000000000 ) ) ;
#733 = LINE ( 'NONE', #1123, #1312 ) ;
#734 = EDGE_CURVE ( 'NONE', #3157, #596, #1744, .T. ) ;
#735 = DIRECTION ( 'NONE',  ( 1.000000000000000000, 0.000000000000000000, -0.000000000000000000 ) ) ;
#736 = DIRECTION ( 'NONE',  ( 0.000000000000000000, 0.000000000000000000, -1.000000000000000000 ) ) ;
#737 = ORIENTED_EDGE ( 'NONE', *, *, #809, .T. ) ;
#738 = VERTEX_POINT ( 'NONE', #3315 ) ;
#739 = ORIENTED_EDGE ( 'NONE', *, *, #2081, .T. ) ;
#740 = VERTEX_POINT ( 'NONE', #500 ) ;
#741 = FACE_OUTER_BOUND ( 'NONE', #484, .T. ) ;
#742 =( NAMED_UNIT ( * ) SI_UNIT ( $, .STERADIAN. ) SOLID_ANGLE_UNIT ( ) );
#743 = FACE_OUTER_BOUND ( 'NONE', #496, .T. ) ;
#744 = EDGE_CURVE ( 'NONE', #3995, #296, #94, .T. ) ;
#745 = CARTESIAN_POINT ( 'NONE',  ( 0.000000000000000000, 0.000000000000000000, -11.00000000000000000 ) ) ;
#746 = VERTEX_POINT ( 'NONE', #4540 ) ;
#747 = LINE ( 'NONE', #2180, #4523 ) ;
#748 = DIRECTION ( 'NONE',  ( 1.000000000000000000, 0.000000000000000000, -1.927470528863118309E-16 ) ) ;
#749 = DIRECTION ( 'NONE',  ( -7.359432928386152326E-15, 1.000000000000000000, 0.000000000000000000 ) ) ;
#750 = LINE ( 'NONE', #2185, #4509 ) ;
#751 = ADVANCED_FACE ( 'NONE', ( #2859 ), #1380, .F. ) ;
#752 = DIRECTION ( 'NONE',  ( 0.000000000000000000, 0.000000000000000000, -1.000000000000000000 ) ) ;
#753 = LINE ( 'NONE', #3971, #3361 ) ;
#754 = ORIENTED_EDGE ( 'NONE', *, *, #2720, .T. ) ;
#755 = CARTESIAN_POINT ( 'NONE',  ( -31.90000000000000568, -1.900000000000009237, 33.54999999999998295 ) ) ;
#756 = ADVANCED_FACE ( 'NONE', ( #4514 ), #2231, .F. ) ;
#757 = ORIENTED_EDGE ( 'NONE', *, *, #3220, .F. ) ;
#758 = VERTEX_POINT ( 'NONE', #3436 ) ;
#759 = EDGE_CURVE ( 'NONE', #1550, #1691, #3916, .T. ) ;
#760 = ORIENTED_EDGE ( 'NONE', *, *, #4434, .F. ) ;
#761 = ADVANCED_FACE ( 'NONE', ( #1762 ), #51, .F. ) ;
#762 = ORIENTED_EDGE ( 'NONE', *, *, #1512, .F. ) ;
#763 = CARTESIAN_POINT ( 'NONE',  ( 28.50000000000000711, -17.99999999999999645, 48.50000000000000000 ) ) ;
#764 = APPLICATION_PROTOCOL_DEFINITION ( 'draft international standard', 'automotive_design', 1998, #1371 ) ;
#765 = DIRECTION ( 'NONE',  ( -0.000000000000000000, -1.000000000000000000, -0.000000000000000000 ) ) ;
#766 = DIRECTION ( 'NONE',  ( 0.000000000000000000, 0.000000000000000000, 1.000000000000000000 ) ) ;
#767 = ORIENTED_EDGE ( 'NONE', *, *, #1057, .F. ) ;
#768 = AXIS2_PLACEMENT_3D ( 'NONE', #4058, #1500, #2930 ) ;
#769 = CARTESIAN_POINT ( 'NONE',  ( -31.90000000000000568, -20.00000000000000355, 31.89999999999998437 ) ) ;
#770 = CARTESIAN_POINT ( 'NONE',  ( 31.90000000000000568, -4.399999999999560707, 31.89999999999998437 ) ) ;
#771 = CIRCLE ( 'NONE', #916, 3.550000000000025580 ) ;
#772 = DIRECTION ( 'NONE',  ( 1.000000000000000000, 0.000000000000000000, 0.000000000000000000 ) ) ;
#773 = ORIENTED_EDGE ( 'NONE', *, *, #395, .T. ) ;
#774 = CARTESIAN_POINT ( 'NONE',  ( 31.90000000000000568, -15.09999999999959286, -31.89999999999998437 ) ) ;
#775 = DIRECTION ( 'NONE',  ( 0.000000000000000000, 0.000000000000000000, 1.000000000000000000 ) ) ;
#776 = DIRECTION ( 'NONE',  ( -1.000000000000000000, 0.000000000000000000, -3.491481338843133355E-15 ) ) ;
#777 = VECTOR ( 'NONE', #3242, 1000.000000000000000 ) ;
#778 = EDGE_LOOP ( 'NONE', ( #1805, #4499, #127, #1485, #3071 ) ) ;
#779 = DIRECTION ( 'NONE',  ( 1.000000000000000000, 8.038962449648619589E-15, 0.000000000000000000 ) ) ;
#780 = ORIENTED_EDGE ( 'NONE', *, *, #1348, .F. ) ;
#781 = ORIENTED_EDGE ( 'NONE', *, *, #1417, .F. ) ;
#782 = EDGE_LOOP ( 'NONE', ( #2259, #591, #4199, #3975, #3037, #3325, #3805, #2943, #3374, #3392 ) ) ;
#783 = EDGE_CURVE ( 'NONE', #3529, #1225, #654, .T. ) ;
#784 = VECTOR ( 'NONE', #499, 1000.000000000000000 ) ;
#785 = ORIENTED_EDGE ( 'NONE', *, *, #332, .F. ) ;
#786 = DIRECTION ( 'NONE',  ( 1.000000000000000000, 7.885106708985495542E-15, 0.000000000000000000 ) ) ;
#787 = DIRECTION ( 'NONE',  ( 0.000000000000000000, 0.000000000000000000, -1.000000000000000000 ) ) ;
#788 = EDGE_CURVE ( 'NONE', #1919, #3887, #2530, .T. ) ;
#789 = AXIS2_PLACEMENT_3D ( 'NONE', #969, #571, #3418 ) ;
#790 = LINE ( 'NONE', #4078, #2261 ) ;
#791 = ORIENTED_EDGE ( 'NONE', *, *, #3220, .T. ) ;
#792 = CARTESIAN_POINT ( 'NONE',  ( 27.50000000000000000, 8.000000000000000000, 27.50000000000000000 ) ) ;
#793 = CIRCLE ( 'NONE', #1929, 2.050000000000003375 ) ;
#794 = DIRECTION ( 'NONE',  ( 1.000000000000000000, 7.885106708985527096E-15, 0.000000000000000000 ) ) ;
#795 = DIRECTION ( 'NONE',  ( 0.000000000000000000, 1.000000000000000000, 0.000000000000000000 ) ) ;
#796 = ORIENTED_EDGE ( 'NONE', *, *, #2625, .F. ) ;
#797 = CARTESIAN_POINT ( 'NONE',  ( 36.00000000000002132, 0.000000000000000000, -48.50000000000000000 ) ) ;
#798 = CARTESIAN_POINT ( 'NONE',  ( -31.89999999999999858, 0.000000000000000000, 36.00000000000000000 ) ) ;
#799 = DIRECTION ( 'NONE',  ( -7.359432928386152326E-15, 1.000000000000000000, 0.000000000000000000 ) ) ;
#800 = CARTESIAN_POINT ( 'NONE',  ( 0.000000000000000000, 0.000000000000000000, 50.14999999999999858 ) ) ;
#801 = CIRCLE ( 'NONE', #3283, 1.649999999999998579 ) ;
#802 = ORIENTED_EDGE ( 'NONE', *, *, #1622, .T. ) ;
#803 = ORIENTED_EDGE ( 'NONE', *, *, #3605, .F. ) ;
#804 = ORIENTED_EDGE ( 'NONE', *, *, #4618, .F. ) ;
#805 = EDGE_CURVE ( 'NONE', #2747, #4526, #203, .T. ) ;
#806 = ORIENTED_EDGE ( 'NONE', *, *, #1043, .T. ) ;
#807 = DIRECTION ( 'NONE',  ( 1.000000000000000000, -0.000000000000000000, -9.637352644315591545E-17 ) ) ;
#808 = DIRECTION ( 'NONE',  ( 3.242473786872536800E-16, -1.000000000000000000, 0.000000000000000000 ) ) ;
#809 = EDGE_CURVE ( 'NONE', #4103, #690, #801, .T. ) ;
#810 = LINE ( 'NONE', #1136, #2490 ) ;
#811 = VERTEX_POINT ( 'NONE', #1452 ) ;
#812 = DIRECTION ( 'NONE',  ( 0.000000000000000000, 0.000000000000000000, 1.000000000000000000 ) ) ;
#813 = CARTESIAN_POINT ( 'NONE',  ( 31.90000000000000568, -4.399999999999561595, 31.89999999999998437 ) ) ;
#814 = EDGE_CURVE ( 'NONE', #4374, #1046, #1647, .T. ) ;
#815 = CARTESIAN_POINT ( 'NONE',  ( 30.15000000000007319, -15.09999999999960529, 30.83229217479674134 ) ) ;
#816 = EDGE_CURVE ( 'NONE', #173, #4374, #4158, .T. ) ;
#817 = ORIENTED_EDGE ( 'NONE', *, *, #1311, .F. ) ;
#818 = CARTESIAN_POINT ( 'NONE',  ( -30.14999999999999858, -4.400000000000050981, -48.50000000000000000 ) ) ;
#819 = CARTESIAN_POINT ( 'NONE',  ( 30.14999999999999858, -4.400000000000042988, -48.50000000000000000 ) ) ;
#820 = DIRECTION ( 'NONE',  ( -0.000000000000000000, 1.000000000000000000, -0.000000000000000000 ) ) ;
#821 = DIRECTION ( 'NONE',  ( 0.000000000000000000, 0.000000000000000000, 1.000000000000000000 ) ) ;
#822 = EDGE_CURVE ( 'NONE', #2644, #1180, #1255, .T. ) ;
#823 = EDGE_CURVE ( 'NONE', #1494, #564, #4484, .T. ) ;
#824 = ORIENTED_EDGE ( 'NONE', *, *, #2874, .F. ) ;
#825 = VECTOR ( 'NONE', #865, 1000.000000000000000 ) ;
#826 = EDGE_LOOP ( 'NONE', ( #2946, #362, #1665, #3624 ) ) ;
#827 = VECTOR ( 'NONE', #4172, 1000.000000000000000 ) ;
#828 = DIRECTION ( 'NONE',  ( -0.000000000000000000, -1.000000000000000000, -0.000000000000000000 ) ) ;
#829 = VERTEX_POINT ( 'NONE', #1090 ) ;
#830 = CARTESIAN_POINT ( 'NONE',  ( 31.90000000000001990, 10.00000000000000000, -35.99999999999999289 ) ) ;
#831 = DIRECTION ( 'NONE',  ( 0.000000000000000000, -1.000000000000000000, 0.000000000000000000 ) ) ;
#832 = AXIS2_PLACEMENT_3D ( 'NONE', #37, #1764, #3590 ) ;
#833 = CARTESIAN_POINT ( 'NONE',  ( -31.90000000000000568, -15.10000000000006182, 29.84999999999998010 ) ) ;
#834 = ORIENTED_EDGE ( 'NONE', *, *, #92, .T. ) ;
#835 = DIRECTION ( 'NONE',  ( -0.000000000000000000, -1.000000000000000000, -0.000000000000000000 ) ) ;
#836 = ORIENTED_EDGE ( 'NONE', *, *, #3803, .T. ) ;
#837 = AXIS2_PLACEMENT_3D ( 'NONE', #157, #1595, #3704 ) ;
#838 = ADVANCED_FACE ( 'NONE', ( #2813 ), #4248, .T. ) ;
#839 = DIRECTION ( 'NONE',  ( -0.000000000000000000, -1.000000000000000000, -0.000000000000000000 ) ) ;
#840 = VERTEX_POINT ( 'NONE', #347 ) ;
#841 = FACE_OUTER_BOUND ( 'NONE', #148, .T. ) ;
#842 = LINE ( 'NONE', #185, #784 ) ;
#843 = LINE ( 'NONE', #119, #3391 ) ;
#844 = AXIS2_PLACEMENT_3D ( 'NONE', #3565, #1426, #1114 ) ;
#845 = VECTOR ( 'NONE', #906, 1000.000000000000000 ) ;
#846 = EDGE_CURVE ( 'NONE', #2436, #3144, #1407, .T. ) ;
#847 = DIRECTION ( 'NONE',  ( 0.000000000000000000, 0.000000000000000000, 1.000000000000000000 ) ) ;
#848 = EDGE_LOOP ( 'NONE', ( #523, #896, #1708, #2260 ) ) ;
#849 = VECTOR ( 'NONE', #2684, 1000.000000000000000 ) ;
#850 = VERTEX_POINT ( 'NONE', #3215 ) ;
#851 = ORIENTED_EDGE ( 'NONE', *, *, #3129, .F. ) ;
#852 = FACE_OUTER_BOUND ( 'NONE', #1916, .T. ) ;
#853 = ORIENTED_EDGE ( 'NONE', *, *, #668, .T. ) ;
#854 = LINE ( 'NONE', #438, #1924 ) ;
#855 = DIRECTION ( 'NONE',  ( -1.000000000000000000, -0.000000000000000000, -3.491481338843133750E-15 ) ) ;
#856 = VECTOR ( 'NONE', #2692, 1000.000000000000000 ) ;
#857 = DIRECTION ( 'NONE',  ( -1.000000000000000000, 4.818676322157798238E-17, 0.000000000000000000 ) ) ;
#858 = EDGE_LOOP ( 'NONE', ( #4313, #2687, #1938, #2759 ) ) ;
#859 = EDGE_CURVE ( 'NONE', #4546, #207, #3894, .T. ) ;
#860 = LINE ( 'NONE', #3753, #1970 ) ;
#861 = VERTEX_POINT ( 'NONE', #4653 ) ;
#862 = VECTOR ( 'NONE', #317, 1000.000000000000000 ) ;
#863 = CARTESIAN_POINT ( 'NONE',  ( -31.90000000000000568, -15.10000000000006359, -30.24999999999998579 ) ) ;
#864 = ORIENTED_EDGE ( 'NONE', *, *, #270, .T. ) ;
#865 = DIRECTION ( 'NONE',  ( 0.000000000000000000, 0.000000000000000000, 1.000000000000000000 ) ) ;
#866 = ADVANCED_FACE ( 'NONE', ( #1022 ), #319, .T. ) ;
#867 = AXIS2_PLACEMENT_3D ( 'NONE', #3748, #510, #1258 ) ;
#868 = DIRECTION ( 'NONE',  ( -0.000000000000000000, 1.000000000000000000, -0.000000000000000000 ) ) ;
#869 = DIRECTION ( 'NONE',  ( 0.000000000000000000, -1.000000000000000000, 0.000000000000000000 ) ) ;
#870 = DIRECTION ( 'NONE',  ( -3.503386530222125631E-15, 0.000000000000000000, 1.000000000000000000 ) ) ;
#871 = VECTOR ( 'NONE', #1650, 1000.000000000000000 ) ;
#872 = ORIENTED_EDGE ( 'NONE', *, *, #2941, .F. ) ;
#873 = ORIENTED_EDGE ( 'NONE', *, *, #2531, .F. ) ;
#874 = ORIENTED_EDGE ( 'NONE', *, *, #210, .T. ) ;
#875 = FACE_OUTER_BOUND ( 'NONE', #1179, .T. ) ;
#876 = EDGE_CURVE ( 'NONE', #1593, #929, #104, .T. ) ;
#877 = ORIENTED_EDGE ( 'NONE', *, *, #1185, .F. ) ;
#878 = CARTESIAN_POINT ( 'NONE',  ( 30.12428571428571544, 5.707485581880678893, 10.00000000000000000 ) ) ;
#879 = CARTESIAN_POINT ( 'NONE',  ( -31.89999999999999858, 8.000000000000000000, -35.99999999999997868 ) ) ;
#880 = FACE_OUTER_BOUND ( 'NONE', #1325, .T. ) ;
#881 = VERTEX_POINT ( 'NONE', #2223 ) ;
#882 = EDGE_CURVE ( 'NONE', #3928, #1569, #1184, .T. ) ;
#883 = PLANE ( 'NONE',  #2944 ) ;
#884 = VERTEX_POINT ( 'NONE', #1827 ) ;
#885 = DIRECTION ( 'NONE',  ( -1.000000000000000000, -0.000000000000000000, -3.491481338843133750E-15 ) ) ;
#886 = EDGE_LOOP ( 'NONE', ( #3346, #1351, #316, #48 ) ) ;
#887 = CARTESIAN_POINT ( 'NONE',  ( -30.15000000000006608, -15.10000000000004938, 50.14999999999999858 ) ) ;
#888 = DIRECTION ( 'NONE',  ( 0.000000000000000000, 0.000000000000000000, 1.000000000000000000 ) ) ;
#889 = CARTESIAN_POINT ( 'NONE',  ( -31.90000000000000568, -20.00000000000000355, -31.89999999999998437 ) ) ;
#890 = CARTESIAN_POINT ( 'NONE',  ( 31.90000000000000568, -1.900000000000089173, 33.54999999999998295 ) ) ;
#891 = ORIENTED_EDGE ( 'NONE', *, *, #189, .F. ) ;
#892 = ORIENTED_EDGE ( 'NONE', *, *, #1512, .T. ) ;
#893 = LINE ( 'NONE', #4211, #4317 ) ;
#894 = EDGE_CURVE ( 'NONE', #1582, #1867, #2975, .T. ) ;
#895 = DIRECTION ( 'NONE',  ( 7.885106708985495542E-15, -1.000000000000000000, 0.000000000000000000 ) ) ;
#896 = ORIENTED_EDGE ( 'NONE', *, *, #4118, .T. ) ;
#897 = DIRECTION ( 'NONE',  ( -0.000000000000000000, -0.000000000000000000, 1.000000000000000000 ) ) ;
#898 = CARTESIAN_POINT ( 'NONE',  ( 31.90000000000000568, -20.00000000000000711, -30.24999999999998934 ) ) ;
#899 = EDGE_CURVE ( 'NONE', #967, #3928, #2266, .T. ) ;
#900 = FACE_OUTER_BOUND ( 'NONE', #4536, .T. ) ;
#901 = ADVANCED_FACE ( 'NONE', ( #3980 ), #1134, .F. ) ;
#902 = LINE ( 'NONE', #2768, #3354 ) ;
#903 = ORIENTED_EDGE ( 'NONE', *, *, #2043, .T. ) ;
#904 = AXIS2_PLACEMENT_3D ( 'NONE', #1075, #4660, #1142 ) ;
#905 = FACE_OUTER_BOUND ( 'NONE', #2328, .T. ) ;
#906 = DIRECTION ( 'NONE',  ( 0.000000000000000000, 0.000000000000000000, 1.000000000000000000 ) ) ;
#907 = ORIENTED_EDGE ( 'NONE', *, *, #3469, .F. ) ;
#908 = DIRECTION ( 'NONE',  ( 7.885106708985495542E-15, -1.000000000000000000, 0.000000000000000000 ) ) ;
#909 = LINE ( 'NONE', #2347, #309 ) ;
#910 = VECTOR ( 'NONE', #1383, 1000.000000000000000 ) ;
#911 = CARTESIAN_POINT ( 'NONE',  ( -31.90000000000000568, -4.966112860375774708E-15, -28.34999999999995524 ) ) ;
#912 = ORIENTED_EDGE ( 'NONE', *, *, #4431, .F. ) ;
#913 = ORIENTED_EDGE ( 'NONE', *, *, #814, .T. ) ;
#914 = EDGE_CURVE ( 'NONE', #4033, #2708, #388, .T. ) ;
#915 = CARTESIAN_POINT ( 'NONE',  ( -30.15000000000006608, -15.10000000000004938, -48.50000000000000000 ) ) ;
#916 = AXIS2_PLACEMENT_3D ( 'NONE', #3343, #1935, #821 ) ;
#917 = FACE_BOUND ( 'NONE', #2899, .T. ) ;
#918 = ORIENTED_EDGE ( 'NONE', *, *, #1348, .T. ) ;
#919 = CARTESIAN_POINT ( 'NONE',  ( -28.49999999999999645, -15.10000000000003695, -48.50000000000000000 ) ) ;
#920 = EDGE_CURVE ( 'NONE', #1564, #3993, #3652, .T. ) ;
#921 = DIRECTION ( 'NONE',  ( -0.000000000000000000, 0.000000000000000000, 1.000000000000000000 ) ) ;
#922 = AXIS2_PLACEMENT_3D ( 'NONE', #3773, #2931, #553 ) ;
#923 = CARTESIAN_POINT ( 'NONE',  ( 31.90000000000000568, 0.000000000000000000, -31.89999999999999147 ) ) ;
#924 = CARTESIAN_POINT ( 'NONE',  ( 30.14999999999999858, -4.400000000000042988, -48.50000000000000000 ) ) ;
#925 = ORIENTED_EDGE ( 'NONE', *, *, #1188, .F. ) ;
#926 = EDGE_CURVE ( 'NONE', #1691, #3656, #2197, .T. ) ;
#927 = AXIS2_PLACEMENT_3D ( 'NONE', #307, #2401, #2423 ) ;
#928 = CARTESIAN_POINT ( 'NONE',  ( -28.50000000000000000, -4.400000000000037659, -48.50000000000000000 ) ) ;
#929 = VERTEX_POINT ( 'NONE', #1571 ) ;
#930 = VECTOR ( 'NONE', #1695, 1000.000000000000000 ) ;
#931 = VECTOR ( 'NONE', #3843, 1000.000000000000000 ) ;
#932 = DIRECTION ( 'NONE',  ( -0.000000000000000000, -1.000000000000000000, -0.000000000000000000 ) ) ;
#933 = ORIENTED_EDGE ( 'NONE', *, *, #4613, .F. ) ;
#934 = DIRECTION ( 'NONE',  ( 1.217349807703022362E-16, -1.000000000000000000, 0.000000000000000000 ) ) ;
#935 = PRESENTATION_LAYER_ASSIGNMENT (  '', '', ( #2441 ) ) ;
#936 = CARTESIAN_POINT ( 'NONE',  ( -31.90000000000000568, -1.900000000000009237, 31.89999999999998437 ) ) ;
#937 = AXIS2_PLACEMENT_3D ( 'NONE', #3062, #3765, #1296 ) ;
#938 =( LENGTH_UNIT ( ) NAMED_UNIT ( * ) SI_UNIT ( .MILLI., .METRE. ) );
#939 = EDGE_LOOP ( 'NONE', ( #1157, #4001, #4597, #3847, #613, #2763, #824, #3743, #2045, #3545, #1398, #1382, #874, #263, #555, #2777, #4175, #2157, #2052, #956, #2569, #3500, #2049, #59 ) ) ;
#940 = FACE_BOUND ( 'NONE', #4284, .T. ) ;
#941 = ORIENTED_EDGE ( 'NONE', *, *, #2010, .T. ) ;
#942 = CARTESIAN_POINT ( 'NONE',  ( -11.00000000000011191, 7.000000000000004441, 32.19999999999996021 ) ) ;
#943 = FACE_OUTER_BOUND ( 'NONE', #1298, .T. ) ;
#944 = CIRCLE ( 'NONE', #2142, 0.9999999999999974465 ) ;
#945 = VECTOR ( 'NONE', #4337, 1000.000000000000000 ) ;
#946 = ORIENTED_EDGE ( 'NONE', *, *, #4031, .F. ) ;
#947 = ORIENTED_EDGE ( 'NONE', *, *, #1900, .F. ) ;
#948 = CARTESIAN_POINT ( 'NONE',  ( -31.90000000000000568, -4.400000000000064304, -31.89999999999998437 ) ) ;
#949 = CARTESIAN_POINT ( 'NONE',  ( -31.90000000000000568, -4.400000000000064304, 31.89999999999998437 ) ) ;
#950 = CARTESIAN_POINT ( 'NONE',  ( -28.50000000000000000, -4.400000000000037659, -48.50000000000000000 ) ) ;
#951 = AXIS2_PLACEMENT_3D ( 'NONE', #1256, #1568, #2620 ) ;
#952 = DIRECTION ( 'NONE',  ( -1.000000000000000000, -0.000000000000000000, -3.491481338843133750E-15 ) ) ;
#953 = ORIENTED_EDGE ( 'NONE', *, *, #4034, .F. ) ;
#954 = EDGE_CURVE ( 'NONE', #3628, #3002, #487, .T. ) ;
#955 = DIRECTION ( 'NONE',  ( -1.000000000000000000, -1.217349807703022609E-16, -0.000000000000000000 ) ) ;
#956 = ORIENTED_EDGE ( 'NONE', *, *, #3600, .F. ) ;
#957 = ADVANCED_FACE ( 'NONE', ( #1547 ), #3355, .F. ) ;
#958 = LINE ( 'NONE', #1334, #2042 ) ;
#959 = ORIENTED_EDGE ( 'NONE', *, *, #2548, .T. ) ;
#960 = EDGE_CURVE ( 'NONE', #1299, #1046, #4432, .T. ) ;
#961 = LINE ( 'NONE', #4204, #4392 ) ;
#962 = LINE ( 'NONE', #2307, #1829 ) ;
#963 = ADVANCED_FACE ( 'NONE', ( #2624 ), #1115, .T. ) ;
#964 = EDGE_LOOP ( 'NONE', ( #891, #1059, #2618, #617 ) ) ;
#965 = ADVANCED_FACE ( 'NONE', ( #1853 ), #3609, .F. ) ;
#966 = CARTESIAN_POINT ( 'NONE',  ( 31.90000000000000568, -15.09999999999959286, 31.89999999999998437 ) ) ;
#967 = VERTEX_POINT ( 'NONE', #3675 ) ;
#968 = DIRECTION ( 'NONE',  ( -1.000000000000000000, -0.000000000000000000, -3.491481338843133750E-15 ) ) ;
#969 = CARTESIAN_POINT ( 'NONE',  ( 28.50000000000000355, -17.00000000000005684, -48.50000000000000000 ) ) ;
#970 = ADVANCED_FACE ( 'NONE', ( #743 ), #3301, .F. ) ;
#971 = VERTEX_POINT ( 'NONE', #2904 ) ;
#972 = ORIENTED_EDGE ( 'NONE', *, *, #3745, .F. ) ;
#973 = CARTESIAN_POINT ( 'NONE',  ( -31.90000000000000568, -20.89827560572980047, 29.84999999999998010 ) ) ;
#974 = LINE ( 'NONE', #2477, #1278 ) ;
#975 = LINE ( 'NONE', #2085, #2818 ) ;
#976 = CARTESIAN_POINT ( 'NONE',  ( 29.69999999999999929, 6.613013953966871306, -10.00000000000000000 ) ) ;
#977 = ORIENTED_EDGE ( 'NONE', *, *, #2772, .F. ) ;
#978 = PLANE ( 'NONE',  #1823 ) ;
#979 = CARTESIAN_POINT ( 'NONE',  ( 31.90000000000000568, -20.00000000000000711, 33.54999999999998295 ) ) ;
#980 = ORIENTED_EDGE ( 'NONE', *, *, #2282, .T. ) ;
#981 = DIRECTION ( 'NONE',  ( 0.000000000000000000, 1.000000000000000000, 0.000000000000000000 ) ) ;
#982 = CYLINDRICAL_SURFACE ( 'NONE', #100, 1.649999999999991696 ) ;
#983 = CARTESIAN_POINT ( 'NONE',  ( 31.90000000000000568, -18.10000000000009379, -30.24999999999998934 ) ) ;
#984 = ORIENTED_EDGE ( 'NONE', *, *, #214, .F. ) ;
#985 = EDGE_CURVE ( 'NONE', #1266, #530, #3282, .T. ) ;
#986 = DIRECTION ( 'NONE',  ( 0.000000000000000000, 0.000000000000000000, 1.000000000000000000 ) ) ;
#987 = CARTESIAN_POINT ( 'NONE',  ( -31.90000000000000568, -15.10000000000006359, 31.89999999999998437 ) ) ;
#988 = VECTOR ( 'NONE', #2491, 1000.000000000000000 ) ;
#989 = ORIENTED_EDGE ( 'NONE', *, *, #3721, .F. ) ;
#990 = VERTEX_POINT ( 'NONE', #57 ) ;
#991 = FACE_OUTER_BOUND ( 'NONE', #1095, .T. ) ;
#992 = DIRECTION ( 'NONE',  ( -0.000000000000000000, -1.000000000000000000, -0.000000000000000000 ) ) ;
#993 = DIRECTION ( 'NONE',  ( -1.000000000000000000, -7.615859162824993749E-15, 0.000000000000000000 ) ) ;
#994 = CIRCLE ( 'NONE', #3253, 71.30248928736450864 ) ;
#995 = VECTOR ( 'NONE', #4090, 1000.000000000000000 ) ;
#996 = DIRECTION ( 'NONE',  ( 1.000000000000000000, -0.000000000000000000, 3.491481338843133355E-15 ) ) ;
#997 = ORIENTED_EDGE ( 'NONE', *, *, #3475, .T. ) ;
#998 = DIRECTION ( 'NONE',  ( -1.000000000000000000, 0.000000000000000000, 9.637352644315591545E-17 ) ) ;
#999 = AXIS2_PLACEMENT_3D ( 'NONE', #813, #394, #3681 ) ;
#1000 = LINE ( 'NONE', #1643, #3478 ) ;
#1001 = ADVANCED_FACE ( 'NONE', ( #2927 ), #4358, .F. ) ;
#1002 = CARTESIAN_POINT ( 'NONE',  ( 36.00000000000002132, 0.000000000000000000, 56.00000000000000000 ) ) ;
#1003 = EDGE_LOOP ( 'NONE', ( #4488, #2968, #4126, #1557 ) ) ;
#1004 = DIRECTION ( 'NONE',  ( 0.000000000000000000, 0.000000000000000000, 1.000000000000000000 ) ) ;
#1005 = CIRCLE ( 'NONE', #1840, 1.649999999999995248 ) ;
#1006 = CIRCLE ( 'NONE', #1307, 3.549999999999893685 ) ;
#1007 = FACE_OUTER_BOUND ( 'NONE', #4231, .T. ) ;
#1008 = DIRECTION ( 'NONE',  ( 1.000000000000000000, -4.818676322157797621E-17, -0.000000000000000000 ) ) ;
#1009 = AXIS2_PLACEMENT_3D ( 'NONE', #657, #2704, #2373 ) ;
#1010 = ORIENTED_EDGE ( 'NONE', *, *, #623, .T. ) ;
#1011 = DIRECTION ( 'NONE',  ( 7.359432928386152326E-15, -1.000000000000000000, -0.000000000000000000 ) ) ;
#1012 = CARTESIAN_POINT ( 'NONE',  ( 30.14999999999999858, -4.400000000000042988, -48.50000000000000000 ) ) ;
#1013 = CIRCLE ( 'NONE', #494, 2.049999999999999822 ) ;
#1014 = ORIENTED_EDGE ( 'NONE', *, *, #1769, .T. ) ;
#1015 = ORIENTED_EDGE ( 'NONE', *, *, #2661, .T. ) ;
#1016 = CARTESIAN_POINT ( 'NONE',  ( -31.90000000000000568, 8.099999999999994316, -30.24999999999998579 ) ) ;
#1017 = CARTESIAN_POINT ( 'NONE',  ( 36.00000000000002132, 8.000000000000000000, 35.99999999999999289 ) ) ;
#1018 = EDGE_CURVE ( 'NONE', #3291, #3002, #3424, .T. ) ;
#1019 = ORIENTED_EDGE ( 'NONE', *, *, #816, .T. ) ;
#1020 = DIRECTION ( 'NONE',  ( -0.000000000000000000, 0.000000000000000000, -1.000000000000000000 ) ) ;
#1021 = CARTESIAN_POINT ( 'NONE',  ( 28.50000000000000000, -4.400000000000030553, 48.50000000000000000 ) ) ;
#1022 = FACE_OUTER_BOUND ( 'NONE', #3763, .T. ) ;
#1023 = EDGE_CURVE ( 'NONE', #2191, #1456, #3795, .T. ) ;
#1024 = AXIS2_PLACEMENT_3D ( 'NONE', #3566, #2463, #2883 ) ;
#1025 = FACE_OUTER_BOUND ( 'NONE', #778, .T. ) ;
#1026 = EDGE_LOOP ( 'NONE', ( #2429, #4566, #4573, #482 ) ) ;
#1027 = CARTESIAN_POINT ( 'NONE',  ( -31.90000000000000568, -20.00000000000000355, 28.35000000000004050 ) ) ;
#1028 = CARTESIAN_POINT ( 'NONE',  ( 10.99999999999988987, 7.000000000000004441, 31.20000000000003837 ) ) ;
#1029 = LINE ( 'NONE', #3106, #1168 ) ;
#1030 = DIRECTION ( 'NONE',  ( -1.000000000000000000, -7.615859162825007949E-15, 0.000000000000000000 ) ) ;
#1031 = DIRECTION ( 'NONE',  ( 0.000000000000000000, 0.000000000000000000, 1.000000000000000000 ) ) ;
#1032 = FACE_OUTER_BOUND ( 'NONE', #3789, .T. ) ;
#1033 = VERTEX_POINT ( 'NONE', #1277 ) ;
#1034 = ORIENTED_EDGE ( 'NONE', *, *, #4081, .F. ) ;
#1035 = ORIENTED_EDGE ( 'NONE', *, *, #4654, .T. ) ;
#1036 = CARTESIAN_POINT ( 'NONE',  ( -31.90000000000000568, -20.00000000000000711, -31.89999999999998437 ) ) ;
#1037 = EDGE_CURVE ( 'NONE', #634, #2318, #2672, .T. ) ;
#1038 = ORIENTED_EDGE ( 'NONE', *, *, #4152, .T. ) ;
#1039 = AXIS2_PLACEMENT_3D ( 'NONE', #3903, #2891, #1122 ) ;
#1040 = CARTESIAN_POINT ( 'NONE',  ( 27.50000000000000000, 0.000000000000000000, 27.50000000000000000 ) ) ;
#1041 = CARTESIAN_POINT ( 'NONE',  ( -30.14999999999999858, -4.400000000000050981, -48.50000000000000000 ) ) ;
#1042 = CARTESIAN_POINT ( 'NONE',  ( 31.90000000000000568, 0.000000000000000000, -31.89999999999999147 ) ) ;
#1043 = EDGE_CURVE ( 'NONE', #2308, #3993, #1639, .T. ) ;
#1044 = EDGE_CURVE ( 'NONE', #3075, #884, #3091, .T. ) ;
#1045 = FACE_OUTER_BOUND ( 'NONE', #2372, .T. ) ;
#1046 = VERTEX_POINT ( 'NONE', #4528 ) ;
#1047 = AXIS2_PLACEMENT_3D ( 'NONE', #2098, #2680, #3734 ) ;
#1048 = LINE ( 'NONE', #371, #988 ) ;
#1049 = AXIS2_PLACEMENT_3D ( 'NONE', #1347, #2504, #2104 ) ;
#1050 = CARTESIAN_POINT ( 'NONE',  ( -36.00000000000000711, 8.000000000000000000, 36.00000000000000000 ) ) ;
#1051 = FACE_OUTER_BOUND ( 'NONE', #1610, .T. ) ;
#1052 = CARTESIAN_POINT ( 'NONE',  ( 31.90000000000000568, -15.09999999999959286, 31.89999999999998437 ) ) ;
#1053 = AXIS2_PLACEMENT_3D ( 'NONE', #3987, #2493, #2516 ) ;
#1054 = DIRECTION ( 'NONE',  ( 1.261617073437678492E-16, 0.000000000000000000, 1.000000000000000000 ) ) ;
#1055 = LINE ( 'NONE', #1797, #306 ) ;
#1056 = AXIS2_PLACEMENT_3D ( 'NONE', #745, #4339, #3897 ) ;
#1057 = EDGE_CURVE ( 'NONE', #3841, #3840, #351, .T. ) ;
#1058 = EDGE_LOOP ( 'NONE', ( #3813, #2033, #503, #1397 ) ) ;
#1059 = ORIENTED_EDGE ( 'NONE', *, *, #1252, .F. ) ;
#1060 = ORIENTED_EDGE ( 'NONE', *, *, #471, .T. ) ;
#1061 = DIRECTION ( 'NONE',  ( 1.000000000000000000, 7.885106708985493964E-15, 0.000000000000000000 ) ) ;
#1062 = AXIS2_PLACEMENT_3D ( 'NONE', #532, #1875, #109 ) ;
#1063 = EDGE_CURVE ( 'NONE', #3617, #3371, #3725, .T. ) ;
#1064 = ORIENTED_EDGE ( 'NONE', *, *, #3409, .T. ) ;
#1065 = CARTESIAN_POINT ( 'NONE',  ( 31.90000000000000568, -20.00000000000000711, 31.89999999999998437 ) ) ;
#1066 = CONICAL_SURFACE ( 'NONE', #1751, 3.549999999999893685, 0.7853981633974447263 ) ;
#1067 = CARTESIAN_POINT ( 'NONE',  ( -27.50000000000000000, 8.000000000000000000, 27.50000000000000000 ) ) ;
#1068 = DIRECTION ( 'NONE',  ( -1.000000000000000000, -7.313862828241200859E-17, 0.000000000000000000 ) ) ;
#1069 = EDGE_CURVE ( 'NONE', #3468, #1109, #227, .T. ) ;
#1070 = DIRECTION ( 'NONE',  ( -7.359432928386152326E-15, 1.000000000000000000, 0.000000000000000000 ) ) ;
#1071 = VECTOR ( 'NONE', #658, 1000.000000000000000 ) ;
#1072 = ORIENTED_EDGE ( 'NONE', *, *, #3578, .F. ) ;
#1073 = CARTESIAN_POINT ( 'NONE',  ( 30.15000000000007319, -15.10000000000004228, -48.50000000000000000 ) ) ;
#1074 = FACE_OUTER_BOUND ( 'NONE', #1345, .T. ) ;
#1075 = CARTESIAN_POINT ( 'NONE',  ( 28.50000000000000000, -4.400000000000030553, -48.50000000000000000 ) ) ;
#1076 = LINE ( 'NONE', #2469, #2316 ) ;
#1077 = DIRECTION ( 'NONE',  ( 0.000000000000000000, 0.000000000000000000, 1.000000000000000000 ) ) ;
#1078 = CARTESIAN_POINT ( 'NONE',  ( -31.90000000000000568, -1.900000000000009237, 30.24999999999998579 ) ) ;
#1079 = VECTOR ( 'NONE', #3511, 1000.000000000000000 ) ;
#1080 = CARTESIAN_POINT ( 'NONE',  ( -36.00000000000000711, 1.500000000000000000, 27.49999999999999645 ) ) ;
#1081 = AXIS2_PLACEMENT_3D ( 'NONE', #1638, #1276, #219 ) ;
#1082 = ORIENTED_EDGE ( 'NONE', *, *, #3289, .F. ) ;
#1083 = ORIENTED_EDGE ( 'NONE', *, *, #1567, .F. ) ;
#1084 = EDGE_LOOP ( 'NONE', ( #2594, #3217, #4070, #1709 ) ) ;
#1085 = DIRECTION ( 'NONE',  ( -0.000000000000000000, 1.000000000000000000, -0.000000000000000000 ) ) ;
#1086 = AXIS2_PLACEMENT_3D ( 'NONE', #3796, #3845, #250 ) ;
#1087 = VERTEX_POINT ( 'NONE', #4101 ) ;
#1088 = CARTESIAN_POINT ( 'NONE',  ( -31.90000000000000568, -4.400000000000064304, -31.89999999999998437 ) ) ;
#1089 =( NAMED_UNIT ( * ) PLANE_ANGLE_UNIT ( ) SI_UNIT ( $, .RADIAN. ) );
#1090 = CARTESIAN_POINT ( 'NONE',  ( 28.50000000000000711, -4.399999999999588240, 34.00713075057051782 ) ) ;
#1091 = ADVANCED_FACE ( 'NONE', ( #220 ), #2315, .T. ) ;
#1092 = AXIS2_PLACEMENT_3D ( 'NONE', #4146, #177, #3499 ) ;
#1093 = EDGE_CURVE ( 'NONE', #2965, #2708, #4122, .T. ) ;
#1094 = DIRECTION ( 'NONE',  ( -0.000000000000000000, -0.000000000000000000, -1.000000000000000000 ) ) ;
#1095 = EDGE_LOOP ( 'NONE', ( #664, #1865, #1072, #1250 ) ) ;
#1096 = EDGE_CURVE ( 'NONE', #2965, #1299, #3749, .T. ) ;
#1097 = DIRECTION ( 'NONE',  ( 7.313862828241198394E-17, -1.000000000000000000, -0.000000000000000000 ) ) ;
#1098 = CARTESIAN_POINT ( 'NONE',  ( 3.469446951953611428E-15, 10.00000000000000000, 35.99999999999999289 ) ) ;
#1099 = ADVANCED_FACE ( 'NONE', ( #528, #153 ), #2295, .T. ) ;
#1100 = DIRECTION ( 'NONE',  ( 1.000000000000000000, 0.000000000000000000, 0.000000000000000000 ) ) ;
#1101 = AXIS2_PLACEMENT_3D ( 'NONE', #4428, #4074, #2290 ) ;
#1102 = LINE ( 'NONE', #3174, #4047 ) ;
#1103 = FACE_OUTER_BOUND ( 'NONE', #287, .T. ) ;
#1104 = CARTESIAN_POINT ( 'NONE',  ( -31.90000000000000568, 0.000000000000000000, -31.89999999999997726 ) ) ;
#1105 = ADVANCED_FACE ( 'NONE', ( #2334 ), #1230, .T. ) ;
#1106 = ORIENTED_EDGE ( 'NONE', *, *, #623, .F. ) ;
#1107 = DIRECTION ( 'NONE',  ( -0.000000000000000000, -1.000000000000000000, -0.000000000000000000 ) ) ;
#1108 = EDGE_LOOP ( 'NONE', ( #3059, #139, #1998, #1192 ) ) ;
#1109 = VERTEX_POINT ( 'NONE', #175 ) ;
#1110 = ORIENTED_EDGE ( 'NONE', *, *, #440, .F. ) ;
#1111 = ORIENTED_EDGE ( 'NONE', *, *, #1044, .F. ) ;
#1112 = VECTOR ( 'NONE', #1794, 1000.000000000000000 ) ;
#1113 = DIRECTION ( 'NONE',  ( 0.000000000000000000, 0.000000000000000000, 1.000000000000000000 ) ) ;
#1114 = DIRECTION ( 'NONE',  ( 0.000000000000000000, 0.000000000000000000, 1.000000000000000000 ) ) ;
#1115 = CYLINDRICAL_SURFACE ( 'NONE', #2156, 71.00000000000000000 ) ;
#1116 = CYLINDRICAL_SURFACE ( 'NONE', #2115, 71.30248928736450864 ) ;
#1117 = VERTEX_POINT ( 'NONE', #1615 ) ;
#1118 = CARTESIAN_POINT ( 'NONE',  ( 10.99999999999988987, 8.000000000000000000, 31.20000000000003837 ) ) ;
#1119 = CYLINDRICAL_SURFACE ( 'NONE', #1303, 1.649999999999998579 ) ;
#1120 = CARTESIAN_POINT ( 'NONE',  ( -31.90000000000000568, -15.10000000000006182, -31.89999999999998437 ) ) ;
#1121 = ORIENTED_EDGE ( 'NONE', *, *, #3770, .T. ) ;
#1122 = DIRECTION ( 'NONE',  ( -1.000000000000000000, 0.000000000000000000, 0.000000000000000000 ) ) ;
#1123 = CARTESIAN_POINT ( 'NONE',  ( 27.50000000000000000, 0.000000000000000000, 27.50000000000000000 ) ) ;
#1124 = DIRECTION ( 'NONE',  ( 0.000000000000000000, 0.000000000000000000, 1.000000000000000000 ) ) ;
#1125 = VERTEX_POINT ( 'NONE', #1259 ) ;
#1126 = DIRECTION ( 'NONE',  ( -7.885106708985495542E-15, 1.000000000000000000, -0.000000000000000000 ) ) ;
#1127 = VECTOR ( 'NONE', #289, 1000.000000000000000 ) ;
#1128 = EDGE_CURVE ( 'NONE', #2449, #2218, #247, .T. ) ;
#1129 = ORIENTED_EDGE ( 'NONE', *, *, #3322, .T. ) ;
#1130 = EDGE_LOOP ( 'NONE', ( #3444, #1271, #370, #4389 ) ) ;
#1131 = ORIENTED_EDGE ( 'NONE', *, *, #3895, .T. ) ;
#1132 = VERTEX_POINT ( 'NONE', #199 ) ;
#1133 = CYLINDRICAL_SURFACE ( 'NONE', #3503, 2.050000000000003375 ) ;
#1134 = PLANE ( 'NONE',  #726 ) ;
#1135 = CIRCLE ( 'NONE', #1062, 1.000000000000000888 ) ;
#1136 = CARTESIAN_POINT ( 'NONE',  ( 31.90000000000001279, 10.00000000000000000, 28.34999999999995879 ) ) ;
#1137 = EDGE_LOOP ( 'NONE', ( #4334, #4568, #3333, #4406 ) ) ;
#1138 = CIRCLE ( 'NONE', #2873, 0.9999999999999974465 ) ;
#1139 = DIRECTION ( 'NONE',  ( -0.000000000000000000, -1.000000000000000000, -0.000000000000000000 ) ) ;
#1140 = DIRECTION ( 'NONE',  ( -0.000000000000000000, 1.000000000000000000, -0.000000000000000000 ) ) ;
#1141 = VECTOR ( 'NONE', #1958, 1000.000000000000000 ) ;
#1142 = DIRECTION ( 'NONE',  ( -3.242473786872537293E-16, 1.000000000000000000, 0.000000000000000000 ) ) ;
#1143 = EDGE_LOOP ( 'NONE', ( #3533, #3295, #3158, #3207 ) ) ;
#1144 = DIRECTION ( 'NONE',  ( 0.000000000000000000, -1.000000000000000000, 0.000000000000000000 ) ) ;
#1145 = DIRECTION ( 'NONE',  ( 0.000000000000000000, 0.000000000000000000, 1.000000000000000000 ) ) ;
#1146 = DIRECTION ( 'NONE',  ( -1.000000000000000000, -7.615859162825007949E-15, 0.000000000000000000 ) ) ;
#1147 = VECTOR ( 'NONE', #444, 999.9999999999998863 ) ;
#1148 = ORIENTED_EDGE ( 'NONE', *, *, #1504, .T. ) ;
#1149 = CARTESIAN_POINT ( 'NONE',  ( -31.90000000000000568, 8.099999999999994316, -31.89999999999998437 ) ) ;
#1150 = VERTEX_POINT ( 'NONE', #3066 ) ;
#1151 = ORIENTED_EDGE ( 'NONE', *, *, #3573, .F. ) ;
#1152 = AXIS2_PLACEMENT_3D ( 'NONE', #4547, #1361, #3464 ) ;
#1153 = EDGE_CURVE ( 'NONE', #1033, #2617, #1432, .T. ) ;
#1154 = ORIENTED_EDGE ( 'NONE', *, *, #4152, .F. ) ;
#1155 = VECTOR ( 'NONE', #1556, 1000.000000000000000 ) ;
#1156 = AXIS2_PLACEMENT_3D ( 'NONE', #401, #3951, #271 ) ;
#1157 = ORIENTED_EDGE ( 'NONE', *, *, #215, .T. ) ;
#1158 = CARTESIAN_POINT ( 'NONE',  ( 31.19999999999999929, 8.000000000000000000, 11.00000000000000000 ) ) ;
#1159 = DIRECTION ( 'NONE',  ( 0.000000000000000000, 0.000000000000000000, 1.000000000000000000 ) ) ;
#1160 = ADVANCED_FACE ( 'NONE', ( #4143 ), #1712, .T. ) ;
#1161 = ADVANCED_FACE ( 'NONE', ( #364, #2406, #3560, #715 ), #3867, .T. ) ;
#1162 = CIRCLE ( 'NONE', #3271, 1.649999999999995248 ) ;
#1163 = DIRECTION ( 'NONE',  ( -1.000000000000000000, -7.313862828241198394E-17, 0.000000000000000000 ) ) ;
#1164 = EDGE_LOOP ( 'NONE', ( #4592, #3226, #3389, #142 ) ) ;
#1165 = DIRECTION ( 'NONE',  ( 0.000000000000000000, 0.000000000000000000, 1.000000000000000000 ) ) ;
#1166 = ORIENTED_EDGE ( 'NONE', *, *, #3947, .F. ) ;
#1167 = EDGE_CURVE ( 'NONE', #3088, #1752, #2433, .T. ) ;
#1168 = VECTOR ( 'NONE', #1339, 1000.000000000000000 ) ;
#1169 = DIRECTION ( 'NONE',  ( -7.359432928386152326E-15, 1.000000000000000000, 0.000000000000000000 ) ) ;
#1170 = EDGE_CURVE ( 'NONE', #365, #2809, #606, .T. ) ;
#1171 = AXIS2_PLACEMENT_3D ( 'NONE', #414, #80, #460 ) ;
#1172 = CARTESIAN_POINT ( 'NONE',  ( -30.15000000000006608, -15.10000000000004938, -48.50000000000000000 ) ) ;
#1173 = ORIENTED_EDGE ( 'NONE', *, *, #2043, .F. ) ;
#1174 = CARTESIAN_POINT ( 'NONE',  ( 31.90000000000000568, -1.900000000000089173, -30.24999999999998934 ) ) ;
#1175 = CARTESIAN_POINT ( 'NONE',  ( 31.90000000000000568, -20.00000000000000711, 31.89999999999998437 ) ) ;
#1176 = CARTESIAN_POINT ( 'NONE',  ( -31.90000000000000568, 8.099999999999994316, -31.89999999999998437 ) ) ;
#1177 = CARTESIAN_POINT ( 'NONE',  ( 11.00000000000000000, 70.00000000000000000, 3.840629472727446691E-14 ) ) ;
#1178 = ORIENTED_EDGE ( 'NONE', *, *, #2148, .F. ) ;
#1179 = EDGE_LOOP ( 'NONE', ( #602, #4580, #3747, #1489 ) ) ;
#1180 = VERTEX_POINT ( 'NONE', #3844 ) ;
#1181 = CARTESIAN_POINT ( 'NONE',  ( 31.90000000000000568, -4.399999999999560707, 30.24999999999998934 ) ) ;
#1182 = ORIENTED_EDGE ( 'NONE', *, *, #228, .T. ) ;
#1183 = CARTESIAN_POINT ( 'NONE',  ( -27.50000000000000000, 1.499999999999999556, 27.50000000000000000 ) ) ;
#1184 = LINE ( 'NONE', #2577, #2757 ) ;
#1185 = EDGE_CURVE ( 'NONE', #192, #1716, #1802, .T. ) ;
#1186 = DIRECTION ( 'NONE',  ( 0.000000000000000000, 0.000000000000000000, 1.000000000000000000 ) ) ;
#1187 = EDGE_LOOP ( 'NONE', ( #3363, #1785, #1820, #4473 ) ) ;
#1188 = EDGE_CURVE ( 'NONE', #4240, #1867, #3141, .T. ) ;
#1189 = DIRECTION ( 'NONE',  ( 1.000000000000000000, 8.038962449648605390E-15, 0.000000000000000000 ) ) ;
#1190 = CARTESIAN_POINT ( 'NONE',  ( -30.14999999999999858, -4.400000000000050981, -32.96770782520310661 ) ) ;
#1191 = CARTESIAN_POINT ( 'NONE',  ( -31.90000000000000568, -1.900000000000009237, 31.89999999999998437 ) ) ;
#1192 = ORIENTED_EDGE ( 'NONE', *, *, #2833, .F. ) ;
#1193 = LINE ( 'NONE', #2634, #605 ) ;
#1194 = DIRECTION ( 'NONE',  ( -0.000000000000000000, 1.000000000000000000, -0.000000000000000000 ) ) ;
#1195 = CARTESIAN_POINT ( 'NONE',  ( 31.90000000000000568, -20.00000000000000711, 31.89999999999998437 ) ) ;
#1196 = CYLINDRICAL_SURFACE ( 'NONE', #478, 1.649999999999998579 ) ;
#1197 = VERTEX_POINT ( 'NONE', #647 ) ;
#1198 = ORIENTED_EDGE ( 'NONE', *, *, #4013, .F. ) ;
#1199 = AXIS2_PLACEMENT_3D ( 'NONE', #3313, #1530, #2959 ) ;
#1200 = ORIENTED_EDGE ( 'NONE', *, *, #1167, .F. ) ;
#1201 = EDGE_CURVE ( 'NONE', #1237, #1117, #313, .T. ) ;
#1202 = FACE_BOUND ( 'NONE', #4650, .T. ) ;
#1203 = ORIENTED_EDGE ( 'NONE', *, *, #2078, .F. ) ;
#1204 = DIRECTION ( 'NONE',  ( 0.000000000000000000, 0.000000000000000000, 1.000000000000000000 ) ) ;
#1205 = AXIS2_PLACEMENT_3D ( 'NONE', #1859, #730, #2166 ) ;
#1206 = DIRECTION ( 'NONE',  ( 0.000000000000000000, 0.000000000000000000, 1.000000000000000000 ) ) ;
#1207 = AXIS2_PLACEMENT_3D ( 'NONE', #2067, #4182, #2414 ) ;
#1208 = EDGE_CURVE ( 'NONE', #2151, #3492, #974, .T. ) ;
#1209 = FACE_BOUND ( 'NONE', #268, .T. ) ;
#1210 = ORIENTED_EDGE ( 'NONE', *, *, #2341, .T. ) ;
#1211 = DIRECTION ( 'NONE',  ( 1.000000000000000000, -0.000000000000000000, -0.000000000000000000 ) ) ;
#1212 = EDGE_LOOP ( 'NONE', ( #558, #1498, #4403, #3582 ) ) ;
#1213 = VECTOR ( 'NONE', #224, 1000.000000000000000 ) ;
#1214 = CARTESIAN_POINT ( 'NONE',  ( 31.90000000000000568, -2.998683759578901079E-16, -35.45000000000007390 ) ) ;
#1215 = EDGE_LOOP ( 'NONE', ( #2028, #2995 ) ) ;
#1216 = DIRECTION ( 'NONE',  ( -3.469446951953622866E-15, 0.000000000000000000, 1.000000000000000000 ) ) ;
#1217 = CARTESIAN_POINT ( 'NONE',  ( -31.90000000000000568, -15.10000000000006182, -31.89999999999998437 ) ) ;
#1218 = DIRECTION ( 'NONE',  ( 0.000000000000000000, 0.000000000000000000, 1.000000000000000000 ) ) ;
#1219 = DIRECTION ( 'NONE',  ( -3.503386530222125631E-15, 0.000000000000000000, 1.000000000000000000 ) ) ;
#1220 = AXIS2_PLACEMENT_3D ( 'NONE', #3925, #776, #4370 ) ;
#1221 = EDGE_CURVE ( 'NONE', #3013, #3636, #2058, .T. ) ;
#1222 = ORIENTED_EDGE ( 'NONE', *, *, #4095, .T. ) ;
#1223 = COLOUR_RGB ( '',0.7921568627450980005, 0.8196078431372548767, 0.9333333333333333481 ) ;
#1224 = EDGE_LOOP ( 'NONE', ( #1696, #2338 ) ) ;
#1225 = VERTEX_POINT ( 'NONE', #2083 ) ;
#1226 = ADVANCED_FACE ( 'NONE', ( #273 ), #4264, .F. ) ;
#1227 = CARTESIAN_POINT ( 'NONE',  ( 0.000000000000000000, 70.00000000000000000, -11.00000000000000000 ) ) ;
#1228 = VERTEX_POINT ( 'NONE', #2154 ) ;
#1229 = CYLINDRICAL_SURFACE ( 'NONE', #1702, 3.999999999999989786 ) ;
#1230 = CYLINDRICAL_SURFACE ( 'NONE', #3463, 4.000000000000000000 ) ;
#1231 = AXIS2_PLACEMENT_3D ( 'NONE', #3516, #2541, #4327 ) ;
#1232 = AXIS2_PLACEMENT_3D ( 'NONE', #231, #3151, #1672 ) ;
#1233 = CARTESIAN_POINT ( 'NONE',  ( -31.90000000000000568, -20.00000000000000355, 31.89999999999998437 ) ) ;
#1234 = VERTEX_POINT ( 'NONE', #3185 ) ;
#1235 = EDGE_CURVE ( 'NONE', #1620, #3864, #3637, .T. ) ;
#1236 = PLANE ( 'NONE',  #837 ) ;
#1237 = VERTEX_POINT ( 'NONE', #1016 ) ;
#1238 = AXIS2_PLACEMENT_3D ( 'NONE', #2761, #1653, #1254 ) ;
#1239 = EDGE_CURVE ( 'NONE', #2809, #365, #330, .T. ) ;
#1240 = CARTESIAN_POINT ( 'NONE',  ( 31.90000000000001279, 0.000000000000000000, 33.54999999999999005 ) ) ;
#1241 = ORIENTED_EDGE ( 'NONE', *, *, #788, .T. ) ;
#1242 = EDGE_CURVE ( 'NONE', #4376, #645, #2127, .T. ) ;
#1243 = CARTESIAN_POINT ( 'NONE',  ( -27.50000000000000000, 1.500000000000000000, -27.50000000000000000 ) ) ;
#1244 = CIRCLE ( 'NONE', #2895, 4.000000000000000000 ) ;
#1245 = CARTESIAN_POINT ( 'NONE',  ( -28.49999999999999289, -26.41370849898487094, 29.79286924942946868 ) ) ;
#1246 = DIRECTION ( 'NONE',  ( -0.000000000000000000, -1.000000000000000000, -0.000000000000000000 ) ) ;
#1247 = EDGE_CURVE ( 'NONE', #2901, #256, #3585, .T. ) ;
#1248 = CARTESIAN_POINT ( 'NONE',  ( 11.00000000000011013, 6.103872414211633846, -31.64379651867615095 ) ) ;
#1249 = ORIENTED_EDGE ( 'NONE', *, *, #822, .F. ) ;
#1250 = ORIENTED_EDGE ( 'NONE', *, *, #4338, .F. ) ;
#1251 = ADVANCED_FACE ( 'NONE', ( #2806 ), #4285, .F. ) ;
#1252 = EDGE_CURVE ( 'NONE', #4452, #3756, #2955, .T. ) ;
#1253 = EDGE_LOOP ( 'NONE', ( #3310, #4425, #2816, #310 ) ) ;
#1254 = DIRECTION ( 'NONE',  ( 0.000000000000000000, 0.000000000000000000, 1.000000000000000000 ) ) ;
#1255 = CIRCLE ( 'NONE', #3055, 3.550000000000080647 ) ;
#1256 = CARTESIAN_POINT ( 'NONE',  ( 11.00000000000000000, 0.000000000000000000, 3.840629472727446691E-14 ) ) ;
#1257 = ORIENTED_EDGE ( 'NONE', *, *, #611, .F. ) ;
#1258 = DIRECTION ( 'NONE',  ( 0.000000000000000000, -0.000000000000000000, -1.000000000000000000 ) ) ;
#1259 = CARTESIAN_POINT ( 'NONE',  ( 31.90000000000001279, 8.099999999999969447, 30.24999999999998934 ) ) ;
#1260 = DIRECTION ( 'NONE',  ( 1.000000000000000000, 8.038962449648605390E-15, 0.000000000000000000 ) ) ;
#1261 = ORIENTED_EDGE ( 'NONE', *, *, #3974, .F. ) ;
#1262 = CARTESIAN_POINT ( 'NONE',  ( -31.90000000000000568, -4.400000000000063416, 33.54999999999998295 ) ) ;
#1263 = EDGE_LOOP ( 'NONE', ( #3581, #1470, #2503, #2686 ) ) ;
#1264 = ADVANCED_FACE ( 'NONE', ( #2526 ), #2878, .F. ) ;
#1265 = DIRECTION ( 'NONE',  ( 0.000000000000000000, 0.000000000000000000, -1.000000000000000000 ) ) ;
#1266 = VERTEX_POINT ( 'NONE', #4312 ) ;
#1267 = DIRECTION ( 'NONE',  ( -7.359432928386152326E-15, 1.000000000000000000, 0.000000000000000000 ) ) ;
#1268 = CARTESIAN_POINT ( 'NONE',  ( 31.90000000000000568, 8.000000000000000000, -30.24999999999999645 ) ) ;
#1269 = EDGE_CURVE ( 'NONE', #465, #74, #1748, .T. ) ;
#1270 = ORIENTED_EDGE ( 'NONE', *, *, #1942, .F. ) ;
#1271 = ORIENTED_EDGE ( 'NONE', *, *, #2155, .T. ) ;
#1272 = LINE ( 'NONE', #620, #4472 ) ;
#1273 = EDGE_CURVE ( 'NONE', #2382, #1456, #489, .T. ) ;
#1274 = DIRECTION ( 'NONE',  ( -0.000000000000000000, -1.000000000000000000, -0.000000000000000000 ) ) ;
#1275 = ORIENTED_EDGE ( 'NONE', *, *, #4587, .F. ) ;
#1276 = DIRECTION ( 'NONE',  ( -1.000000000000000000, 0.000000000000000000, 0.000000000000000000 ) ) ;
#1277 = CARTESIAN_POINT ( 'NONE',  ( -31.90000000000000568, -15.10000000000006182, -33.94999999999998863 ) ) ;
#1278 = VECTOR ( 'NONE', #3211, 1000.000000000000000 ) ;
#1279 = CARTESIAN_POINT ( 'NONE',  ( -31.89999999999999858, 0.000000000000000000, -35.99999999999997868 ) ) ;
#1280 = DIRECTION ( 'NONE',  ( 0.000000000000000000, 1.000000000000000000, 0.000000000000000000 ) ) ;
#1281 = ORIENTED_EDGE ( 'NONE', *, *, #134, .T. ) ;
#1282 = AXIS2_PLACEMENT_3D ( 'NONE', #1467, #2451, #4329 ) ;
#1283 = DIRECTION ( 'NONE',  ( 0.000000000000000000, 1.000000000000000000, 0.000000000000000000 ) ) ;
#1284 = EDGE_LOOP ( 'NONE', ( #1906, #3249, #754, #1166 ) ) ;
#1285 = CONICAL_SURFACE ( 'NONE', #4133, 1.649999999999998579, 0.7853981633974547183 ) ;
#1286 = VECTOR ( 'NONE', #1976, 1000.000000000000000 ) ;
#1287 = DIRECTION ( 'NONE',  ( -0.000000000000000000, -0.000000000000000000, 1.000000000000000000 ) ) ;
#1288 = ORIENTED_EDGE ( 'NONE', *, *, #3728, .F. ) ;
#1289 = DIRECTION ( 'NONE',  ( 0.000000000000000000, 0.000000000000000000, 1.000000000000000000 ) ) ;
#1290 = DIRECTION ( 'NONE',  ( 1.000000000000000000, 0.000000000000000000, -1.632680918566408568E-15 ) ) ;
#1291 = AXIS2_PLACEMENT_3D ( 'NONE', #4127, #3070, #3430 ) ;
#1292 = LINE ( 'NONE', #890, #3777 ) ;
#1293 = CARTESIAN_POINT ( 'NONE',  ( 0.000000000000000000, 0.000000000000000000, -48.50000000000000000 ) ) ;
#1294 = VERTEX_POINT ( 'NONE', #2450 ) ;
#1295 = CARTESIAN_POINT ( 'NONE',  ( -36.00000000000001421, 1.500000000000000000, -27.49999999999998224 ) ) ;
#1296 = DIRECTION ( 'NONE',  ( 3.242473786872537293E-16, -1.000000000000000000, 0.000000000000000000 ) ) ;
#1297 = AXIS2_PLACEMENT_3D ( 'NONE', #3508, #2071, #1411 ) ;
#1298 = EDGE_LOOP ( 'NONE', ( #586, #3505, #533, #1203, #3338, #1734, #4644, #972 ) ) ;
#1299 = VERTEX_POINT ( 'NONE', #240 ) ;
#1300 = ADVANCED_FACE ( 'NONE', ( #4190 ), #2799, .F. ) ;
#1301 = CARTESIAN_POINT ( 'NONE',  ( -28.50000000000000000, -18.00000000000000355, 48.50000000000000000 ) ) ;
#1302 = DIRECTION ( 'NONE',  ( -7.359432928386152326E-15, 1.000000000000000000, 0.000000000000000000 ) ) ;
#1303 = AXIS2_PLACEMENT_3D ( 'NONE', #3307, #2583, #3967 ) ;
#1304 = FACE_OUTER_BOUND ( 'NONE', #2367, .T. ) ;
#1305 = CARTESIAN_POINT ( 'NONE',  ( -31.19999999999999929, 7.000000000000004441, -11.00000000000000000 ) ) ;
#1306 = ORIENTED_EDGE ( 'NONE', *, *, #4237, .F. ) ;
#1307 = AXIS2_PLACEMENT_3D ( 'NONE', #1342, #4594, #3860 ) ;
#1308 = CARTESIAN_POINT ( 'NONE',  ( -28.50000000000000000, -1.500000000000007772, 48.50000000000000000 ) ) ;
#1309 = ORIENTED_EDGE ( 'NONE', *, *, #3745, .T. ) ;
#1310 = EDGE_CURVE ( 'NONE', #155, #4374, #4619, .T. ) ;
#1311 = EDGE_CURVE ( 'NONE', #2747, #3303, #661, .T. ) ;
#1312 = VECTOR ( 'NONE', #752, 1000.000000000000000 ) ;
#1313 = FACE_OUTER_BOUND ( 'NONE', #3299, .T. ) ;
#1314 = ORIENTED_EDGE ( 'NONE', *, *, #2697, .T. ) ;
#1315 = VECTOR ( 'NONE', #1713, 1000.000000000000000 ) ;
#1316 = EDGE_CURVE ( 'NONE', #1868, #2945, #2781, .T. ) ;
#1317 = CARTESIAN_POINT ( 'NONE',  ( 27.50000000000000000, 8.000000000000000000, -11.00000000000000000 ) ) ;
#1318 = EDGE_LOOP ( 'NONE', ( #1335, #3693, #2885, #3114 ) ) ;
#1319 = CARTESIAN_POINT ( 'NONE',  ( 0.000000000000000000, 10.00000000000000000, 0.000000000000000000 ) ) ;
#1320 = ORIENTED_EDGE ( 'NONE', *, *, #3060, .F. ) ;
#1321 = DIRECTION ( 'NONE',  ( 1.000000000000000000, 8.038962449648605390E-15, 0.000000000000000000 ) ) ;
#1322 = LINE ( 'NONE', #3513, #416 ) ;
#1323 = CIRCLE ( 'NONE', #3950, 2.050000000000003375 ) ;
#1324 = AXIS2_PLACEMENT_3D ( 'NONE', #4556, #921, #4481 ) ;
#1325 = EDGE_LOOP ( 'NONE', ( #2751, #817, #3232, #2957 ) ) ;
#1326 = EDGE_LOOP ( 'NONE', ( #3335, #15, #4073, #3410 ) ) ;
#1327 = CARTESIAN_POINT ( 'NONE',  ( 30.14999999999999858, -4.400000000000042988, 50.14999999999999858 ) ) ;
#1328 = CARTESIAN_POINT ( 'NONE',  ( 0.000000000000000000, 0.000000000000000000, 0.000000000000000000 ) ) ;
#1329 = DIRECTION ( 'NONE',  ( -0.000000000000000000, -0.000000000000000000, -1.000000000000000000 ) ) ;
#1330 = DIRECTION ( 'NONE',  ( -1.000000000000000000, 0.000000000000000000, 0.000000000000000000 ) ) ;
#1331 = EDGE_LOOP ( 'NONE', ( #1270, #3016, #55, #3296 ) ) ;
#1332 = CARTESIAN_POINT ( 'NONE',  ( -31.89999999999999858, 8.000000000000000000, 30.25000000000000000 ) ) ;
#1333 = EDGE_CURVE ( 'NONE', #4361, #3671, #1006, .T. ) ;
#1334 = CARTESIAN_POINT ( 'NONE',  ( -28.49999999999999645, -15.10000000000003695, -48.50000000000000000 ) ) ;
#1335 = ORIENTED_EDGE ( 'NONE', *, *, #8, .F. ) ;
#1336 =( NAMED_UNIT ( * ) SI_UNIT ( $, .STERADIAN. ) SOLID_ANGLE_UNIT ( ) );
#1337 = LINE ( 'NONE', #3831, #1904 ) ;
#1338 = ORIENTED_EDGE ( 'NONE', *, *, #2371, .F. ) ;
#1339 = DIRECTION ( 'NONE',  ( -0.000000000000000000, -1.000000000000000000, -0.000000000000000000 ) ) ;
#1340 = CONICAL_SURFACE ( 'NONE', #3966, 3.549999999999942091, 0.7853981633974466137 ) ;
#1341 = EDGE_LOOP ( 'NONE', ( #3451, #1952, #2102, #1824, #725, #1395, #3010, #2929 ) ) ;
#1342 = CARTESIAN_POINT ( 'NONE',  ( 31.90000000000000568, -20.00000000000000711, -31.89999999999998437 ) ) ;
#1343 = DIRECTION ( 'NONE',  ( 0.000000000000000000, -1.000000000000000000, 0.000000000000000000 ) ) ;
#1344 = ORIENTED_EDGE ( 'NONE', *, *, #323, .T. ) ;
#1345 = EDGE_LOOP ( 'NONE', ( #3586, #1014, #4505, #1939 ) ) ;
#1346 = CARTESIAN_POINT ( 'NONE',  ( -31.90000000000000568, -4.400000000000063416, 30.24999999999998579 ) ) ;
#1347 = CARTESIAN_POINT ( 'NONE',  ( -31.90000000000000568, 8.000000000000000000, -31.89999999999997726 ) ) ;
#1348 = EDGE_CURVE ( 'NONE', #1456, #2382, #2354, .T. ) ;
#1349 = DIRECTION ( 'NONE',  ( -1.000000000000000000, 0.000000000000000000, 0.000000000000000000 ) ) ;
#1350 = LINE ( 'NONE', #276, #1400 ) ;
#1351 = ORIENTED_EDGE ( 'NONE', *, *, #1513, .T. ) ;
#1352 = LINE ( 'NONE', #2856, #4550 ) ;
#1353 = DIRECTION ( 'NONE',  ( -3.242473786872537293E-16, 1.000000000000000000, 0.000000000000000000 ) ) ;
#1354 = LINE ( 'NONE', #2793, #845 ) ;
#1355 = ORIENTED_EDGE ( 'NONE', *, *, #2770, .T. ) ;
#1356 = DIRECTION ( 'NONE',  ( -1.000000000000000000, -7.615859162825007949E-15, 0.000000000000000000 ) ) ;
#1357 = DIRECTION ( 'NONE',  ( -0.000000000000000000, -1.000000000000000000, -0.000000000000000000 ) ) ;
#1358 = VECTOR ( 'NONE', #3077, 1000.000000000000000 ) ;
#1359 = CARTESIAN_POINT ( 'NONE',  ( -31.90000000000000568, -4.966112860375774708E-15, 31.89999999999998437 ) ) ;
#1360 = ORIENTED_EDGE ( 'NONE', *, *, #521, .T. ) ;
#1361 = DIRECTION ( 'NONE',  ( 7.359432928386152326E-15, -1.000000000000000000, -0.000000000000000000 ) ) ;
#1362 = VECTOR ( 'NONE', #2273, 1000.000000000000000 ) ;
#1363 = ADVANCED_FACE ( 'NONE', ( #2053 ), #4385, .F. ) ;
#1364 = FACE_OUTER_BOUND ( 'NONE', #1331, .T. ) ;
#1365 = ADVANCED_BREP_SHAPE_REPRESENTATION ( 'RFID_Box_Card_Extension', ( #2698, #4069, #2533, #1678 ), #696 ) ;
#1366 = AXIS2_PLACEMENT_3D ( 'NONE', #1951, #835, #443 ) ;
#1367 = ORIENTED_EDGE ( 'NONE', *, *, #3329, .T. ) ;
#1368 = VERTEX_POINT ( 'NONE', #4232 ) ;
#1369 = CARTESIAN_POINT ( 'NONE',  ( 31.90000000000000568, -20.00000000000000711, -30.24999999999998934 ) ) ;
#1370 = EDGE_CURVE ( 'NONE', #4262, #4351, #709, .T. ) ;
#1371 = APPLICATION_CONTEXT ( 'automotive_design' ) ;
#1372 = CARTESIAN_POINT ( 'NONE',  ( -28.50000000000000000, -1.500000000000007772, -48.50000000000000000 ) ) ;
#1373 = PRESENTATION_LAYER_ASSIGNMENT (  '', '', ( #700 ) ) ;
#1374 = CIRCLE ( 'NONE', #2199, 1.649999999999998579 ) ;
#1375 = CARTESIAN_POINT ( 'NONE',  ( -31.90000000000000568, -18.10000000000005471, -30.24999999999998579 ) ) ;
#1376 = EDGE_LOOP ( 'NONE', ( #2734, #3828, #2966, #575 ) ) ;
#1377 = CARTESIAN_POINT ( 'NONE',  ( 28.50000000000000000, -1.500000000000000888, -48.50000000000000000 ) ) ;
#1378 = AXIS2_PLACEMENT_3D ( 'NONE', #4012, #2205, #4364 ) ;
#1379 = DIRECTION ( 'NONE',  ( -1.000000000000000000, 0.000000000000000000, 2.040851148208005632E-15 ) ) ;
#1380 = CYLINDRICAL_SURFACE ( 'NONE', #1515, 1.649999999999995248 ) ;
#1381 = CARTESIAN_POINT ( 'NONE',  ( -28.50000000000000000, -1.500000000000007772, -48.50000000000000000 ) ) ;
#1382 = ORIENTED_EDGE ( 'NONE', *, *, #3907, .F. ) ;
#1383 = DIRECTION ( 'NONE',  ( 0.000000000000000000, 0.000000000000000000, 1.000000000000000000 ) ) ;
#1384 = VECTOR ( 'NONE', #932, 1000.000000000000000 ) ;
#1385 = VECTOR ( 'NONE', #2255, 999.9999999999998863 ) ;
#1386 = CYLINDRICAL_SURFACE ( 'NONE', #4614, 0.9999999999999974465 ) ;
#1387 = LINE ( 'NONE', #2796, #278 ) ;
#1388 = AXIS2_PLACEMENT_3D ( 'NONE', #284, #3076, #1289 ) ;
#1389 = CARTESIAN_POINT ( 'NONE',  ( 32.20000000000000284, 7.000000000000004441, 11.00000000000000000 ) ) ;
#1390 = CARTESIAN_POINT ( 'NONE',  ( -31.90000000000000568, -20.00000000000000711, 31.89999999999998437 ) ) ;
#1391 = ADVANCED_FACE ( 'NONE', ( #2380 ), #2665, .F. ) ;
#1392 = CARTESIAN_POINT ( 'NONE',  ( -36.00000000000000711, 10.00000000000000000, 0.000000000000000000 ) ) ;
#1393 = AXIS2_PLACEMENT_3D ( 'NONE', #1017, #1349, #1689 ) ;
#1394 = ADVANCED_FACE ( 'NONE', ( #1726 ), #2823, .F. ) ;
#1395 = ORIENTED_EDGE ( 'NONE', *, *, #4581, .F. ) ;
#1396 = EDGE_CURVE ( 'NONE', #1471, #2505, #3814, .T. ) ;
#1397 = ORIENTED_EDGE ( 'NONE', *, *, #3877, .F. ) ;
#1398 = ORIENTED_EDGE ( 'NONE', *, *, #3460, .T. ) ;
#1399 = CARTESIAN_POINT ( 'NONE',  ( -31.90000000000000568, 8.000000000000000000, -30.24999999999998579 ) ) ;
#1400 = VECTOR ( 'NONE', #4218, 1000.000000000000000 ) ;
#1401 = DIRECTION ( 'NONE',  ( -7.359432928386152326E-15, 1.000000000000000000, 0.000000000000000000 ) ) ;
#1402 = AXIS2_PLACEMENT_3D ( 'NONE', #2553, #2997, #3328 ) ;
#1403 = ORIENTED_EDGE ( 'NONE', *, *, #3040, .T. ) ;
#1404 = DIRECTION ( 'NONE',  ( -9.637352644315591545E-17, 0.000000000000000000, -1.000000000000000000 ) ) ;
#1405 = FACE_OUTER_BOUND ( 'NONE', #939, .T. ) ;
#1406 = DIRECTION ( 'NONE',  ( 1.000000000000000000, 0.000000000000000000, 0.000000000000000000 ) ) ;
#1407 = CIRCLE ( 'NONE', #2830, 1.649999999999998579 ) ;
#1408 = CARTESIAN_POINT ( 'NONE',  ( -30.14999999999999858, -2.500000000000005773, -48.50000000000000000 ) ) ;
#1409 = ORIENTED_EDGE ( 'NONE', *, *, #195, .F. ) ;
#1410 = CARTESIAN_POINT ( 'NONE',  ( -31.90000000000000568, -4.966112860375774708E-15, 31.89999999999998437 ) ) ;
#1411 = DIRECTION ( 'NONE',  ( 1.000000000000000000, 7.885106708985527096E-15, 0.000000000000000000 ) ) ;
#1412 = EDGE_CURVE ( 'NONE', #2524, #1234, #4463, .T. ) ;
#1413 = DIRECTION ( 'NONE',  ( -7.359432928386152326E-15, 1.000000000000000000, 0.000000000000000000 ) ) ;
#1414 = DIRECTION ( 'NONE',  ( -1.000000000000000000, -0.000000000000000000, -3.491481338843133750E-15 ) ) ;
#1415 = CARTESIAN_POINT ( 'NONE',  ( 0.000000000000000000, 70.00000000000000000, -10.00000000000000000 ) ) ;
#1416 = LINE ( 'NONE', #3599, #1887 ) ;
#1417 = EDGE_CURVE ( 'NONE', #4050, #2094, #1776, .T. ) ;
#1418 = ORIENTED_EDGE ( 'NONE', *, *, #2591, .F. ) ;
#1419 = VERTEX_POINT ( 'NONE', #594 ) ;
#1420 = VERTEX_POINT ( 'NONE', #942 ) ;
#1421 = DIRECTION ( 'NONE',  ( -0.000000000000000000, 1.000000000000000000, -0.000000000000000000 ) ) ;
#1422 = EDGE_CURVE ( 'NONE', #1234, #1564, #2886, .T. ) ;
#1423 = ORIENTED_EDGE ( 'NONE', *, *, #2066, .F. ) ;
#1424 = AXIS2_PLACEMENT_3D ( 'NONE', #328, #1774, #3924 ) ;
#1425 = DIRECTION ( 'NONE',  ( 7.885106708985495542E-15, -1.000000000000000000, 0.000000000000000000 ) ) ;
#1426 = DIRECTION ( 'NONE',  ( -0.000000000000000000, -1.000000000000000000, -0.000000000000000000 ) ) ;
#1427 = CARTESIAN_POINT ( 'NONE',  ( 31.90000000000001990, 8.000000000000000000, 31.89999999999999147 ) ) ;
#1428 = PLANE ( 'NONE',  #1056 ) ;
#1429 = ORIENTED_EDGE ( 'NONE', *, *, #1947, .T. ) ;
#1430 = VECTOR ( 'NONE', #3384, 1000.000000000000000 ) ;
#1431 = LINE ( 'NONE', #2164, #1896 ) ;
#1432 = CIRCLE ( 'NONE', #4057, 2.050000000000003375 ) ;
#1433 = FACE_OUTER_BOUND ( 'NONE', #2017, .T. ) ;
#1434 = CARTESIAN_POINT ( 'NONE',  ( -31.90000000000000568, 10.00000000000000000, -28.34999999999998721 ) ) ;
#1435 = CARTESIAN_POINT ( 'NONE',  ( 28.50000000000000711, -26.41370849898437001, 34.00713075057051782 ) ) ;
#1436 = CONICAL_SURFACE ( 'NONE', #1282, 1.649999999999998579, 0.7853981633974547183 ) ;
#1437 = DIRECTION ( 'NONE',  ( 1.000000000000000000, 0.000000000000000000, 0.000000000000000000 ) ) ;
#1438 = DIRECTION ( 'NONE',  ( 0.000000000000000000, -0.000000000000000000, 1.000000000000000000 ) ) ;
#1439 = SURFACE_SIDE_STYLE ('',( #1 ) ) ;
#1440 = VECTOR ( 'NONE', #14, 1000.000000000000000 ) ;
#1441 = EDGE_CURVE ( 'NONE', #296, #4526, #3109, .T. ) ;
#1442 = ORIENTED_EDGE ( 'NONE', *, *, #2697, .F. ) ;
#1443 = ORIENTED_EDGE ( 'NONE', *, *, #1655, .F. ) ;
#1444 = EDGE_LOOP ( 'NONE', ( #1950, #1355 ) ) ;
#1445 = DIRECTION ( 'NONE',  ( 0.000000000000000000, 0.000000000000000000, 1.000000000000000000 ) ) ;
#1446 = ADVANCED_FACE ( 'NONE', ( #264 ), #1704, .F. ) ;
#1447 = VECTOR ( 'NONE', #2724, 1000.000000000000000 ) ;
#1448 = ADVANCED_FACE ( 'NONE', ( #1972 ), #141, .T. ) ;
#1449 = ORIENTED_EDGE ( 'NONE', *, *, #4298, .F. ) ;
#1450 = CARTESIAN_POINT ( 'NONE',  ( 27.50000000000001421, 1.500000000000000000, -36.00000000000000000 ) ) ;
#1451 = DIRECTION ( 'NONE',  ( 0.000000000000000000, -0.000000000000000000, 1.000000000000000000 ) ) ;
#1452 = CARTESIAN_POINT ( 'NONE',  ( -28.50000000000000355, -4.400000000000036771, -29.79286924942944026 ) ) ;
#1453 = CIRCLE ( 'NONE', #3312, 1.000000000000000888 ) ;
#1454 = EDGE_CURVE ( 'NONE', #545, #3671, #159, .T. ) ;
#1455 = FACE_BOUND ( 'NONE', #3942, .T. ) ;
#1456 = VERTEX_POINT ( 'NONE', #1953 ) ;
#1457 = EDGE_CURVE ( 'NONE', #115, #2422, #3003, .T. ) ;
#1458 = LINE ( 'NONE', #3614, #3868 ) ;
#1459 = CARTESIAN_POINT ( 'NONE',  ( -28.49999999999999645, -17.00000000000006395, -48.50000000000000000 ) ) ;
#1460 = DIRECTION ( 'NONE',  ( -1.000000000000000000, -1.217349807703022609E-16, -0.000000000000000000 ) ) ;
#1461 = ADVANCED_FACE ( 'NONE', ( #3337 ), #446, .F. ) ;
#1462 = CARTESIAN_POINT ( 'NONE',  ( -31.90000000000000568, -20.00000000000000355, 31.89999999999998437 ) ) ;
#1463 = CARTESIAN_POINT ( 'NONE',  ( -31.90000000000000568, -20.00000000000000355, -28.35000000000004050 ) ) ;
#1464 = AXIS2_PLACEMENT_3D ( 'NONE', #2432, #1710, #646 ) ;
#1465 = FACE_OUTER_BOUND ( 'NONE', #4108, .T. ) ;
#1466 = VECTOR ( 'NONE', #4257, 1000.000000000000000 ) ;
#1467 = CARTESIAN_POINT ( 'NONE',  ( -31.90000000000000568, -1.900000000000009237, -31.89999999999998437 ) ) ;
#1468 = UNCERTAINTY_MEASURE_WITH_UNIT (LENGTH_MEASURE( 1.000000000000000082E-05 ), #938, 'distance_accuracy_value', 'NONE');
#1469 = CIRCLE ( 'NONE', #1694, 3.549999999999942091 ) ;
#1470 = ORIENTED_EDGE ( 'NONE', *, *, #2537, .F. ) ;
#1471 = VERTEX_POINT ( 'NONE', #815 ) ;
#1472 = ORIENTED_EDGE ( 'NONE', *, *, #788, .F. ) ;
#1473 = AXIS2_PLACEMENT_3D ( 'NONE', #627, #3869, #3518 ) ;
#1474 = ORIENTED_EDGE ( 'NONE', *, *, #2137, .T. ) ;
#1475 = CIRCLE ( 'NONE', #718, 71.30248928736450864 ) ;
#1476 = DIRECTION ( 'NONE',  ( -0.000000000000000000, 1.000000000000000000, -0.000000000000000000 ) ) ;
#1477 = DIRECTION ( 'NONE',  ( 7.359432928386152326E-15, -1.000000000000000000, -0.000000000000000000 ) ) ;
#1478 = CARTESIAN_POINT ( 'NONE',  ( 27.50000000000000000, 8.000000000000000000, 27.50000000000000000 ) ) ;
#1479 = CARTESIAN_POINT ( 'NONE',  ( 27.50000000000000000, 4.214021413566179319, 11.00000000000000000 ) ) ;
#1480 = ORIENTED_EDGE ( 'NONE', *, *, #2853, .T. ) ;
#1481 = DIRECTION ( 'NONE',  ( 0.000000000000000000, 0.000000000000000000, -1.000000000000000000 ) ) ;
#1482 = CARTESIAN_POINT ( 'NONE',  ( 31.90000000000000568, 8.099999999999962341, -33.54999999999998295 ) ) ;
#1483 = EDGE_CURVE ( 'NONE', #545, #2191, #409, .T. ) ;
#1484 = LINE ( 'NONE', #2914, #3009 ) ;
#1485 = ORIENTED_EDGE ( 'NONE', *, *, #2603, .F. ) ;
#1486 = LINE ( 'NONE', #2540, #3744 ) ;
#1487 = DIRECTION ( 'NONE',  ( 0.000000000000000000, 1.000000000000000000, 0.000000000000000000 ) ) ;
#1488 = CARTESIAN_POINT ( 'NONE',  ( 30.15000000000007319, -17.00000000000005684, -48.50000000000000000 ) ) ;
#1489 = ORIENTED_EDGE ( 'NONE', *, *, #1333, .F. ) ;
#1490 = DIRECTION ( 'NONE',  ( 0.000000000000000000, 0.000000000000000000, 1.000000000000000000 ) ) ;
#1491 = ORIENTED_EDGE ( 'NONE', *, *, #614, .T. ) ;
#1492 = EDGE_LOOP ( 'NONE', ( #1338, #2269, #1423, #151, #953 ) ) ;
#1493 = VERTEX_POINT ( 'NONE', #1172 ) ;
#1494 = VERTEX_POINT ( 'NONE', #1214 ) ;
#1495 = DIRECTION ( 'NONE',  ( 0.000000000000000000, -1.000000000000000000, 0.000000000000000000 ) ) ;
#1496 = CARTESIAN_POINT ( 'NONE',  ( -27.50000000000000000, 8.000000000000000000, 11.00000000000000000 ) ) ;
#1497 = CARTESIAN_POINT ( 'NONE',  ( 31.90000000000000568, -15.09999999999959286, 29.84999999999998366 ) ) ;
#1498 = ORIENTED_EDGE ( 'NONE', *, *, #210, .F. ) ;
#1499 = EDGE_CURVE ( 'NONE', #192, #3035, #114, .T. ) ;
#1500 = DIRECTION ( 'NONE',  ( -0.000000000000000000, 0.000000000000000000, 1.000000000000000000 ) ) ;
#1501 = CARTESIAN_POINT ( 'NONE',  ( 31.90000000000000568, -20.89827560572929599, 31.89999999999998437 ) ) ;
#1502 = DIRECTION ( 'NONE',  ( 0.000000000000000000, 0.7071067811865487940, 0.7071067811865463515 ) ) ;
#1503 = VERTEX_POINT ( 'NONE', #2610 ) ;
#1504 = EDGE_CURVE ( 'NONE', #3995, #3617, #3684, .T. ) ;
#1505 = DIRECTION ( 'NONE',  ( -1.000000000000000000, 0.000000000000000000, 1.927470528863118062E-16 ) ) ;
#1506 = CARTESIAN_POINT ( 'NONE',  ( 30.14999999999999858, -2.499999999999998224, 50.14999999999999858 ) ) ;
#1507 = CARTESIAN_POINT ( 'NONE',  ( -30.15000000000006608, -15.10000000000004938, -32.96770782520322030 ) ) ;
#1508 = VERTEX_POINT ( 'NONE', #3362 ) ;
#1509 = DIRECTION ( 'NONE',  ( -0.000000000000000000, 1.000000000000000000, -0.000000000000000000 ) ) ;
#1510 = ORIENTED_EDGE ( 'NONE', *, *, #4086, .T. ) ;
#1511 = VERTEX_POINT ( 'NONE', #1240 ) ;
#1512 = EDGE_CURVE ( 'NONE', #1493, #597, #2702, .T. ) ;
#1513 = EDGE_CURVE ( 'NONE', #1716, #213, #89, .T. ) ;
#1514 = ORIENTED_EDGE ( 'NONE', *, *, #4151, .F. ) ;
#1515 = AXIS2_PLACEMENT_3D ( 'NONE', #3807, #209, #2160 ) ;
#1516 = EDGE_LOOP ( 'NONE', ( #1409, #2834, #3323, #2364 ) ) ;
#1517 = EDGE_CURVE ( 'NONE', #4465, #2309, #1986, .T. ) ;
#1518 = DIRECTION ( 'NONE',  ( 1.000000000000000000, 7.885106708985495542E-15, 0.000000000000000000 ) ) ;
#1519 = APPLICATION_PROTOCOL_DEFINITION ( 'draft international standard', 'automotive_design', 1998, #3713 ) ;
#1520 = CARTESIAN_POINT ( 'NONE',  ( 31.90000000000000568, -20.00000000000000711, -31.89999999999998437 ) ) ;
#1521 = EDGE_CURVE ( 'NONE', #3144, #2436, #3189, .T. ) ;
#1522 = VECTOR ( 'NONE', #2138, 1000.000000000000000 ) ;
#1523 = DIRECTION ( 'NONE',  ( -1.000000000000000000, -0.000000000000000000, -3.491481338843133750E-15 ) ) ;
#1524 = ORIENTED_EDGE ( 'NONE', *, *, #1167, .T. ) ;
#1525 = CARTESIAN_POINT ( 'NONE',  ( -35.99999999999998579, -20.00000000000000355, 56.00000000000000000 ) ) ;
#1526 = DIRECTION ( 'NONE',  ( 0.000000000000000000, 1.000000000000000000, 0.000000000000000000 ) ) ;
#1527 = PRESENTATION_LAYER_ASSIGNMENT (  '', '', ( #4223 ) ) ;
#1528 = CARTESIAN_POINT ( 'NONE',  ( 36.00000000000002132, -1.249000902703301424E-14, 56.00000000000000000 ) ) ;
#1529 = ORIENTED_EDGE ( 'NONE', *, *, #3907, .T. ) ;
#1530 = DIRECTION ( 'NONE',  ( 1.000000000000000000, 0.000000000000000000, -0.000000000000000000 ) ) ;
#1531 = LINE ( 'NONE', #2659, #1385 ) ;
#1532 = PLANE ( 'NONE',  #4136 ) ;
#1533 = VECTOR ( 'NONE', #200, 1000.000000000000000 ) ;
#1534 = DIRECTION ( 'NONE',  ( -0.000000000000000000, 1.000000000000000000, -0.000000000000000000 ) ) ;
#1535 = ORIENTED_EDGE ( 'NONE', *, *, #3816, .F. ) ;
#1536 = ORIENTED_EDGE ( 'NONE', *, *, #722, .T. ) ;
#1537 = VECTOR ( 'NONE', #618, 1000.000000000000000 ) ;
#1538 = EDGE_CURVE ( 'NONE', #4140, #1420, #4107, .T. ) ;
#1539 = ORIENTED_EDGE ( 'NONE', *, *, #1657, .T. ) ;
#1540 = VECTOR ( 'NONE', #1624, 1000.000000000000000 ) ;
#1541 = CIRCLE ( 'NONE', #2140, 3.550000000000080647 ) ;
#1542 = ADVANCED_FACE ( 'NONE', ( #2321 ), #1930, .F. ) ;
#1543 = DIRECTION ( 'NONE',  ( 1.000000000000000000, 0.000000000000000000, 0.000000000000000000 ) ) ;
#1544 = VERTEX_POINT ( 'NONE', #863 ) ;
#1545 = FACE_OUTER_BOUND ( 'NONE', #4120, .T. ) ;
#1546 = VECTOR ( 'NONE', #2407, 1000.000000000000000 ) ;
#1547 = FACE_OUTER_BOUND ( 'NONE', #433, .T. ) ;
#1548 = VECTOR ( 'NONE', #3395, 1000.000000000000000 ) ;
#1549 = LINE ( 'NONE', #2978, #3240 ) ;
#1550 = VERTEX_POINT ( 'NONE', #1878 ) ;
#1551 = CARTESIAN_POINT ( 'NONE',  ( -30.15000000000006608, -15.10000000000004938, -48.50000000000000000 ) ) ;
#1552 = EDGE_LOOP ( 'NONE', ( #1148, #4189, #656, #2828, #3274, #959, #2389, #977, #4023, #4150 ) ) ;
#1553 = AXIS2_PLACEMENT_3D ( 'NONE', #1233, #2674, #4102 ) ;
#1554 = DIRECTION ( 'NONE',  ( -7.885106708985495542E-15, 1.000000000000000000, -0.000000000000000000 ) ) ;
#1555 = VECTOR ( 'NONE', #1206, 1000.000000000000000 ) ;
#1556 = DIRECTION ( 'NONE',  ( -1.000000000000000000, -7.313862828241197162E-17, 0.000000000000000000 ) ) ;
#1557 = ORIENTED_EDGE ( 'NONE', *, *, #3770, .F. ) ;
#1558 = DIRECTION ( 'NONE',  ( 1.000000000000000000, 0.000000000000000000, 0.000000000000000000 ) ) ;
#1559 = DIRECTION ( 'NONE',  ( 0.000000000000000000, 1.000000000000000000, 0.000000000000000000 ) ) ;
#1560 = DIRECTION ( 'NONE',  ( -0.000000000000000000, -0.000000000000000000, 1.000000000000000000 ) ) ;
#1561 = ADVANCED_FACE ( 'NONE', ( #536 ), #2302, .F. ) ;
#1562 = FACE_OUTER_BOUND ( 'NONE', #1898, .T. ) ;
#1563 = VECTOR ( 'NONE', #828, 1000.000000000000000 ) ;
#1564 = VERTEX_POINT ( 'NONE', #2956 ) ;
#1565 = VERTEX_POINT ( 'NONE', #4394 ) ;
#1566 = ORIENTED_EDGE ( 'NONE', *, *, #914, .F. ) ;
#1567 = EDGE_CURVE ( 'NONE', #1046, #1931, #2343, .T. ) ;
#1568 = DIRECTION ( 'NONE',  ( -1.000000000000000000, 0.000000000000000000, -3.491481338843133355E-15 ) ) ;
#1569 = VERTEX_POINT ( 'NONE', #2773 ) ;
#1570 = FACE_OUTER_BOUND ( 'NONE', #1944, .T. ) ;
#1571 = CARTESIAN_POINT ( 'NONE',  ( -28.49999999999999645, -15.10000000000003695, -48.50000000000000000 ) ) ;
#1572 = EDGE_CURVE ( 'NONE', #4045, #3286, #633, .T. ) ;
#1573 = DIRECTION ( 'NONE',  ( -3.469446951953622866E-15, 0.000000000000000000, 1.000000000000000000 ) ) ;
#1574 = ORIENTED_EDGE ( 'NONE', *, *, #3858, .T. ) ;
#1575 = CARTESIAN_POINT ( 'NONE',  ( 31.19999999999999929, 8.000000000000000000, -11.00000000000000000 ) ) ;
#1576 = ORIENTED_EDGE ( 'NONE', *, *, #960, .F. ) ;
#1577 = CARTESIAN_POINT ( 'NONE',  ( 31.90000000000000568, -20.89827560572929599, 33.94999999999998863 ) ) ;
#1578 = ORIENTED_EDGE ( 'NONE', *, *, #4380, .F. ) ;
#1579 = CARTESIAN_POINT ( 'NONE',  ( -11.00000000000010836, 7.000000000000004441, 31.19999999999996021 ) ) ;
#1580 = DIRECTION ( 'NONE',  ( 7.359432928386152326E-15, -1.000000000000000000, -0.000000000000000000 ) ) ;
#1581 = DIRECTION ( 'NONE',  ( -0.000000000000000000, -0.000000000000000000, 1.000000000000000000 ) ) ;
#1582 = VERTEX_POINT ( 'NONE', #3453 ) ;
#1583 = VERTEX_POINT ( 'NONE', #655 ) ;
#1584 = ORIENTED_EDGE ( 'NONE', *, *, #70, .T. ) ;
#1585 = CARTESIAN_POINT ( 'NONE',  ( 31.90000000000000568, -20.00000000000000711, -31.89999999999998437 ) ) ;
#1586 = ORIENTED_EDGE ( 'NONE', *, *, #4470, .F. ) ;
#1587 = CARTESIAN_POINT ( 'NONE',  ( -31.89999999999999858, 10.00000000000000000, 35.44999999999999574 ) ) ;
#1588 = EDGE_CURVE ( 'NONE', #1870, #74, #281, .T. ) ;
#1589 = DIRECTION ( 'NONE',  ( 0.000000000000000000, 0.000000000000000000, 1.000000000000000000 ) ) ;
#1590 = EDGE_CURVE ( 'NONE', #4475, #3628, #4154, .T. ) ;
#1591 = AXIS2_PLACEMENT_3D ( 'NONE', #58, #1094, #3981 ) ;
#1592 = DIRECTION ( 'NONE',  ( 0.000000000000000000, 0.000000000000000000, 1.000000000000000000 ) ) ;
#1593 = VERTEX_POINT ( 'NONE', #1739 ) ;
#1594 = EDGE_CURVE ( 'NONE', #2979, #596, #1718, .T. ) ;
#1595 = DIRECTION ( 'NONE',  ( 0.000000000000000000, 0.000000000000000000, 1.000000000000000000 ) ) ;
#1596 = ORIENTED_EDGE ( 'NONE', *, *, #619, .T. ) ;
#1597 = AXIS2_PLACEMENT_3D ( 'NONE', #769, #2557, #2817 ) ;
#1598 = CARTESIAN_POINT ( 'NONE',  ( 36.00000000000002132, 0.000000000000000000, -48.50000000000000000 ) ) ;
#1599 = EDGE_CURVE ( 'NONE', #1565, #1511, #3168, .T. ) ;
#1600 = ORIENTED_EDGE ( 'NONE', *, *, #189, .T. ) ;
#1601 = DIRECTION ( 'NONE',  ( -0.000000000000000000, -1.000000000000000000, -0.000000000000000000 ) ) ;
#1602 = DIRECTION ( 'NONE',  ( -0.000000000000000000, 1.000000000000000000, -0.000000000000000000 ) ) ;
#1603 = DIRECTION ( 'NONE',  ( 0.000000000000000000, -1.000000000000000000, 0.000000000000000000 ) ) ;
#1604 = AXIS2_PLACEMENT_3D ( 'NONE', #1149, #2592, #1490 ) ;
#1605 = DIRECTION ( 'NONE',  ( -3.469446951953827970E-15, 1.000000000000000000, -0.000000000000000000 ) ) ;
#1606 = VECTOR ( 'NONE', #4042, 1000.000000000000000 ) ;
#1607 = ORIENTED_EDGE ( 'NONE', *, *, #1457, .T. ) ;
#1608 = CIRCLE ( 'NONE', #4228, 1.649999999999991696 ) ;
#1609 = EDGE_LOOP ( 'NONE', ( #2621, #3602, #712, #1668 ) ) ;
#1610 = EDGE_LOOP ( 'NONE', ( #72, #493, #1656, #96 ) ) ;
#1611 = DIRECTION ( 'NONE',  ( -1.000000000000000000, -7.359432928386459981E-15, 0.000000000000000000 ) ) ;
#1612 = DIRECTION ( 'NONE',  ( -0.000000000000000000, 0.000000000000000000, 1.000000000000000000 ) ) ;
#1613 = ORIENTED_EDGE ( 'NONE', *, *, #3056, .F. ) ;
#1614 = PLANE ( 'NONE',  #867 ) ;
#1615 = CARTESIAN_POINT ( 'NONE',  ( -31.90000000000000568, 0.000000000000000000, -30.24999999999998579 ) ) ;
#1616 = VECTOR ( 'NONE', #1437, 1000.000000000000000 ) ;
#1617 = AXIS2_PLACEMENT_3D ( 'NONE', #3911, #4647, #3931 ) ;
#1618 = AXIS2_PLACEMENT_3D ( 'NONE', #3171, #3506, #4539 ) ;
#1619 = CARTESIAN_POINT ( 'NONE',  ( -31.19999999999999929, 8.000000000000000000, -11.00000000000000000 ) ) ;
#1620 = VERTEX_POINT ( 'NONE', #4222 ) ;
#1621 = DIRECTION ( 'NONE',  ( -0.000000000000000000, 1.000000000000000000, -0.000000000000000000 ) ) ;
#1622 = EDGE_CURVE ( 'NONE', #2126, #690, #3851, .T. ) ;
#1623 = AXIS2_PLACEMENT_3D ( 'NONE', #2782, #4476, #2031 ) ;
#1624 = DIRECTION ( 'NONE',  ( 0.000000000000000000, 0.000000000000000000, 1.000000000000000000 ) ) ;
#1625 = ORIENTED_EDGE ( 'NONE', *, *, #3830, .T. ) ;
#1626 = CARTESIAN_POINT ( 'NONE',  ( -31.90000000000000568, -1.900000000000009237, -33.54999999999998295 ) ) ;
#1627 = CARTESIAN_POINT ( 'NONE',  ( -31.90000000000000568, -15.10000000000006359, -31.89999999999998437 ) ) ;
#1628 = CARTESIAN_POINT ( 'NONE',  ( -36.00000000000000711, 6.938893903907203726E-16, 56.00000000000000000 ) ) ;
#1629 = AXIS2_PLACEMENT_3D ( 'NONE', #295, #1733, #4603 ) ;
#1630 = EDGE_CURVE ( 'NONE', #3139, #1868, #3433, .T. ) ;
#1631 = DIRECTION ( 'NONE',  ( 8.659560562354902043E-17, -0.7071067811865500152, 0.7071067811865450192 ) ) ;
#1632 = VERTEX_POINT ( 'NONE', #3827 ) ;
#1633 = EDGE_LOOP ( 'NONE', ( #4161, #3788, #3094, #3879, #3255, #781, #1780, #477 ) ) ;
#1634 = CARTESIAN_POINT ( 'NONE',  ( -14.84999999999999964, 38.30650697698344231, -10.00000000000000000 ) ) ;
#1635 = AXIS2_PLACEMENT_3D ( 'NONE', #566, #4270, #1808 ) ;
#1636 = CYLINDRICAL_SURFACE ( 'NONE', #2762, 71.30248928736450864 ) ;
#1637 = ORIENTED_EDGE ( 'NONE', *, *, #2024, .F. ) ;
#1638 = CARTESIAN_POINT ( 'NONE',  ( -28.50000000000000000, -1.500000000000007772, -48.50000000000000000 ) ) ;
#1639 = LINE ( 'NONE', #577, #2604 ) ;
#1640 = LINE ( 'NONE', #1098, #4153 ) ;
#1641 = CARTESIAN_POINT ( 'NONE',  ( 10.99999999999988987, 8.000000000000000000, 31.20000000000003837 ) ) ;
#1642 = ORIENTED_EDGE ( 'NONE', *, *, #2342, .F. ) ;
#1643 = CARTESIAN_POINT ( 'NONE',  ( -27.50000000000000000, 8.000000000000000000, 27.50000000000000000 ) ) ;
#1644 = ORIENTED_EDGE ( 'NONE', *, *, #2066, .T. ) ;
#1645 = LINE ( 'NONE', #607, #4162 ) ;
#1646 = ORIENTED_EDGE ( 'NONE', *, *, #415, .F. ) ;
#1647 = LINE ( 'NONE', #232, #432 ) ;
#1648 = CARTESIAN_POINT ( 'NONE',  ( -31.90000000000000568, 8.000000000000000000, -31.89999999999998437 ) ) ;
#1649 = EDGE_CURVE ( 'NONE', #1888, #2641, #1645, .T. ) ;
#1650 = DIRECTION ( 'NONE',  ( 8.659560562354919300E-17, 0.7071067811865487940, -0.7071067811865463515 ) ) ;
#1651 = CIRCLE ( 'NONE', #670, 1.649999999999998579 ) ;
#1652 = VERTEX_POINT ( 'NONE', #2044 ) ;
#1653 = DIRECTION ( 'NONE',  ( -0.000000000000000000, 1.000000000000000000, -0.000000000000000000 ) ) ;
#1654 = UNCERTAINTY_MEASURE_WITH_UNIT (LENGTH_MEASURE( 1.000000000000000082E-05 ), #2615, 'distance_accuracy_value', 'NONE');
#1655 = EDGE_CURVE ( 'NONE', #2790, #2172, #3482, .T. ) ;
#1656 = ORIENTED_EDGE ( 'NONE', *, *, #589, .T. ) ;
#1657 = EDGE_CURVE ( 'NONE', #1691, #4646, #585, .T. ) ;
#1658 = EDGE_LOOP ( 'NONE', ( #1891, #2233, #2855, #760 ) ) ;
#1659 = AXIS2_PLACEMENT_3D ( 'NONE', #65, #3757, #2304 ) ;
#1660 = CARTESIAN_POINT ( 'NONE',  ( -29.32485343634987274, 7.539979463455498632, -10.00000000000000000 ) ) ;
#1661 = DIRECTION ( 'NONE',  ( -0.000000000000000000, -0.000000000000000000, -1.000000000000000000 ) ) ;
#1662 = VECTOR ( 'NONE', #340, 1000.000000000000000 ) ;
#1663 = CARTESIAN_POINT ( 'NONE',  ( 28.50000000000000355, -15.10000000000002984, -48.50000000000000000 ) ) ;
#1664 = CYLINDRICAL_SURFACE ( 'NONE', #572, 71.30248928736450864 ) ;
#1665 = ORIENTED_EDGE ( 'NONE', *, *, #805, .T. ) ;
#1666 = ADVANCED_FACE ( 'NONE', ( #229 ), #4562, .F. ) ;
#1667 = DIRECTION ( 'NONE',  ( -1.000000000000000000, 0.000000000000000000, -3.491481338843133355E-15 ) ) ;
#1668 = ORIENTED_EDGE ( 'NONE', *, *, #1499, .F. ) ;
#1669 = CIRCLE ( 'NONE', #4064, 3.549999999999942091 ) ;
#1670 = DIRECTION ( 'NONE',  ( -0.000000000000000000, -1.000000000000000000, -0.000000000000000000 ) ) ;
#1671 = EDGE_LOOP ( 'NONE', ( #4559, #1491, #1821, #2675 ) ) ;
#1672 = DIRECTION ( 'NONE',  ( 1.000000000000000000, 0.000000000000000000, 0.000000000000000000 ) ) ;
#1673 = CARTESIAN_POINT ( 'NONE',  ( -30.15000000000006608, 0.000000000000000000, 50.14999999999999858 ) ) ;
#1674 = VECTOR ( 'NONE', #4179, 1000.000000000000000 ) ;
#1675 = VERTEX_POINT ( 'NONE', #2093 ) ;
#1676 = PLANE ( 'NONE',  #2330 ) ;
#1677 = ORIENTED_EDGE ( 'NONE', *, *, #339, .F. ) ;
#1678 = AXIS2_PLACEMENT_3D ( 'NONE', #4357, #3651, #413 ) ;
#1679 = VECTOR ( 'NONE', #1592, 1000.000000000000000 ) ;
#1680 = CARTESIAN_POINT ( 'NONE',  ( 30.15000000000007319, -15.10000000000004228, -48.50000000000000000 ) ) ;
#1681 = DIRECTION ( 'NONE',  ( 0.000000000000000000, 0.000000000000000000, 1.000000000000000000 ) ) ;
#1682 = AXIS2_PLACEMENT_3D ( 'NONE', #2921, #1126, #2567 ) ;
#1683 = ADVANCED_FACE ( 'NONE', ( #1313 ), #2753, .T. ) ;
#1684 = ORIENTED_EDGE ( 'NONE', *, *, #2342, .T. ) ;
#1685 = ORIENTED_EDGE ( 'NONE', *, *, #2200, .F. ) ;
#1686 = CARTESIAN_POINT ( 'NONE',  ( -27.50000000000000000, 4.214021413566179319, 11.00000000000000000 ) ) ;
#1687 = DIRECTION ( 'NONE',  ( 1.000000000000000000, 8.038962449648619589E-15, 0.000000000000000000 ) ) ;
#1688 = EDGE_CURVE ( 'NONE', #929, #1781, #958, .T. ) ;
#1689 = DIRECTION ( 'NONE',  ( 0.000000000000000000, 0.000000000000000000, 1.000000000000000000 ) ) ;
#1690 = DIRECTION ( 'NONE',  ( 0.000000000000000000, 0.000000000000000000, 1.000000000000000000 ) ) ;
#1691 = VERTEX_POINT ( 'NONE', #4202 ) ;
#1692 = VECTOR ( 'NONE', #968, 1000.000000000000000 ) ;
#1693 = CARTESIAN_POINT ( 'NONE',  ( 0.000000000000000000, 0.000000000000000000, 48.50000000000000000 ) ) ;
#1694 = AXIS2_PLACEMENT_3D ( 'NONE', #1863, #2168, #2937 ) ;
#1695 = DIRECTION ( 'NONE',  ( -0.000000000000000000, 1.000000000000000000, -0.000000000000000000 ) ) ;
#1696 = ORIENTED_EDGE ( 'NONE', *, *, #95, .T. ) ;
#1697 = CARTESIAN_POINT ( 'NONE',  ( 28.50000000000000355, -15.09999999999961773, 48.50000000000000000 ) ) ;
#1698 = AXIS2_PLACEMENT_3D ( 'NONE', #915, #3838, #2381 ) ;
#1699 = DIRECTION ( 'NONE',  ( 0.000000000000000000, 0.000000000000000000, 1.000000000000000000 ) ) ;
#1700 = ORIENTED_EDGE ( 'NONE', *, *, #722, .F. ) ;
#1701 = DIRECTION ( 'NONE',  ( 1.000000000000000000, 0.000000000000000000, -0.000000000000000000 ) ) ;
#1702 = AXIS2_PLACEMENT_3D ( 'NONE', #4480, #3472, #3043 ) ;
#1703 = LINE ( 'NONE', #3134, #3672 ) ;
#1704 = CYLINDRICAL_SURFACE ( 'NONE', #3932, 1.000000000000000888 ) ;
#1705 = EDGE_CURVE ( 'NONE', #2007, #2797, #3504, .T. ) ;
#1706 = DIRECTION ( 'NONE',  ( 0.000000000000000000, 0.000000000000000000, 1.000000000000000000 ) ) ;
#1707 = CIRCLE ( 'NONE', #4326, 3.550000000000025580 ) ;
#1708 = ORIENTED_EDGE ( 'NONE', *, *, #3943, .T. ) ;
#1709 = ORIENTED_EDGE ( 'NONE', *, *, #3402, .T. ) ;
#1710 = DIRECTION ( 'NONE',  ( 0.000000000000000000, 1.000000000000000000, 0.000000000000000000 ) ) ;
#1711 = EDGE_CURVE ( 'NONE', #3840, #3841, #1354, .T. ) ;
#1712 = CYLINDRICAL_SURFACE ( 'NONE', #1049, 4.099999999999999645 ) ;
#1713 = DIRECTION ( 'NONE',  ( 0.000000000000000000, 0.000000000000000000, 1.000000000000000000 ) ) ;
#1714 = VECTOR ( 'NONE', #3324, 1000.000000000000000 ) ;
#1715 = CARTESIAN_POINT ( 'NONE',  ( -10.99999999999988987, 7.000000000000004441, -31.20000000000003837 ) ) ;
#1716 = VERTEX_POINT ( 'NONE', #1002 ) ;
#1717 = CARTESIAN_POINT ( 'NONE',  ( -11.00000000000000000, 0.000000000000000000, -3.840629472727446691E-14 ) ) ;
#1718 = LINE ( 'NONE', #2370, #4006 ) ;
#1719 = ORIENTED_EDGE ( 'NONE', *, *, #2890, .T. ) ;
#1720 = ADVANCED_FACE ( 'NONE', ( #2442, #3878 ), #2162, .T. ) ;
#1721 = PLANE ( 'NONE',  #1232 ) ;
#1722 = PLANE ( 'NONE',  #4534 ) ;
#1723 = DIRECTION ( 'NONE',  ( 1.000000000000000000, -7.359432928386461559E-15, 0.000000000000000000 ) ) ;
#1724 = ORIENTED_EDGE ( 'NONE', *, *, #4643, .T. ) ;
#1725 = EDGE_CURVE ( 'NONE', #3164, #2524, #2271, .T. ) ;
#1726 = FACE_OUTER_BOUND ( 'NONE', #964, .T. ) ;
#1727 = LINE ( 'NONE', #1750, #4515 ) ;
#1728 = EDGE_LOOP ( 'NONE', ( #1529, #76, #2725, #3105 ) ) ;
#1729 = ORIENTED_EDGE ( 'NONE', *, *, #1803, .T. ) ;
#1730 = LINE ( 'NONE', #3866, #931 ) ;
#1731 = CARTESIAN_POINT ( 'NONE',  ( -36.00000000000000711, -3.747002708109903324E-14, 56.00000000000000000 ) ) ;
#1732 = FACE_OUTER_BOUND ( 'NONE', #2253, .T. ) ;
#1733 = DIRECTION ( 'NONE',  ( -7.359432928386152326E-15, 1.000000000000000000, 0.000000000000000000 ) ) ;
#1734 = ORIENTED_EDGE ( 'NONE', *, *, #3683, .F. ) ;
#1735 = EDGE_CURVE ( 'NONE', #1632, #3705, #3544, .T. ) ;
#1736 = DIRECTION ( 'NONE',  ( 0.000000000000000000, 0.000000000000000000, 1.000000000000000000 ) ) ;
#1737 = CARTESIAN_POINT ( 'NONE',  ( 10.99999999999990408, 4.214021413566165997, 27.50000000000000000 ) ) ;
#1738 = VECTOR ( 'NONE', #2544, 1000.000000000000000 ) ;
#1739 = CARTESIAN_POINT ( 'NONE',  ( -28.50000000000000000, -4.400000000000037659, -48.50000000000000000 ) ) ;
#1740 = ADVANCED_FACE ( 'NONE', ( #1045 ), #1116, .F. ) ;
#1741 = CARTESIAN_POINT ( 'NONE',  ( 30.14999999999999858, -4.400000000000042988, -48.50000000000000000 ) ) ;
#1742 = DIRECTION ( 'NONE',  ( -1.000000000000000000, 0.000000000000000000, 2.040851148208005632E-15 ) ) ;
#1743 = ADVANCED_FACE ( 'NONE', ( #2509 ), #3635, .T. ) ;
#1744 = CIRCLE ( 'NONE', #2566, 3.549999999999900346 ) ;
#1745 = ADVANCED_FACE ( 'NONE', ( #1455, #2113 ), #2840, .T. ) ;
#1746 = LINE ( 'NONE', #680, #4560 ) ;
#1747 = ORIENTED_EDGE ( 'NONE', *, *, #1763, .T. ) ;
#1748 = LINE ( 'NONE', #4209, #1466 ) ;
#1749 = CIRCLE ( 'NONE', #693, 1.649999999999991696 ) ;
#1750 = CARTESIAN_POINT ( 'NONE',  ( -28.49999999999999645, -15.10000000000003695, -48.50000000000000000 ) ) ;
#1751 = AXIS2_PLACEMENT_3D ( 'NONE', #2552, #298, #34 ) ;
#1752 = VERTEX_POINT ( 'NONE', #349 ) ;
#1753 = VERTEX_POINT ( 'NONE', #369 ) ;
#1754 = ORIENTED_EDGE ( 'NONE', *, *, #894, .F. ) ;
#1755 = DIRECTION ( 'NONE',  ( -0.000000000000000000, -1.000000000000000000, -0.000000000000000000 ) ) ;
#1756 = LINE ( 'NONE', #3187, #3939 ) ;
#1757 = VECTOR ( 'NONE', #3738, 1000.000000000000000 ) ;
#1758 = ORIENTED_EDGE ( 'NONE', *, *, #3425, .T. ) ;
#1759 = CARTESIAN_POINT ( 'NONE',  ( 31.90000000000000568, -1.900000000000089173, 30.24999999999998934 ) ) ;
#1760 = AXIS2_PLACEMENT_3D ( 'NONE', #1501, #1140, #111 ) ;
#1761 = FACE_OUTER_BOUND ( 'NONE', #2827, .T. ) ;
#1762 = FACE_OUTER_BOUND ( 'NONE', #1516, .T. ) ;
#1763 = EDGE_CURVE ( 'NONE', #3139, #2308, #3196, .T. ) ;
#1764 = DIRECTION ( 'NONE',  ( 0.000000000000000000, -1.000000000000000000, -0.000000000000000000 ) ) ;
#1765 = ORIENTED_EDGE ( 'NONE', *, *, #3129, .T. ) ;
#1766 = AXIS2_PLACEMENT_3D ( 'NONE', #3888, #666, #1061 ) ;
#1767 = DIRECTION ( 'NONE',  ( -1.000000000000000000, -0.000000000000000000, -3.491481338843133750E-15 ) ) ;
#1768 = VECTOR ( 'NONE', #4418, 1000.000000000000000 ) ;
#1769 = EDGE_CURVE ( 'NONE', #4033, #1197, #2486, .T. ) ;
#1770 = CIRCLE ( 'NONE', #181, 3.999999999999996447 ) ;
#1771 = DIRECTION ( 'NONE',  ( 0.000000000000000000, 0.000000000000000000, -1.000000000000000000 ) ) ;
#1772 = CARTESIAN_POINT ( 'NONE',  ( 31.90000000000000568, 10.00000000000000000, -35.45000000000001705 ) ) ;
#1773 = CONICAL_SURFACE ( 'NONE', #16, 1.649999999999998579, 0.7853981633974482790 ) ;
#1774 = DIRECTION ( 'NONE',  ( -0.000000000000000000, 0.000000000000000000, 1.000000000000000000 ) ) ;
#1775 = ADVANCED_FACE ( 'NONE', ( #417 ), #1285, .F. ) ;
#1776 = LINE ( 'NONE', #1295, #258 ) ;
#1777 = DIRECTION ( 'NONE',  ( -0.000000000000000000, 1.000000000000000000, -0.000000000000000000 ) ) ;
#1778 = VECTOR ( 'NONE', #2329, 1000.000000000000000 ) ;
#1779 = ORIENTED_EDGE ( 'NONE', *, *, #4216, .T. ) ;
#1780 = ORIENTED_EDGE ( 'NONE', *, *, #467, .T. ) ;
#1781 = VERTEX_POINT ( 'NONE', #699 ) ;
#1782 = DIRECTION ( 'NONE',  ( 0.000000000000000000, 0.000000000000000000, 1.000000000000000000 ) ) ;
#1783 = VECTOR ( 'NONE', #4125, 1000.000000000000000 ) ;
#1784 = VECTOR ( 'NONE', #831, 1000.000000000000000 ) ;
#1785 = ORIENTED_EDGE ( 'NONE', *, *, #3896, .F. ) ;
#1786 = DIRECTION ( 'NONE',  ( -0.000000000000000000, 0.000000000000000000, 1.000000000000000000 ) ) ;
#1787 = DIRECTION ( 'NONE',  ( 0.000000000000000000, 0.000000000000000000, 1.000000000000000000 ) ) ;
#1788 = CARTESIAN_POINT ( 'NONE',  ( -28.49999999999999645, -15.10000000000003695, -48.50000000000000000 ) ) ;
#1789 = ORIENTED_EDGE ( 'NONE', *, *, #3600, .T. ) ;
#1790 = DIRECTION ( 'NONE',  ( -0.000000000000000000, -0.000000000000000000, -1.000000000000000000 ) ) ;
#1791 = DIRECTION ( 'NONE',  ( -0.000000000000000000, -0.000000000000000000, 1.000000000000000000 ) ) ;
#1792 = EDGE_CURVE ( 'NONE', #4059, #1675, #1810, .T. ) ;
#1793 = PLANE ( 'NONE',  #904 ) ;
#1794 = DIRECTION ( 'NONE',  ( 3.242473786872536800E-16, -1.000000000000000000, 0.000000000000000000 ) ) ;
#1795 = EDGE_CURVE ( 'NONE', #2934, #1632, #615, .T. ) ;
#1796 = PLANE ( 'NONE',  #731 ) ;
#1797 = CARTESIAN_POINT ( 'NONE',  ( -31.90000000000000568, -20.00000000000000355, 28.35000000000004050 ) ) ;
#1798 = ADVANCED_FACE ( 'NONE', ( #2815 ), #2134, .T. ) ;
#1799 = VERTEX_POINT ( 'NONE', #4318 ) ;
#1800 = EDGE_LOOP ( 'NONE', ( #593, #3818, #2728, #4331 ) ) ;
#1801 = ORIENTED_EDGE ( 'NONE', *, *, #4196, .F. ) ;
#1802 = LINE ( 'NONE', #2852, #2637 ) ;
#1803 = EDGE_CURVE ( 'NONE', #3035, #645, #4656, .T. ) ;
#1804 = ADVANCED_FACE ( 'NONE', ( #1025 ), #1428, .T. ) ;
#1805 = ORIENTED_EDGE ( 'NONE', *, *, #4298, .T. ) ;
#1806 = LINE ( 'NONE', #3327, #1851 ) ;
#1807 = DIRECTION ( 'NONE',  ( 1.000000000000000000, 1.734723475976811433E-15, 0.000000000000000000 ) ) ;
#1808 = DIRECTION ( 'NONE',  ( 0.000000000000000000, 0.000000000000000000, 1.000000000000000000 ) ) ;
#1809 = EDGE_CURVE ( 'NONE', #1087, #2126, #2714, .T. ) ;
#1810 = LINE ( 'NONE', #3238, #81 ) ;
#1811 = VERTEX_POINT ( 'NONE', #1479 ) ;
#1812 = VECTOR ( 'NONE', #1558, 1000.000000000000000 ) ;
#1813 = CARTESIAN_POINT ( 'NONE',  ( 31.90000000000000568, -20.00000000000000711, -33.54999999999998295 ) ) ;
#1814 = PLANE ( 'NONE',  #4148 ) ;
#1815 = DIRECTION ( 'NONE',  ( -3.503386530222125631E-15, 0.000000000000000000, 1.000000000000000000 ) ) ;
#1816 = CARTESIAN_POINT ( 'NONE',  ( -31.90000000000000568, 10.00000000000000000, -31.89999999999998437 ) ) ;
#1817 = CARTESIAN_POINT ( 'NONE',  ( 31.90000000000000568, -15.09999999999959286, -31.89999999999998437 ) ) ;
#1818 = DIRECTION ( 'NONE',  ( 1.000000000000000000, 8.038962449648605390E-15, 0.000000000000000000 ) ) ;
#1819 = CARTESIAN_POINT ( 'NONE',  ( 28.50000000000000355, -17.00000000000005684, -48.50000000000000000 ) ) ;
#1820 = ORIENTED_EDGE ( 'NONE', *, *, #1063, .F. ) ;
#1821 = ORIENTED_EDGE ( 'NONE', *, *, #783, .F. ) ;
#1822 = ORIENTED_EDGE ( 'NONE', *, *, #4035, .T. ) ;
#1823 = AXIS2_PLACEMENT_3D ( 'NONE', #1717, #2041, #582 ) ;
#1824 = ORIENTED_EDGE ( 'NONE', *, *, #331, .T. ) ;
#1825 = DIRECTION ( 'NONE',  ( 0.000000000000000000, 0.000000000000000000, 1.000000000000000000 ) ) ;
#1826 = DIRECTION ( 'NONE',  ( -0.000000000000000000, -1.000000000000000000, -0.000000000000000000 ) ) ;
#1827 = CARTESIAN_POINT ( 'NONE',  ( -31.90000000000000568, 10.00000000000000000, -35.99999999999997868 ) ) ;
#1828 = ADVANCED_FACE ( 'NONE', ( #2908 ), #687, .F. ) ;
#1829 = VECTOR ( 'NONE', #3485, 1000.000000000000000 ) ;
#1830 = AXIS2_PLACEMENT_3D ( 'NONE', #1415, #1124, #22 ) ;
#1831 = DIRECTION ( 'NONE',  ( 1.000000000000000000, 7.885106708985493964E-15, 0.000000000000000000 ) ) ;
#1832 = AXIS2_PLACEMENT_3D ( 'NONE', #403, #3714, #847 ) ;
#1833 = ORIENTED_EDGE ( 'NONE', *, *, #126, .T. ) ;
#1834 = DIRECTION ( 'NONE',  ( -1.000000000000000000, -7.313862828241192231E-17, 0.000000000000000000 ) ) ;
#1835 = CARTESIAN_POINT ( 'NONE',  ( 29.32485343634984432, 7.539979463455484421, 10.00000000000000000 ) ) ;
#1836 = CARTESIAN_POINT ( 'NONE',  ( -31.89999999999999858, 8.099999999999994316, 31.89999999999999858 ) ) ;
#1837 = ORIENTED_EDGE ( 'NONE', *, *, #2413, .T. ) ;
#1838 = CARTESIAN_POINT ( 'NONE',  ( -30.15000000000006608, -15.10000000000004938, -30.83229217479675199 ) ) ;
#1839 = LINE ( 'NONE', #4369, #4314 ) ;
#1840 = AXIS2_PLACEMENT_3D ( 'NONE', #3793, #4553, #2013 ) ;
#1841 = DIRECTION ( 'NONE',  ( -1.000000000000000000, 0.000000000000000000, -3.491481338843133355E-15 ) ) ;
#1842 = AXIS2_PLACEMENT_3D ( 'NONE', #1390, #2470, #685 ) ;
#1843 = VERTEX_POINT ( 'NONE', #833 ) ;
#1844 = VECTOR ( 'NONE', #2069, 1000.000000000000000 ) ;
#1845 = ADVANCED_FACE ( 'NONE', ( #1925, #1209, #3701, #2317, #4032 ), #2928, .T. ) ;
#1846 = ORIENTED_EDGE ( 'NONE', *, *, #2413, .F. ) ;
#1847 = VERTEX_POINT ( 'NONE', #136 ) ;
#1848 = EDGE_LOOP ( 'NONE', ( #2780, #4610, #3113, #1584 ) ) ;
#1849 = VECTOR ( 'NONE', #3092, 1000.000000000000000 ) ;
#1850 = ORIENTED_EDGE ( 'NONE', *, *, #1513, .F. ) ;
#1851 = VECTOR ( 'NONE', #1113, 1000.000000000000000 ) ;
#1852 = FACE_BOUND ( 'NONE', #4063, .T. ) ;
#1853 = FACE_OUTER_BOUND ( 'NONE', #2179, .T. ) ;
#1854 = DIRECTION ( 'NONE',  ( 1.000000000000000000, 8.038962449648605390E-15, 0.000000000000000000 ) ) ;
#1855 = VERTEX_POINT ( 'NONE', #1967 ) ;
#1856 = CARTESIAN_POINT ( 'NONE',  ( -30.70000000000000639, 6.613013953966871306, 10.00000000000000000 ) ) ;
#1857 = CARTESIAN_POINT ( 'NONE',  ( 31.90000000000000568, -4.399999999999561595, 31.89999999999998437 ) ) ;
#1858 = AXIS2_PLACEMENT_3D ( 'NONE', #2508, #3937, #2110 ) ;
#1859 = CARTESIAN_POINT ( 'NONE',  ( 31.90000000000000568, 8.000000000000000000, -31.89999999999999147 ) ) ;
#1860 = EDGE_CURVE ( 'NONE', #4224, #99, #1453, .T. ) ;
#1861 = EDGE_LOOP ( 'NONE', ( #4429, #3449, #3959, #4106 ) ) ;
#1862 = CYLINDRICAL_SURFACE ( 'NONE', #226, 4.099999999999999645 ) ;
#1863 = CARTESIAN_POINT ( 'NONE',  ( -31.90000000000000568, -20.00000000000000355, -31.89999999999998437 ) ) ;
#1864 = DIRECTION ( 'NONE',  ( 0.000000000000000000, -0.000000000000000000, -1.000000000000000000 ) ) ;
#1865 = ORIENTED_EDGE ( 'NONE', *, *, #195, .T. ) ;
#1866 = ADVANCED_FACE ( 'NONE', ( #880 ), #3357, .F. ) ;
#1867 = VERTEX_POINT ( 'NONE', #4435 ) ;
#1868 = VERTEX_POINT ( 'NONE', #1949 ) ;
#1869 = ORIENTED_EDGE ( 'NONE', *, *, #4496, .T. ) ;
#1870 = VERTEX_POINT ( 'NONE', #2246 ) ;
#1871 = LINE ( 'NONE', #2293, #2150 ) ;
#1872 = DIRECTION ( 'NONE',  ( 0.000000000000000000, 0.000000000000000000, -1.000000000000000000 ) ) ;
#1873 = CARTESIAN_POINT ( 'NONE',  ( 31.19999999999999929, 7.000000000000004441, 11.00000000000000000 ) ) ;
#1874 = ORIENTED_EDGE ( 'NONE', *, *, #744, .F. ) ;
#1875 = DIRECTION ( 'NONE',  ( -0.000000000000000000, 0.000000000000000000, 1.000000000000000000 ) ) ;
#1876 = PLANE ( 'NONE',  #922 ) ;
#1877 = EDGE_CURVE ( 'NONE', #1125, #4351, #810, .T. ) ;
#1878 = CARTESIAN_POINT ( 'NONE',  ( -31.19999999999999929, 8.000000000000000000, 11.00000000000000000 ) ) ;
#1879 = ORIENTED_EDGE ( 'NONE', *, *, #2278, .F. ) ;
#1880 = CIRCLE ( 'NONE', #1047, 1.649999999999998579 ) ;
#1881 = LINE ( 'NONE', #4368, #3833 ) ;
#1882 = DIRECTION ( 'NONE',  ( 1.000000000000000000, 7.806255641895638236E-15, 0.000000000000000000 ) ) ;
#1883 = DIRECTION ( 'NONE',  ( 1.000000000000000000, 0.000000000000000000, 0.000000000000000000 ) ) ;
#1884 = EDGE_CURVE ( 'NONE', #4134, #3673, #1669, .T. ) ;
#1885 = EDGE_CURVE ( 'NONE', #1843, #1652, #461, .T. ) ;
#1886 =( NAMED_UNIT ( * ) PLANE_ANGLE_UNIT ( ) SI_UNIT ( $, .RADIAN. ) );
#1887 = VECTOR ( 'NONE', #2847, 1000.000000000000000 ) ;
#1888 = VERTEX_POINT ( 'NONE', #2998 ) ;
#1889 = ORIENTED_EDGE ( 'NONE', *, *, #2919, .F. ) ;
#1890 = AXIS2_PLACEMENT_3D ( 'NONE', #2201, #2862, #1854 ) ;
#1891 = ORIENTED_EDGE ( 'NONE', *, *, #2396, .T. ) ;
#1892 = DIRECTION ( 'NONE',  ( -0.000000000000000000, -1.000000000000000000, -0.000000000000000000 ) ) ;
#1893 = ORIENTED_EDGE ( 'NONE', *, *, #481, .T. ) ;
#1894 = FACE_OUTER_BOUND ( 'NONE', #1800, .T. ) ;
#1895 = DIRECTION ( 'NONE',  ( -1.000000000000000000, 0.000000000000000000, 0.000000000000000000 ) ) ;
#1896 = VECTOR ( 'NONE', #3921, 1000.000000000000000 ) ;
#1897 = DIRECTION ( 'NONE',  ( 1.000000000000000000, 0.000000000000000000, 0.000000000000000000 ) ) ;
#1898 = EDGE_LOOP ( 'NONE', ( #4075, #514, #1082, #3441 ) ) ;
#1899 = VECTOR ( 'NONE', #3936, 1000.000000000000000 ) ;
#1900 = EDGE_CURVE ( 'NONE', #1294, #2344, #9, .T. ) ;
#1901 = DIRECTION ( 'NONE',  ( -0.000000000000000000, 1.000000000000000000, -0.000000000000000000 ) ) ;
#1902 = ORIENTED_EDGE ( 'NONE', *, *, #2905, .T. ) ;
#1903 = CYLINDRICAL_SURFACE ( 'NONE', #1760, 2.050000000000003375 ) ;
#1904 = VECTOR ( 'NONE', #2349, 1000.000000000000000 ) ;
#1905 = DIRECTION ( 'NONE',  ( -0.000000000000000000, -0.000000000000000000, 1.000000000000000000 ) ) ;
#1906 = ORIENTED_EDGE ( 'NONE', *, *, #3425, .F. ) ;
#1907 = CARTESIAN_POINT ( 'NONE',  ( -6.938893903907221278E-15, 10.00000000000000000, -35.99999999999998579 ) ) ;
#1908 = EDGE_CURVE ( 'NONE', #3345, #2722, #3842, .T. ) ;
#1909 = CARTESIAN_POINT ( 'NONE',  ( 31.90000000000000568, -2.998683759578901079E-16, 31.89999999999998437 ) ) ;
#1910 = LINE ( 'NONE', #2325, #995 ) ;
#1911 = DIRECTION ( 'NONE',  ( -1.000000000000000000, 0.000000000000000000, -3.491481338843133355E-15 ) ) ;
#1912 = EDGE_CURVE ( 'NONE', #213, #4376, #790, .T. ) ;
#1913 = ORIENTED_EDGE ( 'NONE', *, *, #1370, .F. ) ;
#1914 = ORIENTED_EDGE ( 'NONE', *, *, #1269, .F. ) ;
#1915 = VECTOR ( 'NONE', #288, 1000.000000000000000 ) ;
#1916 = EDGE_LOOP ( 'NONE', ( #470, #2981, #508, #2608 ) ) ;
#1917 = CIRCLE ( 'NONE', #1231, 3.549999999999900346 ) ;
#1918 = CARTESIAN_POINT ( 'NONE',  ( 31.19999999999999929, 7.000000000000004441, -11.00000000000000000 ) ) ;
#1919 = VERTEX_POINT ( 'NONE', #1497 ) ;
#1920 = CARTESIAN_POINT ( 'NONE',  ( -31.90000000000000568, -4.400000000000064304, -31.89999999999998437 ) ) ;
#1921 = AXIS2_PLACEMENT_3D ( 'NONE', #4605, #386, #3892 ) ;
#1922 = PRODUCT_CONTEXT ( 'NONE', #1371, 'mechanical' ) ;
#1923 = DIRECTION ( 'NONE',  ( 0.000000000000000000, 0.000000000000000000, 1.000000000000000000 ) ) ;
#1924 = VECTOR ( 'NONE', #33, 999.9999999999998863 ) ;
#1925 = FACE_BOUND ( 'NONE', #2632, .T. ) ;
#1926 = ORIENTED_EDGE ( 'NONE', *, *, #2905, .F. ) ;
#1927 = CARTESIAN_POINT ( 'NONE',  ( -31.89999999999999858, 10.00000000000000000, 31.89999999999999858 ) ) ;
#1928 = ORIENTED_EDGE ( 'NONE', *, *, #2489, .F. ) ;
#1929 = AXIS2_PLACEMENT_3D ( 'NONE', #201, #580, #3427 ) ;
#1930 = PLANE ( 'NONE',  #4386 ) ;
#1931 = VERTEX_POINT ( 'NONE', #82 ) ;
#1932 = CARTESIAN_POINT ( 'NONE',  ( -30.12428571428573676, 5.707485581880694880, -10.00000000000000000 ) ) ;
#1933 = CARTESIAN_POINT ( 'NONE',  ( 31.90000000000001990, 8.000000000000000000, 35.99999999999999289 ) ) ;
#1934 = DIRECTION ( 'NONE',  ( 4.818676322157798854E-17, 1.000000000000000000, -0.000000000000000000 ) ) ;
#1935 = DIRECTION ( 'NONE',  ( -0.000000000000000000, -1.000000000000000000, -0.000000000000000000 ) ) ;
#1936 = VECTOR ( 'NONE', #4478, 1000.000000000000000 ) ;
#1937 = EDGE_CURVE ( 'NONE', #545, #2382, #1549, .T. ) ;
#1938 = ORIENTED_EDGE ( 'NONE', *, *, #1725, .T. ) ;
#1939 = ORIENTED_EDGE ( 'NONE', *, *, #859, .F. ) ;
#1940 = EDGE_CURVE ( 'NONE', #256, #758, #4444, .T. ) ;
#1941 = ORIENTED_EDGE ( 'NONE', *, *, #1572, .T. ) ;
#1942 = EDGE_CURVE ( 'NONE', #3291, #3988, #513, .T. ) ;
#1943 = LINE ( 'NONE', #3720, #4184 ) ;
#1944 = EDGE_LOOP ( 'NONE', ( #1403, #75, #4543, #4213 ) ) ;
#1945 = DIRECTION ( 'NONE',  ( 0.000000000000000000, -0.000000000000000000, 1.000000000000000000 ) ) ;
#1946 = DIRECTION ( 'NONE',  ( 7.885106708985495542E-15, -1.000000000000000000, 0.000000000000000000 ) ) ;
#1947 = EDGE_CURVE ( 'NONE', #3832, #4376, #3655, .T. ) ;
#1948 = AXIS2_PLACEMENT_3D ( 'NONE', #3222, #2167, #4325 ) ;
#1949 = CARTESIAN_POINT ( 'NONE',  ( -30.14999999999999858, -4.400000000000050981, -48.50000000000000000 ) ) ;
#1950 = ORIENTED_EDGE ( 'NONE', *, *, #2051, .T. ) ;
#1951 = CARTESIAN_POINT ( 'NONE',  ( 31.90000000000001990, 0.000000000000000000, -31.89999999999999147 ) ) ;
#1952 = ORIENTED_EDGE ( 'NONE', *, *, #1044, .T. ) ;
#1953 = CARTESIAN_POINT ( 'NONE',  ( 31.90000000000000568, -15.09999999999959286, -30.24999999999998934 ) ) ;
#1954 = ORIENTED_EDGE ( 'NONE', *, *, #4649, .T. ) ;
#1955 = CARTESIAN_POINT ( 'NONE',  ( 31.90000000000001990, 8.000000000000000000, -35.99999999999999289 ) ) ;
#1956 = CARTESIAN_POINT ( 'NONE',  ( -10.99999999999990230, 8.000000000000000000, -27.50000000000000000 ) ) ;
#1957 = CARTESIAN_POINT ( 'NONE',  ( -28.49999999999999645, -15.10000000000003695, -29.79286924942945447 ) ) ;
#1958 = DIRECTION ( 'NONE',  ( -3.491481338843133355E-15, 0.000000000000000000, 1.000000000000000000 ) ) ;
#1959 = VERTEX_POINT ( 'NONE', #2626 ) ;
#1960 = EDGE_LOOP ( 'NONE', ( #1779, #169, #2216, #2993, #1968, #4115, #2062, #4349, #430, #3584, #3727, #980, #3515, #2663, #1314, #178, #399, #941, #2285, #1837 ) ) ;
#1961 = ORIENTED_EDGE ( 'NONE', *, *, #2936, .T. ) ;
#1962 = DIRECTION ( 'NONE',  ( 1.000000000000000000, 8.038962449648605390E-15, 0.000000000000000000 ) ) ;
#1963 = ORIENTED_EDGE ( 'NONE', *, *, #1572, .F. ) ;
#1964 = CARTESIAN_POINT ( 'NONE',  ( 36.00000000000002132, 0.000000000000000000, -35.99999999999999289 ) ) ;
#1965 = DIRECTION ( 'NONE',  ( 0.000000000000000000, 1.000000000000000000, 0.000000000000000000 ) ) ;
#1966 = AXIS2_PLACEMENT_3D ( 'NONE', #2705, #4131, #4490 ) ;
#1967 = CARTESIAN_POINT ( 'NONE',  ( 30.15000000000007319, -15.10000000000004228, -30.83229217479674844 ) ) ;
#1968 = ORIENTED_EDGE ( 'NONE', *, *, #1630, .T. ) ;
#1969 = ADVANCED_FACE ( 'NONE', ( #4055 ), #4022, .F. ) ;
#1970 = VECTOR ( 'NONE', #1165, 1000.000000000000000 ) ;
#1971 = CARTESIAN_POINT ( 'NONE',  ( 27.50000000000000000, 8.000000000000000000, -11.00000000000000000 ) ) ;
#1972 = FACE_OUTER_BOUND ( 'NONE', #2322, .T. ) ;
#1973 = VERTEX_POINT ( 'NONE', #1641 ) ;
#1974 = DIRECTION ( 'NONE',  ( 0.000000000000000000, 0.000000000000000000, 1.000000000000000000 ) ) ;
#1975 = CARTESIAN_POINT ( 'NONE',  ( 30.14999999999999858, -4.400000000000042988, -48.50000000000000000 ) ) ;
#1976 = DIRECTION ( 'NONE',  ( -0.000000000000000000, -0.000000000000000000, -1.000000000000000000 ) ) ;
#1977 = COLOUR_RGB ( '',0.7921568627450980005, 0.8196078431372548767, 0.9333333333333333481 ) ;
#1978 = CARTESIAN_POINT ( 'NONE',  ( 29.32485343634984432, 7.539979463455484421, -10.00000000000000000 ) ) ;
#1979 = AXIS2_PLACEMENT_3D ( 'NONE', #450, #2187, #2870 ) ;
#1980 = ORIENTED_EDGE ( 'NONE', *, *, #822, .T. ) ;
#1981 = ORIENTED_EDGE ( 'NONE', *, *, #2832, .T. ) ;
#1982 = DIRECTION ( 'NONE',  ( 0.000000000000000000, 0.000000000000000000, 1.000000000000000000 ) ) ;
#1983 = CARTESIAN_POINT ( 'NONE',  ( 31.90000000000000568, -20.00000000000000711, 30.24999999999998934 ) ) ;
#1984 = ORIENTED_EDGE ( 'NONE', *, *, #4503, .F. ) ;
#1985 = PLANE ( 'NONE',  #1081 ) ;
#1986 = CIRCLE ( 'NONE', #559, 1.649999999999998579 ) ;
#1987 = CARTESIAN_POINT ( 'NONE',  ( 11.00000000000010836, 8.000000000000000000, -31.19999999999996021 ) ) ;
#1988 = CIRCLE ( 'NONE', #1156, 4.099999999999999645 ) ;
#1989 = CARTESIAN_POINT ( 'NONE',  ( 31.90000000000000568, -18.10000000000009379, 30.24999999999998934 ) ) ;
#1990 =( GEOMETRIC_REPRESENTATION_CONTEXT ( 3 ) GLOBAL_UNCERTAINTY_ASSIGNED_CONTEXT ( ( #4522 ) ) GLOBAL_UNIT_ASSIGNED_CONTEXT ( ( #2416, #3855, #1336 ) ) REPRESENTATION_CONTEXT ( 'NONE', 'WORKASPACE' ) );
#1991 = PLANE ( 'NONE',  #4100 ) ;
#1992 = ORIENTED_EDGE ( 'NONE', *, *, #2984, .F. ) ;
#1993 = CARTESIAN_POINT ( 'NONE',  ( -27.50000000000000000, 0.000000000000000000, -27.50000000000000000 ) ) ;
#1994 = ORIENTED_EDGE ( 'NONE', *, *, #705, .F. ) ;
#1995 = ADVANCED_FACE ( 'NONE', ( #251 ), #1991, .T. ) ;
#1996 = AXIS2_PLACEMENT_3D ( 'NONE', #3142, #600, #4243 ) ;
#1997 = CARTESIAN_POINT ( 'NONE',  ( -27.50000000000000000, 8.000000000000000000, 27.50000000000000000 ) ) ;
#1998 = ORIENTED_EDGE ( 'NONE', *, *, #407, .T. ) ;
#1999 = DIRECTION ( 'NONE',  ( 1.000000000000000000, 8.038962449648605390E-15, 0.000000000000000000 ) ) ;
#2000 = DIRECTION ( 'NONE',  ( 0.000000000000000000, -1.000000000000000000, 0.000000000000000000 ) ) ;
#2001 = AXIS2_PLACEMENT_3D ( 'NONE', #1305, #2087, #554 ) ;
#2002 = DIRECTION ( 'NONE',  ( -1.000000000000000000, -7.615859162825007949E-15, 0.000000000000000000 ) ) ;
#2003 = VECTOR ( 'NONE', #1589, 1000.000000000000000 ) ;
#2004 = EDGE_CURVE ( 'NONE', #1228, #3075, #3476, .T. ) ;
#2005 = EDGE_CURVE ( 'NONE', #147, #3840, #902, .T. ) ;
#2006 = ORIENTED_EDGE ( 'NONE', *, *, #3938, .T. ) ;
#2007 = VERTEX_POINT ( 'NONE', #4532 ) ;
#2008 = CARTESIAN_POINT ( 'NONE',  ( -27.50000000000000000, 4.214021413566179319, -11.00000000000000000 ) ) ;
#2009 = EDGE_CURVE ( 'NONE', #2398, #3673, #4198, .T. ) ;
#2010 = EDGE_CURVE ( 'NONE', #4026, #3352, #2388, .T. ) ;
#2011 = ORIENTED_EDGE ( 'NONE', *, *, #4034, .T. ) ;
#2012 = ORIENTED_EDGE ( 'NONE', *, *, #3917, .T. ) ;
#2013 = DIRECTION ( 'NONE',  ( -1.000000000000000000, -7.359432928386475759E-15, 0.000000000000000000 ) ) ;
#2014 = DIRECTION ( 'NONE',  ( 0.000000000000000000, -1.000000000000000000, 0.000000000000000000 ) ) ;
#2015 = CARTESIAN_POINT ( 'NONE',  ( 31.90000000000000568, -20.00000000000000711, 35.44999999999988205 ) ) ;
#2016 = FACE_OUTER_BOUND ( 'NONE', #1728, .T. ) ;
#2017 = EDGE_LOOP ( 'NONE', ( #4367, #853, #2754, #77, #581, #3957, #3733, #1846 ) ) ;
#2018 = CARTESIAN_POINT ( 'NONE',  ( 31.90000000000000568, -4.399999999999560707, 31.89999999999998437 ) ) ;
#2019 = EDGE_LOOP ( 'NONE', ( #1480, #2826, #780, #4130 ) ) ;
#2020 = CARTESIAN_POINT ( 'NONE',  ( 36.00000000000002132, 8.000000000000000000, -31.89999999999999858 ) ) ;
#2021 = ORIENTED_EDGE ( 'NONE', *, *, #3776, .F. ) ;
#2022 = CARTESIAN_POINT ( 'NONE',  ( -27.50000000000000000, 8.000000000000000000, -11.00000000000000000 ) ) ;
#2023 = CARTESIAN_POINT ( 'NONE',  ( -28.49999999999999645, -17.00000000000006395, -48.50000000000000000 ) ) ;
#2024 = EDGE_CURVE ( 'NONE', #929, #1493, #2695, .T. ) ;
#2025 = CARTESIAN_POINT ( 'NONE',  ( 28.50000000000000355, -17.00000000000005684, 48.50000000000000000 ) ) ;
#2026 = ORIENTED_EDGE ( 'NONE', *, *, #2311, .T. ) ;
#2027 = DIRECTION ( 'NONE',  ( -0.000000000000000000, -0.000000000000000000, -1.000000000000000000 ) ) ;
#2028 = ORIENTED_EDGE ( 'NONE', *, *, #1517, .T. ) ;
#2029 = EDGE_CURVE ( 'NONE', #3303, #2218, #944, .T. ) ;
#2030 = CARTESIAN_POINT ( 'NONE',  ( -31.90000000000000568, -4.400000000000064304, 31.89999999999998437 ) ) ;
#2031 = DIRECTION ( 'NONE',  ( -1.000000000000000000, -7.372574772901436462E-15, 0.000000000000000000 ) ) ;
#2032 = ORIENTED_EDGE ( 'NONE', *, *, #846, .F. ) ;
#2033 = ORIENTED_EDGE ( 'NONE', *, *, #2076, .T. ) ;
#2034 = AXIS2_PLACEMENT_3D ( 'NONE', #162, #538, #1974 ) ;
#2035 = DIRECTION ( 'NONE',  ( 1.000000000000000000, 1.217349807703022362E-16, 0.000000000000000000 ) ) ;
#2036 = DIRECTION ( 'NONE',  ( -1.000000000000000000, 0.000000000000000000, 0.000000000000000000 ) ) ;
#2037 = PLANE ( 'NONE',  #2969 ) ;
#2038 = DIRECTION ( 'NONE',  ( 0.000000000000000000, 0.000000000000000000, 1.000000000000000000 ) ) ;
#2039 = EDGE_LOOP ( 'NONE', ( #31, #803, #517, #3297 ) ) ;
#2040 = AXIS2_PLACEMENT_3D ( 'NONE', #2867, #3552, #772 ) ;
#2041 = DIRECTION ( 'NONE',  ( -1.000000000000000000, 0.000000000000000000, -3.491481338843133355E-15 ) ) ;
#2042 = VECTOR ( 'NONE', #4129, 1000.000000000000000 ) ;
#2043 = EDGE_CURVE ( 'NONE', #990, #3887, #1323, .T. ) ;
#2044 = CARTESIAN_POINT ( 'NONE',  ( -31.90000000000000568, -15.10000000000006182, 33.94999999999998863 ) ) ;
#2045 = ORIENTED_EDGE ( 'NONE', *, *, #4061, .F. ) ;
#2046 = FILL_AREA_STYLE ('',( #2095 ) ) ;
#2047 = AXIS2_PLACEMENT_3D ( 'NONE', #4583, #1667, #3875 ) ;
#2048 = DIRECTION ( 'NONE',  ( -7.359432928386152326E-15, 1.000000000000000000, 0.000000000000000000 ) ) ;
#2049 = ORIENTED_EDGE ( 'NONE', *, *, #1316, .T. ) ;
#2050 = LINE ( 'NONE', #2844, #233 ) ;
#2051 = EDGE_CURVE ( 'NONE', #2901, #454, #4176, .T. ) ;
#2052 = ORIENTED_EDGE ( 'NONE', *, *, #3112, .F. ) ;
#2053 = FACE_OUTER_BOUND ( 'NONE', #505, .T. ) ;
#2054 = FACE_OUTER_BOUND ( 'NONE', #2881, .T. ) ;
#2055 = EDGE_LOOP ( 'NONE', ( #4147, #2549, #737, #3 ) ) ;
#2056 = ORIENTED_EDGE ( 'NONE', *, *, #3667, .F. ) ;
#2057 = CARTESIAN_POINT ( 'NONE',  ( 31.90000000000001279, 10.00000000000000000, 31.89999999999999147 ) ) ;
#2058 = LINE ( 'NONE', #3495, #1662 ) ;
#2059 = CARTESIAN_POINT ( 'NONE',  ( -28.49999999999999289, -26.41370849898487094, 34.00713075057049650 ) ) ;
#2060 = EDGE_CURVE ( 'NONE', #2344, #83, #793, .T. ) ;
#2061 = DIRECTION ( 'NONE',  ( -0.000000000000000000, -0.000000000000000000, 1.000000000000000000 ) ) ;
#2062 = ORIENTED_EDGE ( 'NONE', *, *, #876, .T. ) ;
#2063 = CIRCLE ( 'NONE', #3191, 3.550000000000032241 ) ;
#2064 = AXIS2_PLACEMENT_3D ( 'NONE', #3408, #2276, #4487 ) ;
#2065 = DIRECTION ( 'NONE',  ( 3.242473786872537293E-16, -1.000000000000000000, 0.000000000000000000 ) ) ;
#2066 = EDGE_CURVE ( 'NONE', #2863, #2646, #2900, .T. ) ;
#2067 = CARTESIAN_POINT ( 'NONE',  ( -29.69999999999999929, 6.613013953966871306, 10.00000000000000000 ) ) ;
#2068 = ORIENTED_EDGE ( 'NONE', *, *, #1588, .F. ) ;
#2069 = DIRECTION ( 'NONE',  ( 0.000000000000000000, 0.000000000000000000, 1.000000000000000000 ) ) ;
#2070 = CIRCLE ( 'NONE', #1473, 1.649999999999998579 ) ;
#2071 = DIRECTION ( 'NONE',  ( -7.885106708985495542E-15, 1.000000000000000000, -0.000000000000000000 ) ) ;
#2072 = CARTESIAN_POINT ( 'NONE',  ( -10.99999999999988987, 8.000000000000000000, -31.20000000000003837 ) ) ;
#2073 = CIRCLE ( 'NONE', #2448, 3.550000000000084199 ) ;
#2074 = EDGE_LOOP ( 'NONE', ( #4449, #239 ) ) ;
#2075 = CARTESIAN_POINT ( 'NONE',  ( 31.90000000000000568, -15.09999999999959286, -31.89999999999998437 ) ) ;
#2076 = EDGE_CURVE ( 'NONE', #410, #4059, #1350, .T. ) ;
#2077 = PLANE ( 'NONE',  #1698 ) ;
#2078 = EDGE_CURVE ( 'NONE', #83, #363, #4249, .T. ) ;
#2079 = ORIENTED_EDGE ( 'NONE', *, *, #1655, .T. ) ;
#2080 = EDGE_LOOP ( 'NONE', ( #3405, #2298, #665, #872 ) ) ;
#2081 = EDGE_CURVE ( 'NONE', #4311, #1550, #4504, .T. ) ;
#2082 = DIRECTION ( 'NONE',  ( 0.000000000000000000, 0.000000000000000000, 1.000000000000000000 ) ) ;
#2083 = CARTESIAN_POINT ( 'NONE',  ( 31.90000000000000568, 0.000000000000000000, -30.24999999999999645 ) ) ;
#2084 = VECTOR ( 'NONE', #3589, 1000.000000000000000 ) ;
#2085 = CARTESIAN_POINT ( 'NONE',  ( -28.49999999999999289, -26.41370849898487094, -29.79286924942945447 ) ) ;
#2086 = EDGE_CURVE ( 'NONE', #2651, #1511, #121, .T. ) ;
#2087 = DIRECTION ( 'NONE',  ( -0.000000000000000000, -0.000000000000000000, 1.000000000000000000 ) ) ;
#2088 = ORIENTED_EDGE ( 'NONE', *, *, #2274, .T. ) ;
#2089 = PLANE ( 'NONE',  #2752 ) ;
#2090 = CYLINDRICAL_SURFACE ( 'NONE', #3098, 1.650000000000002132 ) ;
#2091 = ADVANCED_FACE ( 'NONE', ( #2016 ), #3093, .T. ) ;
#2092 = ADVANCED_FACE ( 'NONE', ( #3871 ), #650, .F. ) ;
#2093 = CARTESIAN_POINT ( 'NONE',  ( -28.49999999999999645, -15.10000000000003695, 48.50000000000000000 ) ) ;
#2094 = VERTEX_POINT ( 'NONE', #3448 ) ;
#2095 = FILL_AREA_STYLE_COLOUR ( '', #4468 ) ;
#2096 = DIRECTION ( 'NONE',  ( -0.000000000000000000, 1.000000000000000000, -0.000000000000000000 ) ) ;
#2097 = DIRECTION ( 'NONE',  ( -1.000000000000000000, -7.313862828241192231E-17, 0.000000000000000000 ) ) ;
#2098 = CARTESIAN_POINT ( 'NONE',  ( -31.90000000000000568, 0.000000000000000000, -31.89999999999998437 ) ) ;
#2099 = CARTESIAN_POINT ( 'NONE',  ( -30.14999999999999858, -4.400000000000050981, -48.50000000000000000 ) ) ;
#2100 = DIRECTION ( 'NONE',  ( 0.000000000000000000, -0.7071067811865487940, -0.7071067811865463515 ) ) ;
#2101 = ORIENTED_EDGE ( 'NONE', *, *, #4061, .T. ) ;
#2102 = ORIENTED_EDGE ( 'NONE', *, *, #156, .F. ) ;
#2103 = ORIENTED_EDGE ( 'NONE', *, *, #3000, .F. ) ;
#2104 = DIRECTION ( 'NONE',  ( 0.000000000000000000, 0.000000000000000000, -1.000000000000000000 ) ) ;
#2105 = LINE ( 'NONE', #3538, #3198 ) ;
#2106 = ADVANCED_FACE ( 'NONE', ( #222 ), #1664, .F. ) ;
#2107 = EDGE_LOOP ( 'NONE', ( #1178, #3775, #4424, #1524 ) ) ;
#2108 = DIRECTION ( 'NONE',  ( 1.000000000000000000, 0.000000000000000000, 0.000000000000000000 ) ) ;
#2109 = DIRECTION ( 'NONE',  ( -1.000000000000000000, 0.000000000000000000, -3.491481338843133355E-15 ) ) ;
#2110 = DIRECTION ( 'NONE',  ( -3.503386530222125631E-15, 0.000000000000000000, 1.000000000000000000 ) ) ;
#2111 = VECTOR ( 'NONE', #2122, 1000.000000000000000 ) ;
#2112 = EDGE_CURVE ( 'NONE', #1855, #3298, #2822, .T. ) ;
#2113 = FACE_OUTER_BOUND ( 'NONE', #2915, .T. ) ;
#2114 = VERTEX_POINT ( 'NONE', #1375 ) ;
#2115 = AXIS2_PLACEMENT_3D ( 'NONE', #674, #2464, #3941 ) ;
#2116 = CARTESIAN_POINT ( 'NONE',  ( -31.90000000000000568, -4.966112860375774708E-15, -31.89999999999998437 ) ) ;
#2117 = FACE_OUTER_BOUND ( 'NONE', #3898, .T. ) ;
#2118 = CARTESIAN_POINT ( 'NONE',  ( -30.14999999999999858, -2.500000000000005773, 50.14999999999999858 ) ) ;
#2119 = FACE_OUTER_BOUND ( 'NONE', #2239, .T. ) ;
#2120 = CARTESIAN_POINT ( 'NONE',  ( -31.90000000000000568, -4.400000000000064304, 31.89999999999998437 ) ) ;
#2121 = VECTOR ( 'NONE', #812, 1000.000000000000000 ) ;
#2122 = DIRECTION ( 'NONE',  ( 1.000000000000000000, 0.000000000000000000, 3.491481338843133750E-15 ) ) ;
#2123 = CIRCLE ( 'NONE', #4529, 1.649999999999998579 ) ;
#2124 = ORIENTED_EDGE ( 'NONE', *, *, #4141, .T. ) ;
#2125 = EDGE_LOOP ( 'NONE', ( #2152, #4044 ) ) ;
#2126 = VERTEX_POINT ( 'NONE', #3163 ) ;
#2127 = LINE ( 'NONE', #1731, #2739 ) ;
#2128 = AXIS2_PLACEMENT_3D ( 'NONE', #1648, #3457, #234 ) ;
#2129 = VERTEX_POINT ( 'NONE', #304 ) ;
#2130 = CARTESIAN_POINT ( 'NONE',  ( -29.69999999999999929, 6.613013953966871306, 10.00000000000000000 ) ) ;
#2131 = CIRCLE ( 'NONE', #3569, 3.999999999999989786 ) ;
#2132 =( LENGTH_UNIT ( ) NAMED_UNIT ( * ) SI_UNIT ( .MILLI., .METRE. ) );
#2133 = DIRECTION ( 'NONE',  ( 0.000000000000000000, 0.000000000000000000, 1.000000000000000000 ) ) ;
#2134 = PLANE ( 'NONE',  #2412 ) ;
#2135 = EDGE_LOOP ( 'NONE', ( #1578, #2999, #3929, #4636, #762, #1637, #382, #1642, #4183, #1198, #4128, #3678, #4474, #3280, #3514, #3488, #1200, #44, #2909, #1309, #701, #3421, #3641, #4310 ) ) ;
#2136 = AXIS2_PLACEMENT_3D ( 'NONE', #4570, #329, #986 ) ;
#2137 = EDGE_CURVE ( 'NONE', #850, #166, #3080, .T. ) ;
#2138 = DIRECTION ( 'NONE',  ( 0.000000000000000000, 0.000000000000000000, 1.000000000000000000 ) ) ;
#2139 = AXIS2_PLACEMENT_3D ( 'NONE', #2252, #4441, #3382 ) ;
#2140 = AXIS2_PLACEMENT_3D ( 'NONE', #1909, #144, #4088 ) ;
#2141 = PLANE ( 'NONE',  #2735 ) ;
#2142 = AXIS2_PLACEMENT_3D ( 'NONE', #1715, #996, #3047 ) ;
#2143 = LINE ( 'NONE', #706, #4593 ) ;
#2144 = DIRECTION ( 'NONE',  ( 0.000000000000000000, 0.000000000000000000, 1.000000000000000000 ) ) ;
#2145 = AXIS2_PLACEMENT_3D ( 'NONE', #2481, #4315, #4631 ) ;
#2146 = DIRECTION ( 'NONE',  ( 8.659560562354989558E-17, 0.7071067811865430208, -0.7071067811865521247 ) ) ;
#2147 = EDGE_CURVE ( 'NONE', #3832, #2595, #1746, .T. ) ;
#2148 = EDGE_CURVE ( 'NONE', #4563, #1752, #1029, .T. ) ;
#2149 = CARTESIAN_POINT ( 'NONE',  ( 31.90000000000001990, 0.000000000000000000, -35.99999999999999289 ) ) ;
#2150 = VECTOR ( 'NONE', #4410, 1000.000000000000000 ) ;
#2151 = VERTEX_POINT ( 'NONE', #2421 ) ;
#2152 = ORIENTED_EDGE ( 'NONE', *, *, #1252, .T. ) ;
#2153 = ORIENTED_EDGE ( 'NONE', *, *, #2984, .T. ) ;
#2154 = CARTESIAN_POINT ( 'NONE',  ( -27.50000000000001421, 0.000000000000000000, -35.99999999999999289 ) ) ;
#2155 = EDGE_CURVE ( 'NONE', #2528, #2877, #4567, .T. ) ;
#2156 = AXIS2_PLACEMENT_3D ( 'NONE', #3962, #4029, #439 ) ;
#2157 = ORIENTED_EDGE ( 'NONE', *, *, #3014, .F. ) ;
#2158 = DIRECTION ( 'NONE',  ( 1.000000000000000000, -0.000000000000000000, -0.000000000000000000 ) ) ;
#2159 = CARTESIAN_POINT ( 'NONE',  ( -31.19999999999999929, 7.000000000000004441, 11.00000000000000000 ) ) ;
#2160 = DIRECTION ( 'NONE',  ( 0.000000000000000000, 0.000000000000000000, 1.000000000000000000 ) ) ;
#2161 = VECTOR ( 'NONE', #1054, 1000.000000000000000 ) ;
#2162 = PLANE ( 'NONE',  #4289 ) ;
#2163 = ORIENTED_EDGE ( 'NONE', *, *, #2137, .F. ) ;
#2164 = CARTESIAN_POINT ( 'NONE',  ( 28.50000000000000000, -1.500000000000000888, -48.50000000000000000 ) ) ;
#2165 = CARTESIAN_POINT ( 'NONE',  ( -31.90000000000000568, -20.89827560572980047, -31.89999999999998437 ) ) ;
#2166 = DIRECTION ( 'NONE',  ( 0.000000000000000000, 0.000000000000000000, -1.000000000000000000 ) ) ;
#2167 = DIRECTION ( 'NONE',  ( -1.000000000000000000, -3.242473786872537293E-16, 0.000000000000000000 ) ) ;
#2168 = DIRECTION ( 'NONE',  ( 4.818676322157798854E-17, 1.000000000000000000, -0.000000000000000000 ) ) ;
#2169 = DIRECTION ( 'NONE',  ( 0.000000000000000000, 0.000000000000000000, 1.000000000000000000 ) ) ;
#2170 = DIRECTION ( 'NONE',  ( 0.000000000000000000, 0.000000000000000000, 1.000000000000000000 ) ) ;
#2171 = ADVANCED_FACE ( 'NONE', ( #2779, #659 ), #2820, .F. ) ;
#2172 = VERTEX_POINT ( 'NONE', #2447 ) ;
#2173 = ORIENTED_EDGE ( 'NONE', *, *, #3409, .F. ) ;
#2174 = EDGE_LOOP ( 'NONE', ( #3150, #4290, #767, #3872, #2153, #4551, #463, #3138 ) ) ;
#2175 = EDGE_LOOP ( 'NONE', ( #2841, #3027 ) ) ;
#2176 = DIRECTION ( 'NONE',  ( 1.000000000000000000, 8.038962449648619589E-15, 0.000000000000000000 ) ) ;
#2177 = DIRECTION ( 'NONE',  ( -0.000000000000000000, 1.000000000000000000, -0.000000000000000000 ) ) ;
#2178 = CARTESIAN_POINT ( 'NONE',  ( -29.32485343634987274, 7.539979463455498632, 10.00000000000000000 ) ) ;
#2179 = EDGE_LOOP ( 'NONE', ( #2101, #457, #4169, #2012, #1131, #791, #1306, #217 ) ) ;
#2180 = CARTESIAN_POINT ( 'NONE',  ( -36.00000000000000711, 0.000000000000000000, 36.00000000000000000 ) ) ;
#2181 = FACE_OUTER_BOUND ( 'NONE', #1341, .T. ) ;
#2182 = EDGE_CURVE ( 'NONE', #4586, #967, #4255, .T. ) ;
#2183 = FACE_OUTER_BOUND ( 'NONE', #1376, .T. ) ;
#2184 = EDGE_LOOP ( 'NONE', ( #1574, #2654, #3443, #4395 ) ) ;
#2185 = CARTESIAN_POINT ( 'NONE',  ( -31.90000000000000568, -20.00000000000000711, -33.54999999999998295 ) ) ;
#2186 = CARTESIAN_POINT ( 'NONE',  ( 27.50000000000000000, 8.000000000000000000, 11.00000000000000000 ) ) ;
#2187 = DIRECTION ( 'NONE',  ( -0.000000000000000000, -1.000000000000000000, -0.000000000000000000 ) ) ;
#2188 = ORIENTED_EDGE ( 'NONE', *, *, #4530, .F. ) ;
#2189 = LINE ( 'NONE', #1819, #1127 ) ;
#2190 = VECTOR ( 'NONE', #4271, 1000.000000000000000 ) ;
#2191 = VERTEX_POINT ( 'NONE', #983 ) ;
#2192 = ORIENTED_EDGE ( 'NONE', *, *, #1170, .T. ) ;
#2193 = ORIENTED_EDGE ( 'NONE', *, *, #4323, .T. ) ;
#2194 = CIRCLE ( 'NONE', #2267, 2.049999999999999822 ) ;
#2195 = ORIENTED_EDGE ( 'NONE', *, *, #1588, .T. ) ;
#2196 = DIRECTION ( 'NONE',  ( -1.000000000000000000, -7.313862828241198394E-17, 0.000000000000000000 ) ) ;
#2197 = LINE ( 'NONE', #1496, #1784 ) ;
#2198 =( GEOMETRIC_REPRESENTATION_CONTEXT ( 3 ) GLOBAL_UNCERTAINTY_ASSIGNED_CONTEXT ( ( #1654 ) ) GLOBAL_UNIT_ASSIGNED_CONTEXT ( ( #2615, #1886, #3692 ) ) REPRESENTATION_CONTEXT ( 'NONE', 'WORKASPACE' ) );
#2199 = AXIS2_PLACEMENT_3D ( 'NONE', #1176, #3007, #187 ) ;
#2200 = EDGE_CURVE ( 'NONE', #1565, #1125, #4634, .T. ) ;
#2201 = CARTESIAN_POINT ( 'NONE',  ( -31.90000000000000568, -4.400000000000064304, 31.89999999999998437 ) ) ;
#2202 = CIRCLE ( 'NONE', #2428, 1.649999999999998579 ) ;
#2203 = ORIENTED_EDGE ( 'NONE', *, *, #3259, .F. ) ;
#2204 = DIRECTION ( 'NONE',  ( 0.000000000000000000, 0.000000000000000000, 1.000000000000000000 ) ) ;
#2205 = DIRECTION ( 'NONE',  ( 0.000000000000000000, 1.000000000000000000, 0.000000000000000000 ) ) ;
#2206 = EDGE_CURVE ( 'NONE', #604, #740, #3902, .T. ) ;
#2207 = DIRECTION ( 'NONE',  ( 0.000000000000000000, 0.000000000000000000, 1.000000000000000000 ) ) ;
#2208 = ORIENTED_EDGE ( 'NONE', *, *, #415, .T. ) ;
#2209 = VECTOR ( 'NONE', #3099, 1000.000000000000000 ) ;
#2210 = CARTESIAN_POINT ( 'NONE',  ( -28.50000000000000000, -4.400000000000037659, 48.50000000000000000 ) ) ;
#2211 = DIRECTION ( 'NONE',  ( 0.000000000000000000, 1.000000000000000000, 0.000000000000000000 ) ) ;
#2212 = LINE ( 'NONE', #3644, #3404 ) ;
#2213 = ORIENTED_EDGE ( 'NONE', *, *, #1735, .T. ) ;
#2214 = PLANE ( 'NONE',  #4609 ) ;
#2215 = AXIS2_PLACEMENT_3D ( 'NONE', #2755, #4588, #1356 ) ;
#2216 = ORIENTED_EDGE ( 'NONE', *, *, #1590, .T. ) ;
#2217 = EDGE_LOOP ( 'NONE', ( #4094, #4538, #524, #1801 ) ) ;
#2218 = VERTEX_POINT ( 'NONE', #2072 ) ;
#2219 = AXIS2_PLACEMENT_3D ( 'NONE', #4502, #221, #4145 ) ;
#2220 = ORIENTED_EDGE ( 'NONE', *, *, #1396, .T. ) ;
#2221 = CARTESIAN_POINT ( 'NONE',  ( -31.90000000000000568, -20.00000000000000711, -31.89999999999998437 ) ) ;
#2222 = VECTOR ( 'NONE', #2363, 1000.000000000000000 ) ;
#2223 = CARTESIAN_POINT ( 'NONE',  ( -31.90000000000000568, -4.966112860375774708E-15, 35.45000000000000995 ) ) ;
#2224 = EDGE_CURVE ( 'NONE', #1652, #3841, #348, .T. ) ;
#2225 = DIRECTION ( 'NONE',  ( -0.000000000000000000, 1.000000000000000000, -0.000000000000000000 ) ) ;
#2226 = ORIENTED_EDGE ( 'NONE', *, *, #1096, .F. ) ;
#2227 = EDGE_CURVE ( 'NONE', #225, #1419, #286, .T. ) ;
#2228 = EDGE_CURVE ( 'NONE', #2172, #738, #502, .T. ) ;
#2229 = CARTESIAN_POINT ( 'NONE',  ( -11.00000000000000000, 8.000000000000000000, -3.840629472727446691E-14 ) ) ;
#2230 = CARTESIAN_POINT ( 'NONE',  ( -28.50000000000000000, -2.500000000000002665, 48.50000000000000000 ) ) ;
#2231 = CONICAL_SURFACE ( 'NONE', #1635, 3.550000000000025580, 0.7853981633974465026 ) ;
#2232 = CARTESIAN_POINT ( 'NONE',  ( 31.90000000000000568, -20.00000000000000711, 31.89999999999998437 ) ) ;
#2233 = ORIENTED_EDGE ( 'NONE', *, *, #3396, .T. ) ;
#2234 = CARTESIAN_POINT ( 'NONE',  ( 28.50000000000000000, -2.499999999999995559, -48.50000000000000000 ) ) ;
#2235 = DIRECTION ( 'NONE',  ( 0.000000000000000000, 0.000000000000000000, 1.000000000000000000 ) ) ;
#2236 = CARTESIAN_POINT ( 'NONE',  ( 0.000000000000000000, 0.000000000000000000, 50.14999999999999858 ) ) ;
#2237 = DIRECTION ( 'NONE',  ( 0.000000000000000000, -0.000000000000000000, 1.000000000000000000 ) ) ;
#2238 = VERTEX_POINT ( 'NONE', #4591 ) ;
#2239 = EDGE_LOOP ( 'NONE', ( #10, #1035, #3011, #3004 ) ) ;
#2240 = EDGE_LOOP ( 'NONE', ( #2220, #1060, #2088, #2992 ) ) ;
#2241 = EDGE_CURVE ( 'NONE', #406, #881, #1707, .T. ) ;
#2242 = ORIENTED_EDGE ( 'NONE', *, *, #684, .T. ) ;
#2243 = CARTESIAN_POINT ( 'NONE',  ( -30.14999999999999858, -4.400000000000050981, -30.83229217479686568 ) ) ;
#2244 = CARTESIAN_POINT ( 'NONE',  ( -30.14999999999999858, -2.500000000000005773, -48.50000000000000000 ) ) ;
#2245 = EDGE_CURVE ( 'NONE', #2945, #3468, #1387, .T. ) ;
#2246 = CARTESIAN_POINT ( 'NONE',  ( 36.00000000000002132, 0.000000000000000000, -31.89999999999999858 ) ) ;
#2247 = ORIENTED_EDGE ( 'NONE', *, *, #1208, .T. ) ;
#2248 = CARTESIAN_POINT ( 'NONE',  ( -10.99999999999990230, 8.000000000000000000, -27.50000000000000000 ) ) ;
#2249 = ORIENTED_EDGE ( 'NONE', *, *, #92, .F. ) ;
#2250 = CARTESIAN_POINT ( 'NONE',  ( -31.90000000000000568, -20.00000000000000355, -28.35000000000004050 ) ) ;
#2251 = EDGE_CURVE ( 'NONE', #4479, #225, #3461, .T. ) ;
#2252 = CARTESIAN_POINT ( 'NONE',  ( 31.90000000000000568, -18.10000000000009379, -31.89999999999998437 ) ) ;
#2253 = EDGE_LOOP ( 'NONE', ( #2208, #3279, #1222, #130 ) ) ;
#2254 = PLANE ( 'NONE',  #1199 ) ;
#2255 = DIRECTION ( 'NONE',  ( 0.000000000000000000, -0.7071067811865487940, -0.7071067811865463515 ) ) ;
#2256 = DIRECTION ( 'NONE',  ( -1.000000000000000000, -1.217349807703022362E-16, 0.000000000000000000 ) ) ;
#2257 = PRESENTATION_STYLE_ASSIGNMENT (( #4423 ) ) ;
#2258 = CIRCLE ( 'NONE', #2861, 2.050000000000003375 ) ;
#2259 = ORIENTED_EDGE ( 'NONE', *, *, #882, .T. ) ;
#2260 = ORIENTED_EDGE ( 'NONE', *, *, #1247, .F. ) ;
#2261 = VECTOR ( 'NONE', #857, 1000.000000000000000 ) ;
#2262 = ORIENTED_EDGE ( 'NONE', *, *, #1884, .T. ) ;
#2263 = FACE_BOUND ( 'NONE', #2474, .T. ) ;
#2264 = ORIENTED_EDGE ( 'NONE', *, *, #2515, .F. ) ;
#2265 = CYLINDRICAL_SURFACE ( 'NONE', #3876, 0.9999999999999974465 ) ;
#2266 = LINE ( 'NONE', #1478, #125 ) ;
#2267 = AXIS2_PLACEMENT_3D ( 'NONE', #4080, #2652, #2628 ) ;
#2268 = CARTESIAN_POINT ( 'NONE',  ( -31.90000000000000568, -1.900000000000009237, 31.89999999999998437 ) ) ;
#2269 = ORIENTED_EDGE ( 'NONE', *, *, #3061, .F. ) ;
#2270 = VECTOR ( 'NONE', #3235, 1000.000000000000000 ) ;
#2271 = CIRCLE ( 'NONE', #1890, 2.050000000000003375 ) ;
#2272 = ADVANCED_FACE ( 'NONE', ( #211, #4163, #237, #940, #2378 ), #1676, .T. ) ;
#2273 = DIRECTION ( 'NONE',  ( 0.000000000000000000, 0.000000000000000000, 1.000000000000000000 ) ) ;
#2274 = EDGE_CURVE ( 'NONE', #115, #1919, #531, .T. ) ;
#2275 = CIRCLE ( 'NONE', #1604, 1.649999999999998579 ) ;
#2276 = DIRECTION ( 'NONE',  ( 2.040851148208005632E-15, 0.000000000000000000, 1.000000000000000000 ) ) ;
#2277 = ORIENTED_EDGE ( 'NONE', *, *, #2919, .T. ) ;
#2278 = EDGE_CURVE ( 'NONE', #2383, #1870, #2050, .T. ) ;
#2279 = CARTESIAN_POINT ( 'NONE',  ( 31.90000000000001990, 8.000000000000000000, -31.89999999999999147 ) ) ;
#2280 = LINE ( 'NONE', #3006, #4236 ) ;
#2281 = CARTESIAN_POINT ( 'NONE',  ( -3.942553354492669674E-15, -2.499999999999950706, 50.14999999999999858 ) ) ;
#2282 = EDGE_CURVE ( 'NONE', #207, #2546, #2143, .T. ) ;
#2283 = LINE ( 'NONE', #49, #3103 ) ;
#2284 = ORIENTED_EDGE ( 'NONE', *, *, #684, .F. ) ;
#2285 = ORIENTED_EDGE ( 'NONE', *, *, #2619, .T. ) ;
#2286 = VECTOR ( 'NONE', #3155, 1000.000000000000000 ) ;
#2287 = ADVANCED_FACE ( 'NONE', ( #3640 ), #1793, .F. ) ;
#2288 = VERTEX_POINT ( 'NONE', #354 ) ;
#2289 = AXIS2_PLACEMENT_3D ( 'NONE', #1817, #3140, #3159 ) ;
#2290 = DIRECTION ( 'NONE',  ( 0.000000000000000000, 0.000000000000000000, -1.000000000000000000 ) ) ;
#2291 = ORIENTED_EDGE ( 'NONE', *, *, #1457, .F. ) ;
#2292 = EDGE_CURVE ( 'NONE', #147, #597, #2258, .T. ) ;
#2293 = CARTESIAN_POINT ( 'NONE',  ( -27.50000000000001421, 1.500000000000000000, -35.99999999999999289 ) ) ;
#2294 = AXIS2_PLACEMENT_3D ( 'NONE', #2529, #1404, #998 ) ;
#2295 = PLANE ( 'NONE',  #4510 ) ;
#2296 = AXIS2_PLACEMENT_3D ( 'NONE', #2221, #4076, #1825 ) ;
#2297 = CARTESIAN_POINT ( 'NONE',  ( 31.90000000000000568, -1.900000000000089173, -31.89999999999998437 ) ) ;
#2298 = ORIENTED_EDGE ( 'NONE', *, *, #2200, .T. ) ;
#2299 = CYLINDRICAL_SURFACE ( 'NONE', #3546, 1.649999999999998579 ) ;
#2300 = ORIENTED_EDGE ( 'NONE', *, *, #481, .F. ) ;
#2301 = VECTOR ( 'NONE', #1723, 1000.000000000000000 ) ;
#2302 = CYLINDRICAL_SURFACE ( 'NONE', #2358, 1.649999999999998579 ) ;
#2303 = ORIENTED_EDGE ( 'NONE', *, *, #3206, .F. ) ;
#2304 = DIRECTION ( 'NONE',  ( 1.000000000000000000, 1.734723475976811433E-15, 0.000000000000000000 ) ) ;
#2305 = CARTESIAN_POINT ( 'NONE',  ( 30.14999999999999858, -2.499999999999998224, -48.50000000000000000 ) ) ;
#2306 = CARTESIAN_POINT ( 'NONE',  ( -28.50000000000000000, -1.500000000000007772, -48.50000000000000000 ) ) ;
#2307 = CARTESIAN_POINT ( 'NONE',  ( -31.90000000000000568, -20.00000000000000711, 33.54999999999998295 ) ) ;
#2308 = VERTEX_POINT ( 'NONE', #2118 ) ;
#2309 = VERTEX_POINT ( 'NONE', #3290 ) ;
#2310 = ORIENTED_EDGE ( 'NONE', *, *, #4498, .T. ) ;
#2311 = EDGE_CURVE ( 'NONE', #2986, #2129, #424, .T. ) ;
#2312 = CARTESIAN_POINT ( 'NONE',  ( 31.90000000000000568, -4.399999999999560707, -33.54999999999998295 ) ) ;
#2313 = ORIENTED_EDGE ( 'NONE', *, *, #1269, .T. ) ;
#2314 = DIRECTION ( 'NONE',  ( -7.359432928386152326E-15, 1.000000000000000000, 0.000000000000000000 ) ) ;
#2315 = CYLINDRICAL_SURFACE ( 'NONE', #3906, 1.000000000000004441 ) ;
#2316 = VECTOR ( 'NONE', #682, 1000.000000000000000 ) ;
#2317 = FACE_BOUND ( 'NONE', #3306, .T. ) ;
#2318 = VERTEX_POINT ( 'NONE', #2584 ) ;
#2319 = CARTESIAN_POINT ( 'NONE',  ( 31.90000000000000568, -20.00000000000000711, -28.35000000000009024 ) ) ;
#2320 = ORIENTED_EDGE ( 'NONE', *, *, #705, .T. ) ;
#2321 = FACE_OUTER_BOUND ( 'NONE', #3278, .T. ) ;
#2322 = EDGE_LOOP ( 'NONE', ( #2535, #2923, #1724, #3933 ) ) ;
#2323 = CARTESIAN_POINT ( 'NONE',  ( -28.50000000000000000, -18.00000000000000355, -48.50000000000000000 ) ) ;
#2324 = DIRECTION ( 'NONE',  ( 0.000000000000000000, 0.000000000000000000, 1.000000000000000000 ) ) ;
#2325 = CARTESIAN_POINT ( 'NONE',  ( 0.000000000000000000, 0.000000000000000000, 56.00000000000000000 ) ) ;
#2326 = LINE ( 'NONE', #259, #1757 ) ;
#2327 = ORIENTED_EDGE ( 'NONE', *, *, #331, .F. ) ;
#2328 = EDGE_LOOP ( 'NONE', ( #223, #64, #4096, #4623, #1874, #167, #3702, #2320, #669, #3477, #3722, #26, #1038, #2897, #3251, #4009, #230, #3972, #3190, #522 ) ) ;
#2329 = DIRECTION ( 'NONE',  ( -3.242473786872536800E-16, 1.000000000000000000, -0.000000000000000000 ) ) ;
#2330 = AXIS2_PLACEMENT_3D ( 'NONE', #1319, #2758, #4188 ) ;
#2331 = FACE_OUTER_BOUND ( 'NONE', #1026, .T. ) ;
#2332 = ORIENTED_EDGE ( 'NONE', *, *, #2155, .F. ) ;
#2333 = DIRECTION ( 'NONE',  ( 1.000000000000000000, 0.000000000000000000, 0.000000000000000000 ) ) ;
#2334 = FACE_OUTER_BOUND ( 'NONE', #336, .T. ) ;
#2335 = CONICAL_SURFACE ( 'NONE', #85, 3.549999999999942091, 0.7853981633974466137 ) ;
#2336 = DIRECTION ( 'NONE',  ( -0.000000000000000000, -1.000000000000000000, -0.000000000000000000 ) ) ;
#2337 = DIRECTION ( 'NONE',  ( 7.885106708985495542E-15, -1.000000000000000000, 0.000000000000000000 ) ) ;
#2338 = ORIENTED_EDGE ( 'NONE', *, *, #3667, .T. ) ;
#2339 = VECTOR ( 'NONE', #955, 1000.000000000000000 ) ;
#2340 = FACE_OUTER_BOUND ( 'NONE', #3606, .T. ) ;
#2341 = EDGE_CURVE ( 'NONE', #1237, #2809, #2539, .T. ) ;
#2342 = EDGE_CURVE ( 'NONE', #651, #1781, #3085, .T. ) ;
#2343 = LINE ( 'NONE', #2727, #105 ) ;
#2344 = VERTEX_POINT ( 'NONE', #3243 ) ;
#2345 = EDGE_CURVE ( 'NONE', #99, #3492, #459, .T. ) ;
#2346 = CARTESIAN_POINT ( 'NONE',  ( -28.49999999999999645, -17.00000000000005684, 48.50000000000000000 ) ) ;
#2347 = CARTESIAN_POINT ( 'NONE',  ( 32.20000000000000284, 7.000000000000004441, -11.00000000000000000 ) ) ;
#2348 = ADVANCED_FACE ( 'NONE', ( #4276 ), #4302, .F. ) ;
#2349 = DIRECTION ( 'NONE',  ( -0.000000000000000000, -0.000000000000000000, 1.000000000000000000 ) ) ;
#2350 = ORIENTED_EDGE ( 'NONE', *, *, #3817, .F. ) ;
#2351 = VECTOR ( 'NONE', #1526, 1000.000000000000000 ) ;
#2352 = ORIENTED_EDGE ( 'NONE', *, *, #135, .T. ) ;
#2353 = FACE_OUTER_BOUND ( 'NONE', #2991, .T. ) ;
#2354 = CIRCLE ( 'NONE', #1152, 1.649999999999995248 ) ;
#2355 = CARTESIAN_POINT ( 'NONE',  ( 31.90000000000000568, -4.399999999999561595, 31.89999999999998437 ) ) ;
#2356 = ORIENTED_EDGE ( 'NONE', *, *, #3000, .T. ) ;
#2357 = DIRECTION ( 'NONE',  ( 7.885106708985495542E-15, -1.000000000000000000, 0.000000000000000000 ) ) ;
#2358 = AXIS2_PLACEMENT_3D ( 'NONE', #2232, #3732, #3309 ) ;
#2359 = CARTESIAN_POINT ( 'NONE',  ( -31.90000000000000568, -4.400000000000064304, -31.89999999999998437 ) ) ;
#2360 = AXIS2_PLACEMENT_3D ( 'NONE', #3688, #1559, #888 ) ;
#2361 = DIRECTION ( 'NONE',  ( 0.000000000000000000, 1.000000000000000000, 0.000000000000000000 ) ) ;
#2362 = AXIS2_PLACEMENT_3D ( 'NONE', #587, #2794, #3806 ) ;
#2363 = DIRECTION ( 'NONE',  ( -1.000000000000000000, 0.000000000000000000, 1.927470528863118309E-16 ) ) ;
#2364 = ORIENTED_EDGE ( 'NONE', *, *, #823, .F. ) ;
#2365 = ADVANCED_FACE ( 'NONE', ( #1051 ), #3948, .F. ) ;
#2366 = CARTESIAN_POINT ( 'NONE',  ( -28.49999999999999645, -15.10000000000003695, 29.79286924942943671 ) ) ;
#2367 = EDGE_LOOP ( 'NONE', ( #1914, #1010, #301, #2195 ) ) ;
#2368 = CIRCLE ( 'NONE', #3123, 4.099999999999999645 ) ;
#2369 = ADVANCED_FACE ( 'NONE', ( #2183 ), #327, .F. ) ;
#2370 = CARTESIAN_POINT ( 'NONE',  ( 31.90000000000000568, -20.00000000000000711, 28.35000000000008313 ) ) ;
#2371 = EDGE_CURVE ( 'NONE', #3705, #3645, #2410, .T. ) ;
#2372 = EDGE_LOOP ( 'NONE', ( #3048, #3646, #2203, #1449 ) ) ;
#2373 = DIRECTION ( 'NONE',  ( 0.000000000000000000, 0.000000000000000000, -1.000000000000000000 ) ) ;
#2374 = DIRECTION ( 'NONE',  ( 0.000000000000000000, 1.000000000000000000, 0.000000000000000000 ) ) ;
#2375 = VECTOR ( 'NONE', #2468, 1000.000000000000000 ) ;
#2376 = VECTOR ( 'NONE', #3699, 1000.000000000000000 ) ;
#2377 = ORIENTED_EDGE ( 'NONE', *, *, #4005, .T. ) ;
#2378 = FACE_OUTER_BOUND ( 'NONE', #3669, .T. ) ;
#2379 = ORIENTED_EDGE ( 'NONE', *, *, #3259, .T. ) ;
#2380 = FACE_OUTER_BOUND ( 'NONE', #4135, .T. ) ;
#2381 = DIRECTION ( 'NONE',  ( 0.000000000000000000, 0.000000000000000000, 1.000000000000000000 ) ) ;
#2382 = VERTEX_POINT ( 'NONE', #4324 ) ;
#2383 = VERTEX_POINT ( 'NONE', #63 ) ;
#2384 = CARTESIAN_POINT ( 'NONE',  ( -28.49999999999999289, -26.41370849898487094, -34.00713075057051071 ) ) ;
#2385 = DIRECTION ( 'NONE',  ( -1.000000000000000000, -7.615859162824993749E-15, 0.000000000000000000 ) ) ;
#2386 = EDGE_CURVE ( 'NONE', #4309, #4475, #42, .T. ) ;
#2387 = FACE_OUTER_BOUND ( 'NONE', #1326, .T. ) ;
#2388 = LINE ( 'NONE', #924, #1783 ) ;
#2389 = ORIENTED_EDGE ( 'NONE', *, *, #3750, .F. ) ;
#2390 = DIRECTION ( 'NONE',  ( 1.632680918566408568E-15, -0.000000000000000000, 1.000000000000000000 ) ) ;
#2391 = ORIENTED_EDGE ( 'NONE', *, *, #3073, .F. ) ;
#2392 = EDGE_CURVE ( 'NONE', #2288, #277, #3616, .T. ) ;
#2393 = DIRECTION ( 'NONE',  ( 0.000000000000000000, -1.000000000000000000, 0.000000000000000000 ) ) ;
#2394 = ORIENTED_EDGE ( 'NONE', *, *, #1235, .T. ) ;
#2395 = CARTESIAN_POINT ( 'NONE',  ( 31.90000000000000568, -4.399999999999561595, -31.89999999999998437 ) ) ;
#2396 = EDGE_CURVE ( 'NONE', #2528, #3013, #683, .T. ) ;
#2397 = CARTESIAN_POINT ( 'NONE',  ( 31.90000000000000568, -15.09999999999959286, 33.54999999999998295 ) ) ;
#2398 = VERTEX_POINT ( 'NONE', #4366 ) ;
#2399 = CARTESIAN_POINT ( 'NONE',  ( -27.50000000000000000, 1.500000000000000000, -27.50000000000000000 ) ) ;
#2400 = ORIENTED_EDGE ( 'NONE', *, *, #4587, .T. ) ;
#2401 = DIRECTION ( 'NONE',  ( -0.000000000000000000, -1.000000000000000000, -0.000000000000000000 ) ) ;
#2402 = DIRECTION ( 'NONE',  ( 0.000000000000000000, 0.000000000000000000, 1.000000000000000000 ) ) ;
#2403 = ORIENTED_EDGE ( 'NONE', *, *, #3610, .F. ) ;
#2404 = ORIENTED_EDGE ( 'NONE', *, *, #2639, .F. ) ;
#2405 = LINE ( 'NONE', #4121, #560 ) ;
#2406 = FACE_BOUND ( 'NONE', #1215, .T. ) ;
#2407 = DIRECTION ( 'NONE',  ( -0.000000000000000000, -1.000000000000000000, -0.000000000000000000 ) ) ;
#2408 = CARTESIAN_POINT ( 'NONE',  ( 31.90000000000000568, -4.399999999999561595, -31.89999999999998437 ) ) ;
#2409 = ORIENTED_EDGE ( 'NONE', *, *, #2690, .F. ) ;
#2410 = CIRCLE ( 'NONE', #3537, 1.000000000000004441 ) ;
#2411 = DIRECTION ( 'NONE',  ( -0.000000000000000000, -0.000000000000000000, 1.000000000000000000 ) ) ;
#2412 = AXIS2_PLACEMENT_3D ( 'NONE', #3570, #2884, #766 ) ;
#2413 = EDGE_CURVE ( 'NONE', #3982, #158, #1484, .T. ) ;
#2414 = DIRECTION ( 'NONE',  ( -1.000000000000000000, 0.000000000000000000, 0.000000000000000000 ) ) ;
#2415 = EDGE_LOOP ( 'NONE', ( #2403, #4372, #4079, #1015 ) ) ;
#2416 =( LENGTH_UNIT ( ) NAMED_UNIT ( * ) SI_UNIT ( .MILLI., .METRE. ) );
#2417 = EDGE_CURVE ( 'NONE', #363, #83, #4015, .T. ) ;
#2418 = CIRCLE ( 'NONE', #392, 0.9999999999999974465 ) ;
#2419 = DIRECTION ( 'NONE',  ( -0.000000000000000000, 1.000000000000000000, -0.000000000000000000 ) ) ;
#2420 = ADVANCED_FACE ( 'NONE', ( #662 ), #1436, .F. ) ;
#2421 = CARTESIAN_POINT ( 'NONE',  ( 27.50000000000000000, 8.000000000000000000, 11.00000000000000000 ) ) ;
#2422 = VERTEX_POINT ( 'NONE', #2471 ) ;
#2423 = DIRECTION ( 'NONE',  ( 0.000000000000000000, 0.000000000000000000, 1.000000000000000000 ) ) ;
#2424 = CONICAL_SURFACE ( 'NONE', #3401, 3.549999999999997602, 0.7853981633974466137 ) ;
#2425 = ADVANCED_FACE ( 'NONE', ( #1364 ), #4259, .T. ) ;
#2426 = VECTOR ( 'NONE', #2169, 1000.000000000000000 ) ;
#2427 = DIRECTION ( 'NONE',  ( 0.000000000000000000, 1.000000000000000000, 0.000000000000000000 ) ) ;
#2428 = AXIS2_PLACEMENT_3D ( 'NONE', #372, #2795, #18 ) ;
#2429 = ORIENTED_EDGE ( 'NONE', *, *, #3396, .F. ) ;
#2430 = ADVANCED_FACE ( 'NONE', ( #4234 ), #359, .F. ) ;
#2431 = ORIENTED_EDGE ( 'NONE', *, *, #2251, .T. ) ;
#2432 = CARTESIAN_POINT ( 'NONE',  ( 31.90000000000000568, -1.900000000000089173, 31.89999999999998437 ) ) ;
#2433 = LINE ( 'NONE', #2787, #2 ) ;
#2434 = CARTESIAN_POINT ( 'NONE',  ( -31.90000000000000568, -15.10000000000006182, -31.89999999999998437 ) ) ;
#2435 = DIRECTION ( 'NONE',  ( 0.000000000000000000, 0.000000000000000000, 1.000000000000000000 ) ) ;
#2436 = VERTEX_POINT ( 'NONE', #755 ) ;
#2437 = CONICAL_SURFACE ( 'NONE', #4007, 3.549999999999997602, 0.7853981633974466137 ) ;
#2438 = DIRECTION ( 'NONE',  ( 8.659560562354932858E-17, 0.7071067811865474617, -0.7071067811865474617 ) ) ;
#2439 = AXIS2_PLACEMENT_3D ( 'NONE', #2120, #3837, #4520 ) ;
#2440 = LINE ( 'NONE', #1332, #1213 ) ;
#2441 = STYLED_ITEM ( 'NONE', ( #302 ), #4069 ) ;
#2442 = FACE_BOUND ( 'NONE', #1224, .T. ) ;
#2443 = ORIENTED_EDGE ( 'NONE', *, *, #2004, .F. ) ;
#2444 = PLANE ( 'NONE',  #2667 ) ;
#2445 = CIRCLE ( 'NONE', #1623, 3.999999999999996447 ) ;
#2446 = DIRECTION ( 'NONE',  ( 0.000000000000000000, 0.000000000000000000, 1.000000000000000000 ) ) ;
#2447 = CARTESIAN_POINT ( 'NONE',  ( 31.90000000000000568, -1.900000000000089173, 33.54999999999998295 ) ) ;
#2448 = AXIS2_PLACEMENT_3D ( 'NONE', #412, #4335, #2196 ) ;
#2449 = VERTEX_POINT ( 'NONE', #333 ) ;
#2450 = CARTESIAN_POINT ( 'NONE',  ( 31.90000000000000568, -4.399999999999561595, -33.94999999999998863 ) ) ;
#2451 = DIRECTION ( 'NONE',  ( 0.000000000000000000, 1.000000000000000000, 0.000000000000000000 ) ) ;
#2452 = EDGE_CURVE ( 'NONE', #2546, #2965, #2189, .T. ) ;
#2453 = PRODUCT_DEFINITION_CONTEXT ( 'detailed design', #3713, 'design' ) ;
#2454 = VERTEX_POINT ( 'NONE', #2149 ) ;
#2455 = EDGE_LOOP ( 'NONE', ( #1729, #2942, #877, #2657 ) ) ;
#2456 = DIRECTION ( 'NONE',  ( 0.000000000000000000, 0.000000000000000000, -1.000000000000000000 ) ) ;
#2457 = ADVANCED_FACE ( 'NONE', ( #1032 ), #3760, .F. ) ;
#2458 = AXIS2_PLACEMENT_3D ( 'NONE', #1042, #3236, #2133 ) ;
#2459 = DIRECTION ( 'NONE',  ( -7.359432928386152326E-15, 1.000000000000000000, 0.000000000000000000 ) ) ;
#2460 = EDGE_LOOP ( 'NONE', ( #624, #2352, #124, #3740 ) ) ;
#2461 = CARTESIAN_POINT ( 'NONE',  ( 30.14999999999999858, -4.400000000000042988, -48.50000000000000000 ) ) ;
#2462 = DIRECTION ( 'NONE',  ( -0.000000000000000000, -1.000000000000000000, -0.000000000000000000 ) ) ;
#2463 = DIRECTION ( 'NONE',  ( 7.313862828241198394E-17, -1.000000000000000000, -0.000000000000000000 ) ) ;
#2464 = DIRECTION ( 'NONE',  ( -0.000000000000000000, -0.000000000000000000, 1.000000000000000000 ) ) ;
#2465 = EDGE_LOOP ( 'NONE', ( #757, #2952, #4212, #2550 ) ) ;
#2466 = DIRECTION ( 'NONE',  ( -1.000000000000000000, -7.313862828241198394E-17, 0.000000000000000000 ) ) ;
#2467 = DIRECTION ( 'NONE',  ( 0.000000000000000000, 0.000000000000000000, 1.000000000000000000 ) ) ;
#2468 = DIRECTION ( 'NONE',  ( 0.000000000000000000, 1.000000000000000000, 0.000000000000000000 ) ) ;
#2469 = CARTESIAN_POINT ( 'NONE',  ( 31.90000000000000568, -20.00000000000000711, 30.24999999999998934 ) ) ;
#2470 = DIRECTION ( 'NONE',  ( -0.000000000000000000, 1.000000000000000000, -0.000000000000000000 ) ) ;
#2471 = CARTESIAN_POINT ( 'NONE',  ( 31.90000000000000568, -4.399999999999561595, 33.94999999999998863 ) ) ;
#2472 = CLOSED_SHELL ( 'NONE', ( #1091, #1683, #963, #30, #1226, #4407, #3321 ) ) ;
#2473 = EDGE_CURVE ( 'NONE', #1368, #4436, #3956, .T. ) ;
#2474 = EDGE_LOOP ( 'NONE', ( #3262, #2242 ) ) ;
#2475 = ORIENTED_EDGE ( 'NONE', *, *, #2720, .F. ) ;
#2476 = ORIENTED_EDGE ( 'NONE', *, *, #1803, .F. ) ;
#2477 = CARTESIAN_POINT ( 'NONE',  ( -0.000000000000000000, 8.000000000000000000, 11.00000000000000000 ) ) ;
#2478 = VECTOR ( 'NONE', #1505, 1000.000000000000000 ) ;
#2479 = EDGE_CURVE ( 'NONE', #4452, #2436, #1416, .T. ) ;
#2480 = EDGE_LOOP ( 'NONE', ( #1429, #544, #2476, #3913 ) ) ;
#2481 = CARTESIAN_POINT ( 'NONE',  ( 31.90000000000000568, -26.41370849898437001, 31.89999999999998437 ) ) ;
#2482 = VECTOR ( 'NONE', #1755, 1000.000000000000000 ) ;
#2483 = CARTESIAN_POINT ( 'NONE',  ( 0.000000000000000000, 8.000000000000000000, 0.000000000000000000 ) ) ;
#2484 = CARTESIAN_POINT ( 'NONE',  ( 27.50000000000000000, 8.000000000000000000, -27.50000000000000000 ) ) ;
#2485 = CIRCLE ( 'NONE', #3852, 2.049999999999999822 ) ;
#2486 = LINE ( 'NONE', #3963, #1440 ) ;
#2487 = ORIENTED_EDGE ( 'NONE', *, *, #3475, .F. ) ;
#2488 = EDGE_CURVE ( 'NONE', #2979, #1888, #610, .T. ) ;
#2489 = EDGE_CURVE ( 'NONE', #861, #4134, #1055, .T. ) ;
#2490 = VECTOR ( 'NONE', #2605, 1000.000000000000000 ) ;
#2491 = DIRECTION ( 'NONE',  ( -0.000000000000000000, 1.000000000000000000, -0.000000000000000000 ) ) ;
#2492 = DIRECTION ( 'NONE',  ( 0.000000000000000000, 1.000000000000000000, 0.000000000000000000 ) ) ;
#2493 = DIRECTION ( 'NONE',  ( -0.000000000000000000, 1.000000000000000000, -0.000000000000000000 ) ) ;
#2494 = ADVANCED_FACE ( 'NONE', ( #2824 ), #3580, .F. ) ;
#2495 = LINE ( 'NONE', #4661, #453 ) ;
#2496 = EDGE_CURVE ( 'NONE', #110, #4526, #2872, .T. ) ;
#2497 = CARTESIAN_POINT ( 'NONE',  ( 31.90000000000000568, -15.09999999999959286, 30.24999999999998934 ) ) ;
#2498 = CIRCLE ( 'NONE', #4138, 3.549999999999997602 ) ;
#2499 = CARTESIAN_POINT ( 'NONE',  ( 0.000000000000000000, 70.00000000000000000, 11.00000000000000000 ) ) ;
#2500 = AXIS2_PLACEMENT_3D ( 'NONE', #346, #2462, #4336 ) ;
#2501 = ORIENTED_EDGE ( 'NONE', *, *, #3372, .F. ) ;
#2502 = EDGE_LOOP ( 'NONE', ( #4426, #3697, #2501, #435 ) ) ;
#2503 = ORIENTED_EDGE ( 'NONE', *, *, #4554, .T. ) ;
#2504 = DIRECTION ( 'NONE',  ( 0.000000000000000000, -1.000000000000000000, 0.000000000000000000 ) ) ;
#2505 = VERTEX_POINT ( 'NONE', #308 ) ;
#2506 = DIRECTION ( 'NONE',  ( 1.000000000000000000, 0.000000000000000000, 0.000000000000000000 ) ) ;
#2507 = PLANE ( 'NONE',  #3848 ) ;
#2508 = CARTESIAN_POINT ( 'NONE',  ( 11.00000000000000000, 70.00000000000000000, 3.840629472727446691E-14 ) ) ;
#2509 = FACE_OUTER_BOUND ( 'NONE', #782, .T. ) ;
#2510 = AXIS2_PLACEMENT_3D ( 'NONE', #6, #1085, #1445 ) ;
#2511 = EDGE_CURVE ( 'NONE', #2007, #3622, #3156, .T. ) ;
#2512 = LINE ( 'NONE', #3965, #168 ) ;
#2513 = AXIS2_PLACEMENT_3D ( 'NONE', #4421, #1194, #3412 ) ;
#2514 = LINE ( 'NONE', #2888, #3180 ) ;
#2515 = EDGE_CURVE ( 'NONE', #651, #4525, #1727, .T. ) ;
#2516 = DIRECTION ( 'NONE',  ( 0.000000000000000000, 0.000000000000000000, 1.000000000000000000 ) ) ;
#2517 = FACE_OUTER_BOUND ( 'NONE', #4416, .T. ) ;
#2518 = AXIS2_PLACEMENT_3D ( 'NONE', #3490, #2427, #1706 ) ;
#2519 = CARTESIAN_POINT ( 'NONE',  ( -30.15000000000006608, -15.10000000000004938, 32.96770782520322740 ) ) ;
#2520 = LINE ( 'NONE', #1078, #628 ) ;
#2521 = DIRECTION ( 'NONE',  ( -1.000000000000000000, 0.000000000000000000, -0.000000000000000000 ) ) ;
#2522 = AXIS2_PLACEMENT_3D ( 'NONE', #1920, #56, #786 ) ;
#2523 = ORIENTED_EDGE ( 'NONE', *, *, #4470, .T. ) ;
#2524 = VERTEX_POINT ( 'NONE', #3555 ) ;
#2525 = ORIENTED_EDGE ( 'NONE', *, *, #1023, .T. ) ;
#2526 = FACE_OUTER_BOUND ( 'NONE', #2019, .T. ) ;
#2527 = VECTOR ( 'NONE', #2733, 1000.000000000000000 ) ;
#2528 = VERTEX_POINT ( 'NONE', #4308 ) ;
#2529 = CARTESIAN_POINT ( 'NONE',  ( 36.00000000000002132, 8.000000000000000000, 35.99999999999999289 ) ) ;
#2530 = LINE ( 'NONE', #673, #4258 ) ;
#2531 = EDGE_CURVE ( 'NONE', #1109, #1799, #2485, .T. ) ;
#2532 = VECTOR ( 'NONE', #1892, 1000.000000000000000 ) ;
#2533 = MANIFOLD_SOLID_BREP ( 'PCB_Enclosure_Top_PCB_Rille', #4123 ) ;
#2534 = DIRECTION ( 'NONE',  ( 0.000000000000000000, 0.000000000000000000, 1.000000000000000000 ) ) ;
#2535 = ORIENTED_EDGE ( 'NONE', *, *, #2838, .F. ) ;
#2536 = DIRECTION ( 'NONE',  ( -0.000000000000000000, 1.000000000000000000, -0.000000000000000000 ) ) ;
#2537 = EDGE_CURVE ( 'NONE', #277, #3656, #170, .T. ) ;
#2538 = LINE ( 'NONE', #4037, #4000 ) ;
#2539 = LINE ( 'NONE', #1434, #2710 ) ;
#2540 = CARTESIAN_POINT ( 'NONE',  ( -31.90000000000000568, -20.89827560572980047, -29.84999999999998366 ) ) ;
#2541 = DIRECTION ( 'NONE',  ( 4.818676322157798854E-17, 1.000000000000000000, -0.000000000000000000 ) ) ;
#2542 = DIRECTION ( 'NONE',  ( -0.000000000000000000, -1.000000000000000000, -0.000000000000000000 ) ) ;
#2543 = EDGE_LOOP ( 'NONE', ( #385, #4508, #1613, #3591 ) ) ;
#2544 = DIRECTION ( 'NONE',  ( 0.000000000000000000, 0.000000000000000000, 1.000000000000000000 ) ) ;
#2545 = CIRCLE ( 'NONE', #1424, 71.30248928736450864 ) ;
#2546 = VERTEX_POINT ( 'NONE', #146 ) ;
#2547 = ORIENTED_EDGE ( 'NONE', *, *, #4113, .T. ) ;
#2548 = EDGE_CURVE ( 'NONE', #3928, #2151, #4350, .T. ) ;
#2549 = ORIENTED_EDGE ( 'NONE', *, *, #140, .T. ) ;
#2550 = ORIENTED_EDGE ( 'NONE', *, *, #668, .F. ) ;
#2551 = LINE ( 'NONE', #486, #3349 ) ;
#2552 = CARTESIAN_POINT ( 'NONE',  ( 31.90000000000000568, -20.00000000000000711, -31.89999999999998437 ) ) ;
#2553 = CARTESIAN_POINT ( 'NONE',  ( -11.00000000000000000, 70.00000000000000000, -3.840629472727446691E-14 ) ) ;
#2554 = EDGE_CURVE ( 'NONE', #3303, #110, #994, .T. ) ;
#2555 = DIRECTION ( 'NONE',  ( 0.000000000000000000, 1.000000000000000000, 0.000000000000000000 ) ) ;
#2556 = ORIENTED_EDGE ( 'NONE', *, *, #1649, .F. ) ;
#2557 = DIRECTION ( 'NONE',  ( 4.818676322157798854E-17, 1.000000000000000000, -0.000000000000000000 ) ) ;
#2558 = CARTESIAN_POINT ( 'NONE',  ( -31.90000000000000568, -4.400000000000064304, 31.89999999999998437 ) ) ;
#2559 = AXIS2_PLACEMENT_3D ( 'NONE', #378, #2802, #2521 ) ;
#2560 = CARTESIAN_POINT ( 'NONE',  ( 11.00000000000000000, 70.00000000000000000, 3.840629472727446691E-14 ) ) ;
#2561 = ORIENTED_EDGE ( 'NONE', *, *, #3032, .F. ) ;
#2562 = DIRECTION ( 'NONE',  ( -7.359432928386152326E-15, 1.000000000000000000, 0.000000000000000000 ) ) ;
#2563 = EDGE_CURVE ( 'NONE', #2945, #3468, #2800, .T. ) ;
#2564 = CARTESIAN_POINT ( 'NONE',  ( 31.90000000000000568, -1.900000000000089173, -31.89999999999998437 ) ) ;
#2565 = CARTESIAN_POINT ( 'NONE',  ( 31.90000000000000568, -20.00000000000000711, -31.89999999999998437 ) ) ;
#2566 = AXIS2_PLACEMENT_3D ( 'NONE', #1195, #3783, #1883 ) ;
#2567 = DIRECTION ( 'NONE',  ( 1.000000000000000000, 7.885106708985493964E-15, 0.000000000000000000 ) ) ;
#2568 = ORIENTED_EDGE ( 'NONE', *, *, #4431, .T. ) ;
#2569 = ORIENTED_EDGE ( 'NONE', *, *, #2661, .F. ) ;
#2570 = AXIS2_PLACEMENT_3D ( 'NONE', #4415, #4390, #1189 ) ;
#2571 = EDGE_CURVE ( 'NONE', #2129, #971, #771, .T. ) ;
#2572 = ORIENTED_EDGE ( 'NONE', *, *, #584, .F. ) ;
#2573 = ADVANCED_FACE ( 'NONE', ( #120 ), #2424, .F. ) ;
#2574 = ADVANCED_FACE ( 'NONE', ( #1562 ), #1196, .F. ) ;
#2575 = ORIENTED_EDGE ( 'NONE', *, *, #395, .F. ) ;
#2576 = CYLINDRICAL_SURFACE ( 'NONE', #2296, 1.649999999999998579 ) ;
#2577 = CARTESIAN_POINT ( 'NONE',  ( 27.50000000000000000, 8.000000000000000000, 27.50000000000000000 ) ) ;
#2578 = VECTOR ( 'NONE', #1631, 1000.000000000000000 ) ;
#2579 = AXIS2_PLACEMENT_3D ( 'NONE', #1104, #2542, #3991 ) ;
#2580 = DIRECTION ( 'NONE',  ( 1.000000000000000000, 8.038962449648605390E-15, 0.000000000000000000 ) ) ;
#2581 = ORIENTED_EDGE ( 'NONE', *, *, #960, .T. ) ;
#2582 = CARTESIAN_POINT ( 'NONE',  ( 31.90000000000001279, 10.00000000000000000, 35.45000000000002416 ) ) ;
#2583 = DIRECTION ( 'NONE',  ( -0.000000000000000000, 1.000000000000000000, -0.000000000000000000 ) ) ;
#2584 = CARTESIAN_POINT ( 'NONE',  ( 30.15000000000007319, -15.09999999999960529, -32.96770782520323451 ) ) ;
#2585 = ORIENTED_EDGE ( 'NONE', *, *, #1630, .F. ) ;
#2586 = VECTOR ( 'NONE', #3755, 1000.000000000000000 ) ;
#2587 = DIRECTION ( 'NONE',  ( -0.000000000000000000, 1.000000000000000000, -0.000000000000000000 ) ) ;
#2588 = CYLINDRICAL_SURFACE ( 'NONE', #2814, 2.050000000000003375 ) ;
#2589 = AXIS2_PLACEMENT_3D ( 'NONE', #2564, #1487, #775 ) ;
#2590 = CARTESIAN_POINT ( 'NONE',  ( 31.90000000000000568, -15.09999999999959286, 31.89999999999998437 ) ) ;
#2591 = EDGE_CURVE ( 'NONE', #884, #2007, #3700, .T. ) ;
#2592 = DIRECTION ( 'NONE',  ( -0.000000000000000000, 1.000000000000000000, -0.000000000000000000 ) ) ;
#2593 = AXIS2_PLACEMENT_3D ( 'NONE', #3880, #1267, #4226 ) ;
#2594 = ORIENTED_EDGE ( 'NONE', *, *, #2245, .T. ) ;
#2595 = VERTEX_POINT ( 'NONE', #2638 ) ;
#2596 = ORIENTED_EDGE ( 'NONE', *, *, #1912, .F. ) ;
#2597 = EDGE_CURVE ( 'NONE', #4586, #4240, #3625, .T. ) ;
#2598 = CIRCLE ( 'NONE', #2219, 1.649999999999998579 ) ;
#2599 = ORIENTED_EDGE ( 'NONE', *, *, #215, .F. ) ;
#2600 = CARTESIAN_POINT ( 'NONE',  ( 31.90000000000000568, 0.000000000000000000, -33.54999999999998295 ) ) ;
#2601 = VECTOR ( 'NONE', #2061, 1000.000000000000000 ) ;
#2602 = CARTESIAN_POINT ( 'NONE',  ( -28.50000000000000000, -2.500000000000002665, -48.50000000000000000 ) ) ;
#2603 = EDGE_CURVE ( 'NONE', #2642, #4261, #3317, .T. ) ;
#2604 = VECTOR ( 'NONE', #2014, 1000.000000000000000 ) ;
#2605 = DIRECTION ( 'NONE',  ( 8.659560562354934091E-17, 0.7071067811865474617, -0.7071067811865475727 ) ) ;
#2606 = EDGE_LOOP ( 'NONE', ( #1677, #491, #1121, #160 ) ) ;
#2607 = LINE ( 'NONE', #792, #3095 ) ;
#2608 = ORIENTED_EDGE ( 'NONE', *, *, #2147, .T. ) ;
#2609 = LINE ( 'NONE', #3336, #2351 ) ;
#2610 = CARTESIAN_POINT ( 'NONE',  ( -28.50000000000000355, -4.400000000000037659, 29.79286924942945447 ) ) ;
#2611 = ORIENTED_EDGE ( 'NONE', *, *, #2241, .F. ) ;
#2612 = CARTESIAN_POINT ( 'NONE',  ( 27.50000000000000000, 1.499999999999999556, -27.50000000000000000 ) ) ;
#2613 = DIRECTION ( 'NONE',  ( 0.000000000000000000, 0.000000000000000000, 1.000000000000000000 ) ) ;
#2614 = FACE_OUTER_BOUND ( 'NONE', #2543, .T. ) ;
#2615 =( LENGTH_UNIT ( ) NAMED_UNIT ( * ) SI_UNIT ( .MILLI., .METRE. ) );
#2616 = EDGE_LOOP ( 'NONE', ( #2103, #3239, #997, #3383 ) ) ;
#2617 = VERTEX_POINT ( 'NONE', #3275 ) ;
#2618 = ORIENTED_EDGE ( 'NONE', *, *, #2479, .T. ) ;
#2619 = EDGE_CURVE ( 'NONE', #3352, #3982, #2283, .T. ) ;
#2620 = DIRECTION ( 'NONE',  ( -3.491481338843133355E-15, 0.000000000000000000, 1.000000000000000000 ) ) ;
#2621 = ORIENTED_EDGE ( 'NONE', *, *, #4448, .F. ) ;
#2622 = DIRECTION ( 'NONE',  ( 0.000000000000000000, 0.000000000000000000, -1.000000000000000000 ) ) ;
#2623 = EDGE_CURVE ( 'NONE', #1237, #4450, #2275, .T. ) ;
#2624 = FACE_OUTER_BOUND ( 'NONE', #3440, .T. ) ;
#2625 = EDGE_CURVE ( 'NONE', #2126, #1087, #253, .T. ) ;
#2626 = CARTESIAN_POINT ( 'NONE',  ( -28.50000000000000355, -4.400000000000036771, 34.00713075057051071 ) ) ;
#2627 = ORIENTED_EDGE ( 'NONE', *, *, #2251, .F. ) ;
#2628 = DIRECTION ( 'NONE',  ( -1.000000000000000000, -7.615859162825007949E-15, 0.000000000000000000 ) ) ;
#2629 = ADVANCED_FACE ( 'NONE', ( #3994 ), #2214, .F. ) ;
#2630 = DIRECTION ( 'NONE',  ( 0.000000000000000000, 0.000000000000000000, 1.000000000000000000 ) ) ;
#2631 = EDGE_CURVE ( 'NONE', #2191, #4361, #2963, .T. ) ;
#2632 = EDGE_LOOP ( 'NONE', ( #1980, #149 ) ) ;
#2633 = CIRCLE ( 'NONE', #1659, 0.9999999999999974465 ) ;
#2634 = CARTESIAN_POINT ( 'NONE',  ( -31.89999999999999858, 8.000000000000000000, 36.00000000000000000 ) ) ;
#2635 = CARTESIAN_POINT ( 'NONE',  ( 31.90000000000000568, -4.399999999999561595, 29.84999999999998366 ) ) ;
#2636 = CARTESIAN_POINT ( 'NONE',  ( 36.00000000000002132, 8.000000000000000000, 31.89999999999999147 ) ) ;
#2637 = VECTOR ( 'NONE', #3229, 1000.000000000000000 ) ;
#2638 = CARTESIAN_POINT ( 'NONE',  ( 36.00000000000001421, -20.00000000000000711, -48.50000000000000000 ) ) ;
#2639 = EDGE_CURVE ( 'NONE', #4436, #3169, #1337, .T. ) ;
#2640 = AXIS2_PLACEMENT_3D ( 'NONE', #4642, #1777, #3248 ) ;
#2641 = VERTEX_POINT ( 'NONE', #2397 ) ;
#2642 = VERTEX_POINT ( 'NONE', #1317 ) ;
#2643 = AXIS2_PLACEMENT_3D ( 'NONE', #4360, #3377, #2580 ) ;
#2644 = VERTEX_POINT ( 'NONE', #4186 ) ;
#2645 = LINE ( 'NONE', #1983, #4332 ) ;
#2646 = VERTEX_POINT ( 'NONE', #1978 ) ;
#2647 = PLANE ( 'NONE',  #3046 ) ;
#2648 = CARTESIAN_POINT ( 'NONE',  ( 28.50000000000000355, -17.00000000000005684, -48.50000000000000000 ) ) ;
#2649 = VECTOR ( 'NONE', #1621, 1000.000000000000000 ) ;
#2650 = DIRECTION ( 'NONE',  ( 1.000000000000000000, 0.000000000000000000, 0.000000000000000000 ) ) ;
#2651 = VERTEX_POINT ( 'NONE', #612 ) ;
#2652 = DIRECTION ( 'NONE',  ( -7.359432928386152326E-15, 1.000000000000000000, 0.000000000000000000 ) ) ;
#2653 = AXIS2_PLACEMENT_3D ( 'NONE', #3579, #1841, #4278 ) ;
#2654 = ORIENTED_EDGE ( 'NONE', *, *, #1942, .T. ) ;
#2655 = VECTOR ( 'NONE', #3368, 1000.000000000000000 ) ;
#2656 = DIRECTION ( 'NONE',  ( 0.000000000000000000, 0.000000000000000000, 1.000000000000000000 ) ) ;
#2657 = ORIENTED_EDGE ( 'NONE', *, *, #1499, .T. ) ;
#2658 = LINE ( 'NONE', #1955, #1430 ) ;
#2659 = CARTESIAN_POINT ( 'NONE',  ( -31.90000000000000568, -20.00000000000000355, -35.44999999999992468 ) ) ;
#2660 = FACE_OUTER_BOUND ( 'NONE', #2039, .T. ) ;
#2661 = EDGE_CURVE ( 'NONE', #1593, #1150, #2732, .T. ) ;
#2662 = DIRECTION ( 'NONE',  ( -1.000000000000000000, 0.000000000000000000, -3.491481338843133355E-15 ) ) ;
#2663 = ORIENTED_EDGE ( 'NONE', *, *, #1096, .T. ) ;
#2664 = EDGE_LOOP ( 'NONE', ( #191, #3910, #873, #2249 ) ) ;
#2665 = CONICAL_SURFACE ( 'NONE', #4541, 3.550000000000025580, 0.7853981633974465026 ) ;
#2666 = ORIENTED_EDGE ( 'NONE', *, *, #2623, .F. ) ;
#2667 = AXIS2_PLACEMENT_3D ( 'NONE', #4185, #934, #3829 ) ;
#2668 = CARTESIAN_POINT ( 'NONE',  ( -31.89999999999999858, 8.000000000000000000, 31.89999999999999858 ) ) ;
#2669 = EDGE_LOOP ( 'NONE', ( #836, #245 ) ) ;
#2670 = FACE_OUTER_BOUND ( 'NONE', #1187, .T. ) ;
#2671 = AXIS2_PLACEMENT_3D ( 'NONE', #987, #642, #1611 ) ;
#2672 = LINE ( 'NONE', #599, #2003 ) ;
#2673 = AXIS2_PLACEMENT_3D ( 'NONE', #2130, #671, #2108 ) ;
#2674 = DIRECTION ( 'NONE',  ( -0.000000000000000000, -1.000000000000000000, -0.000000000000000000 ) ) ;
#2675 = ORIENTED_EDGE ( 'NONE', *, *, #589, .F. ) ;
#2676 = EDGE_CURVE ( 'NONE', #1471, #2505, #2949, .T. ) ;
#2677 = CARTESIAN_POINT ( 'NONE',  ( -30.15000000000006608, -15.10000000000004938, -48.50000000000000000 ) ) ;
#2678 = DIRECTION ( 'NONE',  ( -0.000000000000000000, 1.000000000000000000, -0.000000000000000000 ) ) ;
#2679 = ORIENTED_EDGE ( 'NONE', *, *, #2245, .F. ) ;
#2680 = DIRECTION ( 'NONE',  ( 0.000000000000000000, 1.000000000000000000, 0.000000000000000000 ) ) ;
#2681 = CARTESIAN_POINT ( 'NONE',  ( 27.50000000000000000, 8.000000000000000000, -27.50000000000000000 ) ) ;
#2682 = DIRECTION ( 'NONE',  ( 1.000000000000000000, 0.000000000000000000, 0.000000000000000000 ) ) ;
#2683 = AXIS2_PLACEMENT_3D ( 'NONE', #3194, #368, #3102 ) ;
#2684 = DIRECTION ( 'NONE',  ( -0.000000000000000000, 1.000000000000000000, -0.000000000000000000 ) ) ;
#2685 = ORIENTED_EDGE ( 'NONE', *, *, #4649, .F. ) ;
#2686 = ORIENTED_EDGE ( 'NONE', *, *, #759, .T. ) ;
#2687 = ORIENTED_EDGE ( 'NONE', *, *, #4353, .T. ) ;
#2688 = CARTESIAN_POINT ( 'NONE',  ( -10.99999999999988809, 6.103872414211633846, -31.64379651867622911 ) ) ;
#2689 = DIRECTION ( 'NONE',  ( -0.000000000000000000, -0.000000000000000000, 1.000000000000000000 ) ) ;
#2690 = EDGE_CURVE ( 'NONE', #1632, #53, #3996, .T. ) ;
#2691 = EDGE_LOOP ( 'NONE', ( #2124, #4459 ) ) ;
#2692 = DIRECTION ( 'NONE',  ( -1.000000000000000000, 0.000000000000000000, 1.927470528863118309E-16 ) ) ;
#2693 = CARTESIAN_POINT ( 'NONE',  ( 27.50000000000000000, 1.500000000000000000, 27.50000000000000000 ) ) ;
#2694 = CARTESIAN_POINT ( 'NONE',  ( 31.90000000000000568, -4.399999999999560707, -30.24999999999998934 ) ) ;
#2695 = LINE ( 'NONE', #3823, #4402 ) ;
#2696 = EDGE_LOOP ( 'NONE', ( #713, #2247, #3853, #4016, #3960 ) ) ;
#2697 = EDGE_CURVE ( 'NONE', #1299, #634, #188, .T. ) ;
#2698 = MANIFOLD_SOLID_BREP ( 'Card_Extension_Corner_Fillets', #67 ) ;
#2699 = CARTESIAN_POINT ( 'NONE',  ( -31.89999999999999858, 0.000000000000000000, 30.25000000000000000 ) ) ;
#2700 = ORIENTED_EDGE ( 'NONE', *, *, #1370, .T. ) ;
#2701 = CIRCLE ( 'NONE', #4274, 2.049999999999999822 ) ;
#2702 = LINE ( 'NONE', #3660, #1540 ) ;
#2703 = EDGE_LOOP ( 'NONE', ( #892, #2193, #38, #4, #569, #1019, #3810, #691 ) ) ;
#2704 = DIRECTION ( 'NONE',  ( -0.000000000000000000, -1.000000000000000000, -0.000000000000000000 ) ) ;
#2705 = CARTESIAN_POINT ( 'NONE',  ( 31.90000000000001279, 10.00000000000000000, 31.89999999999999147 ) ) ;
#2706 = CARTESIAN_POINT ( 'NONE',  ( 11.00000000000000000, 8.000000000000000000, 3.840629472727446691E-14 ) ) ;
#2707 = VERTEX_POINT ( 'NONE', #3078 ) ;
#2708 = VERTEX_POINT ( 'NONE', #2025 ) ;
#2709 = DIRECTION ( 'NONE',  ( 0.000000000000000000, 0.000000000000000000, -1.000000000000000000 ) ) ;
#2710 = VECTOR ( 'NONE', #1502, 1000.000000000000000 ) ;
#2711 = EDGE_CURVE ( 'NONE', #2398, #3864, #962, .T. ) ;
#2712 = DIRECTION ( 'NONE',  ( 1.000000000000000000, 0.000000000000000000, 0.000000000000000000 ) ) ;
#2713 = ORIENTED_EDGE ( 'NONE', *, *, #4486, .F. ) ;
#2714 = CIRCLE ( 'NONE', #384, 1.649999999999998579 ) ;
#2715 = LINE ( 'NONE', #1301, #4477 ) ;
#2716 = DIRECTION ( 'NONE',  ( -7.359432928386152326E-15, 1.000000000000000000, 0.000000000000000000 ) ) ;
#2717 = EDGE_CURVE ( 'NONE', #2449, #296, #3785, .T. ) ;
#2718 = CONICAL_SURFACE ( 'NONE', #1966, 3.550000000000032241, 0.7853981633974483900 ) ;
#2719 = CARTESIAN_POINT ( 'NONE',  ( 0.000000000000000000, 80.00000000000000000, -10.00000000000000000 ) ) ;
#2720 = EDGE_CURVE ( 'NONE', #2172, #2644, #1292, .T. ) ;
#2721 = DIRECTION ( 'NONE',  ( 8.659560562354919300E-17, -0.7071067811865487940, 0.7071067811865463515 ) ) ;
#2722 = VERTEX_POINT ( 'NONE', #911 ) ;
#2723 = VECTOR ( 'NONE', #138, 1000.000000000000000 ) ;
#2724 = DIRECTION ( 'NONE',  ( -3.491481338843133355E-15, 0.000000000000000000, 1.000000000000000000 ) ) ;
#2725 = ORIENTED_EDGE ( 'NONE', *, *, #3230, .T. ) ;
#2726 = CIRCLE ( 'NONE', #248, 1.649999999999998579 ) ;
#2727 = CARTESIAN_POINT ( 'NONE',  ( 30.15000000000007319, 0.000000000000000000, 50.14999999999999858 ) ) ;
#2728 = ORIENTED_EDGE ( 'NONE', *, *, #1188, .T. ) ;
#2729 = FACE_OUTER_BOUND ( 'NONE', #1263, .T. ) ;
#2730 = CARTESIAN_POINT ( 'NONE',  ( -31.90000000000000568, -1.900000000000009237, -31.89999999999998437 ) ) ;
#2731 = AXIS2_PLACEMENT_3D ( 'NONE', #4205, #2048, #2002 ) ;
#2732 = LINE ( 'NONE', #543, #3176 ) ;
#2733 = DIRECTION ( 'NONE',  ( 0.000000000000000000, -1.000000000000000000, 0.000000000000000000 ) ) ;
#2734 = ORIENTED_EDGE ( 'NONE', *, *, #2496, .T. ) ;
#2735 = AXIS2_PLACEMENT_3D ( 'NONE', #1459, #353, #4253 ) ;
#2736 = DIRECTION ( 'NONE',  ( 0.000000000000000000, -1.000000000000000000, 0.000000000000000000 ) ) ;
#2737 = EDGE_CURVE ( 'NONE', #3628, #3139, #2326, .T. ) ;
#2738 = LINE ( 'NONE', #4549, #3794 ) ;
#2739 = VECTOR ( 'NONE', #3160, 1000.000000000000000 ) ;
#2740 = ORIENTED_EDGE ( 'NONE', *, *, #2051, .F. ) ;
#2741 = EDGE_LOOP ( 'NONE', ( #2431, #864, #123, #252, #4238, #3883, #3097, #2547 ) ) ;
#2742 = FACE_OUTER_BOUND ( 'NONE', #2135, .T. ) ;
#2743 = EDGE_CURVE ( 'NONE', #3535, #2708, #3388, .T. ) ;
#2744 = CARTESIAN_POINT ( 'NONE',  ( 30.15000000000007319, -17.00000000000005684, -48.50000000000000000 ) ) ;
#2745 = CARTESIAN_POINT ( 'NONE',  ( -31.90000000000000568, -1.900000000000009237, 30.24999999999998579 ) ) ;
#2746 = CARTESIAN_POINT ( 'NONE',  ( 11.00000000000000000, 70.00000000000000000, 3.840629472727446691E-14 ) ) ;
#2747 = VERTEX_POINT ( 'NONE', #1248 ) ;
#2748 = CIRCLE ( 'NONE', #3344, 3.549999999999893685 ) ;
#2749 = ADVANCED_FACE ( 'NONE', ( #4112 ), #567, .F. ) ;
#2750 = CARTESIAN_POINT ( 'NONE',  ( 36.00000000000001421, -20.00000000000000711, -48.50000000000000000 ) ) ;
#2751 = ORIENTED_EDGE ( 'NONE', *, *, #2029, .F. ) ;
#2752 = AXIS2_PLACEMENT_3D ( 'NONE', #345, #1786, #2506 ) ;
#2753 = CYLINDRICAL_SURFACE ( 'NONE', #1207, 1.000000000000004441 ) ;
#2754 = ORIENTED_EDGE ( 'NONE', *, *, #1763, .F. ) ;
#2755 = CARTESIAN_POINT ( 'NONE',  ( 31.90000000000000568, -15.09999999999959286, -31.89999999999998437 ) ) ;
#2756 = AXIS2_PLACEMENT_3D ( 'NONE', #3774, #1280, #3143 ) ;
#2757 = VECTOR ( 'NONE', #765, 1000.000000000000000 ) ;
#2758 = DIRECTION ( 'NONE',  ( 0.000000000000000000, 1.000000000000000000, 0.000000000000000000 ) ) ;
#2759 = ORIENTED_EDGE ( 'NONE', *, *, #1412, .T. ) ;
#2760 = CARTESIAN_POINT ( 'NONE',  ( 11.00000000000009592, 8.000000000000000000, -27.50000000000000000 ) ) ;
#2761 = CARTESIAN_POINT ( 'NONE',  ( 31.90000000000000568, -20.89827560572929599, -31.89999999999998437 ) ) ;
#2762 = AXIS2_PLACEMENT_3D ( 'NONE', #1227, #2689, #2712 ) ;
#2763 = ORIENTED_EDGE ( 'NONE', *, *, #563, .T. ) ;
#2764 = ORIENTED_EDGE ( 'NONE', *, *, #4054, .F. ) ;
#2765 = CARTESIAN_POINT ( 'NONE',  ( 27.50000000000000000, 1.500000000000000000, -27.50000000000000000 ) ) ;
#2766 = DIRECTION ( 'NONE',  ( 0.000000000000000000, 0.000000000000000000, 1.000000000000000000 ) ) ;
#2767 = DIRECTION ( 'NONE',  ( -1.000000000000000000, -7.615859162824993749E-15, 0.000000000000000000 ) ) ;
#2768 = CARTESIAN_POINT ( 'NONE',  ( -30.15000000000006608, -15.10000000000004938, -48.50000000000000000 ) ) ;
#2769 = EDGE_LOOP ( 'NONE', ( #1418, #1111, #3718, #3416 ) ) ;
#2770 = EDGE_CURVE ( 'NONE', #454, #2901, #3926, .T. ) ;
#2771 = DIRECTION ( 'NONE',  ( 0.000000000000000000, 0.000000000000000000, -1.000000000000000000 ) ) ;
#2772 = EDGE_CURVE ( 'NONE', #235, #1811, #3946, .T. ) ;
#2773 = CARTESIAN_POINT ( 'NONE',  ( 27.50000000000000000, 0.000000000000000000, 27.50000000000000000 ) ) ;
#2774 = ORIENTED_EDGE ( 'NONE', *, *, #3870, .F. ) ;
#2775 = ADVANCED_FACE ( 'NONE', ( #1433 ), #1814, .F. ) ;
#2776 = FACE_OUTER_BOUND ( 'NONE', #1164, .T. ) ;
#2777 = ORIENTED_EDGE ( 'NONE', *, *, #2206, .F. ) ;
#2778 = ADVANCED_FACE ( 'NONE', ( #3574 ), #1722, .F. ) ;
#2779 = FACE_BOUND ( 'NONE', #1960, .T. ) ;
#2780 = ORIENTED_EDGE ( 'NONE', *, *, #3061, .T. ) ;
#2781 = LINE ( 'NONE', #2099, #1915 ) ;
#2782 = CARTESIAN_POINT ( 'NONE',  ( 31.90000000000000568, -15.09999999999959286, -31.89999999999998437 ) ) ;
#2783 = ADVANCED_FACE ( 'NONE', ( #1007 ), #4229, .F. ) ;
#2784 = ORIENTED_EDGE ( 'NONE', *, *, #2479, .F. ) ;
#2785 = ORIENTED_EDGE ( 'NONE', *, *, #1483, .T. ) ;
#2786 = DIRECTION ( 'NONE',  ( -0.000000000000000000, -1.000000000000000000, -0.000000000000000000 ) ) ;
#2787 = CARTESIAN_POINT ( 'NONE',  ( 28.50000000000000355, -15.10000000000002984, -48.50000000000000000 ) ) ;
#2788 = LINE ( 'NONE', #950, #1849 ) ;
#2789 = DIRECTION ( 'NONE',  ( 0.000000000000000000, 1.000000000000000000, 0.000000000000000000 ) ) ;
#2790 = VERTEX_POINT ( 'NONE', #3881 ) ;
#2791 = FACE_OUTER_BOUND ( 'NONE', #1861, .T. ) ;
#2792 = DIRECTION ( 'NONE',  ( -1.000000000000000000, 0.000000000000000000, -0.000000000000000000 ) ) ;
#2793 = CARTESIAN_POINT ( 'NONE',  ( -30.15000000000006608, -15.10000000000004938, -48.50000000000000000 ) ) ;
#2794 = DIRECTION ( 'NONE',  ( 0.000000000000000000, 0.000000000000000000, 1.000000000000000000 ) ) ;
#2795 = DIRECTION ( 'NONE',  ( -0.000000000000000000, -1.000000000000000000, -0.000000000000000000 ) ) ;
#2796 = CARTESIAN_POINT ( 'NONE',  ( -30.14999999999999858, -4.400000000000050981, -48.50000000000000000 ) ) ;
#2797 = VERTEX_POINT ( 'NONE', #3152 ) ;
#2798 = EDGE_CURVE ( 'NONE', #2546, #3535, #285, .T. ) ;
#2799 = CYLINDRICAL_SURFACE ( 'NONE', #3188, 1.649999999999998579 ) ;
#2800 = CIRCLE ( 'NONE', #3330, 2.049999999999999822 ) ;
#2801 = CIRCLE ( 'NONE', #2653, 0.9999999999999974465 ) ;
#2802 = DIRECTION ( 'NONE',  ( 0.000000000000000000, 0.000000000000000000, -1.000000000000000000 ) ) ;
#2803 = CIRCLE ( 'NONE', #3406, 3.999999999999989786 ) ;
#2804 = ORIENTED_EDGE ( 'NONE', *, *, #3178, .T. ) ;
#2805 = EDGE_LOOP ( 'NONE', ( #3470, #796, #802, #108 ) ) ;
#2806 = FACE_OUTER_BOUND ( 'NONE', #2805, .T. ) ;
#2807 = FACE_OUTER_BOUND ( 'NONE', #4267, .T. ) ;
#2808 = VECTOR ( 'NONE', #300, 1000.000000000000000 ) ;
#2809 = VERTEX_POINT ( 'NONE', #2866 ) ;
#2810 = CIRCLE ( 'NONE', #4164, 1.649999999999995248 ) ;
#2811 = DIRECTION ( 'NONE',  ( 1.000000000000000000, 0.000000000000000000, -0.000000000000000000 ) ) ;
#2812 = DIRECTION ( 'NONE',  ( 0.000000000000000000, 0.000000000000000000, 1.000000000000000000 ) ) ;
#2813 = FACE_OUTER_BOUND ( 'NONE', #2925, .T. ) ;
#2814 = AXIS2_PLACEMENT_3D ( 'NONE', #4019, #3664, #449 ) ;
#2815 = FACE_OUTER_BOUND ( 'NONE', #2480, .T. ) ;
#2816 = ORIENTED_EDGE ( 'NONE', *, *, #2392, .T. ) ;
#2817 = DIRECTION ( 'NONE',  ( 1.000000000000000000, 0.000000000000000000, 0.000000000000000000 ) ) ;
#2818 = VECTOR ( 'NONE', #3067, 1000.000000000000000 ) ;
#2819 = DIRECTION ( 'NONE',  ( 0.000000000000000000, 0.000000000000000000, 1.000000000000000000 ) ) ;
#2820 = PLANE ( 'NONE',  #3507 ) ;
#2821 = LINE ( 'NONE', #2210, #1112 ) ;
#2822 = CIRCLE ( 'NONE', #1629, 2.049999999999999822 ) ;
#2823 = CYLINDRICAL_SURFACE ( 'NONE', #1842, 1.649999999999998579 ) ;
#2824 = FACE_OUTER_BOUND ( 'NONE', #2080, .T. ) ;
#2825 = ADVANCED_FACE ( 'NONE', ( #2117 ), #3856, .F. ) ;
#2826 = ORIENTED_EDGE ( 'NONE', *, *, #1937, .T. ) ;
#2827 = EDGE_LOOP ( 'NONE', ( #2400, #4483, #608, #338 ) ) ;
#2828 = ORIENTED_EDGE ( 'NONE', *, *, #3737, .F. ) ;
#2829 = DIRECTION ( 'NONE',  ( -1.000000000000000000, -7.359432928386459981E-15, 0.000000000000000000 ) ) ;
#2830 = AXIS2_PLACEMENT_3D ( 'NONE', #936, #2374, #1787 ) ;
#2831 = CARTESIAN_POINT ( 'NONE',  ( -28.49999999999999645, -15.10000000000003695, -48.50000000000000000 ) ) ;
#2832 = EDGE_CURVE ( 'NONE', #4206, #2238, #3199, .T. ) ;
#2833 = EDGE_CURVE ( 'NONE', #1117, #1753, #4379, .T. ) ;
#2834 = ORIENTED_EDGE ( 'NONE', *, *, #1940, .F. ) ;
#2835 = DIRECTION ( 'NONE',  ( -0.000000000000000000, -1.000000000000000000, -0.000000000000000000 ) ) ;
#2836 = PLANE ( 'NONE',  #3480 ) ;
#2837 = DIRECTION ( 'NONE',  ( -1.632680918566408568E-15, 0.000000000000000000, -1.000000000000000000 ) ) ;
#2838 = EDGE_CURVE ( 'NONE', #1419, #2094, #303, .T. ) ;
#2839 = ADVANCED_FACE ( 'NONE', ( #3172 ), #982, .F. ) ;
#2840 = PLANE ( 'NONE',  #832 ) ;
#2841 = ORIENTED_EDGE ( 'NONE', *, *, #3954, .T. ) ;
#2842 = CYLINDRICAL_SURFACE ( 'NONE', #3621, 1.649999999999998579 ) ;
#2843 = DIRECTION ( 'NONE',  ( -1.000000000000000000, 1.577021341797098990E-15, 0.000000000000000000 ) ) ;
#2844 = CARTESIAN_POINT ( 'NONE',  ( 36.00000000000002132, 0.000000000000000000, 35.99999999999999289 ) ) ;
#2845 = DIRECTION ( 'NONE',  ( -0.000000000000000000, 1.000000000000000000, -0.000000000000000000 ) ) ;
#2846 = DIRECTION ( 'NONE',  ( 7.885106708985495542E-15, -1.000000000000000000, 0.000000000000000000 ) ) ;
#2847 = DIRECTION ( 'NONE',  ( -0.000000000000000000, 1.000000000000000000, -0.000000000000000000 ) ) ;
#2848 = VECTOR ( 'NONE', #2868, 1000.000000000000000 ) ;
#2849 = VERTEX_POINT ( 'NONE', #4300 ) ;
#2850 = ORIENTED_EDGE ( 'NONE', *, *, #926, .F. ) ;
#2851 = ORIENTED_EDGE ( 'NONE', *, *, #734, .F. ) ;
#2852 = CARTESIAN_POINT ( 'NONE',  ( 36.00000000000002132, 0.000000000000000000, -48.50000000000000000 ) ) ;
#2853 = EDGE_CURVE ( 'NONE', #2191, #545, #2202, .T. ) ;
#2854 = CIRCLE ( 'NONE', #4053, 0.9999999999999974465 ) ;
#2855 = ORIENTED_EDGE ( 'NONE', *, *, #1517, .F. ) ;
#2856 = CARTESIAN_POINT ( 'NONE',  ( -31.89999999999999858, 8.000000000000000000, 33.54999999999999716 ) ) ;
#2857 = VECTOR ( 'NONE', #3473, 1000.000000000000000 ) ;
#2858 = LINE ( 'NONE', #1021, #1899 ) ;
#2859 = FACE_OUTER_BOUND ( 'NONE', #4295, .T. ) ;
#2860 = ADVANCED_FACE ( 'NONE', ( #1074 ), #2141, .F. ) ;
#2861 = AXIS2_PLACEMENT_3D ( 'NONE', #1120, #1413, #2889 ) ;
#2862 = DIRECTION ( 'NONE',  ( 7.885106708985495542E-15, -1.000000000000000000, 0.000000000000000000 ) ) ;
#2863 = VERTEX_POINT ( 'NONE', #326 ) ;
#2864 = AXIS2_PLACEMENT_3D ( 'NONE', #4008, #1523, #1573 ) ;
#2865 = CARTESIAN_POINT ( 'NONE',  ( -31.90000000000000568, -20.00000000000000711, 31.89999999999998437 ) ) ;
#2866 = CARTESIAN_POINT ( 'NONE',  ( -31.90000000000000568, 10.00000000000000000, -28.34999999999998721 ) ) ;
#2867 = CARTESIAN_POINT ( 'NONE',  ( 31.19999999999999929, 7.000000000000004441, 11.00000000000000000 ) ) ;
#2868 = DIRECTION ( 'NONE',  ( 0.000000000000000000, 1.000000000000000000, 0.000000000000000000 ) ) ;
#2869 = CARTESIAN_POINT ( 'NONE',  ( -35.99999999999998579, -20.00000000000000355, -48.50000000000000000 ) ) ;
#2870 = DIRECTION ( 'NONE',  ( 0.000000000000000000, 0.000000000000000000, -1.000000000000000000 ) ) ;
#2871 = AXIS2_PLACEMENT_3D ( 'NONE', #2911, #3657, #4438 ) ;
#2872 = LINE ( 'NONE', #686, #2111 ) ;
#2873 = AXIS2_PLACEMENT_3D ( 'NONE', #4247, #2109, #3166 ) ;
#2874 = EDGE_CURVE ( 'NONE', #83, #990, #2514, .T. ) ;
#2875 = ORIENTED_EDGE ( 'NONE', *, *, #3125, .T. ) ;
#2876 = ORIENTED_EDGE ( 'NONE', *, *, #4210, .F. ) ;
#2877 = VERTEX_POINT ( 'NONE', #3549 ) ;
#2878 = CYLINDRICAL_SURFACE ( 'NONE', #2510, 1.649999999999995248 ) ;
#2879 = AXIS2_PLACEMENT_3D ( 'NONE', #3414, #3808, #3104 ) ;
#2880 = ADVANCED_FACE ( 'NONE', ( #4615 ), #1386, .F. ) ;
#2881 = EDGE_LOOP ( 'NONE', ( #1535, #1758, #1249, #2475 ) ) ;
#2882 = FACE_OUTER_BOUND ( 'NONE', #574, .T. ) ;
#2883 = DIRECTION ( 'NONE',  ( -1.000000000000000000, -7.313862828241198394E-17, 0.000000000000000000 ) ) ;
#2884 = DIRECTION ( 'NONE',  ( -1.000000000000000000, 0.000000000000000000, 0.000000000000000000 ) ) ;
#2885 = ORIENTED_EDGE ( 'NONE', *, *, #4643, .F. ) ;
#2886 = CIRCLE ( 'NONE', #3491, 2.050000000000003375 ) ;
#2887 = LINE ( 'NONE', #393, #243 ) ;
#2888 = CARTESIAN_POINT ( 'NONE',  ( 30.14999999999999858, -4.400000000000042988, -48.50000000000000000 ) ) ;
#2889 = DIRECTION ( 'NONE',  ( -1.000000000000000000, -7.615859162824993749E-15, 0.000000000000000000 ) ) ;
#2890 = EDGE_CURVE ( 'NONE', #1582, #4206, #2609, .T. ) ;
#2891 = DIRECTION ( 'NONE',  ( -0.000000000000000000, -0.000000000000000000, -1.000000000000000000 ) ) ;
#2892 = DIRECTION ( 'NONE',  ( 0.000000000000000000, 0.000000000000000000, -1.000000000000000000 ) ) ;
#2893 = FACE_OUTER_BOUND ( 'NONE', #3358, .T. ) ;
#2894 = DIRECTION ( 'NONE',  ( -0.000000000000000000, -1.000000000000000000, -0.000000000000000000 ) ) ;
#2895 = AXIS2_PLACEMENT_3D ( 'NONE', #948, #2357, #4171 ) ;
#2896 = ADVANCED_FACE ( 'NONE', ( #2181 ), #61, .F. ) ;
#2897 = ORIENTED_EDGE ( 'NONE', *, *, #2832, .F. ) ;
#2898 = ORIENTED_EDGE ( 'NONE', *, *, #1567, .T. ) ;
#2899 = EDGE_LOOP ( 'NONE', ( #3520, #3483 ) ) ;
#2900 = CIRCLE ( 'NONE', #3429, 1.000000000000004441 ) ;
#2901 = VERTEX_POINT ( 'NONE', #2694 ) ;
#2902 = CARTESIAN_POINT ( 'NONE',  ( 31.90000000000000568, -4.399999999999561595, 31.89999999999998437 ) ) ;
#2903 = LINE ( 'NONE', #697, #475 ) ;
#2904 = CARTESIAN_POINT ( 'NONE',  ( 31.90000000000000568, 10.00000000000000000, -28.34999999999996589 ) ) ;
#2905 = EDGE_CURVE ( 'NONE', #2422, #2971, #325, .T. ) ;
#2906 = AXIS2_PLACEMENT_3D ( 'NONE', #4097, #101, #3767 ) ;
#2907 = EDGE_CURVE ( 'NONE', #2114, #3802, #3639, .T. ) ;
#2908 = FACE_OUTER_BOUND ( 'NONE', #3269, .T. ) ;
#2909 = ORIENTED_EDGE ( 'NONE', *, *, #1037, .T. ) ;
#2910 = EDGE_CURVE ( 'NONE', #829, #2707, #3025, .T. ) ;
#2911 = CARTESIAN_POINT ( 'NONE',  ( 0.000000000000000000, 70.00000000000000000, 10.00000000000000000 ) ) ;
#2912 = CARTESIAN_POINT ( 'NONE',  ( 30.14999999999999858, -4.399999999999574918, 32.96770782520310661 ) ) ;
#2913 = ADVANCED_FACE ( 'NONE', ( #900 ), #1903, .F. ) ;
#2914 = CARTESIAN_POINT ( 'NONE',  ( 28.50000000000000000, -2.499999999999995559, -48.50000000000000000 ) ) ;
#2915 = EDGE_LOOP ( 'NONE', ( #3100, #404, #2443, #2523, #4219 ) ) ;
#2916 = CARTESIAN_POINT ( 'NONE',  ( 31.90000000000000568, -15.09999999999959286, 33.94999999999998863 ) ) ;
#2917 = CARTESIAN_POINT ( 'NONE',  ( -31.90000000000000568, -4.400000000000063416, 31.89999999999998437 ) ) ;
#2918 = FACE_OUTER_BOUND ( 'NONE', #4657, .T. ) ;
#2919 = EDGE_CURVE ( 'NONE', #391, #2790, #1608, .T. ) ;
#2920 = EDGE_LOOP ( 'NONE', ( #3630, #3042 ) ) ;
#2921 = CARTESIAN_POINT ( 'NONE',  ( -31.90000000000000568, -4.400000000000063416, -31.89999999999998437 ) ) ;
#2922 = ORIENTED_EDGE ( 'NONE', *, *, #1273, .T. ) ;
#2923 = ORIENTED_EDGE ( 'NONE', *, *, #2227, .F. ) ;
#2924 = ORIENTED_EDGE ( 'NONE', *, *, #1247, .T. ) ;
#2925 = EDGE_LOOP ( 'NONE', ( #1586, #907, #2875, #3730 ) ) ;
#2926 = CARTESIAN_POINT ( 'NONE',  ( -28.49999999999999645, -15.10000000000003695, -48.50000000000000000 ) ) ;
#2927 = FACE_OUTER_BOUND ( 'NONE', #2696, .T. ) ;
#2928 = PLANE ( 'NONE',  #236 ) ;
#2929 = ORIENTED_EDGE ( 'NONE', *, *, #3469, .T. ) ;
#2930 = DIRECTION ( 'NONE',  ( 1.000000000000000000, 0.000000000000000000, 0.000000000000000000 ) ) ;
#2931 = DIRECTION ( 'NONE',  ( 1.000000000000000000, -3.469446951953612710E-16, 0.000000000000000000 ) ) ;
#2932 = AXIS2_PLACEMENT_3D ( 'NONE', #2560, #4639, #1815 ) ;
#2933 = DIRECTION ( 'NONE',  ( -0.000000000000000000, 1.000000000000000000, -0.000000000000000000 ) ) ;
#2934 = VERTEX_POINT ( 'NONE', #1835 ) ;
#2935 = DIRECTION ( 'NONE',  ( 8.659560562354932858E-17, 0.7071067811865474617, -0.7071067811865474617 ) ) ;
#2936 = EDGE_CURVE ( 'NONE', #4439, #410, #2803, .T. ) ;
#2937 = DIRECTION ( 'NONE',  ( 1.000000000000000000, 0.000000000000000000, 0.000000000000000000 ) ) ;
#2938 = CARTESIAN_POINT ( 'NONE',  ( 31.90000000000000568, -2.998683759578901079E-16, -28.34999999999989839 ) ) ;
#2939 = ORIENTED_EDGE ( 'NONE', *, *, #2563, .F. ) ;
#2940 = DIRECTION ( 'NONE',  ( 7.885106708985495542E-15, -1.000000000000000000, 0.000000000000000000 ) ) ;
#2941 = EDGE_CURVE ( 'NONE', #1511, #2651, #2951, .T. ) ;
#2942 = ORIENTED_EDGE ( 'NONE', *, *, #611, .T. ) ;
#2943 = ORIENTED_EDGE ( 'NONE', *, *, #25, .F. ) ;
#2944 = AXIS2_PLACEMENT_3D ( 'NONE', #3359, #3001, #1353 ) ;
#2945 = VERTEX_POINT ( 'NONE', #1190 ) ;
#2946 = ORIENTED_EDGE ( 'NONE', *, *, #2717, .F. ) ;
#2947 = DIRECTION ( 'NONE',  ( -1.000000000000000000, -7.359432928386152326E-15, 0.000000000000000000 ) ) ;
#2948 = CARTESIAN_POINT ( 'NONE',  ( -28.50000000000000000, -4.400000000000037659, -48.50000000000000000 ) ) ;
#2949 = CIRCLE ( 'NONE', #2731, 2.049999999999999822 ) ;
#2950 = CARTESIAN_POINT ( 'NONE',  ( 36.00000000000002132, 0.000000000000000000, -48.50000000000000000 ) ) ;
#2951 = CIRCLE ( 'NONE', #1378, 1.649999999999998579 ) ;
#2952 = ORIENTED_EDGE ( 'NONE', *, *, #676, .F. ) ;
#2953 = CARTESIAN_POINT ( 'NONE',  ( -31.90000000000000568, -20.00000000000000355, -35.44999999999992468 ) ) ;
#2954 = DIRECTION ( 'NONE',  ( 1.000000000000000000, 8.038962449648605390E-15, 0.000000000000000000 ) ) ;
#2955 = CIRCLE ( 'NONE', #1766, 1.649999999999998579 ) ;
#2956 = CARTESIAN_POINT ( 'NONE',  ( -30.14999999999999858, -4.400000000000050981, 32.96770782520308529 ) ) ;
#2957 = ORIENTED_EDGE ( 'NONE', *, *, #1128, .T. ) ;
#2958 = VECTOR ( 'NONE', #255, 1000.000000000000000 ) ;
#2959 = DIRECTION ( 'NONE',  ( -0.000000000000000000, 0.000000000000000000, -1.000000000000000000 ) ) ;
#2960 = DIRECTION ( 'NONE',  ( -1.000000000000000000, -7.359432928386459981E-15, 0.000000000000000000 ) ) ;
#2961 = CIRCLE ( 'NONE', #3260, 0.9999999999999974465 ) ;
#2962 = DIRECTION ( 'NONE',  ( 0.000000000000000000, 0.000000000000000000, -1.000000000000000000 ) ) ;
#2963 = LINE ( 'NONE', #4471, #2578 ) ;
#2964 = AXIS2_PLACEMENT_3D ( 'NONE', #4513, #981, #1004 ) ;
#2965 = VERTEX_POINT ( 'NONE', #423 ) ;
#2966 = ORIENTED_EDGE ( 'NONE', *, *, #1311, .T. ) ;
#2967 = EDGE_CURVE ( 'NONE', #4646, #1583, #2538, .T. ) ;
#2968 = ORIENTED_EDGE ( 'NONE', *, *, #339, .T. ) ;
#2969 = AXIS2_PLACEMENT_3D ( 'NONE', #2831, #1401, #4266 ) ;
#2970 = DIRECTION ( 'NONE',  ( -0.000000000000000000, 1.000000000000000000, -0.000000000000000000 ) ) ;
#2971 = VERTEX_POINT ( 'NONE', #2912 ) ;
#2972 = PLANE ( 'NONE',  #3945 ) ;
#2973 = VECTOR ( 'NONE', #2027, 1000.000000000000000 ) ;
#2974 = CARTESIAN_POINT ( 'NONE',  ( 28.50000000000000711, -26.41370849898437001, -29.79286924942943671 ) ) ;
#2975 = CIRCLE ( 'NONE', #1402, 71.30248928736450864 ) ;
#2976 = ADVANCED_FACE ( 'NONE', ( #3288 ), #1876, .T. ) ;
#2977 = ADVANCED_FACE ( 'NONE', ( #4343 ), #1119, .F. ) ;
#2978 = CARTESIAN_POINT ( 'NONE',  ( 31.90000000000000568, -20.00000000000000711, -33.54999999999998295 ) ) ;
#2979 = VERTEX_POINT ( 'NONE', #1989 ) ;
#2980 = CARTESIAN_POINT ( 'NONE',  ( -31.19999999999999929, 8.000000000000000000, -11.00000000000000000 ) ) ;
#2981 = ORIENTED_EDGE ( 'NONE', *, *, #1912, .T. ) ;
#2982 = CIRCLE ( 'NONE', #283, 2.050000000000003375 ) ;
#2983 = CARTESIAN_POINT ( 'NONE',  ( 31.90000000000000568, -15.09999999999959286, 31.89999999999998437 ) ) ;
#2984 = EDGE_CURVE ( 'NONE', #1652, #3164, #3426, .T. ) ;
#2985 = CARTESIAN_POINT ( 'NONE',  ( 27.50000000000000000, 8.000000000000000000, -27.50000000000000000 ) ) ;
#2986 = VERTEX_POINT ( 'NONE', #1482 ) ;
#2987 = CARTESIAN_POINT ( 'NONE',  ( 36.00000000000001421, -20.00000000000000711, 56.00000000000000000 ) ) ;
#2988 = CYLINDRICAL_SURFACE ( 'NONE', #3934, 1.649999999999998579 ) ;
#2989 = DIRECTION ( 'NONE',  ( -1.217349807703022362E-16, 1.000000000000000000, 0.000000000000000000 ) ) ;
#2990 = DIRECTION ( 'NONE',  ( -0.000000000000000000, 1.000000000000000000, -0.000000000000000000 ) ) ;
#2991 = EDGE_LOOP ( 'NONE', ( #2561, #1129, #3717, #3694 ) ) ;
#2992 = ORIENTED_EDGE ( 'NONE', *, *, #4297, .T. ) ;
#2993 = ORIENTED_EDGE ( 'NONE', *, *, #2737, .T. ) ;
#2994 = PLANE ( 'NONE',  #1101 ) ;
#2995 = ORIENTED_EDGE ( 'NONE', *, *, #4569, .T. ) ;
#2996 = DIRECTION ( 'NONE',  ( -7.359432928386152326E-15, 1.000000000000000000, 0.000000000000000000 ) ) ;
#2997 = DIRECTION ( 'NONE',  ( -1.000000000000000000, 0.000000000000000000, -3.491481338843133355E-15 ) ) ;
#2998 = CARTESIAN_POINT ( 'NONE',  ( 31.90000000000000568, -18.10000000000009379, 33.54999999999998295 ) ) ;
#2999 = ORIENTED_EDGE ( 'NONE', *, *, #1057, .T. ) ;
#3000 = EDGE_CURVE ( 'NONE', #3021, #4455, #1640, .T. ) ;
#3001 = DIRECTION ( 'NONE',  ( 1.000000000000000000, 3.242473786872537293E-16, -0.000000000000000000 ) ) ;
#3002 = VERTEX_POINT ( 'NONE', #2230 ) ;
#3003 = LINE ( 'NONE', #1577, #3263 ) ;
#3004 = ORIENTED_EDGE ( 'NONE', *, *, #2341, .F. ) ;
#3005 = DIRECTION ( 'NONE',  ( 0.000000000000000000, 0.000000000000000000, 1.000000000000000000 ) ) ;
#3006 = CARTESIAN_POINT ( 'NONE',  ( 28.50000000000000000, -2.499999999999995559, -48.50000000000000000 ) ) ;
#3007 = DIRECTION ( 'NONE',  ( -0.000000000000000000, 1.000000000000000000, -0.000000000000000000 ) ) ;
#3008 = DIRECTION ( 'NONE',  ( 1.000000000000000000, 0.000000000000000000, 0.000000000000000000 ) ) ;
#3009 = VECTOR ( 'NONE', #4344, 1000.000000000000000 ) ;
#3010 = ORIENTED_EDGE ( 'NONE', *, *, #3896, .T. ) ;
#3011 = ORIENTED_EDGE ( 'NONE', *, *, #1239, .F. ) ;
#3012 = VECTOR ( 'NONE', #320, 1000.000000000000000 ) ;
#3013 = VERTEX_POINT ( 'NONE', #41 ) ;
#3014 = EDGE_CURVE ( 'NONE', #1503, #1959, #2131, .T. ) ;
#3015 = DIRECTION ( 'NONE',  ( -0.000000000000000000, -1.000000000000000000, -0.000000000000000000 ) ) ;
#3016 = ORIENTED_EDGE ( 'NONE', *, *, #1018, .T. ) ;
#3017 = DIRECTION ( 'NONE',  ( 0.000000000000000000, 1.000000000000000000, -0.000000000000000000 ) ) ;
#3018 = DIRECTION ( 'NONE',  ( -1.000000000000000000, -1.839858232096615390E-15, 0.000000000000000000 ) ) ;
#3019 = CIRCLE ( 'NONE', #4144, 1.649999999999998579 ) ;
#3020 = CARTESIAN_POINT ( 'NONE',  ( -35.99999999999998579, -20.00000000000000355, -48.50000000000000000 ) ) ;
#3021 = VERTEX_POINT ( 'NONE', #87 ) ;
#3022 = AXIS2_PLACEMENT_3D ( 'NONE', #2499, #431, #3008 ) ;
#3023 = DIRECTION ( 'NONE',  ( 0.000000000000000000, 0.000000000000000000, 1.000000000000000000 ) ) ;
#3024 = AXIS2_PLACEMENT_3D ( 'NONE', #2565, #3598, #3273 ) ;
#3025 = CIRCLE ( 'NONE', #999, 3.999999999999989786 ) ;
#3026 = DIRECTION ( 'NONE',  ( 0.000000000000000000, 1.000000000000000000, 0.000000000000000000 ) ) ;
#3027 = ORIENTED_EDGE ( 'NONE', *, *, #4613, .T. ) ;
#3028 = LINE ( 'NONE', #818, #825 ) ;
#3029 = DIRECTION ( 'NONE',  ( 0.000000000000000000, 0.000000000000000000, 1.000000000000000000 ) ) ;
#3030 = LINE ( 'NONE', #1268, #1606 ) ;
#3031 = PRESENTATION_STYLE_ASSIGNMENT (( #4491 ) ) ;
#3032 = EDGE_CURVE ( 'NONE', #1959, #746, #4197, .T. ) ;
#3033 = AXIS2_PLACEMENT_3D ( 'NONE', #427, #21, #3293 ) ;
#3034 = ORIENTED_EDGE ( 'NONE', *, *, #3603, .F. ) ;
#3035 = VERTEX_POINT ( 'NONE', #3498 ) ;
#3036 = AXIS2_PLACEMENT_3D ( 'NONE', #182, #839, #1265 ) ;
#3037 = ORIENTED_EDGE ( 'NONE', *, *, #2967, .F. ) ;
#3038 = CARTESIAN_POINT ( 'NONE',  ( 31.90000000000000568, -15.09999999999959286, -29.84999999999998366 ) ) ;
#3039 = CIRCLE ( 'NONE', #1009, 4.099999999999999645 ) ;
#3040 = EDGE_CURVE ( 'NONE', #3840, #1843, #643, .T. ) ;
#3041 = FACE_BOUND ( 'NONE', #2669, .T. ) ;
#3042 = ORIENTED_EDGE ( 'NONE', *, *, #3148, .T. ) ;
#3043 = DIRECTION ( 'NONE',  ( 0.000000000000000000, 0.000000000000000000, 1.000000000000000000 ) ) ;
#3044 = AXIS2_PLACEMENT_3D ( 'NONE', #1377, #2811, #1020 ) ;
#3045 = DIRECTION ( 'NONE',  ( 1.000000000000000000, 7.885106708985495542E-15, 0.000000000000000000 ) ) ;
#3046 = AXIS2_PLACEMENT_3D ( 'NONE', #2926, #2996, #2947 ) ;
#3047 = DIRECTION ( 'NONE',  ( -3.469446951953622866E-15, 3.469446951953622866E-15, 1.000000000000000000 ) ) ;
#3048 = ORIENTED_EDGE ( 'NONE', *, *, #2772, .T. ) ;
#3049 = LINE ( 'NONE', #3096, #2649 ) ;
#3050 = DIRECTION ( 'NONE',  ( -1.000000000000000000, 0.000000000000000000, -3.491481338843133355E-15 ) ) ;
#3051 = ORIENTED_EDGE ( 'NONE', *, *, #3578, .T. ) ;
#3052 = LINE ( 'NONE', #1626, #4433 ) ;
#3053 = CARTESIAN_POINT ( 'NONE',  ( -30.14999999999999858, -4.400000000000050981, 50.14999999999999858 ) ) ;
#3054 = CARTESIAN_POINT ( 'NONE',  ( 30.12428571428571544, 5.707485581880678893, 10.00000000000000000 ) ) ;
#3055 = AXIS2_PLACEMENT_3D ( 'NONE', #721, #4633, #1068 ) ;
#3056 = EDGE_CURVE ( 'NONE', #4475, #1847, #649, .T. ) ;
#3057 = SURFACE_STYLE_FILL_AREA ( #4542 ) ;
#3058 = ORIENTED_EDGE ( 'NONE', *, *, #1795, .T. ) ;
#3059 = ORIENTED_EDGE ( 'NONE', *, *, #1201, .F. ) ;
#3060 = EDGE_CURVE ( 'NONE', #811, #651, #975, .T. ) ;
#3061 = EDGE_CURVE ( 'NONE', #2646, #3705, #4092, .T. ) ;
#3062 = CARTESIAN_POINT ( 'NONE',  ( -28.50000000000000000, -4.400000000000037659, -48.50000000000000000 ) ) ;
#3063 = CARTESIAN_POINT ( 'NONE',  ( -27.50000000000001421, 1.500000000000000000, -35.99999999999999289 ) ) ;
#3064 = EDGE_LOOP ( 'NONE', ( #4629, #2068, #3826, #2327 ) ) ;
#3065 = PLANE ( 'NONE',  #3276 ) ;
#3066 = CARTESIAN_POINT ( 'NONE',  ( -28.50000000000000000, -4.400000000000037659, -34.00713075057052492 ) ) ;
#3067 = DIRECTION ( 'NONE',  ( -0.000000000000000000, -1.000000000000000000, -0.000000000000000000 ) ) ;
#3068 = CARTESIAN_POINT ( 'NONE',  ( 31.90000000000000568, -4.399999999999561595, 31.89999999999998437 ) ) ;
#3069 = ORIENTED_EDGE ( 'NONE', *, *, #584, .T. ) ;
#3070 = DIRECTION ( 'NONE',  ( -0.000000000000000000, -1.000000000000000000, -0.000000000000000000 ) ) ;
#3071 = ORIENTED_EDGE ( 'NONE', *, *, #4437, .F. ) ;
#3072 = AXIS2_PLACEMENT_3D ( 'NONE', #1816, #2845, #2144 ) ;
#3073 = EDGE_CURVE ( 'NONE', #3662, #2934, #344, .T. ) ;
#3074 = CARTESIAN_POINT ( 'NONE',  ( 31.90000000000001279, 8.000000000000000000, 33.54999999999999005 ) ) ;
#3075 = VERTEX_POINT ( 'NONE', #1279 ) ;
#3076 = DIRECTION ( 'NONE',  ( 0.000000000000000000, 1.000000000000000000, 0.000000000000000000 ) ) ;
#3077 = DIRECTION ( 'NONE',  ( -1.000000000000000000, 0.000000000000000000, 0.000000000000000000 ) ) ;
#3078 = CARTESIAN_POINT ( 'NONE',  ( 28.50000000000000000, -4.400000000000030553, 29.79286924942942250 ) ) ;
#3079 = VECTOR ( 'NONE', #2935, 1000.000000000000114 ) ;
#3080 = LINE ( 'NONE', #616, #2973 ) ;
#3081 = ADVANCED_FACE ( 'NONE', ( #2807, #3119 ), #4217, .T. ) ;
#3082 = DIRECTION ( 'NONE',  ( -0.000000000000000000, -1.000000000000000000, -0.000000000000000000 ) ) ;
#3083 = AXIS2_PLACEMENT_3D ( 'NONE', #2359, #1946, #1687 ) ;
#3084 = DIRECTION ( 'NONE',  ( 1.000000000000000000, 0.000000000000000000, -0.000000000000000000 ) ) ;
#3085 = CIRCLE ( 'NONE', #3308, 3.999999999999996447 ) ;
#3086 = ADVANCED_FACE ( 'NONE', ( #1304 ), #4578, .F. ) ;
#3087 = ORIENTED_EDGE ( 'NONE', *, *, #1877, .T. ) ;
#3088 = VERTEX_POINT ( 'NONE', #1663 ) ;
#3089 = AXIS2_PLACEMENT_3D ( 'NONE', #3677, #3302, #3399 ) ;
#3090 = LINE ( 'NONE', #973, #1548 ) ;
#3091 = LINE ( 'NONE', #879, #573 ) ;
#3092 = DIRECTION ( 'NONE',  ( 0.000000000000000000, 0.000000000000000000, 1.000000000000000000 ) ) ;
#3093 = CYLINDRICAL_SURFACE ( 'NONE', #194, 3.999999999999996447 ) ;
#3094 = ORIENTED_EDGE ( 'NONE', *, *, #2511, .F. ) ;
#3095 = VECTOR ( 'NONE', #1211, 1000.000000000000000 ) ;
#3096 = CARTESIAN_POINT ( 'NONE',  ( -31.90000000000000568, -20.89827560572980047, -33.94999999999998863 ) ) ;
#3097 = ORIENTED_EDGE ( 'NONE', *, *, #4400, .F. ) ;
#3098 = AXIS2_PLACEMENT_3D ( 'NONE', #4292, #1826, #387 ) ;
#3099 = DIRECTION ( 'NONE',  ( -0.000000000000000000, 1.000000000000000000, -0.000000000000000000 ) ) ;
#3100 = ORIENTED_EDGE ( 'NONE', *, *, #4239, .F. ) ;
#3101 = LINE ( 'NONE', #1741, #1844 ) ;
#3102 = DIRECTION ( 'NONE',  ( 0.000000000000000000, 0.000000000000000000, 1.000000000000000000 ) ) ;
#3103 = VECTOR ( 'NONE', #1534, 1000.000000000000000 ) ;
#3104 = DIRECTION ( 'NONE',  ( 1.000000000000000000, 0.000000000000000000, 0.000000000000000000 ) ) ;
#3105 = ORIENTED_EDGE ( 'NONE', *, *, #985, .T. ) ;
#3106 = CARTESIAN_POINT ( 'NONE',  ( 28.50000000000000711, -26.41370849898437001, -34.00713075057053203 ) ) ;
#3107 = ORIENTED_EDGE ( 'NONE', *, *, #3289, .T. ) ;
#3108 = ORIENTED_EDGE ( 'NONE', *, *, #920, .F. ) ;
#3109 = LINE ( 'NONE', #2760, #1537 ) ;
#3110 = EDGE_CURVE ( 'NONE', #597, #1033, #3873, .T. ) ;
#3111 = CARTESIAN_POINT ( 'NONE',  ( 31.64379651867616516, 6.103872414211619635, -11.00000000000000000 ) ) ;
#3112 = EDGE_CURVE ( 'NONE', #811, #1503, #2788, .T. ) ;
#3113 = ORIENTED_EDGE ( 'NONE', *, *, #1795, .F. ) ;
#3114 = ORIENTED_EDGE ( 'NONE', *, *, #3467, .F. ) ;
#3115 = EDGE_CURVE ( 'NONE', #690, #4103, #2070, .T. ) ;
#3116 = CARTESIAN_POINT ( 'NONE',  ( -36.00000000000000711, 10.00000000000000000, 31.89999999999999858 ) ) ;
#3117 = CARTESIAN_POINT ( 'NONE',  ( 4.599645580241446375E-15, -2.499999999999950262, 48.50000000000000000 ) ) ;
#3118 = CIRCLE ( 'NONE', #411, 2.050000000000003375 ) ;
#3119 = FACE_BOUND ( 'NONE', #1444, .T. ) ;
#3120 = ADVANCED_FACE ( 'NONE', ( #294, #1732 ), #3162, .T. ) ;
#3121 = CARTESIAN_POINT ( 'NONE',  ( 27.50000000000000000, 8.000000000000000000, 27.50000000000000000 ) ) ;
#3122 = ORIENTED_EDGE ( 'NONE', *, *, #1940, .T. ) ;
#3123 = AXIS2_PLACEMENT_3D ( 'NONE', #3213, #2835, #3521 ) ;
#3124 = CARTESIAN_POINT ( 'NONE',  ( -36.00000000000000711, 0.000000000000000000, 27.49999999999999645 ) ) ;
#3125 = EDGE_CURVE ( 'NONE', #361, #225, #2105, .T. ) ;
#3126 = VECTOR ( 'NONE', #576, 1000.000000000000000 ) ;
#3127 = CARTESIAN_POINT ( 'NONE',  ( -30.14999999999999858, -2.500000000000005773, -48.50000000000000000 ) ) ;
#3128 = ORIENTED_EDGE ( 'NONE', *, *, #126, .F. ) ;
#3129 = EDGE_CURVE ( 'NONE', #4155, #2114, #2598, .T. ) ;
#3130 = AXIS2_PLACEMENT_3D ( 'NONE', #261, #3882, #3153 ) ;
#3131 = DIRECTION ( 'NONE',  ( 0.000000000000000000, 0.7071067811865474617, 0.7071067811865474617 ) ) ;
#3132 = ORIENTED_EDGE ( 'NONE', *, *, #728, .F. ) ;
#3133 = CARTESIAN_POINT ( 'NONE',  ( 10.99999999999990230, 8.000000000000000000, 27.50000000000000000 ) ) ;
#3134 = CARTESIAN_POINT ( 'NONE',  ( -27.50000000000000000, 1.500000000000000000, 27.50000000000000000 ) ) ;
#3135 = CARTESIAN_POINT ( 'NONE',  ( 11.00000000000011013, 6.103872414211633846, -31.64379651867615095 ) ) ;
#3136 = DIRECTION ( 'NONE',  ( -0.000000000000000000, -0.000000000000000000, 1.000000000000000000 ) ) ;
#3137 = AXIS2_PLACEMENT_3D ( 'NONE', #1918, #1612, #1543 ) ;
#3138 = ORIENTED_EDGE ( 'NONE', *, *, #1412, .F. ) ;
#3139 = VERTEX_POINT ( 'NONE', #4531 ) ;
#3140 = DIRECTION ( 'NONE',  ( -7.359432928386152326E-15, 1.000000000000000000, 0.000000000000000000 ) ) ;
#3141 = LINE ( 'NONE', #626, #3304 ) ;
#3142 = CARTESIAN_POINT ( 'NONE',  ( 31.90000000000000568, -4.399999999999561595, -31.89999999999998437 ) ) ;
#3143 = DIRECTION ( 'NONE',  ( 0.000000000000000000, 0.000000000000000000, 1.000000000000000000 ) ) ;
#3144 = VERTEX_POINT ( 'NONE', #2745 ) ;
#3145 = DIRECTION ( 'NONE',  ( 1.000000000000000000, 0.000000000000000000, 0.000000000000000000 ) ) ;
#3146 = LINE ( 'NONE', #4507, #1447 ) ;
#3147 = AXIS2_PLACEMENT_3D ( 'NONE', #3642, #3576, #3989 ) ;
#3148 = EDGE_CURVE ( 'NONE', #1225, #3529, #1162, .T. ) ;
#3149 = CARTESIAN_POINT ( 'NONE',  ( -36.00000000000000711, 8.000000000000000000, -31.89999999999997726 ) ) ;
#3150 = ORIENTED_EDGE ( 'NONE', *, *, #3659, .F. ) ;
#3151 = DIRECTION ( 'NONE',  ( -0.000000000000000000, 0.000000000000000000, 1.000000000000000000 ) ) ;
#3152 = CARTESIAN_POINT ( 'NONE',  ( -36.00000000000000711, 0.000000000000000000, -31.89999999999997726 ) ) ;
#3153 = DIRECTION ( 'NONE',  ( 0.000000000000000000, 0.000000000000000000, 1.000000000000000000 ) ) ;
#3154 = EDGE_LOOP ( 'NONE', ( #260, #1685, #2804, #90 ) ) ;
#3155 = DIRECTION ( 'NONE',  ( 0.000000000000000000, 0.000000000000000000, 1.000000000000000000 ) ) ;
#3156 = LINE ( 'NONE', #1392, #1738 ) ;
#3157 = VERTEX_POINT ( 'NONE', #2015 ) ;
#3158 = ORIENTED_EDGE ( 'NONE', *, *, #4181, .F. ) ;
#3159 = DIRECTION ( 'NONE',  ( -1.000000000000000000, -7.615859162825007949E-15, 0.000000000000000000 ) ) ;
#3160 = DIRECTION ( 'NONE',  ( -1.040834085586084257E-15, 1.000000000000000000, 0.000000000000000000 ) ) ;
#3161 = VECTOR ( 'NONE', #1460, 1000.000000000000000 ) ;
#3162 = PLANE ( 'NONE',  #4630 ) ;
#3163 = CARTESIAN_POINT ( 'NONE',  ( -31.90000000000000568, -4.400000000000063416, -30.24999999999998579 ) ) ;
#3164 = VERTEX_POINT ( 'NONE', #4173 ) ;
#3165 = LINE ( 'NONE', #1040, #112 ) ;
#3166 = DIRECTION ( 'NONE',  ( -3.469446951953622866E-15, 0.000000000000000000, 1.000000000000000000 ) ) ;
#3167 = CIRCLE ( 'NONE', #535, 1.649999999999995248 ) ;
#3168 = LINE ( 'NONE', #3074, #1384 ) ;
#3169 = VERTEX_POINT ( 'NONE', #3447 ) ;
#3170 = AXIS2_PLACEMENT_3D ( 'NONE', #1693, #2771, #2792 ) ;
#3171 = CARTESIAN_POINT ( 'NONE',  ( -31.90000000000000568, -18.10000000000005471, 31.89999999999998437 ) ) ;
#3172 = FACE_OUTER_BOUND ( 'NONE', #1671, .T. ) ;
#3173 = DIRECTION ( 'NONE',  ( 0.000000000000000000, -0.000000000000000000, 1.000000000000000000 ) ) ;
#3174 = CARTESIAN_POINT ( 'NONE',  ( 29.32485343634984432, 7.539979463455484421, 10.00000000000000000 ) ) ;
#3175 = DIRECTION ( 'NONE',  ( -1.000000000000000000, -7.359432928386475759E-15, 0.000000000000000000 ) ) ;
#3176 = VECTOR ( 'NONE', #1699, 1000.000000000000000 ) ;
#3177 = ADVANCED_FACE ( 'NONE', ( #2387, #3822 ), #2037, .T. ) ;
#3178 = EDGE_CURVE ( 'NONE', #1565, #4262, #1756, .T. ) ;
#3179 = DIRECTION ( 'NONE',  ( 1.000000000000000000, 8.038962449648619589E-15, 0.000000000000000000 ) ) ;
#3180 = VECTOR ( 'NONE', #704, 1000.000000000000000 ) ;
#3181 = EDGE_LOOP ( 'NONE', ( #2350, #1600, #102, #2784 ) ) ;
#3182 = ORIENTED_EDGE ( 'NONE', *, *, #1242, .F. ) ;
#3183 = ORIENTED_EDGE ( 'NONE', *, *, #2417, .F. ) ;
#3184 = ADVANCED_FACE ( 'NONE', ( #265 ), #2077, .F. ) ;
#3185 = CARTESIAN_POINT ( 'NONE',  ( -30.14999999999999858, -4.400000000000050981, 30.83229217479685147 ) ) ;
#3186 = EDGE_CURVE ( 'NONE', #4309, #3988, #893, .T. ) ;
#3187 = CARTESIAN_POINT ( 'NONE',  ( 31.90000000000001279, 10.00000000000000000, 35.45000000000002416 ) ) ;
#3188 = AXIS2_PLACEMENT_3D ( 'NONE', #3884, #3531, #1031 ) ;
#3189 = CIRCLE ( 'NONE', #3561, 1.649999999999998579 ) ;
#3190 = ORIENTED_EDGE ( 'NONE', *, *, #3728, .T. ) ;
#3191 = AXIS2_PLACEMENT_3D ( 'NONE', #2057, #2786, #1077 ) ;
#3192 = FACE_OUTER_BOUND ( 'NONE', #2616, .T. ) ;
#3193 = FACE_OUTER_BOUND ( 'NONE', #2502, .T. ) ;
#3194 = CARTESIAN_POINT ( 'NONE',  ( 31.90000000000000568, -1.900000000000089173, -31.89999999999998437 ) ) ;
#3195 = CIRCLE ( 'NONE', #3419, 3.550000000000032241 ) ;
#3196 = LINE ( 'NONE', #1408, #3012 ) ;
#3197 = CARTESIAN_POINT ( 'NONE',  ( 10.99999999999988631, 7.000000000000004441, 32.20000000000003126 ) ) ;
#3198 = VECTOR ( 'NONE', #314, 1000.000000000000000 ) ;
#3199 = LINE ( 'NONE', #3527, #777 ) ;
#3200 = CARTESIAN_POINT ( 'NONE',  ( -31.90000000000000568, -15.10000000000006182, -31.89999999999998437 ) ) ;
#3201 = FACE_OUTER_BOUND ( 'NONE', #4625, .T. ) ;
#3202 = LINE ( 'NONE', #3620, #2426 ) ;
#3203 = EDGE_CURVE ( 'NONE', #3656, #3286, #1272, .T. ) ;
#3204 = AXIS2_PLACEMENT_3D ( 'NONE', #2244, #1895, #1923 ) ;
#3205 = DIRECTION ( 'NONE',  ( -0.000000000000000000, 1.000000000000000000, -0.000000000000000000 ) ) ;
#3206 = EDGE_CURVE ( 'NONE', #4546, #4033, #4137, .T. ) ;
#3207 = ORIENTED_EDGE ( 'NONE', *, *, #681, .F. ) ;
#3208 = ADVANCED_FACE ( 'NONE', ( #2054 ), #4245, .F. ) ;
#3209 = ORIENTED_EDGE ( 'NONE', *, *, #3402, .F. ) ;
#3210 = ORIENTED_EDGE ( 'NONE', *, *, #3367, .T. ) ;
#3211 = DIRECTION ( 'NONE',  ( 1.000000000000000000, 0.000000000000000000, 0.000000000000000000 ) ) ;
#3212 = EDGE_LOOP ( 'NONE', ( #3428, #2192 ) ) ;
#3213 = CARTESIAN_POINT ( 'NONE',  ( -31.89999999999999858, 0.000000000000000000, 31.89999999999999858 ) ) ;
#3214 = DIRECTION ( 'NONE',  ( -1.000000000000000000, -7.359432928386459981E-15, 0.000000000000000000 ) ) ;
#3215 = CARTESIAN_POINT ( 'NONE',  ( -30.12428571428573676, 5.707485581880694880, 10.00000000000000000 ) ) ;
#3216 = DIRECTION ( 'NONE',  ( 0.000000000000000000, 0.000000000000000000, 1.000000000000000000 ) ) ;
#3217 = ORIENTED_EDGE ( 'NONE', *, *, #1069, .T. ) ;
#3218 = DIRECTION ( 'NONE',  ( 0.000000000000000000, 1.000000000000000000, 0.000000000000000000 ) ) ;
#3219 = DIRECTION ( 'NONE',  ( 1.000000000000000000, -0.000000000000000000, 0.000000000000000000 ) ) ;
#3220 = EDGE_CURVE ( 'NONE', #3604, #3798, #595, .T. ) ;
#3221 = DIRECTION ( 'NONE',  ( 8.659560562354918067E-17, 0.7071067811865489050, -0.7071067811865462405 ) ) ;
#3222 = CARTESIAN_POINT ( 'NONE',  ( -28.50000000000000000, -4.400000000000037659, -48.50000000000000000 ) ) ;
#3223 = DIRECTION ( 'NONE',  ( -0.000000000000000000, 1.000000000000000000, -0.000000000000000000 ) ) ;
#3224 = DIRECTION ( 'NONE',  ( 7.885106708985495542E-15, -1.000000000000000000, 0.000000000000000000 ) ) ;
#3225 = ADVANCED_FACE ( 'NONE', ( #2353 ), #3465, .F. ) ;
#3226 = ORIENTED_EDGE ( 'NONE', *, *, #3603, .T. ) ;
#3227 = EDGE_LOOP ( 'NONE', ( #918, #2922 ) ) ;
#3228 = ORIENTED_EDGE ( 'NONE', *, *, #681, .T. ) ;
#3229 = DIRECTION ( 'NONE',  ( 0.000000000000000000, 0.000000000000000000, 1.000000000000000000 ) ) ;
#3230 = EDGE_CURVE ( 'NONE', #1752, #1266, #2445, .T. ) ;
#3231 = CIRCLE ( 'NONE', #2034, 1.649999999999995248 ) ;
#3232 = ORIENTED_EDGE ( 'NONE', *, *, #3836, .T. ) ;
#3233 = DIRECTION ( 'NONE',  ( 4.818676322157798854E-17, 1.000000000000000000, -0.000000000000000000 ) ) ;
#3234 = AXIS2_PLACEMENT_3D ( 'NONE', #3536, #4195, #1782 ) ;
#3235 = DIRECTION ( 'NONE',  ( 0.000000000000000000, -1.000000000000000000, 0.000000000000000000 ) ) ;
#3236 = DIRECTION ( 'NONE',  ( 0.000000000000000000, 1.000000000000000000, 0.000000000000000000 ) ) ;
#3237 = VECTOR ( 'NONE', #3221, 999.9999999999998863 ) ;
#3238 = CARTESIAN_POINT ( 'NONE',  ( 1.111274372186296220E-13, -15.09999999999982734, 48.50000000000000000 ) ) ;
#3239 = ORIENTED_EDGE ( 'NONE', *, *, #299, .T. ) ;
#3240 = VECTOR ( 'NONE', #2225, 1000.000000000000000 ) ;
#3241 = DIRECTION ( 'NONE',  ( 0.000000000000000000, 0.000000000000000000, 1.000000000000000000 ) ) ;
#3242 = DIRECTION ( 'NONE',  ( -3.491481338843133355E-15, 0.000000000000000000, 1.000000000000000000 ) ) ;
#3243 = CARTESIAN_POINT ( 'NONE',  ( 31.90000000000000568, -4.399999999999561595, -29.84999999999998366 ) ) ;
#3244 = DIRECTION ( 'NONE',  ( 8.659560562354918067E-17, -0.7071067811865487940, 0.7071067811865463515 ) ) ;
#3245 = LINE ( 'NONE', #3494, #1616 ) ;
#3246 = FACE_OUTER_BOUND ( 'NONE', #826, .T. ) ;
#3247 = AXIS2_PLACEMENT_3D ( 'NONE', #39, #4252, #1481 ) ;
#3248 = DIRECTION ( 'NONE',  ( 0.000000000000000000, 0.000000000000000000, 1.000000000000000000 ) ) ;
#3249 = ORIENTED_EDGE ( 'NONE', *, *, #2228, .F. ) ;
#3250 = EDGE_LOOP ( 'NONE', ( #1889, #1833, #5, #1443 ) ) ;
#3251 = ORIENTED_EDGE ( 'NONE', *, *, #4287, .F. ) ;
#3252 = EDGE_CURVE ( 'NONE', #746, #1675, #2738, .T. ) ;
#3253 = AXIS2_PLACEMENT_3D ( 'NONE', #73, #1911, #1219 ) ;
#3254 = ADVANCED_FACE ( 'NONE', ( #943 ), #216, .F. ) ;
#3255 = ORIENTED_EDGE ( 'NONE', *, *, #4239, .T. ) ;
#3256 = CARTESIAN_POINT ( 'NONE',  ( 28.50000000000000000, -4.400000000000030553, -48.50000000000000000 ) ) ;
#3257 = DIRECTION ( 'NONE',  ( -0.000000000000000000, 1.000000000000000000, -0.000000000000000000 ) ) ;
#3258 = DIRECTION ( 'NONE',  ( -1.000000000000000000, 0.000000000000000000, -0.000000000000000000 ) ) ;
#3259 = EDGE_CURVE ( 'NONE', #4085, #4224, #4571, .T. ) ;
#3260 = AXIS2_PLACEMENT_3D ( 'NONE', #3970, #3990, #3643 ) ;
#3261 = DIRECTION ( 'NONE',  ( -1.000000000000000000, -7.359432928386152326E-15, 0.000000000000000000 ) ) ;
#3262 = ORIENTED_EDGE ( 'NONE', *, *, #3776, .T. ) ;
#3263 = VECTOR ( 'NONE', #2678, 1000.000000000000000 ) ;
#3264 = EDGE_CURVE ( 'NONE', #1493, #155, #1322, .T. ) ;
#3265 = CARTESIAN_POINT ( 'NONE',  ( 10.99999999999988809, 6.103872414211619635, 31.64379651867620069 ) ) ;
#3266 = CIRCLE ( 'NONE', #1388, 4.099999999999999645 ) ;
#3267 = DIRECTION ( 'NONE',  ( 1.000000000000000000, 0.000000000000000000, -9.637352644315590312E-17 ) ) ;
#3268 = DIRECTION ( 'NONE',  ( 0.000000000000000000, 0.000000000000000000, 1.000000000000000000 ) ) ;
#3269 = EDGE_LOOP ( 'NONE', ( #3626, #2032, #3228, #2611 ) ) ;
#3270 = CARTESIAN_POINT ( 'NONE',  ( -30.15000000000006608, -17.00000000000006395, -48.50000000000000000 ) ) ;
#3271 = AXIS2_PLACEMENT_3D ( 'NONE', #923, #2361, #579 ) ;
#3272 = LINE ( 'NONE', #4214, #4089 ) ;
#3273 = DIRECTION ( 'NONE',  ( 0.000000000000000000, 0.000000000000000000, 1.000000000000000000 ) ) ;
#3274 = ORIENTED_EDGE ( 'NONE', *, *, #882, .F. ) ;
#3275 = CARTESIAN_POINT ( 'NONE',  ( -31.90000000000000568, -15.10000000000006182, -29.84999999999998366 ) ) ;
#3276 = AXIS2_PLACEMENT_3D ( 'NONE', #4099, #1945, #4142 ) ;
#3277 = ORIENTED_EDGE ( 'NONE', *, *, #3954, .F. ) ;
#3278 = EDGE_LOOP ( 'NONE', ( #4354, #3977, #3370, #442 ) ) ;
#3279 = ORIENTED_EDGE ( 'NONE', *, *, #2112, .T. ) ;
#3280 = ORIENTED_EDGE ( 'NONE', *, *, #2936, .F. ) ;
#3281 = DIRECTION ( 'NONE',  ( -3.242473786872537293E-16, 1.000000000000000000, 0.000000000000000000 ) ) ;
#3282 = LINE ( 'NONE', #2974, #3356 ) ;
#3283 = AXIS2_PLACEMENT_3D ( 'NONE', #2730, #4316, #698 ) ;
#3284 = ADVANCED_FACE ( 'NONE', ( #4191 ), #3790, .F. ) ;
#3285 = DIRECTION ( 'NONE',  ( 0.000000000000000000, 0.000000000000000000, -1.000000000000000000 ) ) ;
#3286 = VERTEX_POINT ( 'NONE', #2008 ) ;
#3287 = CARTESIAN_POINT ( 'NONE',  ( 28.50000000000000000, -1.500000000000000888, -48.50000000000000000 ) ) ;
#3288 = FACE_OUTER_BOUND ( 'NONE', #886, .T. ) ;
#3289 = EDGE_CURVE ( 'NONE', #3864, #1620, #3423, .T. ) ;
#3290 = CARTESIAN_POINT ( 'NONE',  ( -31.89999999999999858, 0.000000000000000000, 33.54999999999999716 ) ) ;
#3291 = VERTEX_POINT ( 'NONE', #4167 ) ;
#3292 = DIRECTION ( 'NONE',  ( 0.000000000000000000, 0.000000000000000000, -1.000000000000000000 ) ) ;
#3293 = DIRECTION ( 'NONE',  ( 0.000000000000000000, 0.000000000000000000, 1.000000000000000000 ) ) ;
#3294 = CYLINDRICAL_SURFACE ( 'NONE', #3024, 1.649999999999995248 ) ;
#3295 = ORIENTED_EDGE ( 'NONE', *, *, #488, .T. ) ;
#3296 = ORIENTED_EDGE ( 'NONE', *, *, #4442, .F. ) ;
#3297 = ORIENTED_EDGE ( 'NONE', *, *, #299, .F. ) ;
#3298 = VERTEX_POINT ( 'NONE', #3038 ) ;
#3299 = EDGE_LOOP ( 'NONE', ( #1514, #2409, #2213, #4414 ) ) ;
#3300 = FACE_BOUND ( 'NONE', #4027, .T. ) ;
#3301 = PLANE ( 'NONE',  #3204 ) ;
#3302 = DIRECTION ( 'NONE',  ( -7.359432928386152326E-15, 1.000000000000000000, 0.000000000000000000 ) ) ;
#3303 = VERTEX_POINT ( 'NONE', #2688 ) ;
#3304 = VECTOR ( 'NONE', #4576, 1000.000000000000000 ) ;
#3305 = FACE_OUTER_BOUND ( 'NONE', #447, .T. ) ;
#3306 = EDGE_LOOP ( 'NONE', ( #4494, #3380 ) ) ;
#3307 = CARTESIAN_POINT ( 'NONE',  ( -31.90000000000000568, -20.00000000000000711, 31.89999999999998437 ) ) ;
#3308 = AXIS2_PLACEMENT_3D ( 'NONE', #3200, #749, #374 ) ;
#3309 = DIRECTION ( 'NONE',  ( 0.000000000000000000, 0.000000000000000000, 1.000000000000000000 ) ) ;
#3310 = ORIENTED_EDGE ( 'NONE', *, *, #3203, .T. ) ;
#3311 = EDGE_CURVE ( 'NONE', #3088, #4026, #3442, .T. ) ;
#3312 = AXIS2_PLACEMENT_3D ( 'NONE', #1873, #490, #2650 ) ;
#3313 = CARTESIAN_POINT ( 'NONE',  ( 30.15000000000007319, -15.10000000000004228, -48.50000000000000000 ) ) ;
#3314 = LINE ( 'NONE', #1245, #4462 ) ;
#3315 = CARTESIAN_POINT ( 'NONE',  ( 31.90000000000000568, -1.900000000000089173, 30.24999999999998934 ) ) ;
#3316 = VECTOR ( 'NONE', #520, 1000.000000000000000 ) ;
#3317 = LINE ( 'NONE', #4068, #2655 ) ;
#3318 = ORIENTED_EDGE ( 'NONE', *, *, #1885, .F. ) ;
#3319 = ORIENTED_EDGE ( 'NONE', *, *, #2743, .T. ) ;
#3320 = CIRCLE ( 'NONE', #1291, 1.649999999999998579 ) ;
#3321 = ADVANCED_FACE ( 'NONE', ( #547 ), #193, .F. ) ;
#3322 = EDGE_CURVE ( 'NONE', #1959, #604, #4521, .T. ) ;
#3323 = ORIENTED_EDGE ( 'NONE', *, *, #4338, .T. ) ;
#3324 = DIRECTION ( 'NONE',  ( -0.000000000000000000, 1.000000000000000000, -0.000000000000000000 ) ) ;
#3325 = ORIENTED_EDGE ( 'NONE', *, *, #4287, .T. ) ;
#3326 = PRODUCT_RELATED_PRODUCT_CATEGORY ( 'part', '', ( #4014 ) ) ;
#3327 = CARTESIAN_POINT ( 'NONE',  ( 28.50000000000000000, -4.400000000000030553, -48.50000000000000000 ) ) ;
#3328 = DIRECTION ( 'NONE',  ( -3.503386530222125631E-15, 0.000000000000000000, 1.000000000000000000 ) ) ;
#3329 = EDGE_CURVE ( 'NONE', #3958, #3169, #2368, .T. ) ;
#3330 = AXIS2_PLACEMENT_3D ( 'NONE', #3623, #2940, #779 ) ;
#3331 = CARTESIAN_POINT ( 'NONE',  ( -31.90000000000000568, -4.966112860375774708E-15, -31.89999999999998437 ) ) ;
#3332 = AXIS2_PLACEMENT_3D ( 'NONE', #1857, #4124, #2954 ) ;
#3333 = ORIENTED_EDGE ( 'NONE', *, *, #4013, .T. ) ;
#3334 = CARTESIAN_POINT ( 'NONE',  ( 31.90000000000000568, -20.00000000000000711, 31.89999999999998437 ) ) ;
#3335 = ORIENTED_EDGE ( 'NONE', *, *, #3110, .T. ) ;
#3336 = CARTESIAN_POINT ( 'NONE',  ( -11.00000000000009592, 8.000000000000000000, 27.50000000000000000 ) ) ;
#3337 = FACE_OUTER_BOUND ( 'NONE', #1658, .T. ) ;
#3338 = ORIENTED_EDGE ( 'NONE', *, *, #2060, .F. ) ;
#3339 = CARTESIAN_POINT ( 'NONE',  ( 31.90000000000000568, -1.900000000000089173, -33.54999999999998295 ) ) ;
#3340 = CARTESIAN_POINT ( 'NONE',  ( -27.50000000000001421, 1.500000000000000000, -35.99999999999999289 ) ) ;
#3341 = CIRCLE ( 'NONE', #2513, 1.649999999999998579 ) ;
#3342 = CARTESIAN_POINT ( 'NONE',  ( 3.469446951953470301E-14, -4.399999999999812950, 50.14999999999999858 ) ) ;
#3343 = CARTESIAN_POINT ( 'NONE',  ( 31.90000000000000568, 10.00000000000000000, -31.89999999999999147 ) ) ;
#3344 = AXIS2_PLACEMENT_3D ( 'NONE', #366, #3233, #3145 ) ;
#3345 = VERTEX_POINT ( 'NONE', #4651 ) ;
#3346 = ORIENTED_EDGE ( 'NONE', *, *, #1185, .T. ) ;
#3347 = ADVANCED_FACE ( 'NONE', ( #741 ), #3607, .T. ) ;
#3348 = VERTEX_POINT ( 'NONE', #3961 ) ;
#3349 = VECTOR ( 'NONE', #807, 1000.000000000000000 ) ;
#3350 = ADVANCED_FACE ( 'NONE', ( #4268 ), #3501, .F. ) ;
#3351 = CARTESIAN_POINT ( 'NONE',  ( 28.50000000000000355, -15.10000000000002984, 34.00713075057051782 ) ) ;
#3352 = VERTEX_POINT ( 'NONE', #2461 ) ;
#3353 = LINE ( 'NONE', #132, #272 ) ;
#3354 = VECTOR ( 'NONE', #2038, 1000.000000000000000 ) ;
#3355 = CYLINDRICAL_SURFACE ( 'NONE', #3953, 1.649999999999995248 ) ;
#3356 = VECTOR ( 'NONE', #4052, 1000.000000000000000 ) ;
#3357 = CYLINDRICAL_SURFACE ( 'NONE', #2864, 0.9999999999999974465 ) ;
#3358 = EDGE_LOOP ( 'NONE', ( #1083, #3400, #689, #3394 ) ) ;
#3359 = CARTESIAN_POINT ( 'NONE',  ( 28.50000000000000000, -4.400000000000030553, -48.50000000000000000 ) ) ;
#3360 = ORIENTED_EDGE ( 'NONE', *, *, #563, .F. ) ;
#3361 = VECTOR ( 'NONE', #3223, 1000.000000000000000 ) ;
#3362 = CARTESIAN_POINT ( 'NONE',  ( -31.90000000000000568, -15.10000000000006359, -33.54999999999998295 ) ) ;
#3363 = ORIENTED_EDGE ( 'NONE', *, *, #3125, .F. ) ;
#3364 = LINE ( 'NONE', #4420, #4279 ) ;
#3365 = DIRECTION ( 'NONE',  ( 7.885106708985495542E-15, -1.000000000000000000, 0.000000000000000000 ) ) ;
#3366 = LINE ( 'NONE', #2281, #3983 ) ;
#3367 = EDGE_CURVE ( 'NONE', #4436, #1569, #3165, .T. ) ;
#3368 = DIRECTION ( 'NONE',  ( 1.000000000000000000, 0.000000000000000000, 0.000000000000000000 ) ) ;
#3369 = EDGE_LOOP ( 'NONE', ( #322, #785, #3462, #583 ) ) ;
#3370 = ORIENTED_EDGE ( 'NONE', *, *, #2029, .T. ) ;
#3371 = VERTEX_POINT ( 'NONE', #1450 ) ;
#3372 = EDGE_CURVE ( 'NONE', #3671, #4361, #2748, .T. ) ;
#3373 = CARTESIAN_POINT ( 'NONE',  ( -31.90000000000000568, 10.00000000000000000, -35.44999999999998153 ) ) ;
#3374 = ORIENTED_EDGE ( 'NONE', *, *, #2182, .T. ) ;
#3375 = FACE_OUTER_BOUND ( 'NONE', #3819, .T. ) ;
#3376 = CARTESIAN_POINT ( 'NONE',  ( -29.69999999999999929, 6.613013953966871306, 10.00000000000000000 ) ) ;
#3377 = DIRECTION ( 'NONE',  ( 7.885106708985495542E-15, -1.000000000000000000, 0.000000000000000000 ) ) ;
#3378 = ORIENTED_EDGE ( 'NONE', *, *, #4095, .F. ) ;
#3379 = FACE_OUTER_BOUND ( 'NONE', #3648, .T. ) ;
#3380 = ORIENTED_EDGE ( 'NONE', *, *, #2241, .T. ) ;
#3381 = ADVANCED_FACE ( 'NONE', ( #2791 ), #3540, .T. ) ;
#3382 = DIRECTION ( 'NONE',  ( 0.000000000000000000, 0.000000000000000000, -1.000000000000000000 ) ) ;
#3383 = ORIENTED_EDGE ( 'NONE', *, *, #3940, .T. ) ;
#3384 = DIRECTION ( 'NONE',  ( 0.000000000000000000, -1.000000000000000000, 0.000000000000000000 ) ) ;
#3385 = FACE_OUTER_BOUND ( 'NONE', #4056, .T. ) ;
#3386 = FACE_OUTER_BOUND ( 'NONE', #3154, .T. ) ;
#3387 = ADVANCED_FACE ( 'NONE', ( #3914 ), #4582, .F. ) ;
#3388 = LINE ( 'NONE', #165, #4375 ) ;
#3389 = ORIENTED_EDGE ( 'NONE', *, *, #2798, .F. ) ;
#3390 = ORIENTED_EDGE ( 'NONE', *, *, #228, .F. ) ;
#3391 = VECTOR ( 'NONE', #1560, 1000.000000000000000 ) ;
#3392 = ORIENTED_EDGE ( 'NONE', *, *, #899, .T. ) ;
#3393 = LINE ( 'NONE', #4139, #1714 ) ;
#3394 = ORIENTED_EDGE ( 'NONE', *, *, #4227, .F. ) ;
#3395 = DIRECTION ( 'NONE',  ( -0.000000000000000000, 1.000000000000000000, -0.000000000000000000 ) ) ;
#3396 = EDGE_CURVE ( 'NONE', #3013, #2309, #1352, .T. ) ;
#3397 = DIRECTION ( 'NONE',  ( -0.000000000000000000, 1.000000000000000000, -0.000000000000000000 ) ) ;
#3398 = CIRCLE ( 'NONE', #2570, 2.050000000000003375 ) ;
#3399 = DIRECTION ( 'NONE',  ( -1.000000000000000000, -7.615859162824993749E-15, 0.000000000000000000 ) ) ;
#3400 = ORIENTED_EDGE ( 'NONE', *, *, #814, .F. ) ;
#3401 = AXIS2_PLACEMENT_3D ( 'NONE', #501, #1509, #4373 ) ;
#3402 = EDGE_CURVE ( 'NONE', #1799, #2945, #1013, .T. ) ;
#3403 = FACE_OUTER_BOUND ( 'NONE', #350, .T. ) ;
#3404 = VECTOR ( 'NONE', #429, 1000.000000000000000 ) ;
#3405 = ORIENTED_EDGE ( 'NONE', *, *, #1599, .F. ) ;
#3406 = AXIS2_PLACEMENT_3D ( 'NONE', #2983, #1169, #4417 ) ;
#3407 = ADVANCED_FACE ( 'NONE', ( #3192 ), #695, .F. ) ;
#3408 = CARTESIAN_POINT ( 'NONE',  ( -27.50000000000000000, 1.500000000000000000, -27.50000000000000000 ) ) ;
#3409 = EDGE_CURVE ( 'NONE', #53, #850, #266, .T. ) ;
#3410 = ORIENTED_EDGE ( 'NONE', *, *, #4323, .F. ) ;
#3411 = DIRECTION ( 'NONE',  ( 8.659560562354989558E-17, 0.7071067811865430208, -0.7071067811865521247 ) ) ;
#3412 = DIRECTION ( 'NONE',  ( 0.000000000000000000, 0.000000000000000000, 1.000000000000000000 ) ) ;
#3413 = DIRECTION ( 'NONE',  ( 0.000000000000000000, 0.7071067811865430208, 0.7071067811865521247 ) ) ;
#3414 = CARTESIAN_POINT ( 'NONE',  ( -29.69999999999999929, 6.613013953966871306, 10.00000000000000000 ) ) ;
#3415 = VECTOR ( 'NONE', #3029, 1000.000000000000000 ) ;
#3416 = ORIENTED_EDGE ( 'NONE', *, *, #1705, .F. ) ;
#3417 = ORIENTED_EDGE ( 'NONE', *, *, #1884, .F. ) ;
#3418 = DIRECTION ( 'NONE',  ( -3.469446951953828759E-15, 1.000000000000000000, 0.000000000000000000 ) ) ;
#3419 = AXIS2_PLACEMENT_3D ( 'NONE', #2116, #4637, #2466 ) ;
#3420 = CARTESIAN_POINT ( 'NONE',  ( -31.90000000000000568, 8.000000000000000000, -33.54999999999998295 ) ) ;
#3421 = ORIENTED_EDGE ( 'NONE', *, *, #2676, .T. ) ;
#3422 = FACE_OUTER_BOUND ( 'NONE', #1137, .T. ) ;
#3423 = CIRCLE ( 'NONE', #2671, 1.649999999999998579 ) ;
#3424 = LINE ( 'NONE', #3117, #4405 ) ;
#3425 = EDGE_CURVE ( 'NONE', #738, #1180, #11, .T. ) ;
#3426 = LINE ( 'NONE', #4322, #1533 ) ;
#3427 = DIRECTION ( 'NONE',  ( 1.000000000000000000, 8.038962449648605390E-15, 0.000000000000000000 ) ) ;
#3428 = ORIENTED_EDGE ( 'NONE', *, *, #1239, .T. ) ;
#3429 = AXIS2_PLACEMENT_3D ( 'NONE', #976, #1690, #4482 ) ;
#3430 = DIRECTION ( 'NONE',  ( 0.000000000000000000, 0.000000000000000000, -1.000000000000000000 ) ) ;
#3431 = ORIENTED_EDGE ( 'NONE', *, *, #2228, .T. ) ;
#3432 = ADVANCED_FACE ( 'NONE', ( #2882 ), #117, .F. ) ;
#3433 = LINE ( 'NONE', #3127, #2808 ) ;
#3434 = EDGE_LOOP ( 'NONE', ( #4114, #291 ) ) ;
#3435 = SURFACE_STYLE_FILL_AREA ( #2046 ) ;
#3436 = CARTESIAN_POINT ( 'NONE',  ( 31.90000000000000568, -1.900000000000089173, -33.54999999999998295 ) ) ;
#3437 = ADVANCED_FACE ( 'NONE', ( #3564 ), #2089, .T. ) ;
#3438 = VECTOR ( 'NONE', #2000, 1000.000000000000000 ) ;
#3439 = CARTESIAN_POINT ( 'NONE',  ( -3.238150488489911378E-14, -4.399999999999820943, 48.50000000000000000 ) ) ;
#3440 = EDGE_LOOP ( 'NONE', ( #1360, #1700, #537, #1474 ) ) ;
#3441 = ORIENTED_EDGE ( 'NONE', *, *, #2711, .F. ) ;
#3442 = LINE ( 'NONE', #4117, #1778 ) ;
#3443 = ORIENTED_EDGE ( 'NONE', *, *, #3186, .F. ) ;
#3444 = ORIENTED_EDGE ( 'NONE', *, *, #2396, .F. ) ;
#3445 = DIRECTION ( 'NONE',  ( -0.000000000000000000, 1.000000000000000000, -0.000000000000000000 ) ) ;
#3446 = CARTESIAN_POINT ( 'NONE',  ( -31.90000000000000568, -15.10000000000006182, 31.89999999999998437 ) ) ;
#3447 = CARTESIAN_POINT ( 'NONE',  ( -36.00000000000000711, 0.000000000000000000, 31.89999999999999858 ) ) ;
#3448 = CARTESIAN_POINT ( 'NONE',  ( -36.00000000000001421, 0.000000000000000000, -27.49999999999998224 ) ) ;
#3449 = ORIENTED_EDGE ( 'NONE', *, *, #1792, .T. ) ;
#3450 = PLANE ( 'NONE',  #4451 ) ;
#3451 = ORIENTED_EDGE ( 'NONE', *, *, #2004, .T. ) ;
#3452 = VECTOR ( 'NONE', #1414, 1000.000000000000000 ) ;
#3453 = CARTESIAN_POINT ( 'NONE',  ( -11.00000000000009415, 4.214021413566193530, 27.50000000000000000 ) ) ;
#3454 = EDGE_LOOP ( 'NONE', ( #1596, #4071, #984, #451 ) ) ;
#3455 = DIRECTION ( 'NONE',  ( -3.469446951953827970E-15, -1.000000000000000000, 0.000000000000000000 ) ) ;
#3456 = EDGE_CURVE ( 'NONE', #1811, #4224, #1475, .T. ) ;
#3457 = DIRECTION ( 'NONE',  ( -0.000000000000000000, -1.000000000000000000, -0.000000000000000000 ) ) ;
#3458 = ORIENTED_EDGE ( 'NONE', *, *, #4118, .F. ) ;
#3459 = AXIS2_PLACEMENT_3D ( 'NONE', #3663, #497, #448 ) ;
#3460 = EDGE_CURVE ( 'NONE', #4026, #4563, #1806, .T. ) ;
#3461 = LINE ( 'NONE', #4518, #383 ) ;
#3462 = ORIENTED_EDGE ( 'NONE', *, *, #3573, .T. ) ;
#3463 = AXIS2_PLACEMENT_3D ( 'NONE', #4077, #1965, #551 ) ;
#3464 = DIRECTION ( 'NONE',  ( -1.000000000000000000, -7.359432928386475759E-15, 0.000000000000000000 ) ) ;
#3465 = PLANE ( 'NONE',  #937 ) ;
#3466 = VECTOR ( 'NONE', #4620, 1000.000000000000000 ) ;
#3467 = EDGE_CURVE ( 'NONE', #1583, #225, #4383, .T. ) ;
#3468 = VERTEX_POINT ( 'NONE', #2243 ) ;
#3469 = EDGE_CURVE ( 'NONE', #361, #1228, #1871, .T. ) ;
#3470 = ORIENTED_EDGE ( 'NONE', *, *, #140, .F. ) ;
#3471 = VECTOR ( 'NONE', #4585, 1000.000000000000000 ) ;
#3472 = DIRECTION ( 'NONE',  ( 0.000000000000000000, 1.000000000000000000, 0.000000000000000000 ) ) ;
#3473 = DIRECTION ( 'NONE',  ( 0.000000000000000000, 0.000000000000000000, 1.000000000000000000 ) ) ;
#3474 = DIRECTION ( 'NONE',  ( -7.359432928386152326E-15, 1.000000000000000000, 0.000000000000000000 ) ) ;
#3475 = EDGE_CURVE ( 'NONE', #3958, #3348, #2551, .T. ) ;
#3476 = LINE ( 'NONE', #601, #2222 ) ;
#3477 = ORIENTED_EDGE ( 'NONE', *, *, #2548, .F. ) ;
#3478 = VECTOR ( 'NONE', #2411, 1000.000000000000000 ) ;
#3479 = DIRECTION ( 'NONE',  ( -7.885106708985495542E-15, 1.000000000000000000, -0.000000000000000000 ) ) ;
#3480 = AXIS2_PLACEMENT_3D ( 'NONE', #1041, #4269, #3915 ) ;
#3481 = VECTOR ( 'NONE', #3216, 1000.000000000000000 ) ;
#3482 = LINE ( 'NONE', #979, #2209 ) ;
#3483 = ORIENTED_EDGE ( 'NONE', *, *, #1333, .T. ) ;
#3484 = MECHANICAL_DESIGN_GEOMETRIC_PRESENTATION_REPRESENTATION (  '', ( #4223 ), #23 ) ;
#3485 = DIRECTION ( 'NONE',  ( -0.000000000000000000, 1.000000000000000000, -0.000000000000000000 ) ) ;
#3486 = EDGE_LOOP ( 'NONE', ( #1034, #428, #3417, #1928 ) ) ;
#3487 = DIRECTION ( 'NONE',  ( -7.359432928386152326E-15, 1.000000000000000000, 0.000000000000000000 ) ) ;
#3488 = ORIENTED_EDGE ( 'NONE', *, *, #3230, .F. ) ;
#3489 = DIRECTION ( 'NONE',  ( 7.885106708985495542E-15, -1.000000000000000000, 0.000000000000000000 ) ) ;
#3490 = CARTESIAN_POINT ( 'NONE',  ( 31.90000000000000568, -1.900000000000089173, 31.89999999999998437 ) ) ;
#3491 = AXIS2_PLACEMENT_3D ( 'NONE', #2030, #3489, #1321 ) ;
#3492 = VERTEX_POINT ( 'NONE', #1158 ) ;
#3493 = ORIENTED_EDGE ( 'NONE', *, *, #3890, .F. ) ;
#3494 = CARTESIAN_POINT ( 'NONE',  ( 0.000000000000000000, 8.000000000000000000, -11.00000000000000000 ) ) ;
#3495 = CARTESIAN_POINT ( 'NONE',  ( -31.89999999999999858, 10.00000000000000000, 35.44999999999999574 ) ) ;
#3496 = VECTOR ( 'NONE', #2211, 1000.000000000000000 ) ;
#3497 = ADVANCED_FACE ( 'NONE', ( #3674 ), #3723, .F. ) ;
#3498 = CARTESIAN_POINT ( 'NONE',  ( -35.99999999999998579, -5.265981236333662647E-15, -48.50000000000000000 ) ) ;
#3499 = DIRECTION ( 'NONE',  ( 1.000000000000000000, 7.885106708985527096E-15, 0.000000000000000000 ) ) ;
#3500 = ORIENTED_EDGE ( 'NONE', *, *, #3912, .F. ) ;
#3501 = CONICAL_SURFACE ( 'NONE', #4018, 1.649999999999998579, 0.7853981633974547183 ) ;
#3502 = CARTESIAN_POINT ( 'NONE',  ( 28.50000000000000355, -15.10000000000002984, 29.79286924942945092 ) ) ;
#3503 = AXIS2_PLACEMENT_3D ( 'NONE', #458, #1476, #1204 ) ;
#3504 = LINE ( 'NONE', #3149, #3471 ) ;
#3505 = ORIENTED_EDGE ( 'NONE', *, *, #4233, .T. ) ;
#3506 = DIRECTION ( 'NONE',  ( -0.000000000000000000, -1.000000000000000000, -0.000000000000000000 ) ) ;
#3507 = AXIS2_PLACEMENT_3D ( 'NONE', #1293, #3173, #1701 ) ;
#3508 = CARTESIAN_POINT ( 'NONE',  ( 31.90000000000000568, -4.399999999999560707, -31.89999999999998437 ) ) ;
#3509 = CARTESIAN_POINT ( 'NONE',  ( -31.90000000000000568, -15.10000000000006182, 31.89999999999998437 ) ) ;
#3510 = CARTESIAN_POINT ( 'NONE',  ( -31.90000000000000568, -18.10000000000005471, -31.89999999999998437 ) ) ;
#3511 = DIRECTION ( 'NONE',  ( 0.000000000000000000, 0.000000000000000000, 1.000000000000000000 ) ) ;
#3512 = ADVANCED_FACE ( 'NONE', ( #3650 ), #1133, .F. ) ;
#3513 = CARTESIAN_POINT ( 'NONE',  ( -30.15000000000006608, -15.10000000000004938, -48.50000000000000000 ) ) ;
#3514 = ORIENTED_EDGE ( 'NONE', *, *, #534, .F. ) ;
#3515 = ORIENTED_EDGE ( 'NONE', *, *, #2452, .T. ) ;
#3516 = CARTESIAN_POINT ( 'NONE',  ( 31.90000000000000568, -20.00000000000000711, 31.89999999999998437 ) ) ;
#3517 = CARTESIAN_POINT ( 'NONE',  ( -31.90000000000000568, 10.00000000000000000, -31.89999999999998437 ) ) ;
#3518 = DIRECTION ( 'NONE',  ( 0.000000000000000000, 0.000000000000000000, 1.000000000000000000 ) ) ;
#3519 = DIRECTION ( 'NONE',  ( -3.503386530222125631E-15, 0.000000000000000000, 1.000000000000000000 ) ) ;
#3520 = ORIENTED_EDGE ( 'NONE', *, *, #3372, .T. ) ;
#3521 = DIRECTION ( 'NONE',  ( 0.000000000000000000, 0.000000000000000000, -1.000000000000000000 ) ) ;
#3522 = CARTESIAN_POINT ( 'NONE',  ( 27.50000000000001421, 1.500000000000000000, -36.00000000000000000 ) ) ;
#3523 = CARTESIAN_POINT ( 'NONE',  ( -31.90000000000000568, 8.000000000000000000, -31.89999999999998437 ) ) ;
#3524 = VERTEX_POINT ( 'NONE', #830 ) ;
#3525 = ADVANCED_FACE ( 'NONE', ( #1894 ), #2265, .F. ) ;
#3526 = SURFACE_SIDE_STYLE ('',( #3435 ) ) ;
#3527 = CARTESIAN_POINT ( 'NONE',  ( -11.00000000000000000, 8.000000000000000000, -3.840629472727446691E-14 ) ) ;
#3528 = DIRECTION ( 'NONE',  ( -0.000000000000000000, -1.000000000000000000, -0.000000000000000000 ) ) ;
#3529 = VERTEX_POINT ( 'NONE', #2600 ) ;
#3530 = ADVANCED_FACE ( 'NONE', ( #1545, #1852 ), #2972, .T. ) ;
#3531 = DIRECTION ( 'NONE',  ( -0.000000000000000000, 1.000000000000000000, -0.000000000000000000 ) ) ;
#3532 = DIRECTION ( 'NONE',  ( 0.000000000000000000, 0.000000000000000000, 1.000000000000000000 ) ) ;
#3533 = ORIENTED_EDGE ( 'NONE', *, *, #1521, .F. ) ;
#3534 = ORIENTED_EDGE ( 'NONE', *, *, #2711, .T. ) ;
#3535 = VERTEX_POINT ( 'NONE', #763 ) ;
#3536 = CARTESIAN_POINT ( 'NONE',  ( -31.90000000000000568, 10.00000000000000000, -31.89999999999998437 ) ) ;
#3537 = AXIS2_PLACEMENT_3D ( 'NONE', #19, #2207, #1100 ) ;
#3538 = CARTESIAN_POINT ( 'NONE',  ( -27.50000000000000000, 1.500000000000000000, -27.50000000000000000 ) ) ;
#3539 = ORIENTED_EDGE ( 'NONE', *, *, #1590, .F. ) ;
#3540 = PLANE ( 'NONE',  #1921 ) ;
#3541 = CARTESIAN_POINT ( 'NONE',  ( 28.50000000000000000, -4.400000000000030553, -34.00713075057053203 ) ) ;
#3542 = CARTESIAN_POINT ( 'NONE',  ( -0.000000000000000000, 8.000000000000000000, 11.00000000000000000 ) ) ;
#3543 = AXIS2_PLACEMENT_3D ( 'NONE', #1427, #4293, #1872 ) ;
#3544 = LINE ( 'NONE', #2178, #2190 ) ;
#3545 = ORIENTED_EDGE ( 'NONE', *, *, #2010, .F. ) ;
#3546 = AXIS2_PLACEMENT_3D ( 'NONE', #3334, #1901, #492 ) ;
#3547 = ADVANCED_FACE ( 'NONE', ( #4051, #3698 ), #4002, .T. ) ;
#3548 = LINE ( 'NONE', #1073, #1522 ) ;
#3549 = CARTESIAN_POINT ( 'NONE',  ( -31.89999999999999858, 10.00000000000000000, 28.35000000000000142 ) ) ;
#3550 = EDGE_CURVE ( 'NONE', #1847, #3002, #3353, .T. ) ;
#3551 = ADVANCED_FACE ( 'NONE', ( #1570, #3300 ), #2647, .T. ) ;
#3552 = DIRECTION ( 'NONE',  ( -0.000000000000000000, 0.000000000000000000, 1.000000000000000000 ) ) ;
#3553 = DIRECTION ( 'NONE',  ( -0.000000000000000000, 1.000000000000000000, -0.000000000000000000 ) ) ;
#3554 = CARTESIAN_POINT ( 'NONE',  ( -30.15000000000006608, -17.00000000000006395, -48.50000000000000000 ) ) ;
#3555 = CARTESIAN_POINT ( 'NONE',  ( -31.90000000000000568, -4.400000000000064304, 29.84999999999998010 ) ) ;
#3556 = AXIS2_PLACEMENT_3D ( 'NONE', #3593, #2492, #2819 ) ;
#3557 = ORIENTED_EDGE ( 'NONE', *, *, #135, .F. ) ;
#3558 = EDGE_LOOP ( 'NONE', ( #244, #3791, #925, #52 ) ) ;
#3559 = EDGE_LOOP ( 'NONE', ( #2173, #4192, #2011, #2163 ) ) ;
#3560 = FACE_BOUND ( 'NONE', #4244, .T. ) ;
#3561 = AXIS2_PLACEMENT_3D ( 'NONE', #1191, #795, #2630 ) ;
#3562 = ORIENTED_EDGE ( 'NONE', *, *, #1725, .F. ) ;
#3563 = CIRCLE ( 'NONE', #4082, 1.649999999999998579 ) ;
#3564 = FACE_OUTER_BOUND ( 'NONE', #4193, .T. ) ;
#3565 = CARTESIAN_POINT ( 'NONE',  ( 31.90000000000000568, 10.00000000000000000, -31.89999999999999147 ) ) ;
#3566 = CARTESIAN_POINT ( 'NONE',  ( 31.90000000000000568, -2.998683759578901079E-16, -31.89999999999998437 ) ) ;
#3567 = ADVANCED_FACE ( 'NONE', ( #4430 ), #2576, .F. ) ;
#3568 = MECHANICAL_DESIGN_GEOMETRIC_PRESENTATION_REPRESENTATION (  '', ( #2441 ), #1990 ) ;
#3569 = AXIS2_PLACEMENT_3D ( 'NONE', #2558, #3985, #3658 ) ;
#3570 = CARTESIAN_POINT ( 'NONE',  ( -35.99999999999998579, -20.00000000000000355, -48.50000000000000000 ) ) ;
#3571 = ORIENTED_EDGE ( 'NONE', *, *, #1649, .T. ) ;
#3572 = CARTESIAN_POINT ( 'NONE',  ( 30.14999999999999858, -2.499999999999998224, -48.50000000000000000 ) ) ;
#3573 = EDGE_CURVE ( 'NONE', #840, #971, #854, .T. ) ;
#3574 = FACE_OUTER_BOUND ( 'NONE', #1633, .T. ) ;
#3575 = DIRECTION ( 'NONE',  ( 1.000000000000000000, 1.217349807703022362E-16, 0.000000000000000000 ) ) ;
#3576 = DIRECTION ( 'NONE',  ( -0.000000000000000000, 1.000000000000000000, -0.000000000000000000 ) ) ;
#3577 = AXIS2_PLACEMENT_3D ( 'NONE', #3509, #592, #4544 ) ;
#3578 = EDGE_CURVE ( 'NONE', #564, #1494, #2073, .T. ) ;
#3579 = CARTESIAN_POINT ( 'NONE',  ( 10.99999999999988987, 7.000000000000004441, 31.20000000000003837 ) ) ;
#3580 = CYLINDRICAL_SURFACE ( 'NONE', #4286, 1.650000000000002132 ) ;
#3581 = ORIENTED_EDGE ( 'NONE', *, *, #926, .T. ) ;
#3582 = ORIENTED_EDGE ( 'NONE', *, *, #534, .T. ) ;
#3583 = AXIS2_PLACEMENT_3D ( 'NONE', #1585, #3015, #4454 ) ;
#3584 = ORIENTED_EDGE ( 'NONE', *, *, #440, .T. ) ;
#3585 = LINE ( 'NONE', #1369, #4160 ) ;
#3586 = ORIENTED_EDGE ( 'NONE', *, *, #3206, .T. ) ;
#3587 = DIRECTION ( 'NONE',  ( 1.000000000000000000, 0.000000000000000000, 0.000000000000000000 ) ) ;
#3588 = CARTESIAN_POINT ( 'NONE',  ( -31.90000000000000568, 10.00000000000000000, -35.44999999999998153 ) ) ;
#3589 = DIRECTION ( 'NONE',  ( 1.000000000000000000, 0.000000000000000000, 0.000000000000000000 ) ) ;
#3590 = DIRECTION ( 'NONE',  ( 0.000000000000000000, 0.000000000000000000, -1.000000000000000000 ) ) ;
#3591 = ORIENTED_EDGE ( 'NONE', *, *, #2386, .F. ) ;
#3592 = DIRECTION ( 'NONE',  ( -1.000000000000000000, 0.000000000000000000, 0.000000000000000000 ) ) ;
#3593 = CARTESIAN_POINT ( 'NONE',  ( -31.90000000000000568, 0.000000000000000000, -31.89999999999998437 ) ) ;
#3594 = CARTESIAN_POINT ( 'NONE',  ( -28.50000000000000000, -1.500000000000007772, -48.50000000000000000 ) ) ;
#3595 = CARTESIAN_POINT ( 'NONE',  ( -10.99999999999990408, 4.214021413566165997, -27.50000000000000000 ) ) ;
#3596 = ADVANCED_FACE ( 'NONE', ( #4028 ), #3065, .T. ) ;
#3597 = CARTESIAN_POINT ( 'NONE',  ( 31.90000000000000568, -18.10000000000009379, 31.89999999999998437 ) ) ;
#3598 = DIRECTION ( 'NONE',  ( -0.000000000000000000, 1.000000000000000000, -0.000000000000000000 ) ) ;
#3599 = CARTESIAN_POINT ( 'NONE',  ( -31.90000000000000568, -20.00000000000000711, 33.54999999999998295 ) ) ;
#3600 = EDGE_CURVE ( 'NONE', #1150, #811, #1244, .T. ) ;
#3601 = EDGE_LOOP ( 'NONE', ( #2572, #98, #1344, #1154 ) ) ;
#3602 = ORIENTED_EDGE ( 'NONE', *, *, #2147, .F. ) ;
#3603 = EDGE_CURVE ( 'NONE', #1197, #3535, #2715, .T. ) ;
#3604 = VERTEX_POINT ( 'NONE', #1327 ) ;
#3605 = EDGE_CURVE ( 'NONE', #3169, #3622, #3769, .T. ) ;
#3606 = EDGE_LOOP ( 'NONE', ( #4533, #425, #381, #3034 ) ) ;
#3607 = CYLINDRICAL_SURFACE ( 'NONE', #2145, 3.999999999999989786 ) ;
#3608 = DIRECTION ( 'NONE',  ( 0.000000000000000000, -0.000000000000000000, -1.000000000000000000 ) ) ;
#3609 = PLANE ( 'NONE',  #1171 ) ;
#3610 = EDGE_CURVE ( 'NONE', #1781, #1150, #246, .T. ) ;
#3611 = CARTESIAN_POINT ( 'NONE',  ( -31.90000000000000568, -4.400000000000063416, -31.89999999999998437 ) ) ;
#3612 = ORIENTED_EDGE ( 'NONE', *, *, #3742, .T. ) ;
#3613 = AXIS2_PLACEMENT_3D ( 'NONE', #2297, #4413, #1186 ) ;
#3614 = CARTESIAN_POINT ( 'NONE',  ( 27.50000000000000000, 8.000000000000000000, -27.50000000000000000 ) ) ;
#3615 = DIRECTION ( 'NONE',  ( 1.927470528863118309E-16, -0.000000000000000000, 1.000000000000000000 ) ) ;
#3616 = LINE ( 'NONE', #3923, #3682 ) ;
#3617 = VERTEX_POINT ( 'NONE', #2765 ) ;
#3618 = DIRECTION ( 'NONE',  ( -0.000000000000000000, 1.000000000000000000, -0.000000000000000000 ) ) ;
#3619 = FACE_OUTER_BOUND ( 'NONE', #1130, .T. ) ;
#3620 = CARTESIAN_POINT ( 'NONE',  ( 28.50000000000000355, -15.10000000000002984, -48.50000000000000000 ) ) ;
#3621 = AXIS2_PLACEMENT_3D ( 'NONE', #2865, #2536, #2204 ) ;
#3622 = VERTEX_POINT ( 'NONE', #3116 ) ;
#3623 = CARTESIAN_POINT ( 'NONE',  ( -31.90000000000000568, -4.400000000000064304, -31.89999999999998437 ) ) ;
#3624 = ORIENTED_EDGE ( 'NONE', *, *, #1441, .F. ) ;
#3625 = CIRCLE ( 'NONE', #97, 71.30248928736450864 ) ;
#3626 = ORIENTED_EDGE ( 'NONE', *, *, #488, .F. ) ;
#3627 = CIRCLE ( 'NONE', #2579, 4.099999999999999645 ) ;
#3628 = VERTEX_POINT ( 'NONE', #3820 ) ;
#3629 = AXIS2_PLACEMENT_3D ( 'NONE', #4275, #2419, #2446 ) ;
#3630 = ORIENTED_EDGE ( 'NONE', *, *, #783, .T. ) ;
#3631 = DIRECTION ( 'NONE',  ( -1.000000000000000000, -0.000000000000000000, -3.491481338843133750E-15 ) ) ;
#3632 = CARTESIAN_POINT ( 'NONE',  ( 30.15000000000007319, -17.00000000000005684, -48.50000000000000000 ) ) ;
#3633 = ADVANCED_FACE ( 'NONE', ( #2742 ), #598, .F. ) ;
#3634 = VECTOR ( 'NONE', #163, 1000.000000000000000 ) ;
#3635 = PLANE ( 'NONE',  #249 ) ;
#3636 = VERTEX_POINT ( 'NONE', #1587 ) ;
#3637 = CIRCLE ( 'NONE', #3863, 1.649999999999998579 ) ;
#3638 = DIRECTION ( 'NONE',  ( -1.000000000000000000, 7.359432928386152326E-15, 0.000000000000000000 ) ) ;
#3639 = LINE ( 'NONE', #2250, #1147 ) ;
#3640 = FACE_OUTER_BOUND ( 'NONE', #1212, .T. ) ;
#3641 = ORIENTED_EDGE ( 'NONE', *, *, #4210, .T. ) ;
#3642 = CARTESIAN_POINT ( 'NONE',  ( 31.90000000000000568, -20.89827560572929599, -31.89999999999998437 ) ) ;
#3643 = DIRECTION ( 'NONE',  ( -3.469446951953622866E-15, 3.469446951953622866E-15, 1.000000000000000000 ) ) ;
#3644 = CARTESIAN_POINT ( 'NONE',  ( 31.90000000000000568, 8.000000000000000000, -33.54999999999998295 ) ) ;
#3645 = VERTEX_POINT ( 'NONE', #152 ) ;
#3646 = ORIENTED_EDGE ( 'NONE', *, *, #3456, .T. ) ;
#3647 = ORIENTED_EDGE ( 'NONE', *, *, #2488, .F. ) ;
#3648 = EDGE_LOOP ( 'NONE', ( #4046, #1064, #312, #4272, #3058 ) ) ;
#3649 = ORIENTED_EDGE ( 'NONE', *, *, #4054, .T. ) ;
#3650 = FACE_OUTER_BOUND ( 'NONE', #2174, .T. ) ;
#3651 = DIRECTION ( 'NONE',  ( 0.000000000000000000, 0.000000000000000000, 1.000000000000000000 ) ) ;
#3652 = LINE ( 'NONE', #35, #4178 ) ;
#3653 = AXIS2_PLACEMENT_3D ( 'NONE', #588, #1290, #2837 ) ;
#3654 = ADVANCED_FACE ( 'NONE', ( #3422 ), #1229, .T. ) ;
#3655 = LINE ( 'NONE', #3020, #1679 ) ;
#3656 = VERTEX_POINT ( 'NONE', #1686 ) ;
#3657 = DIRECTION ( 'NONE',  ( 0.000000000000000000, 0.000000000000000000, 1.000000000000000000 ) ) ;
#3658 = DIRECTION ( 'NONE',  ( 1.000000000000000000, 7.806255641895652435E-15, 0.000000000000000000 ) ) ;
#3659 = EDGE_CURVE ( 'NONE', #1843, #2524, #3090, .T. ) ;
#3660 = CARTESIAN_POINT ( 'NONE',  ( -30.15000000000006608, -15.10000000000004938, -48.50000000000000000 ) ) ;
#3661 = ADVANCED_FACE ( 'NONE', ( #2670 ), #1614, .T. ) ;
#3662 = VERTEX_POINT ( 'NONE', #878 ) ;
#3663 = CARTESIAN_POINT ( 'NONE',  ( 0.000000000000000000, 1.500000000000000000, 0.000000000000000000 ) ) ;
#3664 = DIRECTION ( 'NONE',  ( -0.000000000000000000, 1.000000000000000000, -0.000000000000000000 ) ) ;
#3665 = CARTESIAN_POINT ( 'NONE',  ( 28.50000000000000711, -26.41370849898437001, 29.79286924942944736 ) ) ;
#3666 = DIRECTION ( 'NONE',  ( 1.000000000000000000, 0.000000000000000000, -0.000000000000000000 ) ) ;
#3667 = EDGE_CURVE ( 'NONE', #526, #2641, #1005, .T. ) ;
#3668 = EDGE_CURVE ( 'NONE', #2454, #1132, #527, .T. ) ;
#3669 = EDGE_LOOP ( 'NONE', ( #4443, #1822, #2356, #3612, #2313, #1510, #3909, #3689 ) ) ;
#3670 = EDGE_LOOP ( 'NONE', ( #343, #3378, #68, #947 ) ) ;
#3671 = VERTEX_POINT ( 'NONE', #4194 ) ;
#3672 = VECTOR ( 'NONE', #640, 1000.000000000000000 ) ;
#3673 = VERTEX_POINT ( 'NONE', #4500 ) ;
#3674 = FACE_OUTER_BOUND ( 'NONE', #2107, .T. ) ;
#3675 = CARTESIAN_POINT ( 'NONE',  ( 10.99999999999990408, 8.000000000000000000, 27.50000000000000000 ) ) ;
#3676 = VECTOR ( 'NONE', #2587, 1000.000000000000000 ) ;
#3677 = CARTESIAN_POINT ( 'NONE',  ( -31.90000000000000568, -15.10000000000006182, 31.89999999999998437 ) ) ;
#3678 = ORIENTED_EDGE ( 'NONE', *, *, #1792, .F. ) ;
#3679 = AXIS2_PLACEMENT_3D ( 'NONE', #1328, #4600, #2456 ) ;
#3680 = LINE ( 'NONE', #515, #468 ) ;
#3681 = DIRECTION ( 'NONE',  ( 1.000000000000000000, 7.806255641895652435E-15, 0.000000000000000000 ) ) ;
#3682 = VECTOR ( 'NONE', #398, 1000.000000000000000 ) ;
#3683 = EDGE_CURVE ( 'NONE', #3298, #2344, #2405, .T. ) ;
#3684 = LINE ( 'NONE', #2985, #1768 ) ;
#3685 = ORIENTED_EDGE ( 'NONE', *, *, #1273, .F. ) ;
#3686 = AXIS2_PLACEMENT_3D ( 'NONE', #3331, #107, #4458 ) ;
#3687 = DIRECTION ( 'NONE',  ( -1.000000000000000000, 7.359432928386150748E-15, -0.000000000000000000 ) ) ;
#3688 = CARTESIAN_POINT ( 'NONE',  ( 31.90000000000000568, -1.900000000000089173, -31.89999999999998437 ) ) ;
#3689 = ORIENTED_EDGE ( 'NONE', *, *, #2591, .T. ) ;
#3690 = LINE ( 'NONE', #2636, #4611 ) ;
#3691 = ADVANCED_FACE ( 'NONE', ( #3375 ), #198, .F. ) ;
#3692 =( NAMED_UNIT ( * ) SI_UNIT ( $, .STERADIAN. ) SOLID_ANGLE_UNIT ( ) );
#3693 = ORIENTED_EDGE ( 'NONE', *, *, #467, .F. ) ;
#3694 = ORIENTED_EDGE ( 'NONE', *, *, #3252, .F. ) ;
#3695 = ORIENTED_EDGE ( 'NONE', *, *, #2345, .T. ) ;
#3696 = FACE_OUTER_BOUND ( 'NONE', #183, .T. ) ;
#3697 = ORIENTED_EDGE ( 'NONE', *, *, #2631, .T. ) ;
#3698 = FACE_OUTER_BOUND ( 'NONE', #1084, .T. ) ;
#3699 = DIRECTION ( 'NONE',  ( 1.000000000000000000, 0.000000000000000000, 0.000000000000000000 ) ) ;
#3700 = CIRCLE ( 'NONE', #1832, 4.099999999999999645 ) ;
#3701 = FACE_BOUND ( 'NONE', #2691, .T. ) ;
#3702 = ORIENTED_EDGE ( 'NONE', *, *, #2603, .T. ) ;
#3703 = ADVANCED_FACE ( 'NONE', ( #550 ), #1985, .F. ) ;
#3704 = DIRECTION ( 'NONE',  ( 1.000000000000000000, 0.000000000000000000, -0.000000000000000000 ) ) ;
#3705 = VERTEX_POINT ( 'NONE', #1660 ) ;
#3706 = CARTESIAN_POINT ( 'NONE',  ( -31.89999999999999858, 0.000000000000000000, 31.89999999999999858 ) ) ;
#3707 = EDGE_LOOP ( 'NONE', ( #4391, #282, #2021, #4512 ) ) ;
#3708 = DIRECTION ( 'NONE',  ( 0.000000000000000000, -1.000000000000000000, 0.000000000000000000 ) ) ;
#3709 = EDGE_CURVE ( 'NONE', #2642, #3995, #3272, .T. ) ;
#3710 = LINE ( 'NONE', #3735, #635 ) ;
#3711 = CIRCLE ( 'NONE', #2360, 1.649999999999995248 ) ;
#3712 = DIRECTION ( 'NONE',  ( -1.000000000000000000, 1.577021341797099187E-15, 0.000000000000000000 ) ) ;
#3713 = APPLICATION_CONTEXT ( 'automotive_design' ) ;
#3714 = DIRECTION ( 'NONE',  ( 0.000000000000000000, 1.000000000000000000, 0.000000000000000000 ) ) ;
#3715 = AXIS2_PLACEMENT_3D ( 'NONE', #2434, #3474, #2767 ) ;
#3716 = EDGE_LOOP ( 'NONE', ( #946, #1869, #3534, #4604 ) ) ;
#3717 = ORIENTED_EDGE ( 'NONE', *, *, #84, .T. ) ;
#3718 = ORIENTED_EDGE ( 'NONE', *, *, #561, .F. ) ;
#3719 = VECTOR ( 'NONE', #2438, 1000.000000000000114 ) ;
#3720 = CARTESIAN_POINT ( 'NONE',  ( -30.15000000000006608, -17.00000000000006395, -48.50000000000000000 ) ) ;
#3721 = EDGE_CURVE ( 'NONE', #1234, #1564, #1839, .T. ) ;
#3722 = ORIENTED_EDGE ( 'NONE', *, *, #899, .F. ) ;
#3723 = PLANE ( 'NONE',  #40 ) ;
#3724 = AXIS2_PLACEMENT_3D ( 'NONE', #2408, #2337, #630 ) ;
#3725 = LINE ( 'NONE', #2693, #455 ) ;
#3726 = DIRECTION ( 'NONE',  ( 0.000000000000000000, 1.000000000000000000, 0.000000000000000000 ) ) ;
#3727 = ORIENTED_EDGE ( 'NONE', *, *, #859, .T. ) ;
#3728 = EDGE_CURVE ( 'NONE', #4311, #4045, #3245, .T. ) ;
#3729 = DIRECTION ( 'NONE',  ( -3.491481338843133355E-15, 0.000000000000000000, 1.000000000000000000 ) ) ;
#3730 = ORIENTED_EDGE ( 'NONE', *, *, #2227, .T. ) ;
#3731 = AXIS2_PLACEMENT_3D ( 'NONE', #2590, #799, #1146 ) ;
#3732 = DIRECTION ( 'NONE',  ( -0.000000000000000000, 1.000000000000000000, -0.000000000000000000 ) ) ;
#3733 = ORIENTED_EDGE ( 'NONE', *, *, #3858, .F. ) ;
#3734 = DIRECTION ( 'NONE',  ( 0.000000000000000000, 0.000000000000000000, 1.000000000000000000 ) ) ;
#3735 = CARTESIAN_POINT ( 'NONE',  ( 28.50000000000000000, -4.400000000000030553, -48.50000000000000000 ) ) ;
#3736 = CARTESIAN_POINT ( 'NONE',  ( 30.15000000000007319, -15.10000000000004228, -48.50000000000000000 ) ) ;
#3737 = EDGE_CURVE ( 'NONE', #1569, #1132, #733, .T. ) ;
#3738 = DIRECTION ( 'NONE',  ( -1.000000000000000000, -1.839858232096614995E-15, 0.000000000000000000 ) ) ;
#3739 = ADVANCED_FACE ( 'NONE', ( #1103 ), #66, .F. ) ;
#3740 = ORIENTED_EDGE ( 'NONE', *, *, #1594, .F. ) ;
#3741 = ORIENTED_EDGE ( 'NONE', *, *, #1093, .T. ) ;
#3742 = EDGE_CURVE ( 'NONE', #4455, #465, #1988, .T. ) ;
#3743 = ORIENTED_EDGE ( 'NONE', *, *, #2078, .T. ) ;
#3744 = VECTOR ( 'NONE', #3553, 1000.000000000000000 ) ;
#3745 = EDGE_CURVE ( 'NONE', #2318, #1855, #711, .T. ) ;
#3746 = CARTESIAN_POINT ( 'NONE',  ( -35.99999999999998579, -20.00000000000000355, -48.50000000000000000 ) ) ;
#3747 = ORIENTED_EDGE ( 'NONE', *, *, #1454, .T. ) ;
#3748 = CARTESIAN_POINT ( 'NONE',  ( 0.000000000000000000, 1.500000000000000000, 0.000000000000000000 ) ) ;
#3749 = LINE ( 'NONE', #2744, #827 ) ;
#3750 = EDGE_CURVE ( 'NONE', #1811, #2151, #292, .T. ) ;
#3751 = DIRECTION ( 'NONE',  ( 0.000000000000000000, 0.000000000000000000, 1.000000000000000000 ) ) ;
#3752 = ORIENTED_EDGE ( 'NONE', *, *, #3467, .T. ) ;
#3753 = CARTESIAN_POINT ( 'NONE',  ( 36.00000000000001421, -20.00000000000000711, -48.50000000000000000 ) ) ;
#3754 = ORIENTED_EDGE ( 'NONE', *, *, #4524, .T. ) ;
#3755 = DIRECTION ( 'NONE',  ( -3.469446951953613203E-16, -1.000000000000000000, 0.000000000000000000 ) ) ;
#3756 = VERTEX_POINT ( 'NONE', #1346 ) ;
#3757 = DIRECTION ( 'NONE',  ( 0.000000000000000000, -0.000000000000000000, -1.000000000000000000 ) ) ;
#3758 = DIRECTION ( 'NONE',  ( 0.000000000000000000, 1.000000000000000000, 0.000000000000000000 ) ) ;
#3759 = LINE ( 'NONE', #3054, #1286 ) ;
#3760 = CONICAL_SURFACE ( 'NONE', #2640, 3.550000000000032241, 0.7853981633974483900 ) ;
#3761 = FILL_AREA_STYLE_COLOUR ( '', #1977 ) ;
#3762 = ORIENTED_EDGE ( 'NONE', *, *, #3056, .T. ) ;
#3763 = EDGE_LOOP ( 'NONE', ( #212, #717, #2764, #1106 ) ) ;
#3764 = AXIS2_PLACEMENT_3D ( 'NONE', #4422, #1934, #2682 ) ;
#3765 = DIRECTION ( 'NONE',  ( -1.000000000000000000, -3.242473786872537293E-16, 0.000000000000000000 ) ) ;
#3766 = AXIS2_PLACEMENT_3D ( 'NONE', #1410, #1097, #1834 ) ;
#3767 = DIRECTION ( 'NONE',  ( 1.000000000000000000, -4.818676322157798854E-17, 0.000000000000000000 ) ) ;
#3768 = ORIENTED_EDGE ( 'NONE', *, *, #2597, .T. ) ;
#3769 = LINE ( 'NONE', #174, #4555 ) ;
#3770 = EDGE_CURVE ( 'NONE', #690, #2722, #1730, .T. ) ;
#3771 = DIRECTION ( 'NONE',  ( 0.000000000000000000, 0.000000000000000000, -1.000000000000000000 ) ) ;
#3772 = VECTOR ( 'NONE', #4632, 1000.000000000000000 ) ;
#3773 = CARTESIAN_POINT ( 'NONE',  ( 36.00000000000001421, -20.00000000000000711, -48.50000000000000000 ) ) ;
#3774 = CARTESIAN_POINT ( 'NONE',  ( 31.90000000000001279, 0.000000000000000000, 31.89999999999999147 ) ) ;
#3775 = ORIENTED_EDGE ( 'NONE', *, *, #3460, .F. ) ;
#3776 = EDGE_CURVE ( 'NONE', #4263, #3802, #1469, .T. ) ;
#3777 = VECTOR ( 'NONE', #3131, 1000.000000000000114 ) ;
#3778 = CARTESIAN_POINT ( 'NONE',  ( -28.50000000000000000, -1.500000000000007772, -48.50000000000000000 ) ) ;
#3779 = AXIS2_PLACEMENT_3D ( 'NONE', #4393, #3615, #748 ) ;
#3780 = CARTESIAN_POINT ( 'NONE',  ( -27.50000000000000000, 8.000000000000000000, -11.00000000000000000 ) ) ;
#3781 = ORIENTED_EDGE ( 'NONE', *, *, #2274, .F. ) ;
#3782 = CARTESIAN_POINT ( 'NONE',  ( 31.64379651867616516, 6.103872414211619635, -11.00000000000000000 ) ) ;
#3783 = DIRECTION ( 'NONE',  ( 4.818676322157798854E-17, 1.000000000000000000, -0.000000000000000000 ) ) ;
#3784 = AXIS2_PLACEMENT_3D ( 'NONE', #2075, #1011, #3175 ) ;
#3785 = LINE ( 'NONE', #2706, #1141 ) ;
#3786 = VECTOR ( 'NONE', #885, 1000.000000000000000 ) ;
#3787 = CIRCLE ( 'NONE', #408, 2.050000000000003375 ) ;
#3788 = ORIENTED_EDGE ( 'NONE', *, *, #3605, .T. ) ;
#3789 = EDGE_LOOP ( 'NONE', ( #1275, #3087, #1913, #504 ) ) ;
#3790 = PLANE ( 'NONE',  #789 ) ;
#3791 = ORIENTED_EDGE ( 'NONE', *, *, #894, .T. ) ;
#3792 = ORIENTED_EDGE ( 'NONE', *, *, #2907, .F. ) ;
#3793 = CARTESIAN_POINT ( 'NONE',  ( 31.90000000000000568, -15.09999999999959286, 31.89999999999998437 ) ) ;
#3794 = VECTOR ( 'NONE', #1681, 1000.000000000000000 ) ;
#3795 = LINE ( 'NONE', #898, #4025 ) ;
#3796 = CARTESIAN_POINT ( 'NONE',  ( 29.69999999999999929, 6.613013953966871306, 10.00000000000000000 ) ) ;
#3797 = DIRECTION ( 'NONE',  ( 7.885106708985495542E-15, -1.000000000000000000, 0.000000000000000000 ) ) ;
#3798 = VERTEX_POINT ( 'NONE', #1506 ) ;
#3799 = AXIS2_PLACEMENT_3D ( 'NONE', #3857, #3812, #638 ) ;
#3800 = AXIS2_PLACEMENT_3D ( 'NONE', #3446, #1302, #512 ) ;
#3801 = PLANE ( 'NONE',  #3170 ) ;
#3802 = VERTEX_POINT ( 'NONE', #1463 ) ;
#3803 = EDGE_CURVE ( 'NONE', #596, #3157, #1917, .T. ) ;
#3804 = CARTESIAN_POINT ( 'NONE',  ( -31.90000000000000568, -20.00000000000000711, -30.24999999999998579 ) ) ;
#3805 = ORIENTED_EDGE ( 'NONE', *, *, #2890, .F. ) ;
#3806 = DIRECTION ( 'NONE',  ( 1.000000000000000000, 0.000000000000000000, 0.000000000000000000 ) ) ;
#3807 = CARTESIAN_POINT ( 'NONE',  ( 31.90000000000000568, -20.00000000000000711, -31.89999999999998437 ) ) ;
#3808 = DIRECTION ( 'NONE',  ( 0.000000000000000000, 0.000000000000000000, 1.000000000000000000 ) ) ;
#3809 = ADVANCED_FACE ( 'NONE', ( #991 ), #4545, .F. ) ;
#3810 = ORIENTED_EDGE ( 'NONE', *, *, #1310, .F. ) ;
#3811 = ADVANCED_FACE ( 'NONE', ( #3619 ), #2437, .F. ) ;
#3812 = DIRECTION ( 'NONE',  ( -0.000000000000000000, 1.000000000000000000, -0.000000000000000000 ) ) ;
#3813 = ORIENTED_EDGE ( 'NONE', *, *, #62, .F. ) ;
#3814 = LINE ( 'NONE', #1680, #2286 ) ;
#3815 = CARTESIAN_POINT ( 'NONE',  ( -28.49999999999999645, -17.00000000000006395, -48.50000000000000000 ) ) ;
#3816 = EDGE_CURVE ( 'NONE', #738, #2172, #262, .T. ) ;
#3817 = EDGE_CURVE ( 'NONE', #3756, #4452, #3563, .T. ) ;
#3818 = ORIENTED_EDGE ( 'NONE', *, *, #4524, .F. ) ;
#3819 = EDGE_LOOP ( 'NONE', ( #3132, #4378, #2379, #4572 ) ) ;
#3820 = CARTESIAN_POINT ( 'NONE',  ( -28.50000000000000000, -2.500000000000002665, -48.50000000000000000 ) ) ;
#3821 = DIRECTION ( 'NONE',  ( -0.000000000000000000, 1.000000000000000000, -0.000000000000000000 ) ) ;
#3822 = FACE_BOUND ( 'NONE', #2175, .T. ) ;
#3823 = CARTESIAN_POINT ( 'NONE',  ( -28.49999999999999645, -15.10000000000003695, -48.50000000000000000 ) ) ;
#3824 = ORIENTED_EDGE ( 'NONE', *, *, #3610, .T. ) ;
#3825 = CARTESIAN_POINT ( 'NONE',  ( 30.15000000000007319, -15.10000000000004228, -48.50000000000000000 ) ) ;
#3826 = ORIENTED_EDGE ( 'NONE', *, *, #4359, .F. ) ;
#3827 = CARTESIAN_POINT ( 'NONE',  ( -29.32485343634987274, 7.539979463455498632, 10.00000000000000000 ) ) ;
#3828 = ORIENTED_EDGE ( 'NONE', *, *, #805, .F. ) ;
#3829 = DIRECTION ( 'NONE',  ( 1.000000000000000000, 1.217349807703022362E-16, 0.000000000000000000 ) ) ;
#3830 = EDGE_CURVE ( 'NONE', #4351, #4262, #2063, .T. ) ;
#3831 = CARTESIAN_POINT ( 'NONE',  ( -36.00000000000000711, 0.000000000000000000, 36.00000000000000000 ) ) ;
#3832 = VERTEX_POINT ( 'NONE', #2869 ) ;
#3833 = VECTOR ( 'NONE', #3687, 1000.000000000000000 ) ;
#3834 = DIRECTION ( 'NONE',  ( -1.000000000000000000, -7.615859162825007949E-15, 0.000000000000000000 ) ) ;
#3835 = ORIENTED_EDGE ( 'NONE', *, *, #13, .T. ) ;
#3836 = EDGE_CURVE ( 'NONE', #2747, #2449, #2961, .T. ) ;
#3837 = DIRECTION ( 'NONE',  ( 7.885106708985495542E-15, -1.000000000000000000, 0.000000000000000000 ) ) ;
#3838 = DIRECTION ( 'NONE',  ( -1.000000000000000000, 0.000000000000000000, 0.000000000000000000 ) ) ;
#3839 = AXIS2_PLACEMENT_3D ( 'NONE', #4280, #2894, #736 ) ;
#3840 = VERTEX_POINT ( 'NONE', #4305 ) ;
#3841 = VERTEX_POINT ( 'NONE', #2519 ) ;
#3842 = CIRCLE ( 'NONE', #3686, 3.550000000000032241 ) ;
#3843 = DIRECTION ( 'NONE',  ( 0.000000000000000000, 0.7071067811865430208, 0.7071067811865521247 ) ) ;
#3844 = CARTESIAN_POINT ( 'NONE',  ( 31.90000000000000568, -2.998683759578901079E-16, 28.34999999999989839 ) ) ;
#3845 = DIRECTION ( 'NONE',  ( 0.000000000000000000, 0.000000000000000000, 1.000000000000000000 ) ) ;
#3846 = DIRECTION ( 'NONE',  ( 0.000000000000000000, 0.000000000000000000, 1.000000000000000000 ) ) ;
#3847 = ORIENTED_EDGE ( 'NONE', *, *, #676, .T. ) ;
#3848 = AXIS2_PLACEMENT_3D ( 'NONE', #2483, #367, #1451 ) ;
#3849 = FACE_OUTER_BOUND ( 'NONE', #2415, .T. ) ;
#3850 = EDGE_CURVE ( 'NONE', #1888, #2979, #2810, .T. ) ;
#3851 = LINE ( 'NONE', #3804, #930 ) ;
#3852 = AXIS2_PLACEMENT_3D ( 'NONE', #4595, #3224, #3179 ) ;
#3853 = ORIENTED_EDGE ( 'NONE', *, *, #2345, .F. ) ;
#3854 = CONICAL_SURFACE ( 'NONE', #1979, 3.549999999999942091, 0.7853981633974466137 ) ;
#3855 =( NAMED_UNIT ( * ) PLANE_ANGLE_UNIT ( ) SI_UNIT ( $, .RADIAN. ) );
#3856 = CYLINDRICAL_SURFACE ( 'NONE', #552, 2.049999999999999822 ) ;
#3857 = CARTESIAN_POINT ( 'NONE',  ( 31.90000000000001279, 8.099999999999969447, 31.89999999999999147 ) ) ;
#3858 = EDGE_CURVE ( 'NONE', #158, #3291, #2280, .T. ) ;
#3859 = EDGE_LOOP ( 'NONE', ( #2332, #1261, #660, #2685 ) ) ;
#3860 = DIRECTION ( 'NONE',  ( 1.000000000000000000, 0.000000000000000000, 0.000000000000000000 ) ) ;
#3861 = CARTESIAN_POINT ( 'NONE',  ( 30.14999999999999858, 0.000000000000000000, 50.14999999999999858 ) ) ;
#3862 = VECTOR ( 'NONE', #2235, 1000.000000000000000 ) ;
#3863 = AXIS2_PLACEMENT_3D ( 'NONE', #4626, #4215, #2829 ) ;
#3864 = VERTEX_POINT ( 'NONE', #118 ) ;
#3865 = ORIENTED_EDGE ( 'NONE', *, *, #62, .T. ) ;
#3866 = CARTESIAN_POINT ( 'NONE',  ( -31.90000000000000568, -1.900000000000009237, -30.24999999999998579 ) ) ;
#3867 = PLANE ( 'NONE',  #3679 ) ;
#3868 = VECTOR ( 'NONE', #3592, 1000.000000000000000 ) ;
#3869 = DIRECTION ( 'NONE',  ( 0.000000000000000000, 1.000000000000000000, 0.000000000000000000 ) ) ;
#3870 = EDGE_CURVE ( 'NONE', #4525, #1503, #3314, .T. ) ;
#3871 = FACE_OUTER_BOUND ( 'NONE', #437, .T. ) ;
#3872 = ORIENTED_EDGE ( 'NONE', *, *, #2224, .F. ) ;
#3873 = CIRCLE ( 'NONE', #3715, 2.050000000000003375 ) ;
#3874 = DIRECTION ( 'NONE',  ( -0.000000000000000000, -1.000000000000000000, -0.000000000000000000 ) ) ;
#3875 = DIRECTION ( 'NONE',  ( -3.469446951953622866E-15, 0.000000000000000000, 1.000000000000000000 ) ) ;
#3876 = AXIS2_PLACEMENT_3D ( 'NONE', #103, #3631, #3979 ) ;
#3877 = EDGE_CURVE ( 'NONE', #829, #740, #3710, .T. ) ;
#3878 = FACE_OUTER_BOUND ( 'NONE', #2240, .T. ) ;
#3879 = ORIENTED_EDGE ( 'NONE', *, *, #1705, .T. ) ;
#3880 = CARTESIAN_POINT ( 'NONE',  ( -31.90000000000000568, -15.10000000000006182, 31.89999999999998437 ) ) ;
#3881 = CARTESIAN_POINT ( 'NONE',  ( 31.90000000000000568, -4.399999999999560707, 33.54999999999998295 ) ) ;
#3882 = DIRECTION ( 'NONE',  ( 0.000000000000000000, 1.000000000000000000, 0.000000000000000000 ) ) ;
#3883 = ORIENTED_EDGE ( 'NONE', *, *, #2496, .F. ) ;
#3884 = CARTESIAN_POINT ( 'NONE',  ( 31.90000000000000568, -20.00000000000000711, 31.89999999999998437 ) ) ;
#3885 = DIRECTION ( 'NONE',  ( 0.000000000000000000, 0.000000000000000000, -1.000000000000000000 ) ) ;
#3886 = ORIENTED_EDGE ( 'NONE', *, *, #2060, .T. ) ;
#3887 = VERTEX_POINT ( 'NONE', #2635 ) ;
#3888 = CARTESIAN_POINT ( 'NONE',  ( -31.90000000000000568, -4.400000000000063416, 31.89999999999998437 ) ) ;
#3889 = CARTESIAN_POINT ( 'NONE',  ( -28.49999999999999645, -15.10000000000003695, -48.50000000000000000 ) ) ;
#3890 = EDGE_CURVE ( 'NONE', #2617, #147, #3787, .T. ) ;
#3891 = VERTEX_POINT ( 'NONE', #1956 ) ;
#3892 = DIRECTION ( 'NONE',  ( -1.000000000000000000, 0.000000000000000000, -0.000000000000000000 ) ) ;
#3893 = LINE ( 'NONE', #3588, #3772 ) ;
#3894 = LINE ( 'NONE', #2023, #4030 ) ;
#3895 = EDGE_CURVE ( 'NONE', #2971, #3604, #539, .T. ) ;
#3896 = EDGE_CURVE ( 'NONE', #3371, #361, #4110, .T. ) ;
#3897 = DIRECTION ( 'NONE',  ( 1.000000000000000000, 0.000000000000000000, 0.000000000000000000 ) ) ;
#3898 = EDGE_LOOP ( 'NONE', ( #2188, #479, #570, #3493, #834, #311, #2939, #3209 ) ) ;
#3899 = FACE_OUTER_BOUND ( 'NONE', #1284, .T. ) ;
#3900 = CONICAL_SURFACE ( 'NONE', #3072, 3.549999999999997602, 0.7853981633974466137 ) ;
#3901 = DIRECTION ( 'NONE',  ( -1.000000000000000000, -0.000000000000000000, -3.491481338843133750E-15 ) ) ;
#3902 = LINE ( 'NONE', #3439, #2301 ) ;
#3903 = CARTESIAN_POINT ( 'NONE',  ( 29.69999999999999929, 6.613013953966871306, 10.00000000000000000 ) ) ;
#3904 = DIRECTION ( 'NONE',  ( -0.000000000000000000, 1.000000000000000000, -0.000000000000000000 ) ) ;
#3905 = CARTESIAN_POINT ( 'NONE',  ( 31.90000000000001279, 8.000000000000000000, 31.89999999999999147 ) ) ;
#3906 = AXIS2_PLACEMENT_3D ( 'NONE', #3376, #1661, #2036 ) ;
#3907 = EDGE_CURVE ( 'NONE', #530, #4563, #1770, .T. ) ;
#3908 = EDGE_LOOP ( 'NONE', ( #3762, #675, #205, #3539 ) ) ;
#3909 = ORIENTED_EDGE ( 'NONE', *, *, #156, .T. ) ;
#3910 = ORIENTED_EDGE ( 'NONE', *, *, #4530, .T. ) ;
#3911 = CARTESIAN_POINT ( 'NONE',  ( 0.000000000000000000, 80.00000000000000000, 10.00000000000000000 ) ) ;
#3912 = EDGE_CURVE ( 'NONE', #1868, #1593, #842, .T. ) ;
#3913 = ORIENTED_EDGE ( 'NONE', *, *, #420, .T. ) ;
#3914 = FACE_OUTER_BOUND ( 'NONE', #2184, .T. ) ;
#3915 = DIRECTION ( 'NONE',  ( 1.000000000000000000, 7.885106708985495542E-15, 0.000000000000000000 ) ) ;
#3916 = LINE ( 'NONE', #3542, #2084 ) ;
#3917 = EDGE_CURVE ( 'NONE', #990, #2971, #519, .T. ) ;
#3918 = CARTESIAN_POINT ( 'NONE',  ( -31.90000000000000568, -1.900000000000009237, -31.89999999999998437 ) ) ;
#3919 = ORIENTED_EDGE ( 'NONE', *, *, #485, .T. ) ;
#3920 = CIRCLE ( 'NONE', #1597, 3.549999999999942091 ) ;
#3921 = DIRECTION ( 'NONE',  ( -0.000000000000000000, 1.000000000000000000, -0.000000000000000000 ) ) ;
#3922 = DIRECTION ( 'NONE',  ( 0.000000000000000000, 0.000000000000000000, -1.000000000000000000 ) ) ;
#3923 = CARTESIAN_POINT ( 'NONE',  ( -31.64379651867618648, 6.103872414211633846, -11.00000000000000000 ) ) ;
#3924 = DIRECTION ( 'NONE',  ( 1.000000000000000000, 0.000000000000000000, 0.000000000000000000 ) ) ;
#3925 = CARTESIAN_POINT ( 'NONE',  ( 11.00000000000000000, 0.000000000000000000, 3.840629472727446691E-14 ) ) ;
#3926 = CIRCLE ( 'NONE', #1297, 1.649999999999991696 ) ;
#3927 = FILL_AREA_STYLE_COLOUR ( '', #1223 ) ;
#3928 = VERTEX_POINT ( 'NONE', #4066 ) ;
#3929 = ORIENTED_EDGE ( 'NONE', *, *, #2005, .F. ) ;
#3930 = EDGE_LOOP ( 'NONE', ( #2487, #1367, #2404, #3210, #290, #137, #418, #1879, #3649 ) ) ;
#3931 = DIRECTION ( 'NONE',  ( -1.000000000000000000, 0.000000000000000000, 0.000000000000000000 ) ) ;
#3932 = AXIS2_PLACEMENT_3D ( 'NONE', #4464, #1905, #516 ) ;
#3933 = ORIENTED_EDGE ( 'NONE', *, *, #1417, .T. ) ;
#3934 = AXIS2_PLACEMENT_3D ( 'NONE', #1175, #868, #2324 ) ;
#3935 = CARTESIAN_POINT ( 'NONE',  ( 0.000000000000000000, 70.00000000000000000, 11.00000000000000000 ) ) ;
#3936 = DIRECTION ( 'NONE',  ( -3.242473786872536800E-16, 1.000000000000000000, -0.000000000000000000 ) ) ;
#3937 = DIRECTION ( 'NONE',  ( -1.000000000000000000, 0.000000000000000000, -3.491481338843133355E-15 ) ) ;
#3938 = EDGE_CURVE ( 'NONE', #4155, #4263, #1531, .T. ) ;
#3939 = VECTOR ( 'NONE', #4628, 1000.000000000000000 ) ;
#3940 = EDGE_CURVE ( 'NONE', #3348, #4455, #4398, .T. ) ;
#3941 = DIRECTION ( 'NONE',  ( 1.000000000000000000, 0.000000000000000000, 0.000000000000000000 ) ) ;
#3942 = EDGE_LOOP ( 'NONE', ( #3964, #4208 ) ) ;
#3943 = EDGE_CURVE ( 'NONE', #758, #256, #3711, .T. ) ;
#3944 = CARTESIAN_POINT ( 'NONE',  ( 31.90000000000000568, -1.900000000000089173, 31.89999999999998437 ) ) ;
#3945 = AXIS2_PLACEMENT_3D ( 'NONE', #2902, #4356, #1518 ) ;
#3946 = LINE ( 'NONE', #4638, #321 ) ;
#3947 = EDGE_CURVE ( 'NONE', #1180, #2644, #1541, .T. ) ;
#3948 = CYLINDRICAL_SURFACE ( 'NONE', #1205, 1.649999999999991696 ) ;
#3949 = CARTESIAN_POINT ( 'NONE',  ( 11.00000000000000000, 4.214021413566165997, 27.50000000000000000 ) ) ;
#3950 = AXIS2_PLACEMENT_3D ( 'NONE', #3068, #3797, #1260 ) ;
#3951 = DIRECTION ( 'NONE',  ( 0.000000000000000000, 1.000000000000000000, 0.000000000000000000 ) ) ;
#3952 = LINE ( 'NONE', #4662, #2161 ) ;
#3953 = AXIS2_PLACEMENT_3D ( 'NONE', #1520, #2177, #4411 ) ;
#3954 = EDGE_CURVE ( 'NONE', #1544, #1508, #335, .T. ) ;
#3955 = ADVANCED_FACE ( 'NONE', ( #3385 ), #2988, .F. ) ;
#3956 = LINE ( 'NONE', #1080, #7 ) ;
#3957 = ORIENTED_EDGE ( 'NONE', *, *, #1018, .F. ) ;
#3958 = VERTEX_POINT ( 'NONE', #798 ) ;
#3959 = ORIENTED_EDGE ( 'NONE', *, *, #84, .F. ) ;
#3960 = ORIENTED_EDGE ( 'NONE', *, *, #3456, .F. ) ;
#3961 = CARTESIAN_POINT ( 'NONE',  ( 31.90000000000001990, 0.000000000000000000, 35.99999999999999289 ) ) ;
#3962 = CARTESIAN_POINT ( 'NONE',  ( 0.000000000000000000, 70.00000000000000000, 10.00000000000000000 ) ) ;
#3963 = CARTESIAN_POINT ( 'NONE',  ( -28.49999999999999645, -17.00000000000006395, 48.50000000000000000 ) ) ;
#3964 = ORIENTED_EDGE ( 'NONE', *, *, #214, .T. ) ;
#3965 = CARTESIAN_POINT ( 'NONE',  ( -1.111274372186295715E-13, -15.09999999999982023, 50.14999999999999858 ) ) ;
#3966 = AXIS2_PLACEMENT_3D ( 'NONE', #1462, #732, #426 ) ;
#3967 = DIRECTION ( 'NONE',  ( 0.000000000000000000, 0.000000000000000000, 1.000000000000000000 ) ) ;
#3968 = DIRECTION ( 'NONE',  ( 0.000000000000000000, 0.000000000000000000, -1.000000000000000000 ) ) ;
#3969 = DIRECTION ( 'NONE',  ( -1.000000000000000000, -7.359432928386475759E-15, 0.000000000000000000 ) ) ;
#3970 = CARTESIAN_POINT ( 'NONE',  ( 11.00000000000010836, 7.000000000000004441, -31.19999999999996021 ) ) ;
#3971 = CARTESIAN_POINT ( 'NONE',  ( -31.90000000000000568, -20.00000000000000711, -30.24999999999998579 ) ) ;
#3972 = ORIENTED_EDGE ( 'NONE', *, *, #2081, .F. ) ;
#3973 = CARTESIAN_POINT ( 'NONE',  ( -31.90000000000000568, -20.89827560572980047, -31.89999999999998437 ) ) ;
#3974 = EDGE_CURVE ( 'NONE', #3013, #2528, #3341, .T. ) ;
#3975 = ORIENTED_EDGE ( 'NONE', *, *, #8, .T. ) ;
#3976 = ORIENTED_EDGE ( 'NONE', *, *, #95, .F. ) ;
#3977 = ORIENTED_EDGE ( 'NONE', *, *, #2554, .F. ) ;
#3978 = ORIENTED_EDGE ( 'NONE', *, *, #2910, .T. ) ;
#3979 = DIRECTION ( 'NONE',  ( -3.469446951953622866E-15, 0.000000000000000000, 1.000000000000000000 ) ) ;
#3980 = FACE_OUTER_BOUND ( 'NONE', #622, .T. ) ;
#3981 = DIRECTION ( 'NONE',  ( 1.000000000000000000, 0.000000000000000000, 0.000000000000000000 ) ) ;
#3982 = VERTEX_POINT ( 'NONE', #2305 ) ;
#3983 = VECTOR ( 'NONE', #3712, 1000.000000000000000 ) ;
#3984 = CARTESIAN_POINT ( 'NONE',  ( -31.90000000000000568, -1.900000000000009237, -33.54999999999998295 ) ) ;
#3985 = DIRECTION ( 'NONE',  ( 7.885106708985495542E-15, -1.000000000000000000, 0.000000000000000000 ) ) ;
#3986 = VECTOR ( 'NONE', #3729, 1000.000000000000000 ) ;
#3987 = CARTESIAN_POINT ( 'NONE',  ( -31.90000000000000568, -20.00000000000000711, -31.89999999999998437 ) ) ;
#3988 = VERTEX_POINT ( 'NONE', #4467 ) ;
#3989 = DIRECTION ( 'NONE',  ( 0.000000000000000000, 0.000000000000000000, 1.000000000000000000 ) ) ;
#3990 = DIRECTION ( 'NONE',  ( 1.000000000000000000, -0.000000000000000000, 3.491481338843133355E-15 ) ) ;
#3991 = DIRECTION ( 'NONE',  ( 0.000000000000000000, 0.000000000000000000, -1.000000000000000000 ) ) ;
#3992 = CONICAL_SURFACE ( 'NONE', #3247, 3.549999999999900346, 0.7853981633974465026 ) ;
#3993 = VERTEX_POINT ( 'NONE', #3053 ) ;
#3994 = FACE_OUTER_BOUND ( 'NONE', #2465, .T. ) ;
#3995 = VERTEX_POINT ( 'NONE', #2681 ) ;
#3996 = CIRCLE ( 'NONE', #2879, 1.000000000000004441 ) ;
#3997 = ORIENTED_EDGE ( 'NONE', *, *, #1170, .F. ) ;
#3998 = AXIS2_PLACEMENT_3D ( 'NONE', #4020, #2846, #1818 ) ;
#3999 = EDGE_LOOP ( 'NONE', ( #4187, #1765, #1893, #933 ) ) ;
#4000 = VECTOR ( 'NONE', #2336, 1000.000000000000000 ) ;
#4001 = ORIENTED_EDGE ( 'NONE', *, *, #1422, .T. ) ;
#4002 = PLANE ( 'NONE',  #2522 ) ;
#4003 = CARTESIAN_POINT ( 'NONE',  ( -0.000000000000000000, -17.00000000000005684, 48.50000000000000000 ) ) ;
#4004 = ADVANCED_FACE ( 'NONE', ( #4489 ), #2588, .F. ) ;
#4005 = EDGE_CURVE ( 'NONE', #363, #1294, #3118, .T. ) ;
#4006 = VECTOR ( 'NONE', #206, 1000.000000000000000 ) ;
#4007 = AXIS2_PLACEMENT_3D ( 'NONE', #4574, #4599, #1145 ) ;
#4008 = CARTESIAN_POINT ( 'NONE',  ( 11.00000000000010836, 7.000000000000004441, -31.19999999999996021 ) ) ;
#4009 = ORIENTED_EDGE ( 'NONE', *, *, #1657, .F. ) ;
#4010 = CARTESIAN_POINT ( 'NONE',  ( 31.90000000000001279, 10.00000000000000000, 28.34999999999995879 ) ) ;
#4011 = VECTOR ( 'NONE', #1767, 1000.000000000000000 ) ;
#4012 = CARTESIAN_POINT ( 'NONE',  ( 31.90000000000001279, 0.000000000000000000, 31.89999999999999147 ) ) ;
#4013 = EDGE_CURVE ( 'NONE', #746, #4525, #341, .T. ) ;
#4014 = PRODUCT ( 'RFID_Box_Card_Extension', 'RFID_Box_Card_Extension', '', ( #1922 ) ) ;
#4015 = LINE ( 'NONE', #1012, #3466 ) ;
#4016 = ORIENTED_EDGE ( 'NONE', *, *, #1860, .F. ) ;
#4017 = FACE_OUTER_BOUND ( 'NONE', #1318, .T. ) ;
#4018 = AXIS2_PLACEMENT_3D ( 'NONE', #4220, #4246, #1736 ) ;
#4019 = CARTESIAN_POINT ( 'NONE',  ( 31.90000000000000568, -20.89827560572929599, 31.89999999999998437 ) ) ;
#4020 = CARTESIAN_POINT ( 'NONE',  ( 31.90000000000000568, -4.399999999999561595, 31.89999999999998437 ) ) ;
#4021 = DIRECTION ( 'NONE',  ( 0.000000000000000000, 0.000000000000000000, 1.000000000000000000 ) ) ;
#4022 = CONICAL_SURFACE ( 'NONE', #1553, 3.549999999999942091, 0.7853981633974466137 ) ;
#4023 = ORIENTED_EDGE ( 'NONE', *, *, #4437, .T. ) ;
#4024 = ORIENTED_EDGE ( 'NONE', *, *, #3203, .F. ) ;
#4025 = VECTOR ( 'NONE', #3821, 1000.000000000000000 ) ;
#4026 = VERTEX_POINT ( 'NONE', #4157 ) ;
#4027 = EDGE_LOOP ( 'NONE', ( #3107, #2394 ) ) ;
#4028 = FACE_OUTER_BOUND ( 'NONE', #2741, .T. ) ;
#4029 = DIRECTION ( 'NONE',  ( -0.000000000000000000, -0.000000000000000000, -1.000000000000000000 ) ) ;
#4030 = VECTOR ( 'NONE', #3455, 1000.000000000000000 ) ;
#4031 = EDGE_CURVE ( 'NONE', #861, #1620, #961, .T. ) ;
#4032 = FACE_OUTER_BOUND ( 'NONE', #2455, .T. ) ;
#4033 = VERTEX_POINT ( 'NONE', #2346 ) ;
#4034 = EDGE_CURVE ( 'NONE', #3645, #166, #639, .T. ) ;
#4035 = EDGE_CURVE ( 'NONE', #3622, #3021, #565, .T. ) ;
#4036 = LINE ( 'NONE', #2248, #2723 ) ;
#4037 = CARTESIAN_POINT ( 'NONE',  ( -27.50000000000000000, 8.000000000000000000, 27.50000000000000000 ) ) ;
#4038 = CARTESIAN_POINT ( 'NONE',  ( -11.00000000000000000, 0.000000000000000000, -3.840629472727446691E-14 ) ) ;
#4039 = ORIENTED_EDGE ( 'NONE', *, *, #648, .F. ) ;
#4040 = CARTESIAN_POINT ( 'NONE',  ( 27.50000000000000000, 4.214021413566179319, -11.00000000000000000 ) ) ;
#4041 = DIRECTION ( 'NONE',  ( -7.359432928386152326E-15, 1.000000000000000000, 0.000000000000000000 ) ) ;
#4042 = DIRECTION ( 'NONE',  ( -0.000000000000000000, -1.000000000000000000, -0.000000000000000000 ) ) ;
#4043 = DIRECTION ( 'NONE',  ( 0.000000000000000000, 0.000000000000000000, -1.000000000000000000 ) ) ;
#4044 = ORIENTED_EDGE ( 'NONE', *, *, #3817, .T. ) ;
#4045 = VERTEX_POINT ( 'NONE', #2022 ) ;
#4046 = ORIENTED_EDGE ( 'NONE', *, *, #2690, .T. ) ;
#4047 = VECTOR ( 'NONE', #4304, 1000.000000000000000 ) ;
#4048 = ADVANCED_FACE ( 'NONE', ( #2776 ), #2444, .F. ) ;
#4049 = LINE ( 'NONE', #3746, #1563 ) ;
#4050 = VERTEX_POINT ( 'NONE', #609 ) ;
#4051 = FACE_BOUND ( 'NONE', #2074, .T. ) ;
#4052 = DIRECTION ( 'NONE',  ( 0.000000000000000000, 1.000000000000000000, 0.000000000000000000 ) ) ;
#4053 = AXIS2_PLACEMENT_3D ( 'NONE', #1579, #4445, #1216 ) ;
#4054 = EDGE_CURVE ( 'NONE', #2383, #3348, #3039, .T. ) ;
#4055 = FACE_OUTER_BOUND ( 'NONE', #3486, .T. ) ;
#4056 = EDGE_LOOP ( 'NONE', ( #3128, #912, #2079, #3431 ) ) ;
#4057 = AXIS2_PLACEMENT_3D ( 'NONE', #4501, #2716, #2385 ) ;
#4058 = CARTESIAN_POINT ( 'NONE',  ( 0.000000000000000000, 70.00000000000000000, -11.00000000000000000 ) ) ;
#4059 = VERTEX_POINT ( 'NONE', #1697 ) ;
#4060 = AXIS2_PLACEMENT_3D ( 'NONE', #3973, #3205, #2170 ) ;
#4061 = EDGE_CURVE ( 'NONE', #3352, #363, #3101, .T. ) ;
#4062 = CARTESIAN_POINT ( 'NONE',  ( 31.90000000000000568, -20.00000000000000711, -35.44999999999987494 ) ) ;
#4063 = EDGE_LOOP ( 'NONE', ( #2568, #2277 ) ) ;
#4064 = AXIS2_PLACEMENT_3D ( 'NONE', #529, #462, #1897 ) ;
#4065 = CARTESIAN_POINT ( 'NONE',  ( 11.00000000000009415, 8.000000000000000000, -27.50000000000000000 ) ) ;
#4066 = CARTESIAN_POINT ( 'NONE',  ( 27.50000000000000000, 8.000000000000000000, 27.50000000000000000 ) ) ;
#4067 = CARTESIAN_POINT ( 'NONE',  ( -31.90000000000000568, -1.900000000000009237, 33.54999999999998295 ) ) ;
#4068 = CARTESIAN_POINT ( 'NONE',  ( 0.000000000000000000, 8.000000000000000000, -11.00000000000000000 ) ) ;
#4069 = MANIFOLD_SOLID_BREP ( 'Spring', #2472 ) ;
#4070 = ORIENTED_EDGE ( 'NONE', *, *, #2531, .T. ) ;
#4071 = ORIENTED_EDGE ( 'NONE', *, *, #1201, .T. ) ;
#4072 = CIRCLE ( 'NONE', #2047, 0.9999999999999974465 ) ;
#4073 = ORIENTED_EDGE ( 'NONE', *, *, #3890, .T. ) ;
#4074 = DIRECTION ( 'NONE',  ( 1.000000000000000000, -0.000000000000000000, 0.000000000000000000 ) ) ;
#4075 = ORIENTED_EDGE ( 'NONE', *, *, #4081, .T. ) ;
#4076 = DIRECTION ( 'NONE',  ( -0.000000000000000000, 1.000000000000000000, -0.000000000000000000 ) ) ;
#4077 = CARTESIAN_POINT ( 'NONE',  ( -31.90000000000000568, -26.41370849898487094, -31.89999999999998437 ) ) ;
#4078 = CARTESIAN_POINT ( 'NONE',  ( -9.637352644315598694E-16, -20.00000000000000355, 56.00000000000000000 ) ) ;
#4079 = ORIENTED_EDGE ( 'NONE', *, *, #876, .F. ) ;
#4080 = CARTESIAN_POINT ( 'NONE',  ( 31.90000000000000568, -15.09999999999959286, 31.89999999999998437 ) ) ;
#4081 = EDGE_CURVE ( 'NONE', #2398, #861, #32, .T. ) ;
#4082 = AXIS2_PLACEMENT_3D ( 'NONE', #2917, #4347, #625 ) ;
#4083 = AXIS2_PLACEMENT_3D ( 'NONE', #3517, #992, #293 ) ;
#4084 = DIRECTION ( 'NONE',  ( -3.491481338843133355E-15, 0.000000000000000000, 1.000000000000000000 ) ) ;
#4085 = VERTEX_POINT ( 'NONE', #3782 ) ;
#4086 = EDGE_CURVE ( 'NONE', #74, #3524, #3266, .T. ) ;
#4087 = LINE ( 'NONE', #91, #3676 ) ;
#4088 = DIRECTION ( 'NONE',  ( -1.000000000000000000, -7.313862828241200859E-17, 0.000000000000000000 ) ) ;
#4089 = VECTOR ( 'NONE', #46, 1000.000000000000000 ) ;
#4090 = DIRECTION ( 'NONE',  ( 1.000000000000000000, 0.000000000000000000, 0.000000000000000000 ) ) ;
#4091 = ADVANCED_FACE ( 'NONE', ( #2729 ), #1721, .F. ) ;
#4092 = CIRCLE ( 'NONE', #190, 78.16905785040428611 ) ;
#4093 = EDGE_LOOP ( 'NONE', ( #4419, #4382, #3695, #1994 ) ) ;
#4094 = ORIENTED_EDGE ( 'NONE', *, *, #2009, .F. ) ;
#4095 = EDGE_CURVE ( 'NONE', #3298, #2849, #4242, .T. ) ;
#4096 = ORIENTED_EDGE ( 'NONE', *, *, #1128, .F. ) ;
#4097 = CARTESIAN_POINT ( 'NONE',  ( 36.00000000000001421, -20.00000000000000711, -48.50000000000000000 ) ) ;
#4098 = ORIENTED_EDGE ( 'NONE', *, *, #358, .F. ) ;
#4099 = CARTESIAN_POINT ( 'NONE',  ( 27.50000000000000000, 8.000000000000000000, -27.50000000000000000 ) ) ;
#4100 = AXIS2_PLACEMENT_3D ( 'NONE', #3121, #1330, #3846 ) ;
#4101 = CARTESIAN_POINT ( 'NONE',  ( -31.90000000000000568, -4.400000000000063416, -33.54999999999998295 ) ) ;
#4102 = DIRECTION ( 'NONE',  ( 0.000000000000000000, 0.000000000000000000, -1.000000000000000000 ) ) ;
#4103 = VERTEX_POINT ( 'NONE', #3984 ) ;
#4104 = VECTOR ( 'NONE', #808, 1000.000000000000000 ) ;
#4105 = FACE_OUTER_BOUND ( 'NONE', #1058, .T. ) ;
#4106 = ORIENTED_EDGE ( 'NONE', *, *, #2206, .T. ) ;
#4107 = LINE ( 'NONE', #495, #3786 ) ;
#4108 = EDGE_LOOP ( 'NONE', ( #3741, #1566, #2303, #1110, #4333, #913, #1576, #2226 ) ) ;
#4109 = LINE ( 'NONE', #2612, #1812 ) ;
#4110 = LINE ( 'NONE', #3340, #3634 ) ;
#4111 = CARTESIAN_POINT ( 'NONE',  ( 31.90000000000000568, 8.099999999999962341, -31.89999999999999147 ) ) ;
#4112 = FACE_OUTER_BOUND ( 'NONE', #3454, .T. ) ;
#4113 = EDGE_CURVE ( 'NONE', #3891, #4479, #1458, .T. ) ;
#4114 = ORIENTED_EDGE ( 'NONE', *, *, #4584, .T. ) ;
#4115 = ORIENTED_EDGE ( 'NONE', *, *, #3912, .T. ) ;
#4116 = ORIENTED_EDGE ( 'NONE', *, *, #3659, .T. ) ;
#4117 = CARTESIAN_POINT ( 'NONE',  ( 28.50000000000000000, -4.400000000000030553, -48.50000000000000000 ) ) ;
#4118 = EDGE_CURVE ( 'NONE', #454, #758, #17, .T. ) ;
#4119 = LINE ( 'NONE', #3420, #2532 ) ;
#4120 = EDGE_LOOP ( 'NONE', ( #903, #631, #1902, #380 ) ) ;
#4121 = CARTESIAN_POINT ( 'NONE',  ( 31.90000000000000568, -20.89827560572929599, -29.84999999999998366 ) ) ;
#4122 = LINE ( 'NONE', #2648, #2857 ) ;
#4123 = CLOSED_SHELL ( 'NONE', ( #3350, #2420, #3809, #3208, #1969, #702, #4590, #4254, #2913, #2430, #3254, #2783, #2574, #4201, #1264, #556, #3739, #2348, #4265, #1561, #4427, #3381, #2425, #3633, #4655, #3955, #1300, #1251, #3567, #957, #751, #1394, #2977, #2287, #4412, #3497, #3225, #128, #4506, #2976, #389, #1798, #1845, #2171, #663, #3387, #2775, #965, #242, #541, #3284, #4048, #2860, #3184, #970, #3703, #1105, #3654, #2091, #3347, #1099, #3551, #3512, #3081, #3120, #71, #3547, #3177, #2825, #3530, #1720, #4004, #3432, #445, #506, #122, #4159, #761, #1775, #1828, #901, #2629, #480 ) ) ;
#4124 = DIRECTION ( 'NONE',  ( 7.885106708985495542E-15, -1.000000000000000000, 0.000000000000000000 ) ) ;
#4125 = DIRECTION ( 'NONE',  ( 1.000000000000000000, -7.359432928386459981E-15, -0.000000000000000000 ) ) ;
#4126 = ORIENTED_EDGE ( 'NONE', *, *, #4141, .F. ) ;
#4127 = CARTESIAN_POINT ( 'NONE',  ( -31.90000000000000568, -18.10000000000005471, 31.89999999999998437 ) ) ;
#4128 = ORIENTED_EDGE ( 'NONE', *, *, #3252, .T. ) ;
#4129 = DIRECTION ( 'NONE',  ( 0.000000000000000000, 0.000000000000000000, 1.000000000000000000 ) ) ;
#4130 = ORIENTED_EDGE ( 'NONE', *, *, #1023, .F. ) ;
#4131 = DIRECTION ( 'NONE',  ( -0.000000000000000000, 1.000000000000000000, -0.000000000000000000 ) ) ;
#4132 =( NAMED_UNIT ( * ) PLANE_ANGLE_UNIT ( ) SI_UNIT ( $, .RADIAN. ) );
#4133 = AXIS2_PLACEMENT_3D ( 'NONE', #3918, #2555, #2534 ) ;
#4134 = VERTEX_POINT ( 'NONE', #1027 ) ;
#4135 = EDGE_LOOP ( 'NONE', ( #4039, #2026, #405, #1151 ) ) ;
#4136 = AXIS2_PLACEMENT_3D ( 'NONE', #2306, #2989, #2256 ) ;
#4137 = LINE ( 'NONE', #3815, #568 ) ;
#4138 = AXIS2_PLACEMENT_3D ( 'NONE', #1927, #1139, #3023 ) ;
#4139 = CARTESIAN_POINT ( 'NONE',  ( -31.90000000000000568, -20.00000000000000711, -33.54999999999998295 ) ) ;
#4140 = VERTEX_POINT ( 'NONE', #3197 ) ;
#4141 = EDGE_CURVE ( 'NONE', #2722, #3345, #3195, .T. ) ;
#4142 = DIRECTION ( 'NONE',  ( 1.000000000000000000, 0.000000000000000000, -0.000000000000000000 ) ) ;
#4143 = FACE_OUTER_BOUND ( 'NONE', #2769, .T. ) ;
#4144 = AXIS2_PLACEMENT_3D ( 'NONE', #653, #318, #672 ) ;
#4145 = DIRECTION ( 'NONE',  ( 0.000000000000000000, 0.000000000000000000, -1.000000000000000000 ) ) ;
#4146 = CARTESIAN_POINT ( 'NONE',  ( 31.90000000000000568, -4.399999999999560707, -31.89999999999998437 ) ) ;
#4147 = ORIENTED_EDGE ( 'NONE', *, *, #1809, .F. ) ;
#4148 = AXIS2_PLACEMENT_3D ( 'NONE', #679, #4659, #2843 ) ;
#4149 = LINE ( 'NONE', #1308, #2339 ) ;
#4150 = ORIENTED_EDGE ( 'NONE', *, *, #3709, .T. ) ;
#4151 = EDGE_CURVE ( 'NONE', #53, #3645, #4299, .T. ) ;
#4152 = EDGE_CURVE ( 'NONE', #1973, #2238, #324, .T. ) ;
#4153 = VECTOR ( 'NONE', #3267, 1000.000000000000000 ) ;
#4154 = LINE ( 'NONE', #1381, #2958 ) ;
#4155 = VERTEX_POINT ( 'NONE', #4612 ) ;
#4156 = PRODUCT_DEFINITION ( 'UNKNOWN', '', #4371, #2453 ) ;
#4157 = CARTESIAN_POINT ( 'NONE',  ( 28.50000000000000000, -4.400000000000030553, -48.50000000000000000 ) ) ;
#4158 = LINE ( 'NONE', #1673, #3438 ) ;
#4159 = ADVANCED_FACE ( 'NONE', ( #3899 ), #1773, .F. ) ;
#4160 = VECTOR ( 'NONE', #1421, 1000.000000000000000 ) ;
#4161 = ORIENTED_EDGE ( 'NONE', *, *, #2639, .T. ) ;
#4162 = VECTOR ( 'NONE', #4537, 1000.000000000000000 ) ;
#4163 = FACE_BOUND ( 'NONE', #3434, .T. ) ;
#4164 = AXIS2_PLACEMENT_3D ( 'NONE', #3597, #376, #2892 ) ;
#4165 = LINE ( 'NONE', #3949, #3452 ) ;
#4166 = CARTESIAN_POINT ( 'NONE',  ( 31.90000000000000568, 10.00000000000000000, -31.89999999999999147 ) ) ;
#4167 = CARTESIAN_POINT ( 'NONE',  ( 28.50000000000000000, -2.499999999999897859, 48.50000000000000000 ) ) ;
#4168 = VECTOR ( 'NONE', #241, 1000.000000000000000 ) ;
#4169 = ORIENTED_EDGE ( 'NONE', *, *, #2874, .T. ) ;
#4170 = ORIENTED_EDGE ( 'NONE', *, *, #1037, .F. ) ;
#4171 = DIRECTION ( 'NONE',  ( 1.000000000000000000, 7.806255641895631925E-15, 0.000000000000000000 ) ) ;
#4172 = DIRECTION ( 'NONE',  ( 1.000000000000000000, -0.000000000000000000, -0.000000000000000000 ) ) ;
#4173 = CARTESIAN_POINT ( 'NONE',  ( -31.90000000000000568, -4.400000000000064304, 33.94999999999998863 ) ) ;
#4174 = DIRECTION ( 'NONE',  ( -1.000000000000000000, -7.359432928386150748E-15, 0.000000000000000000 ) ) ;
#4175 = ORIENTED_EDGE ( 'NONE', *, *, #3322, .F. ) ;
#4176 = CIRCLE ( 'NONE', #1092, 1.649999999999991696 ) ;
#4177 = EDGE_CURVE ( 'NONE', #207, #1197, #2887, .T. ) ;
#4178 = VECTOR ( 'NONE', #1159, 1000.000000000000000 ) ;
#4179 = DIRECTION ( 'NONE',  ( 3.469446951953613696E-16, 1.000000000000000000, 0.000000000000000000 ) ) ;
#4180 = VERTEX_POINT ( 'NONE', #727 ) ;
#4181 = EDGE_CURVE ( 'NONE', #881, #406, #88, .T. ) ;
#4182 = DIRECTION ( 'NONE',  ( -0.000000000000000000, -0.000000000000000000, -1.000000000000000000 ) ) ;
#4183 = ORIENTED_EDGE ( 'NONE', *, *, #2515, .T. ) ;
#4184 = VECTOR ( 'NONE', #507, 1000.000000000000000 ) ;
#4185 = CARTESIAN_POINT ( 'NONE',  ( -28.50000000000000000, -18.00000000000000355, -48.50000000000000000 ) ) ;
#4186 = CARTESIAN_POINT ( 'NONE',  ( 31.90000000000000568, -2.998683759578901079E-16, 35.45000000000007390 ) ) ;
#4187 = ORIENTED_EDGE ( 'NONE', *, *, #360, .F. ) ;
#4188 = DIRECTION ( 'NONE',  ( 0.000000000000000000, -0.000000000000000000, 1.000000000000000000 ) ) ;
#4189 = ORIENTED_EDGE ( 'NONE', *, *, #1063, .T. ) ;
#4190 = FACE_OUTER_BOUND ( 'NONE', #4283, .T. ) ;
#4191 = FACE_OUTER_BOUND ( 'NONE', #4624, .T. ) ;
#4192 = ORIENTED_EDGE ( 'NONE', *, *, #4151, .T. ) ;
#4193 = EDGE_LOOP ( 'NONE', ( #1288, #3390, #1281, #1963 ) ) ;
#4194 = CARTESIAN_POINT ( 'NONE',  ( 31.90000000000000568, -20.00000000000000711, -35.44999999999987494 ) ) ;
#4195 = DIRECTION ( 'NONE',  ( -0.000000000000000000, -1.000000000000000000, -0.000000000000000000 ) ) ;
#4196 = EDGE_CURVE ( 'NONE', #3673, #4134, #3920, .T. ) ;
#4197 = LINE ( 'NONE', #2059, #1546 ) ;
#4198 = LINE ( 'NONE', #4558, #723 ) ;
#4199 = ORIENTED_EDGE ( 'NONE', *, *, #2473, .F. ) ;
#4200 = CARTESIAN_POINT ( 'NONE',  ( 31.90000000000001990, 10.00000000000000000, 35.99999999999999289 ) ) ;
#4201 = ADVANCED_FACE ( 'NONE', ( #4320 ), #2842, .F. ) ;
#4202 = CARTESIAN_POINT ( 'NONE',  ( -27.50000000000000000, 8.000000000000000000, 11.00000000000000000 ) ) ;
#4203 = ORIENTED_EDGE ( 'NONE', *, *, #3112, .T. ) ;
#4204 = CARTESIAN_POINT ( 'NONE',  ( -31.90000000000000568, -20.00000000000000711, 30.24999999999998579 ) ) ;
#4205 = CARTESIAN_POINT ( 'NONE',  ( 31.90000000000000568, -15.09999999999959286, 31.89999999999998437 ) ) ;
#4206 = VERTEX_POINT ( 'NONE', #678 ) ;
#4207 = CARTESIAN_POINT ( 'NONE',  ( -31.89999999999999858, 10.00000000000000000, 28.35000000000000142 ) ) ;
#4208 = ORIENTED_EDGE ( 'NONE', *, *, #2833, .T. ) ;
#4209 = CARTESIAN_POINT ( 'NONE',  ( 36.00000000000002132, 10.00000000000000000, 0.000000000000000000 ) ) ;
#4210 = EDGE_CURVE ( 'NONE', #2505, #1931, #3548, .T. ) ;
#4211 = CARTESIAN_POINT ( 'NONE',  ( 28.50000000000000000, -1.500000000000000888, -48.50000000000000000 ) ) ;
#4212 = ORIENTED_EDGE ( 'NONE', *, *, #1043, .F. ) ;
#4213 = ORIENTED_EDGE ( 'NONE', *, *, #1711, .F. ) ;
#4214 = CARTESIAN_POINT ( 'NONE',  ( 27.50000000000000000, 8.000000000000000000, 27.50000000000000000 ) ) ;
#4215 = DIRECTION ( 'NONE',  ( 7.359432928386152326E-15, -1.000000000000000000, -0.000000000000000000 ) ) ;
#4216 = EDGE_CURVE ( 'NONE', #158, #4309, #1431, .T. ) ;
#4217 = PLANE ( 'NONE',  #1996 ) ;
#4218 = DIRECTION ( 'NONE',  ( 0.000000000000000000, 0.000000000000000000, 1.000000000000000000 ) ) ;
#4219 = ORIENTED_EDGE ( 'NONE', *, *, #2838, .T. ) ;
#4220 = CARTESIAN_POINT ( 'NONE',  ( -31.90000000000000568, -1.900000000000009237, 31.89999999999998437 ) ) ;
#4221 = LINE ( 'NONE', #1993, #315 ) ;
#4222 = CARTESIAN_POINT ( 'NONE',  ( -31.90000000000000568, -15.10000000000006359, 30.24999999999998579 ) ) ;
#4223 = STYLED_ITEM ( 'NONE', ( #3031 ), #2698 ) ;
#4224 = VERTEX_POINT ( 'NONE', #4273 ) ;
#4225 = CIRCLE ( 'NONE', #3998, 2.050000000000003375 ) ;
#4226 = DIRECTION ( 'NONE',  ( -1.000000000000000000, -7.372574772901449084E-15, 0.000000000000000000 ) ) ;
#4227 = EDGE_CURVE ( 'NONE', #1931, #173, #2512, .T. ) ;
#4228 = AXIS2_PLACEMENT_3D ( 'NONE', #770, #1554, #794 ) ;
#4229 = CYLINDRICAL_SURFACE ( 'NONE', #3629, 2.050000000000003375 ) ;
#4230 = DIRECTION ( 'NONE',  ( 0.000000000000000000, 0.000000000000000000, 1.000000000000000000 ) ) ;
#4231 = EDGE_LOOP ( 'NONE', ( #3318, #4116, #3562, #1992 ) ) ;
#4232 = CARTESIAN_POINT ( 'NONE',  ( -36.00000000000000711, 1.499999999999999556, 27.50000000000000355 ) ) ;
#4233 = EDGE_CURVE ( 'NONE', #2849, #1294, #1048, .T. ) ;
#4234 = FACE_OUTER_BOUND ( 'NONE', #2664, .T. ) ;
#4235 = UNCERTAINTY_MEASURE_WITH_UNIT (LENGTH_MEASURE( 1.000000000000000082E-05 ), #2132, 'distance_accuracy_value', 'NONE');
#4236 = VECTOR ( 'NONE', #2613, 1000.000000000000000 ) ;
#4237 = EDGE_CURVE ( 'NONE', #3982, #3798, #703, .T. ) ;
#4238 = ORIENTED_EDGE ( 'NONE', *, *, #1441, .T. ) ;
#4239 = EDGE_CURVE ( 'NONE', #2797, #2094, #747, .T. ) ;
#4240 = VERTEX_POINT ( 'NONE', #3265 ) ;
#4241 = DIRECTION ( 'NONE',  ( 0.000000000000000000, 0.000000000000000000, 1.000000000000000000 ) ) ;
#4242 = CIRCLE ( 'NONE', #2215, 2.049999999999999822 ) ;
#4243 = DIRECTION ( 'NONE',  ( 1.000000000000000000, 7.885106708985495542E-15, 0.000000000000000000 ) ) ;
#4244 = EDGE_LOOP ( 'NONE', ( #4352, #4493 ) ) ;
#4245 = CONICAL_SURFACE ( 'NONE', #2518, 1.649999999999998579, 0.7853981633974482790 ) ;
#4246 = DIRECTION ( 'NONE',  ( 0.000000000000000000, 1.000000000000000000, 0.000000000000000000 ) ) ;
#4247 = CARTESIAN_POINT ( 'NONE',  ( -11.00000000000010836, 7.000000000000004441, 31.19999999999996021 ) ) ;
#4248 = PLANE ( 'NONE',  #3653 ) ;
#4249 = CIRCLE ( 'NONE', #3724, 2.050000000000003375 ) ;
#4250 = CARTESIAN_POINT ( 'NONE',  ( -35.99999999999998579, -5.265981236333662647E-15, -48.50000000000000000 ) ) ;
#4251 = ORIENTED_EDGE ( 'NONE', *, *, #1937, .F. ) ;
#4252 = DIRECTION ( 'NONE',  ( -0.000000000000000000, -1.000000000000000000, -0.000000000000000000 ) ) ;
#4253 = DIRECTION ( 'NONE',  ( -3.469446951953828759E-15, -1.000000000000000000, 0.000000000000000000 ) ) ;
#4254 = ADVANCED_FACE ( 'NONE', ( #352 ), #3992, .F. ) ;
#4255 = LINE ( 'NONE', #3133, #2375 ) ;
#4256 = FACE_OUTER_BOUND ( 'NONE', #2217, .T. ) ;
#4257 = DIRECTION ( 'NONE',  ( 0.000000000000000000, 0.000000000000000000, -1.000000000000000000 ) ) ;
#4258 = VECTOR ( 'NONE', #12, 1000.000000000000000 ) ;
#4259 = PLANE ( 'NONE',  #2559 ) ;
#4260 = EDGE_CURVE ( 'NONE', #850, #3662, #4602, .T. ) ;
#4261 = VERTEX_POINT ( 'NONE', #1575 ) ;
#4262 = VERTEX_POINT ( 'NONE', #2582 ) ;
#4263 = VERTEX_POINT ( 'NONE', #2953 ) ;
#4264 = CYLINDRICAL_SURFACE ( 'NONE', #1617, 78.16905785040428611 ) ;
#4265 = ADVANCED_FACE ( 'NONE', ( #3305 ), #2299, .F. ) ;
#4266 = DIRECTION ( 'NONE',  ( -1.000000000000000000, -7.359432928386152326E-15, 0.000000000000000000 ) ) ;
#4267 = EDGE_LOOP ( 'NONE', ( #2377, #269, #3886, #3183 ) ) ;
#4268 = FACE_OUTER_BOUND ( 'NONE', #1143, .T. ) ;
#4269 = DIRECTION ( 'NONE',  ( 7.885106708985495542E-15, -1.000000000000000000, 0.000000000000000000 ) ) ;
#4270 = DIRECTION ( 'NONE',  ( -0.000000000000000000, 1.000000000000000000, -0.000000000000000000 ) ) ;
#4271 = DIRECTION ( 'NONE',  ( -0.000000000000000000, -0.000000000000000000, -1.000000000000000000 ) ) ;
#4272 = ORIENTED_EDGE ( 'NONE', *, *, #3073, .T. ) ;
#4273 = CARTESIAN_POINT ( 'NONE',  ( 31.64379651867616516, 6.103872414211619635, 11.00000000000000000 ) ) ;
#4274 = AXIS2_PLACEMENT_3D ( 'NONE', #774, #2562, #1030 ) ;
#4275 = CARTESIAN_POINT ( 'NONE',  ( -31.90000000000000568, -20.89827560572980047, 31.89999999999998437 ) ) ;
#4276 = FACE_OUTER_BOUND ( 'NONE', #2055, .T. ) ;
#4277 = PLANE ( 'NONE',  #1948 ) ;
#4278 = DIRECTION ( 'NONE',  ( -3.469446951953622866E-15, 0.000000000000000000, 1.000000000000000000 ) ) ;
#4279 = VECTOR ( 'NONE', #1601, 1000.000000000000000 ) ;
#4280 = CARTESIAN_POINT ( 'NONE',  ( 31.90000000000000568, -18.10000000000009379, 31.89999999999998437 ) ) ;
#4281 = VECTOR ( 'NONE', #855, 1000.000000000000000 ) ;
#4282 = ORIENTED_EDGE ( 'NONE', *, *, #1594, .T. ) ;
#4283 = EDGE_LOOP ( 'NONE', ( #2575, #434, #3571, #2056 ) ) ;
#4284 = EDGE_LOOP ( 'NONE', ( #4355, #1954 ) ) ;
#4285 = CYLINDRICAL_SURFACE ( 'NONE', #29, 1.649999999999998579 ) ;
#4286 = AXIS2_PLACEMENT_3D ( 'NONE', #3905, #1107, #3885 ) ;
#4287 = EDGE_CURVE ( 'NONE', #4646, #4206, #2607, .T. ) ;
#4288 = EDGE_CURVE ( 'NONE', #2218, #3891, #86, .T. ) ;
#4289 = AXIS2_PLACEMENT_3D ( 'NONE', #1788, #1070, #4635 ) ;
#4290 = ORIENTED_EDGE ( 'NONE', *, *, #3040, .F. ) ;
#4291 = DIRECTION ( 'NONE',  ( -0.000000000000000000, -1.000000000000000000, -0.000000000000000000 ) ) ;
#4292 = CARTESIAN_POINT ( 'NONE',  ( 31.90000000000001279, 8.000000000000000000, 31.89999999999999147 ) ) ;
#4293 = DIRECTION ( 'NONE',  ( 0.000000000000000000, -1.000000000000000000, 0.000000000000000000 ) ) ;
#4294 = CARTESIAN_POINT ( 'NONE',  ( 27.50000000000000000, 8.000000000000000000, 27.50000000000000000 ) ) ;
#4295 = EDGE_LOOP ( 'NONE', ( #4251, #2785, #2525, #3685 ) ) ;
#4296 = VECTOR ( 'NONE', #603, 1000.000000000000000 ) ;
#4297 = EDGE_CURVE ( 'NONE', #1919, #1471, #2194, .T. ) ;
#4298 = EDGE_CURVE ( 'NONE', #235, #4085, #621, .T. ) ;
#4299 = LINE ( 'NONE', #1856, #4627 ) ;
#4300 = CARTESIAN_POINT ( 'NONE',  ( 31.90000000000000568, -15.09999999999959286, -33.94999999999998863 ) ) ;
#4301 = AXIS2_PLACEMENT_3D ( 'NONE', #2268, #3726, #3751 ) ;
#4302 = CYLINDRICAL_SURFACE ( 'NONE', #1053, 1.649999999999998579 ) ;
#4303 = EDGE_CURVE ( 'NONE', #3636, #2877, #2498, .T. ) ;
#4304 = DIRECTION ( 'NONE',  ( -0.000000000000000000, -0.000000000000000000, -1.000000000000000000 ) ) ;
#4305 = CARTESIAN_POINT ( 'NONE',  ( -30.15000000000006608, -15.10000000000004938, 30.83229217479674489 ) ) ;
#4306 = DIRECTION ( 'NONE',  ( -0.000000000000000000, -1.000000000000000000, -0.000000000000000000 ) ) ;
#4307 = VECTOR ( 'NONE', #4043, 1000.000000000000000 ) ;
#4308 = CARTESIAN_POINT ( 'NONE',  ( -31.89999999999999858, 8.099999999999994316, 30.25000000000000000 ) ) ;
#4309 = VERTEX_POINT ( 'NONE', #3287 ) ;
#4310 = ORIENTED_EDGE ( 'NONE', *, *, #4227, .T. ) ;
#4311 = VERTEX_POINT ( 'NONE', #2980 ) ;
#4312 = CARTESIAN_POINT ( 'NONE',  ( 28.50000000000000355, -15.10000000000002984, -29.79286924942944026 ) ) ;
#4313 = ORIENTED_EDGE ( 'NONE', *, *, #3721, .T. ) ;
#4314 = VECTOR ( 'NONE', #2082, 1000.000000000000000 ) ;
#4315 = DIRECTION ( 'NONE',  ( 0.000000000000000000, 1.000000000000000000, 0.000000000000000000 ) ) ;
#4316 = DIRECTION ( 'NONE',  ( 0.000000000000000000, 1.000000000000000000, 0.000000000000000000 ) ) ;
#4317 = VECTOR ( 'NONE', #2402, 1000.000000000000000 ) ;
#4318 = CARTESIAN_POINT ( 'NONE',  ( -31.90000000000000568, -4.400000000000064304, -33.94999999999998863 ) ) ;
#4319 = ORIENTED_EDGE ( 'NONE', *, *, #1093, .F. ) ;
#4320 = FACE_OUTER_BOUND ( 'NONE', #3181, .T. ) ;
#4321 = AXIS2_PLACEMENT_3D ( 'NONE', #1065, #3874, #652 ) ;
#4322 = CARTESIAN_POINT ( 'NONE',  ( -31.90000000000000568, -20.89827560572980047, 33.94999999999998863 ) ) ;
#4323 = EDGE_CURVE ( 'NONE', #597, #147, #4363, .T. ) ;
#4324 = CARTESIAN_POINT ( 'NONE',  ( 31.90000000000000568, -15.09999999999959286, -33.54999999999998295 ) ) ;
#4325 = DIRECTION ( 'NONE',  ( 3.242473786872537293E-16, -1.000000000000000000, 0.000000000000000000 ) ) ;
#4326 = AXIS2_PLACEMENT_3D ( 'NONE', #1359, #4616, #2097 ) ;
#4327 = DIRECTION ( 'NONE',  ( 1.000000000000000000, 0.000000000000000000, 0.000000000000000000 ) ) ;
#4328 = FACE_OUTER_BOUND ( 'NONE', #848, .T. ) ;
#4329 = DIRECTION ( 'NONE',  ( 0.000000000000000000, 0.000000000000000000, 1.000000000000000000 ) ) ;
#4330 = ORIENTED_EDGE ( 'NONE', *, *, #471, .F. ) ;
#4331 = ORIENTED_EDGE ( 'NONE', *, *, #4618, .T. ) ;
#4332 = VECTOR ( 'NONE', #2970, 1000.000000000000000 ) ;
#4333 = ORIENTED_EDGE ( 'NONE', *, *, #1310, .T. ) ;
#4334 = ORIENTED_EDGE ( 'NONE', *, *, #3014, .T. ) ;
#4335 = DIRECTION ( 'NONE',  ( 7.313862828241198394E-17, -1.000000000000000000, -0.000000000000000000 ) ) ;
#4336 = DIRECTION ( 'NONE',  ( 0.000000000000000000, 0.000000000000000000, 1.000000000000000000 ) ) ;
#4337 = DIRECTION ( 'NONE',  ( 0.000000000000000000, 0.000000000000000000, 1.000000000000000000 ) ) ;
#4338 = EDGE_CURVE ( 'NONE', #256, #564, #3680, .T. ) ;
#4339 = DIRECTION ( 'NONE',  ( -0.000000000000000000, 0.000000000000000000, 1.000000000000000000 ) ) ;
#4340 = ORIENTED_EDGE ( 'NONE', *, *, #2182, .F. ) ;
#4341 = DIRECTION ( 'NONE',  ( -0.000000000000000000, 1.000000000000000000, -0.000000000000000000 ) ) ;
#4342 = CIRCLE ( 'NONE', #4575, 1.649999999999995248 ) ;
#4343 = FACE_OUTER_BOUND ( 'NONE', #3716, .T. ) ;
#4344 = DIRECTION ( 'NONE',  ( -1.000000000000000000, 1.577021341797098793E-15, -0.000000000000000000 ) ) ;
#4345 = ORIENTED_EDGE ( 'NONE', *, *, #2676, .F. ) ;
#4346 = LINE ( 'NONE', #1907, #2478 ) ;
#4347 = DIRECTION ( 'NONE',  ( -7.885106708985495542E-15, 1.000000000000000000, -0.000000000000000000 ) ) ;
#4348 = CARTESIAN_POINT ( 'NONE',  ( 31.90000000000000568, -18.10000000000009379, -33.54999999999998295 ) ) ;
#4349 = ORIENTED_EDGE ( 'NONE', *, *, #2024, .T. ) ;
#4350 = LINE ( 'NONE', #476, #4307 ) ;
#4351 = VERTEX_POINT ( 'NONE', #4010 ) ;
#4352 = ORIENTED_EDGE ( 'NONE', *, *, #2086, .T. ) ;
#4353 = EDGE_CURVE ( 'NONE', #1564, #3164, #3398, .T. ) ;
#4354 = ORIENTED_EDGE ( 'NONE', *, *, #4400, .T. ) ;
#4355 = ORIENTED_EDGE ( 'NONE', *, *, #4303, .T. ) ;
#4356 = DIRECTION ( 'NONE',  ( 7.885106708985495542E-15, -1.000000000000000000, 0.000000000000000000 ) ) ;
#4357 = CARTESIAN_POINT ( 'NONE',  ( 0.000000000000000000, 0.000000000000000000, 0.000000000000000000 ) ) ;
#4358 = PLANE ( 'NONE',  #1324 ) ;
#4359 = EDGE_CURVE ( 'NONE', #2454, #1870, #542, .T. ) ;
#4360 = CARTESIAN_POINT ( 'NONE',  ( 31.90000000000000568, -4.399999999999561595, -31.89999999999998437 ) ) ;
#4361 = VERTEX_POINT ( 'NONE', #2319 ) ;
#4362 = CIRCLE ( 'NONE', #3764, 3.549999999999942091 ) ;
#4363 = LINE ( 'NONE', #1551, #2121 ) ;
#4364 = DIRECTION ( 'NONE',  ( 0.000000000000000000, 0.000000000000000000, 1.000000000000000000 ) ) ;
#4365 = VECTOR ( 'NONE', #1283, 1000.000000000000000 ) ;
#4366 = CARTESIAN_POINT ( 'NONE',  ( -31.90000000000000568, -18.10000000000005471, 33.54999999999998295 ) ) ;
#4367 = ORIENTED_EDGE ( 'NONE', *, *, #4237, .T. ) ;
#4368 = CARTESIAN_POINT ( 'NONE',  ( 28.50000000000000355, -15.10000000000002984, -48.50000000000000000 ) ) ;
#4369 = CARTESIAN_POINT ( 'NONE',  ( -30.14999999999999858, -4.400000000000050981, -48.50000000000000000 ) ) ;
#4370 = DIRECTION ( 'NONE',  ( -3.491481338843133355E-15, 0.000000000000000000, 1.000000000000000000 ) ) ;
#4371 = PRODUCT_DEFINITION_FORMATION_WITH_SPECIFIED_SOURCE ( 'ANY', '', #4014, .NOT_KNOWN. ) ;
#4372 = ORIENTED_EDGE ( 'NONE', *, *, #1688, .F. ) ;
#4373 = DIRECTION ( 'NONE',  ( 0.000000000000000000, 0.000000000000000000, 1.000000000000000000 ) ) ;
#4374 = VERTEX_POINT ( 'NONE', #464 ) ;
#4375 = VECTOR ( 'NONE', #1605, 1000.000000000000000 ) ;
#4376 = VERTEX_POINT ( 'NONE', #1525 ) ;
#4377 = EDGE_CURVE ( 'NONE', #4085, #4180, #1135, .T. ) ;
#4378 = ORIENTED_EDGE ( 'NONE', *, *, #4377, .F. ) ;
#4379 = CIRCLE ( 'NONE', #3556, 1.649999999999998579 ) ;
#4380 = EDGE_CURVE ( 'NONE', #3841, #173, #4460, .T. ) ;
#4381 = EDGE_CURVE ( 'NONE', #2595, #213, #860, .T. ) ;
#4382 = ORIENTED_EDGE ( 'NONE', *, *, #728, .T. ) ;
#4383 = LINE ( 'NONE', #1183, #498 ) ;
#4384 = DIRECTION ( 'NONE',  ( 1.000000000000000000, -0.000000000000000000, -0.000000000000000000 ) ) ;
#4385 = CONICAL_SURFACE ( 'NONE', #2136, 3.549999999999997602, 0.7853981633974466137 ) ;
#4386 = AXIS2_PLACEMENT_3D ( 'NONE', #4038, #3050, #4084 ) ;
#4387 = VECTOR ( 'NONE', #1602, 1000.000000000000000 ) ;
#4388 = DIRECTION ( 'NONE',  ( -7.313862828241198394E-17, 1.000000000000000000, 0.000000000000000000 ) ) ;
#4389 = ORIENTED_EDGE ( 'NONE', *, *, #1221, .F. ) ;
#4390 = DIRECTION ( 'NONE',  ( 7.885106708985495542E-15, -1.000000000000000000, 0.000000000000000000 ) ) ;
#4391 = ORIENTED_EDGE ( 'NONE', *, *, #13, .F. ) ;
#4392 = VECTOR ( 'NONE', #257, 1000.000000000000000 ) ;
#4393 = CARTESIAN_POINT ( 'NONE',  ( 36.00000000000002132, 8.000000000000000000, -35.99999999999999289 ) ) ;
#4394 = CARTESIAN_POINT ( 'NONE',  ( 31.90000000000001279, 8.099999999999969447, 33.54999999999999005 ) ) ;
#4395 = ORIENTED_EDGE ( 'NONE', *, *, #4216, .F. ) ;
#4396 = LINE ( 'NONE', #116, #4663 ) ;
#4397 = AXIS2_PLACEMENT_3D ( 'NONE', #1634, #4495, #3084 ) ;
#4398 = LINE ( 'NONE', #1933, #4387 ) ;
#4399 = DIRECTION ( 'NONE',  ( 0.000000000000000000, 0.000000000000000000, -1.000000000000000000 ) ) ;
#4400 = EDGE_CURVE ( 'NONE', #3891, #110, #4036, .T. ) ;
#4401 = CARTESIAN_POINT ( 'NONE',  ( -31.90000000000000568, -20.00000000000000711, 31.89999999999998437 ) ) ;
#4402 = VECTOR ( 'NONE', #4174, 1000.000000000000000 ) ;
#4403 = ORIENTED_EDGE ( 'NONE', *, *, #985, .F. ) ;
#4404 = ORIENTED_EDGE ( 'NONE', *, *, #323, .F. ) ;
#4405 = VECTOR ( 'NONE', #3018, 1000.000000000000000 ) ;
#4406 = ORIENTED_EDGE ( 'NONE', *, *, #3870, .T. ) ;
#4407 = ADVANCED_FACE ( 'NONE', ( #3379 ), #1236, .T. ) ;
#4408 = LINE ( 'NONE', #483, #1936 ) ;
#4409 = ORIENTED_EDGE ( 'NONE', *, *, #3850, .T. ) ;
#4410 = DIRECTION ( 'NONE',  ( 0.000000000000000000, -1.000000000000000000, 0.000000000000000000 ) ) ;
#4411 = DIRECTION ( 'NONE',  ( 0.000000000000000000, 0.000000000000000000, 1.000000000000000000 ) ) ;
#4412 = ADVANCED_FACE ( 'NONE', ( #4105 ), #883, .F. ) ;
#4413 = DIRECTION ( 'NONE',  ( 0.000000000000000000, 1.000000000000000000, 0.000000000000000000 ) ) ;
#4414 = ORIENTED_EDGE ( 'NONE', *, *, #2371, .T. ) ;
#4415 = CARTESIAN_POINT ( 'NONE',  ( -31.90000000000000568, -4.400000000000064304, 31.89999999999998437 ) ) ;
#4416 = EDGE_LOOP ( 'NONE', ( #2774, #2264, #1320, #4203 ) ) ;
#4417 = DIRECTION ( 'NONE',  ( -1.000000000000000000, -7.372574772901449084E-15, 0.000000000000000000 ) ) ;
#4418 = DIRECTION ( 'NONE',  ( -0.000000000000000000, -1.000000000000000000, -0.000000000000000000 ) ) ;
#4419 = ORIENTED_EDGE ( 'NONE', *, *, #379, .F. ) ;
#4420 = CARTESIAN_POINT ( 'NONE',  ( 31.90000000000001279, 8.000000000000000000, 30.24999999999998934 ) ) ;
#4421 = CARTESIAN_POINT ( 'NONE',  ( -31.89999999999999858, 8.099999999999994316, 31.89999999999999858 ) ) ;
#4422 = CARTESIAN_POINT ( 'NONE',  ( -31.90000000000000568, -20.00000000000000355, -31.89999999999998437 ) ) ;
#4423 = SURFACE_STYLE_USAGE ( .BOTH. , #1439 ) ;
#4424 = ORIENTED_EDGE ( 'NONE', *, *, #3311, .F. ) ;
#4425 = ORIENTED_EDGE ( 'NONE', *, *, #134, .F. ) ;
#4426 = ORIENTED_EDGE ( 'NONE', *, *, #2853, .F. ) ;
#4427 = ADVANCED_FACE ( 'NONE', ( #2340 ), #3801, .T. ) ;
#4428 = CARTESIAN_POINT ( 'NONE',  ( -27.50000000000000000, 8.000000000000000000, 27.50000000000000000 ) ) ;
#4429 = ORIENTED_EDGE ( 'NONE', *, *, #4648, .F. ) ;
#4430 = FACE_OUTER_BOUND ( 'NONE', #3999, .T. ) ;
#4431 = EDGE_CURVE ( 'NONE', #2790, #391, #1749, .T. ) ;
#4432 = LINE ( 'NONE', #3632, #1555 ) ;
#4433 = VECTOR ( 'NONE', #3411, 1000.000000000000000 ) ;
#4434 = EDGE_CURVE ( 'NONE', #2528, #4465, #2440, .T. ) ;
#4435 = CARTESIAN_POINT ( 'NONE',  ( -11.00000000000011013, 6.103872414211619635, 31.64379651867612608 ) ) ;
#4436 = VERTEX_POINT ( 'NONE', #3124 ) ;
#4437 = EDGE_CURVE ( 'NONE', #235, #2642, #4535, .T. ) ;
#4438 = DIRECTION ( 'NONE',  ( 1.000000000000000000, 0.000000000000000000, 0.000000000000000000 ) ) ;
#4439 = VERTEX_POINT ( 'NONE', #3502 ) ;
#4440 = AXIS2_PLACEMENT_3D ( 'NONE', #1836, #2933, #3268 ) ;
#4441 = DIRECTION ( 'NONE',  ( -0.000000000000000000, -1.000000000000000000, -0.000000000000000000 ) ) ;
#4442 = EDGE_CURVE ( 'NONE', #3988, #1847, #4149, .T. ) ;
#4443 = ORIENTED_EDGE ( 'NONE', *, *, #2511, .T. ) ;
#4444 = CIRCLE ( 'NONE', #3613, 1.649999999999995248 ) ;
#4445 = DIRECTION ( 'NONE',  ( -1.000000000000000000, 0.000000000000000000, -3.491481338843133355E-15 ) ) ;
#4446 = DIRECTION ( 'NONE',  ( 0.000000000000000000, 0.000000000000000000, 1.000000000000000000 ) ) ;
#4447 = CARTESIAN_POINT ( 'NONE',  ( -31.89999999999999858, 8.000000000000000000, 31.89999999999999858 ) ) ;
#4448 = EDGE_CURVE ( 'NONE', #2595, #192, #4561, .T. ) ;
#4449 = ORIENTED_EDGE ( 'NONE', *, *, #2625, .T. ) ;
#4450 = VERTEX_POINT ( 'NONE', #279 ) ;
#4451 = AXIS2_PLACEMENT_3D ( 'NONE', #928, #632, #2065 ) ;
#4452 = VERTEX_POINT ( 'NONE', #1262 ) ;
#4453 = VECTOR ( 'NONE', #4306, 1000.000000000000000 ) ;
#4454 = DIRECTION ( 'NONE',  ( 0.000000000000000000, 0.000000000000000000, -1.000000000000000000 ) ) ;
#4455 = VERTEX_POINT ( 'NONE', #4200 ) ;
#4456 = DIRECTION ( 'NONE',  ( -1.000000000000000000, -7.359432928386152326E-15, 0.000000000000000000 ) ) ;
#4457 = DIRECTION ( 'NONE',  ( 7.885106708985495542E-15, -1.000000000000000000, 0.000000000000000000 ) ) ;
#4458 = DIRECTION ( 'NONE',  ( -1.000000000000000000, -7.313862828241198394E-17, 0.000000000000000000 ) ) ;
#4459 = ORIENTED_EDGE ( 'NONE', *, *, #1908, .T. ) ;
#4460 = LINE ( 'NONE', #2677, #1362 ) ;
#4461 = ORIENTED_EDGE ( 'NONE', *, *, #2452, .F. ) ;
#4462 = VECTOR ( 'NONE', #3758, 1000.000000000000000 ) ;
#4463 = CIRCLE ( 'NONE', #2439, 2.050000000000003375 ) ;
#4464 = CARTESIAN_POINT ( 'NONE',  ( 31.19999999999999929, 7.000000000000004441, -11.00000000000000000 ) ) ;
#4465 = VERTEX_POINT ( 'NONE', #2699 ) ;
#4466 = CARTESIAN_POINT ( 'NONE',  ( -31.64379651867618648, 6.103872414211633846, 11.00000000000000000 ) ) ;
#4467 = CARTESIAN_POINT ( 'NONE',  ( 28.50000000000000000, -1.500000000000000888, 48.50000000000000000 ) ) ;
#4468 = COLOUR_RGB ( '',0.7921568627450980005, 0.8196078431372548767, 0.9333333333333333481 ) ;
#4469 = CARTESIAN_POINT ( 'NONE',  ( -31.90000000000000568, -1.900000000000009237, -30.24999999999998579 ) ) ;
#4470 = EDGE_CURVE ( 'NONE', #1228, #1419, #4221, .T. ) ;
#4471 = CARTESIAN_POINT ( 'NONE',  ( 31.90000000000000568, -20.00000000000000711, -28.35000000000009024 ) ) ;
#4472 = VECTOR ( 'NONE', #2709, 1000.000000000000000 ) ;
#4473 = ORIENTED_EDGE ( 'NONE', *, *, #270, .F. ) ;
#4474 = ORIENTED_EDGE ( 'NONE', *, *, #2076, .F. ) ;
#4475 = VERTEX_POINT ( 'NONE', #3778 ) ;
#4476 = DIRECTION ( 'NONE',  ( -7.359432928386152326E-15, 1.000000000000000000, 0.000000000000000000 ) ) ;
#4477 = VECTOR ( 'NONE', #2035, 1000.000000000000000 ) ;
#4478 = DIRECTION ( 'NONE',  ( 0.000000000000000000, 0.000000000000000000, 1.000000000000000000 ) ) ;
#4479 = VERTEX_POINT ( 'NONE', #557 ) ;
#4480 = CARTESIAN_POINT ( 'NONE',  ( -31.90000000000000568, -26.41370849898487094, 31.89999999999998437 ) ) ;
#4481 = DIRECTION ( 'NONE',  ( 1.000000000000000000, 0.000000000000000000, 0.000000000000000000 ) ) ;
#4482 = DIRECTION ( 'NONE',  ( 1.000000000000000000, 0.000000000000000000, 0.000000000000000000 ) ) ;
#4483 = ORIENTED_EDGE ( 'NONE', *, *, #1599, .T. ) ;
#4484 = CIRCLE ( 'NONE', #1024, 3.550000000000084199 ) ;
#4485 = CARTESIAN_POINT ( 'NONE',  ( -28.49999999999999645, -17.00000000000006395, -48.50000000000000000 ) ) ;
#4486 = EDGE_CURVE ( 'NONE', #1855, #1471, #204, .T. ) ;
#4487 = DIRECTION ( 'NONE',  ( 1.000000000000000000, 0.000000000000000000, -2.040851148208005632E-15 ) ) ;
#4488 = ORIENTED_EDGE ( 'NONE', *, *, #809, .F. ) ;
#4489 = FACE_OUTER_BOUND ( 'NONE', #197, .T. ) ;
#4490 = DIRECTION ( 'NONE',  ( 0.000000000000000000, 0.000000000000000000, 1.000000000000000000 ) ) ;
#4491 = SURFACE_STYLE_USAGE ( .BOTH. , #4565 ) ;
#4492 = ADVANCED_FACE ( 'NONE', ( #3403 ), #978, .F. ) ;
#4493 = ORIENTED_EDGE ( 'NONE', *, *, #2941, .T. ) ;
#4494 = ORIENTED_EDGE ( 'NONE', *, *, #4181, .T. ) ;
#4495 = DIRECTION ( 'NONE',  ( 0.000000000000000000, 0.000000000000000000, 1.000000000000000000 ) ) ;
#4496 = EDGE_CURVE ( 'NONE', #861, #2398, #3320, .T. ) ;
#4497 = DIRECTION ( 'NONE',  ( 0.000000000000000000, 0.000000000000000000, -1.000000000000000000 ) ) ;
#4498 = EDGE_CURVE ( 'NONE', #4479, #4045, #1000, .T. ) ;
#4499 = ORIENTED_EDGE ( 'NONE', *, *, #4377, .T. ) ;
#4500 = CARTESIAN_POINT ( 'NONE',  ( -31.90000000000000568, -20.00000000000000355, 35.44999999999992468 ) ) ;
#4501 = CARTESIAN_POINT ( 'NONE',  ( -31.90000000000000568, -15.10000000000006182, -31.89999999999998437 ) ) ;
#4502 = CARTESIAN_POINT ( 'NONE',  ( -31.90000000000000568, -18.10000000000005471, -31.89999999999998437 ) ) ;
#4503 = EDGE_CURVE ( 'NONE', #967, #1973, #3146, .T. ) ;
#4504 = LINE ( 'NONE', #1619, #2601 ) ;
#4505 = ORIENTED_EDGE ( 'NONE', *, *, #4177, .F. ) ;
#4506 = ADVANCED_FACE ( 'NONE', ( #3849 ), #3450, .F. ) ;
#4507 = CARTESIAN_POINT ( 'NONE',  ( 11.00000000000000000, 8.000000000000000000, 3.840629472727446691E-14 ) ) ;
#4508 = ORIENTED_EDGE ( 'NONE', *, *, #4442, .T. ) ;
#4509 = VECTOR ( 'NONE', #3618, 1000.000000000000000 ) ;
#4510 = AXIS2_PLACEMENT_3D ( 'NONE', #949, #4457, #3045 ) ;
#4511 = DIRECTION ( 'NONE',  ( -0.000000000000000000, 1.000000000000000000, -0.000000000000000000 ) ) ;
#4512 = ORIENTED_EDGE ( 'NONE', *, *, #3938, .F. ) ;
#4513 = CARTESIAN_POINT ( 'NONE',  ( -31.89999999999999858, 10.00000000000000000, 31.89999999999999858 ) ) ;
#4514 = FACE_OUTER_BOUND ( 'NONE', #3369, .T. ) ;
#4515 = VECTOR ( 'NONE', #3532, 1000.000000000000000 ) ;
#4516 = CARTESIAN_POINT ( 'NONE',  ( 30.15000000000007319, -15.10000000000004228, -48.50000000000000000 ) ) ;
#4517 = AXIS2_PLACEMENT_3D ( 'NONE', #3523, #1670, #4608 ) ;
#4518 = CARTESIAN_POINT ( 'NONE',  ( -27.50000000000000000, 8.000000000000000000, -27.50000000000000000 ) ) ;
#4519 = DIRECTION ( 'NONE',  ( 0.000000000000000000, 0.000000000000000000, -1.000000000000000000 ) ) ;
#4520 = DIRECTION ( 'NONE',  ( 1.000000000000000000, 8.038962449648605390E-15, 0.000000000000000000 ) ) ;
#4521 = LINE ( 'NONE', #297, #862 ) ;
#4522 = UNCERTAINTY_MEASURE_WITH_UNIT (LENGTH_MEASURE( 1.000000000000000082E-05 ), #2416, 'distance_accuracy_value', 'NONE');
#4523 = VECTOR ( 'NONE', #421, 1000.000000000000000 ) ;
#4524 = EDGE_CURVE ( 'NONE', #4240, #4140, #4072, .T. ) ;
#4525 = VERTEX_POINT ( 'NONE', #2366 ) ;
#4526 = VERTEX_POINT ( 'NONE', #179 ) ;
#4527 = CARTESIAN_POINT ( 'NONE',  ( 31.19999999999999929, 7.000000000000004441, -11.00000000000000000 ) ) ;
#4528 = CARTESIAN_POINT ( 'NONE',  ( 30.15000000000007319, -17.00000000000005684, 50.14999999999999858 ) ) ;
#4529 = AXIS2_PLACEMENT_3D ( 'NONE', #720, #3257, #2812 ) ;
#4530 = EDGE_CURVE ( 'NONE', #1033, #1799, #3049, .T. ) ;
#4531 = CARTESIAN_POINT ( 'NONE',  ( -30.14999999999999858, -2.500000000000005773, -48.50000000000000000 ) ) ;
#4532 = CARTESIAN_POINT ( 'NONE',  ( -36.00000000000000711, 10.00000000000000000, -31.89999999999997726 ) ) ;
#4533 = ORIENTED_EDGE ( 'NONE', *, *, #1769, .F. ) ;
#4534 = AXIS2_PLACEMENT_3D ( 'NONE', #1050, #3219, #1771 ) ;
#4535 = LINE ( 'NONE', #1971, #4365 ) ;
#4536 = EDGE_LOOP ( 'NONE', ( #202, #1241, #1173, #3360, #1926, #2291, #4330, #4345 ) ) ;
#4537 = DIRECTION ( 'NONE',  ( -0.000000000000000000, 1.000000000000000000, -0.000000000000000000 ) ) ;
#4538 = ORIENTED_EDGE ( 'NONE', *, *, #4496, .F. ) ;
#4539 = DIRECTION ( 'NONE',  ( 0.000000000000000000, 0.000000000000000000, -1.000000000000000000 ) ) ;
#4540 = CARTESIAN_POINT ( 'NONE',  ( -28.49999999999999645, -15.10000000000003695, 34.00713075057047519 ) ) ;
#4541 = AXIS2_PLACEMENT_3D ( 'NONE', #4166, #3904, #641 ) ;
#4542 = FILL_AREA_STYLE ('',( #3761 ) ) ;
#4543 = ORIENTED_EDGE ( 'NONE', *, *, #2224, .T. ) ;
#4544 = DIRECTION ( 'NONE',  ( -1.000000000000000000, -7.615859162824993749E-15, 0.000000000000000000 ) ) ;
#4545 = CONICAL_SURFACE ( 'NONE', #2589, 1.649999999999995248, 0.7853981633974482790 ) ;
#4546 = VERTEX_POINT ( 'NONE', #4485 ) ;
#4547 = CARTESIAN_POINT ( 'NONE',  ( 31.90000000000000568, -15.09999999999959286, -31.89999999999998437 ) ) ;
#4548 = ADVANCED_FACE ( 'NONE', ( #905 ), #2507, .F. ) ;
#4549 = CARTESIAN_POINT ( 'NONE',  ( -28.49999999999999645, -15.10000000000003695, -48.50000000000000000 ) ) ;
#4550 = VECTOR ( 'NONE', #4291, 1000.000000000000000 ) ;
#4551 = ORIENTED_EDGE ( 'NONE', *, *, #4353, .F. ) ;
#4552 = ORIENTED_EDGE ( 'NONE', *, *, #70, .F. ) ;
#4553 = DIRECTION ( 'NONE',  ( 7.359432928386152326E-15, -1.000000000000000000, -0.000000000000000000 ) ) ;
#4554 = EDGE_CURVE ( 'NONE', #277, #1550, #2418, .T. ) ;
#4555 = VECTOR ( 'NONE', #3017, 1000.000000000000000 ) ;
#4556 = CARTESIAN_POINT ( 'NONE',  ( 0.000000000000000000, 0.000000000000000000, 11.00000000000000000 ) ) ;
#4557 = DIRECTION ( 'NONE',  ( 1.000000000000000000, 0.000000000000000000, 0.000000000000000000 ) ) ;
#4558 = CARTESIAN_POINT ( 'NONE',  ( -31.90000000000000568, -20.00000000000000355, 35.44999999999992468 ) ) ;
#4559 = ORIENTED_EDGE ( 'NONE', *, *, #648, .T. ) ;
#4560 = VECTOR ( 'NONE', #1008, 1000.000000000000000 ) ;
#4561 = LINE ( 'NONE', #2750, #1674 ) ;
#4562 = CYLINDRICAL_SURFACE ( 'NONE', #4517, 1.649999999999998579 ) ;
#4563 = VERTEX_POINT ( 'NONE', #3541 ) ;
#4564 = AXIS2_PLACEMENT_3D ( 'NONE', #2668, #1274, #4497 ) ;
#4565 = SURFACE_SIDE_STYLE ('',( #3057 ) ) ;
#4566 = ORIENTED_EDGE ( 'NONE', *, *, #3974, .T. ) ;
#4567 = LINE ( 'NONE', #4207, #871 ) ;
#4568 = ORIENTED_EDGE ( 'NONE', *, *, #3032, .T. ) ;
#4569 = EDGE_CURVE ( 'NONE', #2309, #4465, #3019, .T. ) ;
#4570 = CARTESIAN_POINT ( 'NONE',  ( -31.90000000000000568, 10.00000000000000000, -31.89999999999998437 ) ) ;
#4571 = LINE ( 'NONE', #3111, #716 ) ;
#4572 = ORIENTED_EDGE ( 'NONE', *, *, #1860, .T. ) ;
#4573 = ORIENTED_EDGE ( 'NONE', *, *, #4434, .T. ) ;
#4574 = CARTESIAN_POINT ( 'NONE',  ( -31.89999999999999858, 10.00000000000000000, 31.89999999999999858 ) ) ;
#4575 = AXIS2_PLACEMENT_3D ( 'NONE', #1052, #375, #3969 ) ;
#4576 = DIRECTION ( 'NONE',  ( -1.000000000000000000, -0.000000000000000000, -3.491481338843133750E-15 ) ) ;
#4577 = ADVANCED_FACE ( 'NONE', ( #1761 ), #2090, .F. ) ;
#4578 = PLANE ( 'NONE',  #1393 ) ;
#4579 = CARTESIAN_POINT ( 'NONE',  ( 31.90000000000000568, -26.41370849898437001, -31.89999999999998437 ) ) ;
#4580 = ORIENTED_EDGE ( 'NONE', *, *, #1483, .F. ) ;
#4581 = EDGE_CURVE ( 'NONE', #3371, #1132, #4652, .T. ) ;
#4582 = PLANE ( 'NONE',  #3044 ) ;
#4583 = CARTESIAN_POINT ( 'NONE',  ( 10.99999999999988987, 7.000000000000004441, 31.20000000000003837 ) ) ;
#4584 = EDGE_CURVE ( 'NONE', #971, #2129, #546, .T. ) ;
#4585 = DIRECTION ( 'NONE',  ( -0.000000000000000000, -1.000000000000000000, 0.000000000000000000 ) ) ;
#4586 = VERTEX_POINT ( 'NONE', #1737 ) ;
#4587 = EDGE_CURVE ( 'NONE', #1125, #1565, #2123, .T. ) ;
#4588 = DIRECTION ( 'NONE',  ( -7.359432928386152326E-15, 1.000000000000000000, 0.000000000000000000 ) ) ;
#4589 = CARTESIAN_POINT ( 'NONE',  ( 31.90000000000000568, 8.000000000000000000, -31.89999999999999147 ) ) ;
#4590 = ADVANCED_FACE ( 'NONE', ( #3193 ), #1066, .F. ) ;
#4591 = CARTESIAN_POINT ( 'NONE',  ( -11.00000000000010836, 8.000000000000000000, 31.19999999999996021 ) ) ;
#4592 = ORIENTED_EDGE ( 'NONE', *, *, #4177, .T. ) ;
#4593 = VECTOR ( 'NONE', #3575, 1000.000000000000000 ) ;
#4594 = DIRECTION ( 'NONE',  ( 4.818676322157798854E-17, 1.000000000000000000, -0.000000000000000000 ) ) ;
#4595 = CARTESIAN_POINT ( 'NONE',  ( -31.90000000000000568, -4.400000000000064304, -31.89999999999998437 ) ) ;
#4596 = VECTOR ( 'NONE', #3413, 1000.000000000000000 ) ;
#4597 = ORIENTED_EDGE ( 'NONE', *, *, #920, .T. ) ;
#4598 = ORIENTED_EDGE ( 'NONE', *, *, #4554, .F. ) ;
#4599 = DIRECTION ( 'NONE',  ( -0.000000000000000000, 1.000000000000000000, -0.000000000000000000 ) ) ;
#4600 = DIRECTION ( 'NONE',  ( 0.000000000000000000, -1.000000000000000000, -0.000000000000000000 ) ) ;
#4601 = DIRECTION ( 'NONE',  ( -7.359432928386152326E-15, 1.000000000000000000, 0.000000000000000000 ) ) ;
#4602 = CIRCLE ( 'NONE', #2871, 71.00000000000000000 ) ;
#4603 = DIRECTION ( 'NONE',  ( -1.000000000000000000, -7.615859162825007949E-15, 0.000000000000000000 ) ) ;
#4604 = ORIENTED_EDGE ( 'NONE', *, *, #1235, .F. ) ;
#4605 = CARTESIAN_POINT ( 'NONE',  ( 0.000000000000000000, 0.000000000000000000, 48.50000000000000000 ) ) ;
#4606 = CIRCLE ( 'NONE', #2500, 3.549999999999997602 ) ;
#4607 = CARTESIAN_POINT ( 'NONE',  ( -31.90000000000000568, -15.10000000000006359, -31.89999999999998437 ) ) ;
#4608 = DIRECTION ( 'NONE',  ( 0.000000000000000000, 0.000000000000000000, -1.000000000000000000 ) ) ;
#4609 = AXIS2_PLACEMENT_3D ( 'NONE', #800, #2237, #3666 ) ;
#4610 = ORIENTED_EDGE ( 'NONE', *, *, #1735, .F. ) ;
#4611 = VECTOR ( 'NONE', #1603, 1000.000000000000000 ) ;
#4612 = CARTESIAN_POINT ( 'NONE',  ( -31.90000000000000568, -18.10000000000005471, -33.54999999999998295 ) ) ;
#4613 = EDGE_CURVE ( 'NONE', #1508, #1544, #2726, .T. ) ;
#4614 = AXIS2_PLACEMENT_3D ( 'NONE', #1028, #3901, #466 ) ;
#4615 = FACE_OUTER_BOUND ( 'NONE', #3601, .T. ) ;
#4616 = DIRECTION ( 'NONE',  ( 7.313862828241198394E-17, -1.000000000000000000, -0.000000000000000000 ) ) ;
#4617 = CARTESIAN_POINT ( 'NONE',  ( 30.14999999999999858, -4.399999999999574918, -30.83229217479685857 ) ) ;
#4618 = EDGE_CURVE ( 'NONE', #1867, #1420, #1138, .T. ) ;
#4619 = LINE ( 'NONE', #3554, #1079 ) ;
#4620 = DIRECTION ( 'NONE',  ( 0.000000000000000000, 0.000000000000000000, 1.000000000000000000 ) ) ;
#4621 = VECTOR ( 'NONE', #4511, 1000.000000000000000 ) ;
#4622 = AXIS2_PLACEMENT_3D ( 'NONE', #4527, #897, #2333 ) ;
#4623 = ORIENTED_EDGE ( 'NONE', *, *, #2717, .T. ) ;
#4624 = EDGE_LOOP ( 'NONE', ( #452, #3319, #4319, #4461 ) ) ;
#4625 = EDGE_LOOP ( 'NONE', ( #1644, #4552, #2391, #1536 ) ) ;
#4626 = CARTESIAN_POINT ( 'NONE',  ( -31.90000000000000568, -15.10000000000006359, 31.89999999999998437 ) ) ;
#4627 = VECTOR ( 'NONE', #1790, 1000.000000000000000 ) ;
#4628 = DIRECTION ( 'NONE',  ( 0.000000000000000000, 0.7071067811865474617, 0.7071067811865475727 ) ) ;
#4629 = ORIENTED_EDGE ( 'NONE', *, *, #4086, .F. ) ;
#4630 = AXIS2_PLACEMENT_3D ( 'NONE', #3889, #4601, #667 ) ;
#4631 = DIRECTION ( 'NONE',  ( 0.000000000000000000, 0.000000000000000000, 1.000000000000000000 ) ) ;
#4632 = DIRECTION ( 'NONE',  ( 8.659560562354919300E-17, 0.7071067811865487940, -0.7071067811865463515 ) ) ;
#4633 = DIRECTION ( 'NONE',  ( 7.313862828241198394E-17, -1.000000000000000000, -0.000000000000000000 ) ) ;
#4634 = CIRCLE ( 'NONE', #3799, 1.649999999999998579 ) ;
#4635 = DIRECTION ( 'NONE',  ( -1.000000000000000000, -7.359432928386152326E-15, 0.000000000000000000 ) ) ;
#4636 = ORIENTED_EDGE ( 'NONE', *, *, #2292, .T. ) ;
#4637 = DIRECTION ( 'NONE',  ( 7.313862828241198394E-17, -1.000000000000000000, -0.000000000000000000 ) ) ;
#4638 = CARTESIAN_POINT ( 'NONE',  ( 27.50000000000000000, 4.214021413566179319, -11.00000000000000000 ) ) ;
#4639 = DIRECTION ( 'NONE',  ( -1.000000000000000000, -0.000000000000000000, -3.491481338843133750E-15 ) ) ;
#4640 = FACE_OUTER_BOUND ( 'NONE', #3670, .T. ) ;
#4641 = CARTESIAN_POINT ( 'NONE',  ( 28.50000000000000711, -4.399999999999588240, -29.79286924942943671 ) ) ;
#4642 = CARTESIAN_POINT ( 'NONE',  ( 31.90000000000001279, 10.00000000000000000, 31.89999999999999147 ) ) ;
#4643 = EDGE_CURVE ( 'NONE', #225, #4050, #2903, .T. ) ;
#4644 = ORIENTED_EDGE ( 'NONE', *, *, #2112, .F. ) ;
#4645 = ORIENTED_EDGE ( 'NONE', *, *, #1316, .F. ) ;
#4646 = VERTEX_POINT ( 'NONE', #1067 ) ;
#4647 = DIRECTION ( 'NONE',  ( -0.000000000000000000, -0.000000000000000000, -1.000000000000000000 ) ) ;
#4648 = EDGE_CURVE ( 'NONE', #4059, #740, #2858, .T. ) ;
#4649 = EDGE_CURVE ( 'NONE', #2877, #3636, #4606, .T. ) ;
#4650 = EDGE_LOOP ( 'NONE', ( #2262, #28 ) ) ;
#4651 = CARTESIAN_POINT ( 'NONE',  ( -31.90000000000000568, -4.966112860375774708E-15, -35.45000000000000995 ) ) ;
#4652 = LINE ( 'NONE', #3522, #2270 ) ;
#4653 = CARTESIAN_POINT ( 'NONE',  ( -31.90000000000000568, -18.10000000000005471, 30.24999999999998579 ) ) ;
#4654 = EDGE_CURVE ( 'NONE', #4450, #365, #3893, .T. ) ;
#4655 = ADVANCED_FACE ( 'NONE', ( #1405 ), #2836, .F. ) ;
#4656 = LINE ( 'NONE', #4250, #3481 ) ;
#4657 = EDGE_LOOP ( 'NONE', ( #3792, #851, #2006, #2284 ) ) ;
#4658 = DIRECTION ( 'NONE',  ( 0.000000000000000000, 0.000000000000000000, 1.000000000000000000 ) ) ;
#4659 = DIRECTION ( 'NONE',  ( 1.577021341797098990E-15, 1.000000000000000000, -0.000000000000000000 ) ) ;
#4660 = DIRECTION ( 'NONE',  ( 1.000000000000000000, 3.242473786872537293E-16, -0.000000000000000000 ) ) ;
#4661 = CARTESIAN_POINT ( 'NONE',  ( 31.90000000000000568, -20.00000000000000711, 35.44999999999988205 ) ) ;
#4662 = CARTESIAN_POINT ( 'NONE',  ( -36.00000000000001421, 1.500000000000000000, -27.49999999999998224 ) ) ;
#4663 = VECTOR ( 'NONE', #3005, 1000.000000000000000 ) ;
ENDSEC;
END-ISO-10303-21;
